Linux 5.10.120-tegra (orin-desktop) 	2024년 09월 30일 	_aarch64_	(6 CPU)

17시 06분 38초  CPU    %usr   %nice    %sys %iowait    %irq   %soft  %steal  %guest  %gnice   %idle
17시 06분 39초  all   14.55    0.00    2.68    0.00    0.17    0.00    0.00    0.00    0.00   82.61
17시 06분 39초    0   30.30    0.00    4.04    0.00    0.00    0.00    0.00    0.00    0.00   65.66
17시 06분 39초    1    5.00    0.00    2.00    0.00    0.00    0.00    0.00    0.00    0.00   93.00
17시 06분 39초    2    4.08    0.00    0.00    0.00    0.00    0.00    0.00    0.00    0.00   95.92
17시 06분 39초    3    5.88    0.00    0.98    0.00    0.00    0.00    0.00    0.00    0.00   93.14
17시 06분 39초    4   33.00    0.00    6.00    0.00    1.00    0.00    0.00    0.00    0.00   60.00
17시 06분 39초    5    9.09    0.00    3.03    0.00    0.00    0.00    0.00    0.00    0.00   87.88

17시 06분 38초  CPU    intr/s
17시 06분 39초  all   1832.00
17시 06분 39초    0    320.00
17시 06분 39초    1    140.00
17시 06분 39초    2    110.00
17시 06분 39초    3     52.00
17시 06분 39초    4     65.00
17시 06분 39초    5    114.00

17시 06분 38초  CPU        9/s       11/s       12/s       13/s       18/s       20/s       21/s       22/s       23/s       24/s       25/s       26/s       27/s       28/s       29/s       30/s       31/s       32/s       33/s       34/s       35/s       36/s       37/s       38/s       39/s       40/s       41/s       42/s       43/s       44/s       45/s       46/s       47/s       48/s       49/s       50/s       51/s       52/s       53/s       54/s       55/s       57/s       59/s       61/s       65/s       66/s       67/s       68/s       69/s       70/s       71/s       72/s       73/s       74/s       75/s       76/s       77/s       79/s       80/s       81/s       82/s       83/s       84/s       85/s       86/s       87/s       88/s       89/s       90/s       91/s       92/s       93/s       94/s       95/s       96/s       97/s       98/s      112/s      113/s      114/s      115/s      116/s      117/s      118/s      119/s      120/s      121/s      122/s      123/s      124/s      125/s      126/s      127/s      128/s      129/s      130/s      131/s      132/s      133/s      134/s      135/s      136/s      137/s      138/s      150/s      154/s      162/s      167/s      171/s      224/s      228/s      229/s      230/s      231/s      232/s      233/s      234/s      235/s      236/s      237/s      245/s      246/s      247/s      249/s      250/s      252/s      253/s      262/s      263/s      294/s      296/s      297/s      298/s      299/s      301/s      302/s     IPI0/s     IPI1/s     IPI2/s     IPI3/s     IPI4/s     IPI5/s     IPI6/s      Err/s
17시 06분 39초    0       0.00       0.00       0.00     167.00       0.00       0.00       0.00       0.00       0.00       0.00       0.00       0.00       0.00       0.00       0.00       0.00       0.00       0.00       0.00       0.00       0.00       0.00       0.00       0.00       0.00       0.00       0.00       0.00       0.00       0.00       0.00       0.00       0.00       0.00       0.00       0.00       0.00       0.00       0.00       0.00       0.00       0.00       0.00       0.00       0.00       0.00       0.00       0.00       0.00       0.00       0.00       0.00       0.00       0.00       0.00       0.00       0.00       0.00       0.00       0.00       0.00       0.00       0.00       0.00       0.00       0.00       0.00       0.00       0.00       0.00       0.00       0.00       0.00       0.00       0.00       0.00       0.00       0.00       0.00       6.00       0.00       0.00       0.00       0.00       0.00       0.00       0.00       0.00       0.00       0.00       0.00       0.00       0.00      41.00       0.00       0.00       0.00       0.00       0.00       0.00       0.00       0.00       0.00       0.00       0.00     114.00       0.00       0.00       0.00       0.00       0.00       0.00       0.00       0.00       0.00       0.00       0.00       0.00       0.00       0.00       0.00       0.00       0.00       0.00       0.00       0.00       0.00       0.00       0.00       0.00       0.00       0.00       0.00       0.00     199.00       0.00      97.00      32.00       0.00       0.00       0.00      38.00       0.00       0.00
17시 06분 39초    1       0.00       0.00       0.00     125.00       0.00       0.00       0.00       0.00       0.00       0.00       0.00       0.00       0.00       0.00       0.00       0.00       0.00       0.00       0.00       0.00       0.00       0.00       0.00       0.00       0.00       0.00       0.00       0.00       0.00       0.00       0.00       0.00       0.00       0.00       0.00       0.00       0.00       0.00       0.00       0.00       0.00       0.00       0.00       0.00       0.00       0.00       0.00       0.00       0.00       0.00       0.00       0.00       0.00       0.00       0.00       0.00       0.00       0.00       0.00       0.00       0.00       0.00       0.00       0.00       0.00       0.00       0.00       0.00       0.00       0.00       0.00       0.00       0.00       0.00       0.00       0.00       0.00       0.00       0.00       0.00       0.00       0.00       0.00       0.00       0.00       0.00       0.00       0.00       0.00       0.00       0.00       0.00       0.00       0.00       0.00       0.00       0.00       0.00       0.00       0.00       0.00       0.00       0.00       0.00       0.00       0.00       0.00       0.00       0.00       0.00       0.00       0.00       0.00       0.00       0.00       0.00       0.00       0.00       0.00       0.00       0.00       0.00       0.00       0.00       0.00       0.00       0.00       0.00       0.00       0.00       0.00       0.00       0.00       0.00       0.00       0.00      84.00      36.00       0.00       0.00       0.00      12.00       0.00       0.00
17시 06분 39초    2       0.00       0.00       0.00     105.00       0.00       0.00       0.00       0.00       0.00       0.00       0.00       0.00       0.00       0.00       0.00       0.00       0.00       0.00       0.00       0.00       0.00       0.00       0.00       0.00       0.00       0.00       0.00       0.00       0.00       0.00       0.00       0.00       0.00       0.00       0.00       0.00       0.00       0.00       0.00       0.00       0.00       0.00       0.00       0.00       0.00       0.00       0.00       0.00       0.00       0.00       0.00       0.00       0.00       0.00       0.00       0.00       0.00       0.00       0.00       0.00       0.00       0.00       0.00       0.00       0.00       0.00       0.00       0.00       0.00       0.00       0.00       0.00       0.00       0.00       0.00       0.00       0.00       0.00       0.00       0.00       0.00       0.00       0.00       0.00       0.00       0.00       0.00       0.00       0.00       0.00       0.00       0.00       0.00       0.00       0.00       0.00       0.00       0.00       0.00       0.00       0.00       0.00       0.00       0.00       0.00       0.00       0.00       0.00       0.00       0.00       0.00       0.00       0.00       0.00       0.00       0.00       0.00       0.00       0.00       0.00       0.00       0.00       0.00       0.00       0.00       0.00       0.00       0.00       0.00       0.00       0.00       0.00       0.00       0.00       0.00       0.00      83.00      19.00       0.00       0.00       0.00       8.00       0.00       0.00
17시 06분 39초    3       0.00       0.00       0.00      74.00       0.00       0.00       0.00       0.00       0.00       0.00       0.00       0.00       0.00       0.00       0.00       0.00       0.00       0.00       0.00       0.00       0.00       0.00       0.00       0.00       0.00       0.00       0.00       0.00       0.00       0.00       0.00       0.00       0.00       0.00       0.00       0.00       0.00       0.00       0.00       0.00       0.00       0.00       0.00       0.00       0.00       0.00       0.00       0.00       0.00       0.00       0.00       0.00       0.00       0.00       0.00       0.00       0.00       0.00       0.00       0.00       0.00       0.00       0.00       0.00       0.00       0.00       0.00       0.00       0.00       0.00       0.00       0.00       0.00       0.00       0.00       0.00       0.00       0.00       0.00       0.00       0.00       0.00       0.00       0.00       0.00       0.00       0.00       0.00       0.00       0.00       0.00       0.00       0.00       0.00       0.00       0.00       0.00       0.00       0.00       0.00       0.00       0.00       0.00       0.00       0.00       0.00       0.00       0.00       0.00       0.00       0.00       0.00       0.00       0.00       0.00       0.00       0.00       0.00       0.00       0.00       0.00       0.00       0.00       0.00       0.00       0.00       0.00       0.00       0.00       0.00       0.00       0.00       0.00       0.00       0.00       0.00      74.00       5.00       0.00       0.00       0.00       5.00       0.00       0.00
17시 06분 39초    4       0.00       0.00       0.00     164.00       0.00       0.00       0.00       0.00       0.00       0.00       0.00       0.00       0.00       0.00       0.00       0.00       0.00       0.00       0.00       0.00       0.00       0.00       0.00       0.00       0.00       0.00       0.00       0.00       0.00       0.00       0.00       0.00       0.00       0.00       0.00       0.00       0.00       0.00       0.00       0.00       0.00       0.00       0.00       0.00       0.00       0.00       0.00       0.00       0.00       0.00       0.00       0.00       0.00       0.00       0.00       0.00       0.00       0.00       0.00       0.00       0.00       0.00       0.00       0.00       0.00       0.00       0.00       0.00       0.00       0.00       0.00       0.00       0.00       0.00       0.00       0.00       0.00       0.00       0.00       0.00       0.00       0.00       0.00       0.00       0.00       0.00       0.00       0.00       0.00       0.00       0.00       0.00       0.00       0.00       0.00       0.00       0.00       0.00       0.00       0.00       0.00       0.00       0.00       0.00       0.00       0.00       0.00       0.00       0.00       0.00       0.00       0.00       0.00       0.00       0.00       0.00       0.00       0.00       0.00       0.00       0.00       0.00       0.00       0.00       0.00       0.00       0.00       0.00       0.00       0.00       0.00       0.00       0.00       0.00       0.00       0.00      96.00       1.00       0.00       0.00       0.00       6.00       0.00       0.00
17시 06분 39초    5       0.00       0.00       0.00     127.00       0.00       0.00       0.00       0.00       0.00       0.00       0.00       0.00       0.00       0.00       0.00       0.00       0.00       0.00       0.00       0.00       0.00       0.00       0.00       0.00       0.00       0.00       0.00       0.00       0.00       0.00       0.00       0.00       0.00       0.00       0.00       0.00       0.00       0.00       0.00       0.00       0.00       0.00       0.00       0.00       0.00       0.00       0.00       0.00       0.00       0.00       0.00       0.00       0.00       0.00       0.00       0.00       0.00       0.00       0.00       0.00       0.00       0.00       0.00       0.00       0.00       0.00       0.00       0.00       0.00       0.00       0.00       0.00       0.00       0.00       0.00       0.00       0.00       0.00       0.00       0.00       0.00       0.00       0.00       0.00       0.00       0.00       0.00       0.00       0.00       0.00       0.00       0.00       0.00       0.00       0.00       0.00       0.00       0.00       0.00       0.00       0.00       0.00       0.00       0.00       0.00       0.00       0.00       0.00       0.00       0.00       0.00       0.00       0.00       0.00       0.00       0.00       0.00       0.00       0.00       0.00       0.00       0.00       0.00       0.00       0.00       0.00       0.00       0.00       0.00       0.00       0.00       0.00       0.00       0.00       0.00       0.00      94.00       9.00       0.00       0.00       0.00      12.00       0.00       0.00

17시 06분 38초  CPU       HI/s    TIMER/s   NET_TX/s   NET_RX/s    BLOCK/s IRQ_POLL/s  TASKLET/s    SCHED/s  HRTIMER/s      RCU/s
17시 06분 39초    0       0.00      14.00       7.00     183.00       0.00       0.00       0.00      75.00       0.00      41.00
17시 06분 39초    1       0.00      29.00       0.00       0.00       0.00       0.00       0.00      77.00       0.00      34.00
17시 06분 39초    2       0.00      29.00       0.00       0.00       0.00       0.00       0.00      51.00       0.00      30.00
17시 06분 39초    3       0.00       2.00       0.00       0.00       0.00       0.00       0.00      35.00       0.00      15.00
17시 06분 39초    4       0.00       4.00       0.00       0.00       0.00       0.00       0.00      26.00       0.00      35.00
17시 06분 39초    5       0.00      29.00       0.00       0.00       0.00       0.00       0.00      44.00       0.00      41.00

17시 06분 39초  CPU    %usr   %nice    %sys %iowait    %irq   %soft  %steal  %guest  %gnice   %idle
17시 06분 40초  all   14.83    0.00    1.67    0.00    0.50    0.17    0.00    0.00    0.00   82.83
17시 06분 40초    0   11.76    0.00    2.94    0.00    0.98    0.98    0.00    0.00    0.00   83.33
17시 06분 40초    1   24.24    0.00    2.02    0.00    1.01    0.00    0.00    0.00    0.00   72.73
17시 06분 40초    2    7.07    0.00    0.00    0.00    0.00    0.00    0.00    0.00    0.00   92.93
17시 06분 40초    3   25.51    0.00    1.02    0.00    1.02    0.00    0.00    0.00    0.00   72.45
17시 06분 40초    4   15.69    0.00    0.98    0.00    0.00    0.00    0.00    0.00    0.00   83.33
17시 06분 40초    5    5.00    0.00    3.00    0.00    0.00    0.00    0.00    0.00    0.00   92.00

17시 06분 39초  CPU    intr/s
17시 06분 40초  all   3089.00
17시 06분 40초    0    554.00
17시 06분 40초    1    153.00
17시 06분 40초    2    111.00
17시 06분 40초    3    119.00
17시 06분 40초    4    122.00
17시 06분 40초    5    102.00

17시 06분 39초  CPU        9/s       11/s       12/s       13/s       18/s       20/s       21/s       22/s       23/s       24/s       25/s       26/s       27/s       28/s       29/s       30/s       31/s       32/s       33/s       34/s       35/s       36/s       37/s       38/s       39/s       40/s       41/s       42/s       43/s       44/s       45/s       46/s       47/s       48/s       49/s       50/s       51/s       52/s       53/s       54/s       55/s       57/s       59/s       61/s       65/s       66/s       67/s       68/s       69/s       70/s       71/s       72/s       73/s       74/s       75/s       76/s       77/s       79/s       80/s       81/s       82/s       83/s       84/s       85/s       86/s       87/s       88/s       89/s       90/s       91/s       92/s       93/s       94/s       95/s       96/s       97/s       98/s      112/s      113/s      114/s      115/s      116/s      117/s      118/s      119/s      120/s      121/s      122/s      123/s      124/s      125/s      126/s      127/s      128/s      129/s      130/s      131/s      132/s      133/s      134/s      135/s      136/s      137/s      138/s      150/s      154/s      162/s      167/s      171/s      224/s      228/s      229/s      230/s      231/s      232/s      233/s      234/s      235/s      236/s      237/s      245/s      246/s      247/s      249/s      250/s      252/s      253/s      262/s      263/s      294/s      296/s      297/s      298/s      299/s      301/s      302/s     IPI0/s     IPI1/s     IPI2/s     IPI3/s     IPI4/s     IPI5/s     IPI6/s      Err/s
17시 06분 40초    0       0.00       0.00       0.00     156.00       0.00       0.00       0.00       0.00       0.00       0.00       0.00       0.00       0.00       0.00       0.00       0.00       0.00       0.00       0.00       0.00       0.00       0.00       0.00       0.00       0.00       0.00       0.00       0.00       0.00       0.00       0.00       0.00       0.00       0.00       0.00       0.00       0.00       0.00       0.00       0.00       0.00       0.00       0.00       0.00       0.00       0.00       0.00       0.00       0.00       0.00       0.00       0.00       0.00       0.00       0.00       0.00       0.00       0.00       0.00       0.00       0.00       0.00       0.00       0.00       0.00       0.00       0.00       0.00       0.00       0.00       0.00       0.00       0.00       0.00       0.00       0.00       0.00       0.00       0.00      10.00       0.00       0.00       0.00       0.00       0.00       0.00       0.00       0.00       0.00       0.00       0.00       0.00       0.00      91.00       0.00       0.00       0.00       0.00       0.00       0.00       0.00       0.00       0.00       0.00       0.00     212.00       0.00       0.00       0.00       0.00       0.00       0.00       0.00       0.00       0.00       0.00       0.00       0.00       0.00       0.00       0.00       0.00       0.00       0.00       0.00       0.00       0.00       0.00       0.00       0.00       0.00       0.00       0.00       0.00     397.00       0.00     231.00      64.00       0.00       0.00       0.00      78.00       0.00       0.00
17시 06분 40초    1       0.00       0.00       0.00     156.00       0.00       0.00       0.00       0.00       0.00       0.00       0.00       0.00       0.00       0.00       0.00       0.00       0.00       0.00       0.00       0.00       0.00       0.00       0.00       0.00       0.00       0.00       0.00       0.00       0.00       0.00       0.00       0.00       0.00       0.00       0.00       0.00       0.00       0.00       0.00       0.00       0.00       0.00       0.00       0.00       0.00       0.00       0.00       0.00       0.00       0.00       0.00       0.00       0.00       0.00       0.00       0.00       0.00       0.00       0.00       0.00       0.00       0.00       0.00       0.00       0.00       0.00       0.00       0.00       0.00       0.00       0.00       0.00       0.00       0.00       0.00       0.00       0.00       0.00       0.00       0.00       0.00       0.00       0.00       0.00       0.00       0.00       0.00       0.00       0.00       0.00       0.00       0.00       0.00       0.00       0.00       0.00       0.00       0.00       0.00       0.00       0.00       0.00       0.00       0.00       0.00       0.00       0.00       0.00       0.00       0.00       0.00       0.00       0.00       0.00       0.00       0.00       0.00       0.00       0.00       0.00       0.00       0.00       0.00       0.00       0.00       0.00       0.00       0.00       0.00       0.00       0.00       0.00       0.00       0.00       0.00       0.00     124.00      38.00       0.00       0.00       0.00      45.00       0.00       0.00
17시 06분 40초    2       0.00       0.00       0.00     123.00       0.00       0.00       0.00       0.00       0.00       0.00       0.00       0.00       0.00       0.00       0.00       0.00       0.00       0.00       0.00       0.00       0.00       0.00       0.00       0.00       0.00       0.00       0.00       0.00       0.00       0.00       0.00       0.00       0.00       0.00       0.00       0.00       0.00       0.00       0.00       0.00       0.00       0.00       0.00       0.00       0.00       0.00       0.00       0.00       0.00       0.00       0.00       0.00       0.00       0.00       0.00       0.00       0.00       0.00       0.00       0.00       0.00       0.00       0.00       0.00       0.00       0.00       0.00       0.00       0.00       0.00       0.00       0.00       0.00       0.00       0.00       0.00       0.00       0.00       0.00       0.00       0.00       0.00       0.00       0.00       0.00       0.00       0.00       0.00       0.00       0.00       0.00       0.00       0.00       0.00       0.00       0.00       0.00       0.00       0.00       0.00       0.00       0.00       0.00       0.00       0.00       0.00       0.00       0.00       0.00       0.00       0.00       0.00       0.00       0.00       0.00       0.00       0.00       0.00       0.00       0.00       0.00       0.00       0.00       0.00       0.00       0.00       0.00       0.00       0.00       0.00       0.00       0.00       0.00       0.00       0.00       0.00     197.00      24.00       0.00       0.00       0.00      20.00       0.00       0.00
17시 06분 40초    3       0.00       0.00       0.00     193.00       0.00       0.00       0.00       0.00       0.00       0.00       0.00       0.00       0.00       0.00       0.00       0.00       0.00       0.00       0.00       0.00       0.00       0.00       0.00       0.00       0.00       0.00       0.00       0.00       0.00       0.00       0.00       0.00       0.00       0.00       0.00       0.00       0.00       0.00       0.00       0.00       0.00       0.00       0.00       0.00       0.00       0.00       0.00       0.00       0.00       0.00       0.00       0.00       0.00       0.00       0.00       0.00       0.00       0.00       0.00       0.00       0.00       0.00       0.00       0.00       0.00       0.00       0.00       0.00       0.00       0.00       0.00       0.00       0.00       0.00       0.00       0.00       0.00       0.00       0.00       0.00       0.00       0.00       0.00       0.00       0.00       0.00       0.00       0.00       0.00       0.00       0.00       0.00       0.00       0.00       0.00       0.00       0.00       0.00       0.00       0.00       0.00       0.00       0.00       0.00       0.00       0.00       0.00       0.00       0.00       0.00       0.00       0.00       0.00       0.00       0.00       0.00       0.00       0.00       0.00       0.00       0.00       0.00       0.00       0.00       0.00       0.00       0.00       0.00       0.00       0.00       0.00       0.00       0.00       0.00       0.00       0.00     145.00       2.00       0.00       0.00       0.00      47.00       0.00       0.00
17시 06분 40초    4       0.00       0.00       0.00     180.00       0.00       0.00       0.00       0.00       0.00       0.00       0.00       0.00       0.00       0.00       0.00       0.00       0.00       0.00       0.00       0.00       0.00       0.00       0.00       0.00       0.00       0.00       0.00       0.00       0.00       0.00       0.00       0.00       0.00       0.00       0.00       0.00       0.00       0.00       0.00       0.00       0.00       0.00       0.00       0.00       0.00       0.00       0.00       0.00       0.00       0.00       0.00       0.00       0.00       0.00       0.00       0.00       0.00       0.00       0.00       0.00       0.00       0.00       0.00       0.00       0.00       0.00       0.00       0.00       0.00       0.00       0.00       0.00       0.00       0.00       0.00       0.00       0.00       0.00       0.00       0.00       0.00       0.00       0.00       0.00       0.00       0.00       0.00       0.00       0.00       0.00       0.00       0.00       0.00       0.00       0.00       0.00       0.00       0.00       0.00       0.00       0.00       0.00       0.00       0.00       0.00       0.00       0.00       0.00       0.00       0.00       0.00       0.00       0.00       0.00       0.00       0.00       0.00       0.00       0.00       0.00       0.00       0.00       0.00       0.00       0.00       0.00       0.00       0.00       0.00       0.00       0.00       0.00       0.00       0.00       0.00       0.00     218.00       8.00       0.00       0.00       0.00       8.00       0.00       0.00
17시 06분 40초    5       0.00       0.00       0.00     175.00       0.00       0.00       0.00       0.00       0.00       0.00       0.00       0.00       0.00       0.00       0.00       0.00       0.00       0.00       0.00       0.00       0.00       0.00       0.00       0.00       0.00       0.00       0.00       0.00       0.00       0.00       0.00       0.00       0.00       0.00       0.00       0.00       0.00       0.00       0.00       0.00       0.00       0.00       0.00       0.00       0.00       0.00       0.00       0.00       0.00       0.00       0.00       0.00       0.00       0.00       0.00       0.00       0.00       0.00       0.00       0.00       0.00       0.00       0.00       0.00       0.00       0.00       0.00       0.00       0.00       0.00       0.00       0.00       0.00       0.00       0.00       0.00       0.00       0.00       0.00       0.00       0.00       0.00       0.00       0.00       0.00       0.00       0.00       0.00       0.00       0.00       0.00       0.00       0.00       0.00       0.00       0.00       0.00       0.00       0.00       0.00       0.00       0.00       0.00       0.00       0.00       0.00       0.00       0.00       0.00       0.00       0.00       0.00       0.00       0.00       0.00       0.00       0.00       0.00       0.00       0.00       0.00       0.00       0.00       0.00       0.00       0.00       0.00       0.00       0.00       0.00       0.00       0.00       0.00       0.00       0.00       0.00     141.00       1.00       0.00       0.00       0.00       4.00       0.00       0.00

17시 06분 39초  CPU       HI/s    TIMER/s   NET_TX/s   NET_RX/s    BLOCK/s IRQ_POLL/s  TASKLET/s    SCHED/s  HRTIMER/s      RCU/s
17시 06분 40초    0       0.00      21.00      18.00     366.00       0.00       0.00       0.00     113.00       0.00      36.00
17시 06분 40초    1       0.00      32.00       0.00       0.00       0.00       0.00       0.00      84.00       0.00      37.00
17시 06분 40초    2       0.00      25.00       0.00       0.00       0.00       0.00       0.00      58.00       0.00      28.00
17시 06분 40초    3       0.00       6.00       0.00       0.00       0.00       0.00       0.00      72.00       0.00      41.00
17시 06분 40초    4       0.00      17.00       0.00       0.00       0.00       0.00       0.00      76.00       0.00      29.00
17시 06분 40초    5       0.00       5.00       0.00       0.00       0.00       0.00       0.00      55.00       0.00      42.00

17시 06분 40초  CPU    %usr   %nice    %sys %iowait    %irq   %soft  %steal  %guest  %gnice   %idle
17시 06분 41초  all   15.19    0.00    2.17    0.00    0.17    0.17    0.00    0.00    0.00   82.30
17시 06분 41초    0   18.37    0.00    3.06    0.00    1.02    0.00    0.00    0.00    0.00   77.55
17시 06분 41초    1   26.00    0.00    1.00    0.00    0.00    0.00    0.00    0.00    0.00   73.00
17시 06분 41초    2   11.00    0.00    3.00    0.00    0.00    0.00    0.00    0.00    0.00   86.00
17시 06분 41초    3   10.00    0.00    2.00    0.00    0.00    1.00    0.00    0.00    0.00   87.00
17시 06분 41초    4   13.73    0.00    1.96    0.00    0.00    0.00    0.00    0.00    0.00   84.31
17시 06분 41초    5   12.12    0.00    2.02    0.00    0.00    0.00    0.00    0.00    0.00   85.86

17시 06분 40초  CPU    intr/s
17시 06분 41초  all   3250.00
17시 06분 41초    0    542.00
17시 06분 41초    1    142.00
17시 06분 41초    2    132.00
17시 06분 41초    3    104.00
17시 06분 41초    4    114.00
17시 06분 41초    5    115.00

17시 06분 40초  CPU        9/s       11/s       12/s       13/s       18/s       20/s       21/s       22/s       23/s       24/s       25/s       26/s       27/s       28/s       29/s       30/s       31/s       32/s       33/s       34/s       35/s       36/s       37/s       38/s       39/s       40/s       41/s       42/s       43/s       44/s       45/s       46/s       47/s       48/s       49/s       50/s       51/s       52/s       53/s       54/s       55/s       57/s       59/s       61/s       65/s       66/s       67/s       68/s       69/s       70/s       71/s       72/s       73/s       74/s       75/s       76/s       77/s       79/s       80/s       81/s       82/s       83/s       84/s       85/s       86/s       87/s       88/s       89/s       90/s       91/s       92/s       93/s       94/s       95/s       96/s       97/s       98/s      112/s      113/s      114/s      115/s      116/s      117/s      118/s      119/s      120/s      121/s      122/s      123/s      124/s      125/s      126/s      127/s      128/s      129/s      130/s      131/s      132/s      133/s      134/s      135/s      136/s      137/s      138/s      150/s      154/s      162/s      167/s      171/s      224/s      228/s      229/s      230/s      231/s      232/s      233/s      234/s      235/s      236/s      237/s      245/s      246/s      247/s      249/s      250/s      252/s      253/s      262/s      263/s      294/s      296/s      297/s      298/s      299/s      301/s      302/s     IPI0/s     IPI1/s     IPI2/s     IPI3/s     IPI4/s     IPI5/s     IPI6/s      Err/s
17시 06분 41초    0       0.00       0.00       0.00     206.00       0.00       0.00       0.00       0.00       0.00       0.00       0.00       0.00       0.00       0.00       0.00       0.00       0.00       0.00       0.00       0.00       0.00       0.00       0.00       0.00       0.00       0.00       0.00       0.00       0.00       0.00       0.00       0.00       0.00       0.00       0.00       0.00       0.00       0.00       0.00       0.00       0.00       0.00       0.00       0.00       0.00       0.00       0.00       0.00       0.00       0.00       0.00       0.00       0.00       0.00       0.00       0.00       0.00       0.00       0.00       0.00       0.00       0.00       0.00       0.00       0.00       0.00       0.00       0.00       0.00       0.00       0.00       0.00       0.00       0.00       0.00       0.00       0.00      78.00       0.00       4.00       0.00       0.00       0.00       0.00       0.00       0.00       0.00       0.00       0.00       0.00       0.00       0.00       0.00      90.00       0.00       0.00       0.00       0.00       0.00       0.00       0.00       0.00       0.00       0.00       0.00     206.00       0.00       0.00       0.00       0.00       0.00       0.00       0.00       0.00       0.00       0.00       0.00       0.00       0.00       0.00       0.00       0.00       0.00       0.00       0.00       0.00       0.00       0.00       0.00       0.00       0.00       0.00       0.00       0.00     389.00       0.00     225.00      44.00       0.00       0.00       0.00      78.00       0.00       0.00
17시 06분 41초    1       0.00       0.00       0.00     158.00       0.00       0.00       0.00       0.00       0.00       0.00       0.00       0.00       0.00       0.00       0.00       0.00       0.00       0.00       0.00       0.00       0.00       0.00       0.00       0.00       0.00       0.00       0.00       0.00       0.00       0.00       0.00       0.00       0.00       0.00       0.00       0.00       0.00       0.00       0.00       0.00       0.00       0.00       0.00       0.00       0.00       0.00       0.00       0.00       0.00       0.00       0.00       0.00       0.00       0.00       0.00       0.00       0.00       0.00       0.00       0.00       0.00       0.00       0.00       0.00       0.00       0.00       0.00       0.00       0.00       0.00       0.00       0.00       0.00       0.00       0.00       0.00       0.00       0.00       0.00       0.00       0.00       0.00       0.00       0.00       0.00       0.00       0.00       0.00       0.00       0.00       0.00       0.00       0.00       0.00       0.00       0.00       0.00       0.00       0.00       0.00       0.00       0.00       0.00       0.00       0.00       0.00       0.00       0.00       0.00       0.00       0.00       0.00       0.00       0.00       0.00       0.00       0.00       0.00       0.00       0.00       0.00       0.00       0.00       0.00       0.00       0.00       0.00       0.00       0.00       0.00       0.00       0.00       0.00       0.00       0.00       0.00     122.00      40.00       0.00       0.00       0.00      42.00       0.00       0.00
17시 06분 41초    2       0.00       0.00       0.00     195.00       0.00       0.00       0.00       0.00       0.00       0.00       0.00       0.00       0.00       0.00       0.00       0.00       0.00       0.00       0.00       0.00       0.00       0.00       0.00       0.00       0.00       0.00       0.00       0.00       0.00       0.00       0.00       0.00       0.00       0.00       0.00       0.00       0.00       0.00       0.00       0.00       0.00       0.00       0.00       0.00       0.00       0.00       0.00       0.00       0.00       0.00       0.00       0.00       0.00       0.00       0.00       0.00       0.00       0.00       0.00       0.00       0.00       0.00       0.00       0.00       0.00       0.00       0.00       0.00       0.00       0.00       0.00       0.00       0.00       0.00       0.00       0.00       0.00       0.00       0.00       0.00       0.00       0.00       0.00       0.00       0.00       0.00       0.00       0.00       0.00       0.00       0.00       0.00       0.00       0.00       0.00       0.00       0.00       0.00       0.00       0.00       0.00       0.00       0.00       0.00       0.00       0.00       0.00       0.00       0.00       0.00       0.00       0.00       0.00       0.00       0.00       0.00       0.00       0.00       0.00       0.00       0.00       0.00       0.00       0.00       0.00       0.00       0.00       0.00       0.00       0.00       0.00       0.00       0.00       0.00       0.00       0.00     169.00      33.00       0.00       0.00       0.00      22.00       0.00       0.00
17시 06분 41초    3       0.00       0.00       0.00     123.00       0.00       0.00       0.00       0.00       0.00       0.00       0.00       0.00       0.00       0.00       0.00       0.00       0.00       0.00       0.00       0.00       0.00       0.00       0.00       0.00       0.00       0.00       0.00       0.00       0.00       0.00       0.00       0.00       0.00       0.00       0.00       0.00       0.00       0.00       0.00       0.00       0.00       0.00       0.00       0.00       0.00       0.00       0.00       0.00       0.00       0.00       0.00       0.00       0.00       0.00       0.00       0.00       0.00       0.00       0.00       0.00       0.00       0.00       0.00       0.00       0.00       0.00       0.00       0.00       0.00       0.00       0.00       0.00       0.00       0.00       0.00       0.00       0.00       0.00       0.00       0.00       0.00       0.00       0.00       0.00       0.00       0.00       0.00       0.00       0.00       0.00       0.00       0.00       0.00       0.00       0.00       0.00       0.00       0.00       0.00       0.00       0.00       0.00       0.00       0.00       0.00       0.00       0.00       0.00       0.00       0.00       0.00       0.00       0.00       0.00       0.00       0.00       0.00       0.00       0.00       0.00       0.00       0.00       0.00       0.00       0.00       0.00       0.00       0.00       0.00       0.00       0.00       0.00       0.00       0.00       0.00       0.00     203.00       8.00       0.00       0.00       0.00      26.00       0.00       0.00
17시 06분 41초    4       0.00       0.00       0.00     160.00       0.00       0.00       0.00       0.00       0.00       0.00       0.00       0.00       0.00       0.00       0.00       0.00       0.00       0.00       0.00       0.00       0.00       0.00       0.00       0.00       0.00       0.00       0.00       0.00       0.00       0.00       0.00       0.00       0.00       0.00       0.00       0.00       0.00       0.00       0.00       0.00       0.00       0.00       0.00       0.00       0.00       0.00       0.00       0.00       0.00       0.00       0.00       0.00       0.00       0.00       0.00       0.00       0.00       0.00       0.00       0.00       0.00       0.00       0.00       0.00       0.00       0.00       0.00       0.00       0.00       0.00       0.00       0.00       0.00       0.00       0.00       0.00       0.00       0.00       0.00       0.00       0.00       0.00       0.00       0.00       0.00       0.00       0.00       0.00       0.00       0.00       0.00       0.00       0.00       0.00       0.00       0.00       0.00       0.00       0.00       0.00       0.00       0.00       0.00       0.00       0.00       0.00       0.00       0.00       0.00       0.00       0.00       0.00       0.00       0.00       0.00       0.00       0.00       0.00       0.00       0.00       0.00       0.00       0.00       0.00       0.00       0.00       0.00       0.00       0.00       0.00       0.00       0.00       0.00       0.00       0.00       0.00     189.00       8.00       0.00       0.00       0.00      14.00       0.00       0.00
17시 06분 41초    5       0.00       0.00       0.00     178.00       0.00       0.00       0.00       0.00       0.00       0.00       0.00       0.00       0.00       0.00       0.00       0.00       0.00       0.00       0.00       0.00       0.00       0.00       0.00       0.00       0.00       0.00       0.00       0.00       0.00       0.00       0.00       0.00       0.00       0.00       0.00       0.00       0.00       0.00       0.00       0.00       0.00       0.00       0.00       0.00       0.00       0.00       0.00       0.00       0.00       0.00       0.00       0.00       0.00       0.00       0.00       0.00       0.00       0.00       0.00       0.00       0.00       0.00       0.00       0.00       0.00       0.00       0.00       0.00       0.00       0.00       0.00       0.00       0.00       0.00       0.00       0.00       0.00       0.00       0.00       0.00       0.00       0.00       0.00       0.00       0.00       0.00       0.00       0.00       0.00       0.00       0.00       0.00       0.00       0.00       0.00       0.00       0.00       0.00       0.00       0.00       0.00       0.00       0.00       0.00       0.00       0.00       0.00       0.00       0.00       0.00       0.00       0.00       0.00       0.00       0.00       0.00       0.00       0.00       0.00       0.00       0.00       0.00       0.00       0.00       0.00       0.00       0.00       0.00       0.00       0.00       0.00       0.00       0.00       0.00       0.00       0.00     228.00       2.00       0.00       0.00       0.00      10.00       0.00       0.00

17시 06분 40초  CPU       HI/s    TIMER/s   NET_TX/s   NET_RX/s    BLOCK/s IRQ_POLL/s  TASKLET/s    SCHED/s  HRTIMER/s      RCU/s
17시 06분 41초    0       0.00      14.00      16.00     357.00       0.00       0.00       0.00     110.00       0.00      45.00
17시 06분 41초    1       0.00      27.00       0.00       0.00       0.00       0.00       0.00      84.00       0.00      31.00
17시 06분 41초    2       0.00       6.00       0.00       0.00       0.00       0.00       0.00      91.00       0.00      35.00
17시 06분 41초    3       0.00      23.00       0.00       0.00       0.00       0.00       0.00      51.00       0.00      30.00
17시 06분 41초    4       0.00      16.00       0.00       0.00       0.00       0.00       0.00      62.00       0.00      36.00
17시 06분 41초    5       0.00      17.00       0.00       0.00       0.00       0.00       0.00      63.00       0.00      35.00

17시 06분 41초  CPU    %usr   %nice    %sys %iowait    %irq   %soft  %steal  %guest  %gnice   %idle
17시 06분 42초  all   15.19    0.00    4.17    0.50    0.33    0.17    0.00    0.00    0.00   79.63
17시 06분 42초    0   11.11    0.00    2.02    0.00    1.01    0.00    0.00    0.00    0.00   85.86
17시 06분 42초    1   23.00    0.00    2.00    2.00    0.00    0.00    0.00    0.00    0.00   73.00
17시 06분 42초    2   11.88    0.00    1.98    0.00    0.99    0.00    0.00    0.00    0.00   85.15
17시 06분 42초    3   22.22    0.00    1.01    0.00    0.00    0.00    0.00    0.00    0.00   76.77
17시 06분 42초    4   12.12    0.00    1.01    0.00    0.00    0.00    0.00    0.00    0.00   86.87
17시 06분 42초    5   10.89    0.00   16.83    0.99    0.00    0.99    0.00    0.00    0.00   70.30

17시 06분 41초  CPU    intr/s
17시 06분 42초  all   3370.00
17시 06분 42초    0    571.00
17시 06분 42초    1    138.00
17시 06분 42초    2    124.00
17시 06분 42초    3    111.00
17시 06분 42초    4    102.00
17시 06분 42초    5    144.00

17시 06분 41초  CPU        9/s       11/s       12/s       13/s       18/s       20/s       21/s       22/s       23/s       24/s       25/s       26/s       27/s       28/s       29/s       30/s       31/s       32/s       33/s       34/s       35/s       36/s       37/s       38/s       39/s       40/s       41/s       42/s       43/s       44/s       45/s       46/s       47/s       48/s       49/s       50/s       51/s       52/s       53/s       54/s       55/s       57/s       59/s       61/s       65/s       66/s       67/s       68/s       69/s       70/s       71/s       72/s       73/s       74/s       75/s       76/s       77/s       79/s       80/s       81/s       82/s       83/s       84/s       85/s       86/s       87/s       88/s       89/s       90/s       91/s       92/s       93/s       94/s       95/s       96/s       97/s       98/s      112/s      113/s      114/s      115/s      116/s      117/s      118/s      119/s      120/s      121/s      122/s      123/s      124/s      125/s      126/s      127/s      128/s      129/s      130/s      131/s      132/s      133/s      134/s      135/s      136/s      137/s      138/s      150/s      154/s      162/s      167/s      171/s      224/s      228/s      229/s      230/s      231/s      232/s      233/s      234/s      235/s      236/s      237/s      245/s      246/s      247/s      249/s      250/s      252/s      253/s      262/s      263/s      294/s      296/s      297/s      298/s      299/s      301/s      302/s     IPI0/s     IPI1/s     IPI2/s     IPI3/s     IPI4/s     IPI5/s     IPI6/s      Err/s
17시 06분 42초    0       0.00       0.00       0.00     141.00       0.00       0.00       0.00       0.00       0.00       0.00       0.00       0.00       0.00       0.00       0.00       0.00       0.00       0.00       0.00       0.00       0.00       0.00       0.00       0.00       0.00       0.00       0.00       0.00       0.00       0.00       0.00       0.00       0.00       0.00       0.00       0.00       0.00       0.00       0.00       0.00       0.00       0.00       0.00       0.00       0.00       0.00     134.00       0.00       0.00       0.00       0.00       0.00       0.00       0.00       0.00       0.00       0.00       0.00       0.00       0.00       0.00       0.00       0.00       0.00       0.00       0.00       0.00       0.00       0.00       0.00       0.00       0.00       0.00       0.00       0.00       0.00       0.00       0.00       0.00       2.00       0.00       0.00       0.00       0.00       0.00       0.00       0.00       0.00       0.00       0.00       0.00       0.00       0.00      88.00       0.00       0.00       0.00       0.00       0.00       0.00       0.00       0.00       0.00       0.00       0.00     199.00       0.00       0.00       0.00       0.00       0.00       0.00       0.00       0.00       0.00       0.00       0.00       0.00       0.00       0.00       0.00       0.00       0.00       0.00       0.00       0.00       0.00       0.00       0.00       0.00       0.00       0.00       0.00       0.00     398.00       0.00     239.00      82.00       0.00       0.00       0.00      71.00       0.00       0.00
17시 06분 42초    1       0.00       0.00       0.00     144.00       0.00       0.00       0.00       0.00       0.00       0.00       0.00       0.00       0.00       0.00       0.00       0.00       0.00       0.00       0.00       0.00       0.00       0.00       0.00       0.00       0.00       0.00       0.00       0.00       0.00       0.00       0.00       0.00       0.00       0.00       0.00       0.00       0.00       0.00       0.00       0.00       0.00       0.00       0.00       0.00       0.00       0.00       0.00       0.00       0.00       0.00       0.00       0.00       0.00       0.00       0.00       0.00       0.00       0.00       0.00       0.00       0.00       0.00       0.00       0.00       0.00       0.00       0.00       0.00       0.00       0.00       0.00       0.00       0.00       0.00       0.00       0.00       0.00       0.00       0.00       0.00       0.00       0.00       0.00       0.00       0.00       0.00       0.00       0.00       0.00       0.00       0.00       0.00       0.00       0.00       0.00       0.00       0.00       0.00       0.00       0.00       0.00       0.00       0.00       0.00       0.00       0.00       0.00       0.00       0.00       0.00       0.00       0.00       0.00       0.00       0.00       0.00       0.00       0.00       0.00       0.00       0.00       0.00       0.00       0.00       0.00       0.00       0.00       0.00       0.00       0.00       0.00       0.00       0.00       0.00       0.00       0.00     157.00      29.00       0.00       0.00       0.00      29.00       0.00       0.00
17시 06분 42초    2       0.00       0.00       0.00     174.00       0.00       0.00       0.00       0.00       0.00       0.00       0.00       0.00       0.00       0.00       0.00       0.00       0.00       0.00       0.00       0.00       0.00       0.00       0.00       0.00       0.00       0.00       0.00       0.00       0.00       0.00       0.00       0.00       0.00       0.00       0.00       0.00       0.00       0.00       0.00       0.00       0.00       0.00       0.00       0.00       0.00       0.00       0.00       0.00       0.00       0.00       0.00       0.00       0.00       0.00       0.00       0.00       0.00       0.00       0.00       0.00       0.00       0.00       0.00       0.00       0.00       0.00       0.00       0.00       0.00       0.00       0.00       0.00       0.00       0.00       0.00       0.00       0.00       0.00       0.00       0.00       0.00       0.00       0.00       0.00       0.00       0.00       0.00       0.00       0.00       0.00       0.00       0.00       0.00       0.00       0.00       0.00       0.00       0.00       0.00       0.00       0.00       0.00       0.00       0.00       0.00       0.00       0.00       0.00       0.00       0.00       0.00       0.00       0.00       0.00       0.00       0.00       0.00       0.00       0.00       0.00       0.00       0.00       0.00       0.00       0.00       0.00       0.00       0.00       0.00       0.00       0.00       0.00       0.00       0.00       0.00       0.00     148.00      19.00       0.00       0.00       0.00      22.00       0.00       0.00
17시 06분 42초    3       0.00       0.00       0.00     194.00       0.00       0.00       0.00       0.00       0.00       0.00       0.00       0.00       0.00       0.00       0.00       0.00       0.00       0.00       0.00       0.00       0.00       0.00       0.00       0.00       0.00       0.00       0.00       0.00       0.00       0.00       0.00       0.00       0.00       0.00       0.00       0.00       0.00       0.00       0.00       0.00       0.00       0.00       0.00       0.00       0.00       0.00       0.00       0.00       0.00       0.00       0.00       0.00       0.00       0.00       0.00       0.00       0.00       0.00       0.00       0.00       0.00       0.00       0.00       0.00       0.00       0.00       0.00       0.00       0.00       0.00       0.00       0.00       0.00       0.00       0.00       0.00       0.00       0.00       0.00       0.00       0.00       0.00       0.00       0.00       0.00       0.00       0.00       0.00       0.00       0.00       0.00       0.00       0.00       0.00       0.00       0.00       0.00       0.00       0.00       0.00       0.00       0.00       0.00       0.00       0.00       0.00       0.00       0.00       0.00       0.00       0.00       0.00       0.00       0.00       0.00       0.00       0.00       0.00       0.00       0.00       0.00       0.00       0.00       0.00       0.00       0.00       0.00       0.00       0.00       0.00       0.00       0.00       0.00       0.00       0.00       0.00     152.00       6.00       0.00       0.00       0.00      28.00       0.00       0.00
17시 06분 42초    4       0.00       0.00       0.00     169.00       0.00       0.00       0.00       0.00       0.00       0.00       0.00       0.00       0.00       0.00       0.00       0.00       0.00       0.00       0.00       0.00       0.00       0.00       0.00       0.00       0.00       0.00       0.00       0.00       0.00       0.00       0.00       0.00       0.00       0.00       0.00       0.00       0.00       0.00       0.00       0.00       0.00       0.00       0.00       0.00       0.00       0.00       0.00       0.00       0.00       0.00       0.00       0.00       0.00       0.00       0.00       0.00       0.00       0.00       0.00       0.00       0.00       0.00       0.00       0.00       0.00       0.00       0.00       0.00       0.00       0.00       0.00       0.00       0.00       0.00       0.00       0.00       0.00       0.00       0.00       0.00       0.00       0.00       0.00       0.00       0.00       0.00       0.00       0.00       0.00       0.00       0.00       0.00       0.00       0.00       0.00       0.00       0.00       0.00       0.00       0.00       0.00       0.00       0.00       0.00       0.00       0.00       0.00       0.00       0.00       0.00       0.00       0.00       0.00       0.00       0.00       0.00       0.00       0.00       0.00       0.00       0.00       0.00       0.00       0.00       0.00       0.00       0.00       0.00       0.00       0.00       0.00       0.00       0.00       0.00       0.00       0.00     228.00       9.00       0.00       0.00       0.00       8.00       0.00       0.00
17시 06분 42초    5       0.00       0.00       0.00     190.00       0.00       0.00       0.00       0.00       0.00       0.00       0.00       0.00       0.00       0.00       0.00       0.00       0.00       0.00       0.00       0.00       0.00       0.00       0.00       0.00       0.00       0.00       0.00       0.00       0.00       0.00       0.00       0.00       0.00       0.00       0.00       0.00       0.00       0.00       0.00       0.00       0.00       0.00       0.00       0.00       0.00       0.00       0.00       0.00       0.00       0.00       0.00       0.00       0.00       0.00       0.00       0.00       0.00       0.00       0.00       0.00       0.00       0.00       0.00       0.00       0.00       0.00       0.00       0.00       0.00       0.00       0.00       0.00       0.00       0.00       0.00       0.00       0.00       0.00       0.00       0.00       0.00       0.00       0.00       0.00       0.00       0.00       0.00       0.00       0.00       0.00       0.00       0.00       0.00       0.00       0.00       0.00       0.00       0.00       0.00       0.00       0.00       0.00       0.00       0.00       0.00       0.00       0.00       0.00       0.00       0.00       0.00       0.00       0.00       0.00       0.00       0.00       0.00       0.00       0.00       0.00       0.00       0.00       0.00       0.00       0.00       0.00       0.00       0.00       0.00       0.00       0.00       0.00       0.00       0.00       0.00       0.00     286.00       3.00       0.00       0.00       0.00      21.00       0.00       0.00

17시 06분 41초  CPU       HI/s    TIMER/s   NET_TX/s   NET_RX/s    BLOCK/s IRQ_POLL/s  TASKLET/s    SCHED/s  HRTIMER/s      RCU/s
17시 06분 42초    0       0.00      34.00      18.00     365.00       2.00       0.00       0.00     124.00       0.00      28.00
17시 06분 42초    1       0.00      30.00       0.00       0.00       0.00       0.00       0.00      77.00       0.00      31.00
17시 06분 42초    2       0.00       9.00       0.00       0.00       0.00       0.00       0.00      79.00       0.00      36.00
17시 06분 42초    3       0.00       6.00       0.00       0.00       0.00       0.00       0.00      71.00       0.00      34.00
17시 06분 42초    4       0.00      17.00       0.00       0.00       0.00       0.00       0.00      58.00       0.00      27.00
17시 06분 42초    5       0.00       7.00       0.00       0.00       0.00       0.00       0.00     102.00       0.00      35.00

17시 06분 42초  CPU    %usr   %nice    %sys %iowait    %irq   %soft  %steal  %guest  %gnice   %idle
17시 06분 43초  all   16.50    0.00    1.82    0.00    0.17    0.17    0.00    0.00    0.00   81.35
17시 06분 43초    0    4.00    0.00    3.00    0.00    0.00    1.00    0.00    0.00    0.00   92.00
17시 06분 43초    1   18.81    0.00    1.98    0.00    0.00    0.00    0.00    0.00    0.00   79.21
17시 06분 43초    2   15.00    0.00    1.00    0.00    0.00    0.00    0.00    0.00    0.00   84.00
17시 06분 43초    3   24.75    0.00    0.99    0.00    0.00    0.00    0.00    0.00    0.00   74.26
17시 06분 43초    4   22.55    0.00    1.96    0.00    0.00    0.00    0.00    0.00    0.00   75.49
17시 06분 43초    5   13.73    0.00    1.96    0.00    0.98    0.00    0.00    0.00    0.00   83.33

17시 06분 42초  CPU    intr/s
17시 06분 43초  all   3121.00
17시 06분 43초    0    556.00
17시 06분 43초    1    155.00
17시 06분 43초    2    130.00
17시 06분 43초    3    112.00
17시 06분 43초    4    114.00
17시 06분 43초    5    104.00

17시 06분 42초  CPU        9/s       11/s       12/s       13/s       18/s       20/s       21/s       22/s       23/s       24/s       25/s       26/s       27/s       28/s       29/s       30/s       31/s       32/s       33/s       34/s       35/s       36/s       37/s       38/s       39/s       40/s       41/s       42/s       43/s       44/s       45/s       46/s       47/s       48/s       49/s       50/s       51/s       52/s       53/s       54/s       55/s       57/s       59/s       61/s       65/s       66/s       67/s       68/s       69/s       70/s       71/s       72/s       73/s       74/s       75/s       76/s       77/s       79/s       80/s       81/s       82/s       83/s       84/s       85/s       86/s       87/s       88/s       89/s       90/s       91/s       92/s       93/s       94/s       95/s       96/s       97/s       98/s      112/s      113/s      114/s      115/s      116/s      117/s      118/s      119/s      120/s      121/s      122/s      123/s      124/s      125/s      126/s      127/s      128/s      129/s      130/s      131/s      132/s      133/s      134/s      135/s      136/s      137/s      138/s      150/s      154/s      162/s      167/s      171/s      224/s      228/s      229/s      230/s      231/s      232/s      233/s      234/s      235/s      236/s      237/s      245/s      246/s      247/s      249/s      250/s      252/s      253/s      262/s      263/s      294/s      296/s      297/s      298/s      299/s      301/s      302/s     IPI0/s     IPI1/s     IPI2/s     IPI3/s     IPI4/s     IPI5/s     IPI6/s      Err/s
17시 06분 43초    0       0.00       0.00       0.00     145.00       0.00       0.00       0.00       0.00       0.00       0.00       0.00       0.00       0.00       0.00       0.00       0.00       0.00       0.00       0.00       0.00       0.00       0.00       0.00       0.00       0.00       0.00       0.00       0.00       0.00       0.00       0.00       0.00       0.00       0.00       0.00       0.00       0.00       0.00       0.00       0.00       0.00       0.00       0.00       0.00       0.00       0.00       0.00       0.00       0.00       0.00       0.00       0.00       0.00       0.00       0.00       0.00       0.00       0.00       0.00       0.00       0.00       0.00       0.00       0.00       0.00       0.00       0.00       0.00       0.00       0.00       0.00       0.00       0.00       0.00       0.00       0.00       0.00       2.00       0.00       1.00       0.00       0.00       0.00       0.00       0.00       0.00       0.00       0.00       0.00       0.00       0.00       0.00       0.00      92.00       0.00       0.00       0.00       0.00       0.00       0.00       0.00       0.00       0.00       0.00       0.00     205.00       0.00       0.00       0.00       0.00       0.00       0.00       0.00       0.00       0.00       0.00       0.00       0.00       0.00       0.00       0.00       0.00       0.00       0.00       0.00       0.00       0.00       0.00       0.00       0.00       0.00       0.00       0.00       0.00     412.00       0.00     287.00      48.00       0.00       0.00       0.00      51.00       0.00       0.00
17시 06분 43초    1       0.00       0.00       0.00     143.00       0.00       0.00       0.00       0.00       0.00       0.00       0.00       0.00       0.00       0.00       0.00       0.00       0.00       0.00       0.00       0.00       0.00       0.00       0.00       0.00       0.00       0.00       0.00       0.00       0.00       0.00       0.00       0.00       0.00       0.00       0.00       0.00       0.00       0.00       0.00       0.00       0.00       0.00       0.00       0.00       0.00       0.00       0.00       0.00       0.00       0.00       0.00       0.00       0.00       0.00       0.00       0.00       0.00       0.00       0.00       0.00       0.00       0.00       0.00       0.00       0.00       0.00       0.00       0.00       0.00       0.00       0.00       0.00       0.00       0.00       0.00       0.00       0.00       0.00       0.00       0.00       0.00       0.00       0.00       0.00       0.00       0.00       0.00       0.00       0.00       0.00       0.00       0.00       0.00       0.00       0.00       0.00       0.00       0.00       0.00       0.00       0.00       0.00       0.00       0.00       0.00       0.00       0.00       0.00       0.00       0.00       0.00       0.00       0.00       0.00       0.00       0.00       0.00       0.00       0.00       0.00       0.00       0.00       0.00       0.00       0.00       0.00       0.00       0.00       0.00       0.00       0.00       0.00       0.00       0.00       0.00       0.00     149.00      47.00       0.00       0.00       0.00      33.00       0.00       0.00
17시 06분 43초    2       0.00       0.00       0.00     190.00       0.00       0.00       0.00       0.00       0.00       0.00       0.00       0.00       0.00       0.00       0.00       0.00       0.00       0.00       0.00       0.00       0.00       0.00       0.00       0.00       0.00       0.00       0.00       0.00       0.00       0.00       0.00       0.00       0.00       0.00       0.00       0.00       0.00       0.00       0.00       0.00       0.00       0.00       0.00       0.00       0.00       0.00       0.00       0.00       0.00       0.00       0.00       0.00       0.00       0.00       0.00       0.00       0.00       0.00       0.00       0.00       0.00       0.00       0.00       0.00       0.00       0.00       0.00       0.00       0.00       0.00       0.00       0.00       0.00       0.00       0.00       0.00       0.00       0.00       0.00       0.00       0.00       0.00       0.00       0.00       0.00       0.00       0.00       0.00       0.00       0.00       0.00       0.00       0.00       0.00       0.00       0.00       0.00       0.00       0.00       0.00       0.00       0.00       0.00       0.00       0.00       0.00       0.00       0.00       0.00       0.00       0.00       0.00       0.00       0.00       0.00       0.00       0.00       0.00       0.00       0.00       0.00       0.00       0.00       0.00       0.00       0.00       0.00       0.00       0.00       0.00       0.00       0.00       0.00       0.00       0.00       0.00     176.00      23.00       0.00       0.00       0.00      28.00       0.00       0.00
17시 06분 43초    3       0.00       0.00       0.00     167.00       0.00       0.00       0.00       0.00       0.00       0.00       0.00       0.00       0.00       0.00       0.00       0.00       0.00       0.00       0.00       0.00       0.00       0.00       0.00       0.00       0.00       0.00       0.00       0.00       0.00       0.00       0.00       0.00       0.00       0.00       0.00       0.00       0.00       0.00       0.00       0.00       0.00       0.00       0.00       0.00       0.00       0.00       0.00       0.00       0.00       0.00       0.00       0.00       0.00       0.00       0.00       0.00       0.00       0.00       0.00       0.00       0.00       0.00       0.00       0.00       0.00       0.00       0.00       0.00       0.00       0.00       0.00       0.00       0.00       0.00       0.00       0.00       0.00       0.00       0.00       0.00       0.00       0.00       0.00       0.00       0.00       0.00       0.00       0.00       0.00       0.00       0.00       0.00       0.00       0.00       0.00       0.00       0.00       0.00       0.00       0.00       0.00       0.00       0.00       0.00       0.00       0.00       0.00       0.00       0.00       0.00       0.00       0.00       0.00       0.00       0.00       0.00       0.00       0.00       0.00       0.00       0.00       0.00       0.00       0.00       0.00       0.00       0.00       0.00       0.00       0.00       0.00       0.00       0.00       0.00       0.00       0.00     140.00       9.00       0.00       0.00       0.00      39.00       0.00       0.00
17시 06분 43초    4       0.00       0.00       0.00     168.00       0.00       0.00       0.00       0.00       0.00       0.00       0.00       0.00       0.00       0.00       0.00       0.00       0.00       0.00       0.00       0.00       0.00       0.00       0.00       0.00       0.00       0.00       0.00       0.00       0.00       0.00       0.00       0.00       0.00       0.00       0.00       0.00       0.00       0.00       0.00       0.00       0.00       0.00       0.00       0.00       0.00       0.00       0.00       0.00       0.00       0.00       0.00       0.00       0.00       0.00       0.00       0.00       0.00       0.00       0.00       0.00       0.00       0.00       0.00       0.00       0.00       0.00       0.00       0.00       0.00       0.00       0.00       0.00       0.00       0.00       0.00       0.00       0.00       0.00       0.00       0.00       0.00       0.00       0.00       0.00       0.00       0.00       0.00       0.00       0.00       0.00       0.00       0.00       0.00       0.00       0.00       0.00       0.00       0.00       0.00       0.00       0.00       0.00       0.00       0.00       0.00       0.00       0.00       0.00       0.00       0.00       0.00       0.00       0.00       0.00       0.00       0.00       0.00       0.00       0.00       0.00       0.00       0.00       0.00       0.00       0.00       0.00       0.00       0.00       0.00       0.00       0.00       0.00       0.00       0.00       0.00       0.00     213.00       4.00       0.00       0.00       0.00      17.00       0.00       0.00
17시 06분 43초    5       0.00       0.00       0.00     172.00       0.00       0.00       0.00       0.00       0.00       0.00       0.00       0.00       0.00       0.00       0.00       0.00       0.00       0.00       0.00       0.00       0.00       0.00       0.00       0.00       0.00       0.00       0.00       0.00       0.00       0.00       0.00       0.00       0.00       0.00       0.00       0.00       0.00       0.00       0.00       0.00       0.00       0.00       0.00       0.00       0.00       0.00       0.00       0.00       0.00       0.00       0.00       0.00       0.00       0.00       0.00       0.00       0.00       0.00       0.00       0.00       0.00       0.00       0.00       0.00       0.00       0.00       0.00       0.00       0.00       0.00       0.00       0.00       0.00       0.00       0.00       0.00       0.00       0.00       0.00       0.00       0.00       0.00       0.00       0.00       0.00       0.00       0.00       0.00       0.00       0.00       0.00       0.00       0.00       0.00       0.00       0.00       0.00       0.00       0.00       0.00       0.00       0.00       0.00       0.00       0.00       0.00       0.00       0.00       0.00       0.00       0.00       0.00       0.00       0.00       0.00       0.00       0.00       0.00       0.00       0.00       0.00       0.00       0.00       0.00       0.00       0.00       0.00       0.00       0.00       0.00       0.00       0.00       0.00       0.00       0.00       0.00     134.00       2.00       0.00       0.00       0.00      24.00       0.00       0.00

17시 06분 42초  CPU       HI/s    TIMER/s   NET_TX/s   NET_RX/s    BLOCK/s IRQ_POLL/s  TASKLET/s    SCHED/s  HRTIMER/s      RCU/s
17시 06분 43초    0       0.00      26.00      17.00     378.00       0.00       0.00       0.00      97.00       0.00      38.00
17시 06분 43초    1       0.00      31.00       0.00       0.00       0.00       0.00       0.00      93.00       0.00      31.00
17시 06분 43초    2       0.00      11.00       0.00       0.00       0.00       0.00       0.00      77.00       0.00      42.00
17시 06분 43초    3       0.00      20.00       0.00       0.00       0.00       0.00       0.00      66.00       0.00      26.00
17시 06분 43초    4       0.00       9.00       0.00       0.00       0.00       0.00       0.00      75.00       0.00      30.00
17시 06분 43초    5       0.00       4.00       0.00       0.00       0.00       0.00       0.00      64.00       0.00      36.00

17시 06분 43초  CPU    %usr   %nice    %sys %iowait    %irq   %soft  %steal  %guest  %gnice   %idle
17시 06분 44초  all   15.64    0.00    1.33    0.00    0.33    0.00    0.00    0.00    0.00   82.70
17시 06분 44초    0   15.15    0.00    0.00    0.00    1.01    0.00    0.00    0.00    0.00   83.84
17시 06분 44초    1   16.16    0.00    1.01    0.00    0.00    0.00    0.00    0.00    0.00   82.83
17시 06분 44초    2   15.84    0.00    2.97    0.00    0.00    0.00    0.00    0.00    0.00   81.19
17시 06분 44초    3   17.35    0.00    2.04    0.00    0.00    0.00    0.00    0.00    0.00   80.61
17시 06분 44초    4   15.84    0.00    0.00    0.00    0.99    0.00    0.00    0.00    0.00   83.17
17시 06분 44초    5   13.59    0.00    1.94    0.00    0.00    0.00    0.00    0.00    0.00   84.47

17시 06분 43초  CPU    intr/s
17시 06분 44초  all   3067.00
17시 06분 44초    0    520.00
17시 06분 44초    1    148.00
17시 06분 44초    2    107.00
17시 06분 44초    3    111.00
17시 06분 44초    4    100.00
17시 06분 44초    5    114.00

17시 06분 43초  CPU        9/s       11/s       12/s       13/s       18/s       20/s       21/s       22/s       23/s       24/s       25/s       26/s       27/s       28/s       29/s       30/s       31/s       32/s       33/s       34/s       35/s       36/s       37/s       38/s       39/s       40/s       41/s       42/s       43/s       44/s       45/s       46/s       47/s       48/s       49/s       50/s       51/s       52/s       53/s       54/s       55/s       57/s       59/s       61/s       65/s       66/s       67/s       68/s       69/s       70/s       71/s       72/s       73/s       74/s       75/s       76/s       77/s       79/s       80/s       81/s       82/s       83/s       84/s       85/s       86/s       87/s       88/s       89/s       90/s       91/s       92/s       93/s       94/s       95/s       96/s       97/s       98/s      112/s      113/s      114/s      115/s      116/s      117/s      118/s      119/s      120/s      121/s      122/s      123/s      124/s      125/s      126/s      127/s      128/s      129/s      130/s      131/s      132/s      133/s      134/s      135/s      136/s      137/s      138/s      150/s      154/s      162/s      167/s      171/s      224/s      228/s      229/s      230/s      231/s      232/s      233/s      234/s      235/s      236/s      237/s      245/s      246/s      247/s      249/s      250/s      252/s      253/s      262/s      263/s      294/s      296/s      297/s      298/s      299/s      301/s      302/s     IPI0/s     IPI1/s     IPI2/s     IPI3/s     IPI4/s     IPI5/s     IPI6/s      Err/s
17시 06분 44초    0       0.00       0.00       0.00     106.00       0.00       0.00       0.00       0.00       0.00       0.00       0.00       0.00       0.00       0.00       0.00       0.00       0.00       0.00       0.00       0.00       0.00       0.00       0.00       0.00       0.00       0.00       0.00       0.00       0.00       0.00       0.00       0.00       0.00       0.00       0.00       0.00       0.00       0.00       0.00       0.00       0.00       0.00       0.00       0.00       0.00       0.00       0.00       0.00       0.00       0.00       0.00       0.00       0.00       0.00       0.00       0.00       0.00       0.00       0.00       0.00       0.00       0.00       0.00       0.00       0.00       0.00       0.00       0.00       0.00       0.00       0.00       0.00       0.00       0.00       0.00       0.00       0.00       0.00       0.00       1.00       0.00       0.00       0.00       0.00       0.00       0.00       0.00       0.00       0.00       0.00       0.00       0.00       0.00      88.00       0.00       0.00       0.00       0.00       0.00       0.00       0.00       0.00       0.00       0.00       0.00     192.00       0.00       0.00       0.00       0.00       0.00       0.00       0.00       0.00       0.00       0.00       0.00       0.00       0.00       0.00       0.00       0.00       0.00       0.00       0.00       0.00       0.00       0.00       0.00       0.00       0.00       0.00       0.00       0.00     363.00       0.00     239.00      81.00       0.00       0.00       0.00      72.00       0.00       0.00
17시 06분 44초    1       0.00       0.00       0.00     146.00       0.00       0.00       0.00       0.00       0.00       0.00       0.00       0.00       0.00       0.00       0.00       0.00       0.00       0.00       0.00       0.00       0.00       0.00       0.00       0.00       0.00       0.00       0.00       0.00       0.00       0.00       0.00       0.00       0.00       0.00       0.00       0.00       0.00       0.00       0.00       0.00       0.00       0.00       0.00       0.00       0.00       0.00       0.00       0.00       0.00       0.00       0.00       0.00       0.00       0.00       0.00       0.00       0.00       0.00       0.00       0.00       0.00       0.00       0.00       0.00       0.00       0.00       0.00       0.00       0.00       0.00       0.00       0.00       0.00       0.00       0.00       0.00       0.00       0.00       0.00       0.00       0.00       0.00       0.00       0.00       0.00       0.00       0.00       0.00       0.00       0.00       0.00       0.00       0.00       0.00       0.00       0.00       0.00       0.00       0.00       0.00       0.00       0.00       0.00       0.00       0.00       0.00       0.00       0.00       0.00       0.00       0.00       0.00       0.00       0.00       0.00       0.00       0.00       0.00       0.00       0.00       0.00       0.00       0.00       0.00       0.00       0.00       0.00       0.00       0.00       0.00       0.00       0.00       0.00       0.00       0.00       0.00     191.00      39.00       0.00       0.00       0.00      24.00       0.00       0.00
17시 06분 44초    2       0.00       0.00       0.00     185.00       0.00       0.00       0.00       0.00       0.00       0.00       0.00       0.00       0.00       0.00       0.00       0.00       0.00       0.00       0.00       0.00       0.00       0.00       0.00       0.00       0.00       0.00       0.00       0.00       0.00       0.00       0.00       0.00       0.00       0.00       0.00       0.00       0.00       0.00       0.00       0.00       0.00       0.00       0.00       0.00       0.00       0.00       0.00       0.00       0.00       0.00       0.00       0.00       0.00       0.00       0.00       0.00       0.00       0.00       0.00       0.00       0.00       0.00       0.00       0.00       0.00       0.00       0.00       0.00       0.00       0.00       0.00       0.00       0.00       0.00       0.00       0.00       0.00       0.00       0.00       0.00       0.00       0.00       0.00       0.00       0.00       0.00       0.00       0.00       0.00       0.00       0.00       0.00       0.00       0.00       0.00       0.00       0.00       0.00       0.00       0.00       0.00       0.00       0.00       0.00       0.00       0.00       0.00       0.00       0.00       0.00       0.00       0.00       0.00       0.00       0.00       0.00       0.00       0.00       0.00       0.00       0.00       0.00       0.00       0.00       0.00       0.00       0.00       0.00       0.00       0.00       0.00       0.00       0.00       0.00       0.00       0.00     171.00       9.00       0.00       0.00       0.00      24.00       0.00       0.00
17시 06분 44초    3       0.00       0.00       0.00     202.00       0.00       0.00       0.00       0.00       0.00       0.00       0.00       0.00       0.00       0.00       0.00       0.00       0.00       0.00       0.00       0.00       0.00       0.00       0.00       0.00       0.00       0.00       0.00       0.00       0.00       0.00       0.00       0.00       0.00       0.00       0.00       0.00       0.00       0.00       0.00       0.00       0.00       0.00       0.00       0.00       0.00       0.00       0.00       0.00       0.00       0.00       0.00       0.00       0.00       0.00       0.00       0.00       0.00       0.00       0.00       0.00       0.00       0.00       0.00       0.00       0.00       0.00       0.00       0.00       0.00       0.00       0.00       0.00       0.00       0.00       0.00       0.00       0.00       0.00       0.00       0.00       0.00       0.00       0.00       0.00       0.00       0.00       0.00       0.00       0.00       0.00       0.00       0.00       0.00       0.00       0.00       0.00       0.00       0.00       0.00       0.00       0.00       0.00       0.00       0.00       0.00       0.00       0.00       0.00       0.00       0.00       0.00       0.00       0.00       0.00       0.00       0.00       0.00       0.00       0.00       0.00       0.00       0.00       0.00       0.00       0.00       0.00       0.00       0.00       0.00       0.00       0.00       0.00       0.00       0.00       0.00       0.00     161.00       8.00       0.00       0.00       0.00      37.00       0.00       0.00
17시 06분 44초    4       0.00       0.00       0.00     185.00       0.00       0.00       0.00       0.00       0.00       0.00       0.00       0.00       0.00       0.00       0.00       0.00       0.00       0.00       0.00       0.00       0.00       0.00       0.00       0.00       0.00       0.00       0.00       0.00       0.00       0.00       0.00       0.00       0.00       0.00       0.00       0.00       0.00       0.00       0.00       0.00       0.00       0.00       0.00       0.00       0.00       0.00       0.00       0.00       0.00       0.00       0.00       0.00       0.00       0.00       0.00       0.00       0.00       0.00       0.00       0.00       0.00       0.00       0.00       0.00       0.00       0.00       0.00       0.00       0.00       0.00       0.00       0.00       0.00       0.00       0.00       0.00       0.00       0.00       0.00       0.00       0.00       0.00       0.00       0.00       0.00       0.00       0.00       0.00       0.00       0.00       0.00       0.00       0.00       0.00       0.00       0.00       0.00       0.00       0.00       0.00       0.00       0.00       0.00       0.00       0.00       0.00       0.00       0.00       0.00       0.00       0.00       0.00       0.00       0.00       0.00       0.00       0.00       0.00       0.00       0.00       0.00       0.00       0.00       0.00       0.00       0.00       0.00       0.00       0.00       0.00       0.00       0.00       0.00       0.00       0.00       0.00     169.00       5.00       0.00       0.00       0.00      18.00       0.00       0.00
17시 06분 44초    5       0.00       0.00       0.00     179.00       0.00       0.00       0.00       0.00       0.00       0.00       0.00       0.00       0.00       0.00       0.00       0.00       0.00       0.00       0.00       0.00       0.00       0.00       0.00       0.00       0.00       0.00       0.00       0.00       0.00       0.00       0.00       0.00       0.00       0.00       0.00       0.00       0.00       0.00       0.00       0.00       0.00       0.00       0.00       0.00       0.00       0.00       0.00       0.00       0.00       0.00       0.00       0.00       0.00       0.00       0.00       0.00       0.00       0.00       0.00       0.00       0.00       0.00       0.00       0.00       0.00       0.00       0.00       0.00       0.00       0.00       0.00       0.00       0.00       0.00       0.00       0.00       0.00       0.00       0.00       0.00       0.00       0.00       0.00       0.00       0.00       0.00       0.00       0.00       0.00       0.00       0.00       0.00       0.00       0.00       0.00       0.00       0.00       0.00       0.00       0.00       0.00       0.00       0.00       0.00       0.00       0.00       0.00       0.00       0.00       0.00       0.00       0.00       0.00       0.00       0.00       0.00       0.00       0.00       0.00       0.00       0.00       0.00       0.00       0.00       0.00       0.00       0.00       0.00       0.00       0.00       0.00       0.00       0.00       0.00       0.00       0.00     158.00       0.00       0.00       0.00       0.00      14.00       0.00       0.00

17시 06분 43초  CPU       HI/s    TIMER/s   NET_TX/s   NET_RX/s    BLOCK/s IRQ_POLL/s  TASKLET/s    SCHED/s  HRTIMER/s      RCU/s
17시 06분 44초    0       0.00      35.00      17.00     334.00       0.00       0.00       0.00     108.00       0.00      26.00
17시 06분 44초    1       0.00      26.00       0.00       0.00       0.00       0.00       0.00      87.00       0.00      35.00
17시 06분 44초    2       0.00      10.00       0.00       0.00       0.00       0.00       0.00      61.00       0.00      36.00
17시 06분 44초    3       0.00      10.00       0.00       0.00       0.00       0.00       0.00      73.00       0.00      28.00
17시 06분 44초    4       0.00       6.00       0.00       0.00       0.00       0.00       0.00      65.00       0.00      29.00
17시 06분 44초    5       0.00       9.00       0.00       0.00       0.00       0.00       0.00      70.00       0.00      35.00

17시 06분 44초  CPU    %usr   %nice    %sys %iowait    %irq   %soft  %steal  %guest  %gnice   %idle
17시 06분 45초  all   14.45    0.00    4.54    2.35    0.34    0.34    0.00    0.00    0.00   77.98
17시 06분 45초    0   13.00    0.00    2.00    0.00    1.00    0.00    0.00    0.00    0.00   84.00
17시 06분 45초    1    4.08    0.00   15.31   14.29    1.02    0.00    0.00    0.00    0.00   65.31
17시 06분 45초    2    9.80    0.00    2.94    0.00    0.00    0.98    0.00    0.00    0.00   86.27
17시 06분 45초    3    6.25    0.00    2.08    0.00    0.00    0.00    0.00    0.00    0.00   91.67
17시 06분 45초    4   19.00    0.00    0.00    0.00    0.00    1.00    0.00    0.00    0.00   80.00
17시 06분 45초    5   34.34    0.00    5.05    0.00    0.00    0.00    0.00    0.00    0.00   60.61

17시 06분 44초  CPU    intr/s
17시 06분 45초  all   3125.00
17시 06분 45초    0    496.00
17시 06분 45초    1    193.00
17시 06분 45초    2    103.00
17시 06분 45초    3    115.00
17시 06분 45초    4    101.00
17시 06분 45초    5     88.00

17시 06분 44초  CPU        9/s       11/s       12/s       13/s       18/s       20/s       21/s       22/s       23/s       24/s       25/s       26/s       27/s       28/s       29/s       30/s       31/s       32/s       33/s       34/s       35/s       36/s       37/s       38/s       39/s       40/s       41/s       42/s       43/s       44/s       45/s       46/s       47/s       48/s       49/s       50/s       51/s       52/s       53/s       54/s       55/s       57/s       59/s       61/s       65/s       66/s       67/s       68/s       69/s       70/s       71/s       72/s       73/s       74/s       75/s       76/s       77/s       79/s       80/s       81/s       82/s       83/s       84/s       85/s       86/s       87/s       88/s       89/s       90/s       91/s       92/s       93/s       94/s       95/s       96/s       97/s       98/s      112/s      113/s      114/s      115/s      116/s      117/s      118/s      119/s      120/s      121/s      122/s      123/s      124/s      125/s      126/s      127/s      128/s      129/s      130/s      131/s      132/s      133/s      134/s      135/s      136/s      137/s      138/s      150/s      154/s      162/s      167/s      171/s      224/s      228/s      229/s      230/s      231/s      232/s      233/s      234/s      235/s      236/s      237/s      245/s      246/s      247/s      249/s      250/s      252/s      253/s      262/s      263/s      294/s      296/s      297/s      298/s      299/s      301/s      302/s     IPI0/s     IPI1/s     IPI2/s     IPI3/s     IPI4/s     IPI5/s     IPI6/s      Err/s
17시 06분 45초    0       0.00       0.00       0.00     162.00       0.00       0.00       0.00       0.00       0.00       0.00       0.00       0.00       0.00       0.00       0.00       0.00       0.00       0.00       0.00       0.00       0.00       0.00       0.00       0.00       0.00       0.00       0.00       0.00       0.00       0.00       0.00       0.00       0.00       0.00       0.00       0.00       0.00       0.00       0.00       0.00       0.00       0.00       0.00       0.00       0.00       0.00     236.00       0.00       0.00       0.00       0.00       0.00       0.00       0.00       0.00       0.00       0.00       0.00       0.00       0.00       0.00       0.00       0.00       0.00       0.00       0.00       0.00       0.00       0.00       0.00       0.00       0.00       0.00       0.00       0.00       0.00       0.00       0.00       0.00       2.00       0.00       0.00       0.00       0.00       0.00       0.00       0.00       0.00       0.00       0.00       0.00       0.00       0.00      72.00       0.00       0.00       0.00       0.00       0.00       0.00       0.00       0.00       0.00       0.00       0.00     177.00       0.00       0.00       0.00       0.00       0.00       0.00       0.00       0.00       0.00       0.00       0.00       0.00       0.00       0.00       0.00       0.00       0.00       0.00       0.00       0.00       0.00       0.00       0.00       0.00       0.00       0.00       0.00       0.00     339.00       0.00     160.00      54.00       0.00       0.00       0.00      61.00       0.00       0.00
17시 06분 45초    1       0.00       0.00       0.00     150.00       0.00       0.00       0.00       0.00       0.00       0.00       0.00       0.00       0.00       0.00       0.00       0.00       0.00       0.00       0.00       0.00       0.00       0.00       0.00       0.00       0.00       0.00       0.00       0.00       0.00       0.00       0.00       0.00       0.00       0.00       0.00       0.00       0.00       0.00       0.00       0.00       0.00       0.00       0.00       0.00       0.00       0.00       0.00       0.00       0.00       0.00       0.00       0.00       0.00       0.00       0.00       0.00       0.00       0.00       0.00       0.00       0.00       0.00       0.00       0.00       0.00       0.00       0.00       0.00       0.00       0.00       0.00       0.00       0.00       0.00       0.00       0.00       0.00       0.00       0.00       0.00       0.00       0.00       0.00       0.00       0.00       0.00       0.00       0.00       0.00       0.00       0.00       0.00       0.00       0.00       0.00       0.00       0.00       0.00       0.00       0.00       0.00       0.00       0.00       0.00       0.00       0.00       0.00       0.00       0.00       0.00       0.00       0.00       0.00       0.00       0.00       0.00       0.00       0.00       0.00       0.00       0.00       0.00       0.00       0.00       0.00       0.00       0.00       0.00       0.00       0.00       0.00       0.00       0.00       0.00       0.00       0.00     339.00      22.00       0.00       0.00       0.00      31.00       0.00       0.00
17시 06분 45초    2       0.00       0.00       0.00     157.00       0.00       0.00       0.00       0.00       0.00       0.00       0.00       0.00       0.00       0.00       0.00       0.00       0.00       0.00       0.00       0.00       0.00       0.00       0.00       0.00       0.00       0.00       0.00       0.00       0.00       0.00       0.00       0.00       0.00       0.00       0.00       0.00       0.00       0.00       0.00       0.00       0.00       0.00       0.00       0.00       0.00       0.00       0.00       0.00       0.00       0.00       0.00       0.00       0.00       0.00       0.00       0.00       0.00       0.00       0.00       0.00       0.00       0.00       0.00       0.00       0.00       0.00       0.00       0.00       0.00       0.00       0.00       0.00       0.00       0.00       0.00       0.00       0.00       0.00       0.00       0.00       0.00       0.00       0.00       0.00       0.00       0.00       0.00       0.00       0.00       0.00       0.00       0.00       0.00       0.00       0.00       0.00       0.00       0.00       0.00       0.00       0.00       0.00       0.00       0.00       0.00       0.00       0.00       0.00       0.00       0.00       0.00       0.00       0.00       0.00       0.00       0.00       0.00       0.00       0.00       0.00       0.00       0.00       0.00       0.00       0.00       0.00       0.00       0.00       0.00       0.00       0.00       0.00       0.00       0.00       0.00       0.00     140.00      14.00       0.00       0.00       0.00      14.00       0.00       0.00
17시 06분 45초    3       0.00       0.00       0.00     129.00       0.00       0.00       0.00       0.00       0.00       0.00       0.00       0.00       0.00       0.00       0.00       0.00       0.00       0.00       0.00       0.00       0.00       0.00       0.00       0.00       0.00       0.00       0.00       0.00       0.00       0.00       0.00       0.00       0.00       0.00       0.00       0.00       0.00       0.00       0.00       0.00       0.00       0.00       0.00       0.00       0.00       0.00       0.00       0.00       0.00       0.00       0.00       0.00       0.00       0.00       0.00       0.00       0.00       0.00       0.00       0.00       0.00       0.00       0.00       0.00       0.00       0.00       0.00       0.00       0.00       0.00       0.00       0.00       0.00       0.00       0.00       0.00       0.00       0.00       0.00       0.00       0.00       0.00       0.00       0.00       0.00       0.00       0.00       0.00       0.00       0.00       0.00       0.00       0.00       0.00       0.00       0.00       0.00       0.00       0.00       0.00       0.00       0.00       0.00       0.00       0.00       0.00       0.00       0.00       0.00       0.00       0.00       0.00       0.00       0.00       0.00       0.00       0.00       0.00       0.00       0.00       0.00       0.00       0.00       0.00       0.00       0.00       0.00       0.00       0.00       0.00       0.00       0.00       0.00       0.00       0.00       0.00     135.00      18.00       0.00       0.00       0.00      13.00       0.00       0.00
17시 06분 45초    4       0.00       0.00       0.00     170.00       0.00       0.00       0.00       0.00       0.00       0.00       0.00       0.00       0.00       0.00       0.00       0.00       0.00       0.00       0.00       0.00       0.00       0.00       0.00       0.00       0.00       0.00       0.00       0.00       0.00       0.00       0.00       0.00       0.00       0.00       0.00       0.00       0.00       0.00       0.00       0.00       0.00       0.00       0.00       0.00       0.00       0.00       0.00       0.00       0.00       0.00       0.00       0.00       0.00       0.00       0.00       0.00       0.00       0.00       0.00       0.00       0.00       0.00       0.00       0.00       0.00       0.00       0.00       0.00       0.00       0.00       0.00       0.00       0.00       0.00       0.00       0.00       0.00       0.00       0.00       0.00       0.00       0.00       0.00       0.00       0.00       0.00       0.00       0.00       0.00       0.00       0.00       0.00       0.00       0.00       0.00       0.00       0.00       0.00       0.00       0.00       0.00       0.00       0.00       0.00       0.00       0.00       0.00       0.00       0.00       0.00       0.00       0.00       0.00       0.00       0.00       0.00       0.00       0.00       0.00       0.00       0.00       0.00       0.00       0.00       0.00       0.00       0.00       0.00       0.00       0.00       0.00       0.00       0.00       0.00       0.00       0.00     186.00       1.00       0.00       0.00       0.00       5.00       0.00       0.00
17시 06분 45초    5       0.00       0.00       0.00     199.00       0.00       0.00       0.00       0.00       0.00       0.00       0.00       0.00       0.00       0.00       0.00       0.00       0.00       0.00       0.00       0.00       0.00       0.00       0.00       0.00       0.00       0.00       0.00       0.00       0.00       0.00       0.00       0.00       0.00       0.00       0.00       0.00       0.00       0.00       0.00       0.00       0.00       0.00       0.00       0.00       0.00       0.00       0.00       0.00       0.00       0.00       0.00       0.00       0.00       0.00       0.00       0.00       0.00       0.00       0.00       0.00       0.00       0.00       0.00       0.00       0.00       0.00       0.00       0.00       0.00       0.00       0.00       0.00       0.00       0.00       0.00       0.00       0.00       0.00       0.00       0.00       0.00       0.00       0.00       0.00       0.00       0.00       0.00       0.00       0.00       0.00       0.00       0.00       0.00       0.00       0.00       0.00       0.00       0.00       0.00       0.00       0.00       0.00       0.00       0.00       0.00       0.00       0.00       0.00       0.00       0.00       0.00       0.00       0.00       0.00       0.00       0.00       0.00       0.00       0.00       0.00       0.00       0.00       0.00       0.00       0.00       0.00       0.00       0.00       0.00       0.00       0.00       0.00       0.00       0.00       0.00       0.00     111.00       2.00       0.00       0.00       0.00      26.00       0.00       0.00

17시 06분 44초  CPU       HI/s    TIMER/s   NET_TX/s   NET_RX/s    BLOCK/s IRQ_POLL/s  TASKLET/s    SCHED/s  HRTIMER/s      RCU/s
17시 06분 45초    0       0.00      23.00      13.00     312.00       1.00       0.00       0.00     104.00       0.00      43.00
17시 06분 45초    1       0.00      28.00       0.00       0.00      34.00       0.00       0.00      93.00       0.00      38.00
17시 06분 45초    2       0.00       8.00       0.00       0.00       1.00       0.00       0.00      52.00       0.00      42.00
17시 06분 45초    3       0.00      28.00       0.00       0.00       0.00       0.00       0.00      59.00       0.00      28.00
17시 06분 45초    4       0.00       5.00       0.00       0.00       0.00       0.00       0.00      64.00       0.00      32.00
17시 06분 45초    5       0.00      12.00       0.00       0.00       0.00       0.00       0.00      34.00       0.00      42.00

17시 06분 45초  CPU    %usr   %nice    %sys %iowait    %irq   %soft  %steal  %guest  %gnice   %idle
17시 06분 46초  all   13.19    0.00    4.67    0.00    0.00    0.17    0.00    0.00    0.00   81.97
17시 06분 46초    0    1.00    0.00   10.00    0.00    0.00    1.00    0.00    0.00    0.00   88.00
17시 06분 46초    1   33.00    0.00    2.00    0.00    0.00    0.00    0.00    0.00    0.00   65.00
17시 06분 46초    2   26.26    0.00   11.11    0.00    0.00    0.00    0.00    0.00    0.00   62.63
17시 06분 46초    3    1.00    0.00    1.00    0.00    0.00    0.00    0.00    0.00    0.00   98.00
17시 06분 46초    4    2.00    0.00    1.00    0.00    0.00    0.00    0.00    0.00    0.00   97.00
17시 06분 46초    5   16.00    0.00    3.00    0.00    0.00    0.00    0.00    0.00    0.00   81.00

17시 06분 45초  CPU    intr/s
17시 06분 46초  all   1491.00
17시 06분 46초    0    274.00
17시 06분 46초    1    125.00
17시 06분 46초    2    136.00
17시 06분 46초    3    121.00
17시 06분 46초    4     97.00
17시 06분 46초    5     57.00

17시 06분 45초  CPU        9/s       11/s       12/s       13/s       18/s       20/s       21/s       22/s       23/s       24/s       25/s       26/s       27/s       28/s       29/s       30/s       31/s       32/s       33/s       34/s       35/s       36/s       37/s       38/s       39/s       40/s       41/s       42/s       43/s       44/s       45/s       46/s       47/s       48/s       49/s       50/s       51/s       52/s       53/s       54/s       55/s       57/s       59/s       61/s       65/s       66/s       67/s       68/s       69/s       70/s       71/s       72/s       73/s       74/s       75/s       76/s       77/s       79/s       80/s       81/s       82/s       83/s       84/s       85/s       86/s       87/s       88/s       89/s       90/s       91/s       92/s       93/s       94/s       95/s       96/s       97/s       98/s      112/s      113/s      114/s      115/s      116/s      117/s      118/s      119/s      120/s      121/s      122/s      123/s      124/s      125/s      126/s      127/s      128/s      129/s      130/s      131/s      132/s      133/s      134/s      135/s      136/s      137/s      138/s      150/s      154/s      162/s      167/s      171/s      224/s      228/s      229/s      230/s      231/s      232/s      233/s      234/s      235/s      236/s      237/s      245/s      246/s      247/s      249/s      250/s      252/s      253/s      262/s      263/s      294/s      296/s      297/s      298/s      299/s      301/s      302/s     IPI0/s     IPI1/s     IPI2/s     IPI3/s     IPI4/s     IPI5/s     IPI6/s      Err/s
17시 06분 46초    0       0.00       0.00       0.00     159.00       0.00       0.00       0.00       0.00       0.00       0.00       0.00       0.00       0.00       0.00       0.00       0.00       0.00       0.00       0.00       0.00       0.00       0.00       0.00       0.00       0.00       0.00       0.00       0.00       0.00       0.00       0.00       0.00       0.00       0.00       0.00       0.00       0.00       0.00       0.00       0.00       0.00       0.00       0.00       0.00       0.00       0.00       0.00       0.00       0.00       0.00       0.00       0.00       0.00       0.00       0.00       0.00       0.00       0.00       0.00       0.00       0.00       0.00       0.00       0.00       0.00       0.00       0.00       0.00       0.00       0.00       0.00       0.00       0.00       0.00       0.00       0.00       0.00       0.00       0.00      12.00       0.00       0.00       0.00       0.00       0.00       0.00       0.00       0.00       0.00       0.00       0.00       0.00       0.00      15.00       0.00       0.00       0.00       0.00       0.00       0.00       0.00       0.00       0.00       0.00       0.00      55.00       0.00       0.00       0.00       0.00       0.00       0.00       0.00       0.00       0.00       0.00       0.00       0.00       0.00       0.00       0.00       0.00       0.00       0.00       0.00       0.00       0.00       0.00       0.00       0.00       0.00       0.00       0.00       0.00     134.00       0.00      79.00      31.00       0.00       0.00       0.00       4.00       0.00       0.00
17시 06분 46초    1       0.00       0.00       0.00     164.00       0.00       0.00       0.00       0.00       0.00       0.00       0.00       0.00       0.00       0.00       0.00       0.00       0.00       0.00       0.00       0.00       0.00       0.00       0.00       0.00       0.00       0.00       0.00       0.00       0.00       0.00       0.00       0.00       0.00       0.00       0.00       0.00       0.00       0.00       0.00       0.00       0.00       0.00       0.00       0.00       0.00       0.00       0.00       0.00       0.00       0.00       0.00       0.00       0.00       0.00       0.00       0.00       0.00       0.00       0.00       0.00       0.00       0.00       0.00       0.00       0.00       0.00       0.00       0.00       0.00       0.00       0.00       0.00       0.00       0.00       0.00       0.00       0.00       0.00       0.00       0.00       0.00       0.00       0.00       0.00       0.00       0.00       0.00       0.00       0.00       0.00       0.00       0.00       0.00       0.00       0.00       0.00       0.00       0.00       0.00       0.00       0.00       0.00       0.00       0.00       0.00       0.00       0.00       0.00       0.00       0.00       0.00       0.00       0.00       0.00       0.00       0.00       0.00       0.00       0.00       0.00       0.00       0.00       0.00       0.00       0.00       0.00       0.00       0.00       0.00       0.00       0.00       0.00       0.00       0.00       0.00       0.00      45.00      33.00       0.00       0.00       0.00      10.00       0.00       0.00
17시 06분 46초    2       0.00       0.00       0.00     144.00       0.00       0.00       0.00       0.00       0.00       0.00       0.00       0.00       0.00       0.00       0.00       0.00       0.00       0.00       0.00       0.00       0.00       0.00       0.00       0.00       0.00       0.00       0.00       0.00       0.00       0.00       0.00       0.00       0.00       0.00       0.00       0.00       0.00       0.00       0.00       0.00       0.00       0.00       0.00       0.00       0.00       0.00       0.00       0.00       0.00       0.00       0.00       0.00       0.00       0.00       0.00       0.00       0.00       0.00       0.00       0.00       0.00       0.00       0.00       0.00       0.00       0.00       0.00       0.00       0.00       0.00       0.00       0.00       0.00       0.00       0.00       0.00       0.00       0.00       0.00       0.00       0.00       0.00       0.00       0.00       0.00       0.00       0.00       0.00       0.00       0.00       0.00       0.00       0.00       0.00       0.00       0.00       0.00       0.00       0.00       0.00       0.00       0.00       0.00       0.00       0.00       0.00       0.00       0.00       0.00       0.00       0.00       0.00       0.00       0.00       0.00       0.00       0.00       0.00       0.00       0.00       0.00       0.00       0.00       0.00       0.00       0.00       0.00       0.00       0.00       0.00       0.00       0.00       0.00       0.00       0.00       0.00      46.00       6.00       0.00       0.00       0.00       5.00       0.00       0.00
17시 06분 46초    3       0.00       0.00       0.00     120.00       0.00       0.00       0.00       0.00       0.00       0.00       0.00       0.00       0.00       0.00       0.00       0.00       0.00       0.00       0.00       0.00       0.00       0.00       0.00       0.00       0.00       0.00       0.00       0.00       0.00       0.00       0.00       0.00       0.00       0.00       0.00       0.00       0.00       0.00       0.00       0.00       0.00       0.00       0.00       0.00       0.00       0.00       0.00       0.00       0.00       0.00       0.00       0.00       0.00       0.00       0.00       0.00       0.00       0.00       0.00       0.00       0.00       0.00       0.00       0.00       0.00       0.00       0.00       0.00       0.00       0.00       0.00       0.00       0.00       0.00       0.00       0.00       0.00       0.00       0.00       0.00       0.00       0.00       0.00       0.00       0.00       0.00       0.00       0.00       0.00       0.00       0.00       0.00       0.00       0.00       0.00       0.00       0.00       0.00       0.00       0.00       0.00       0.00       0.00       0.00       0.00       0.00       0.00       0.00       0.00       0.00       0.00       0.00       0.00       0.00       0.00       0.00       0.00       0.00       0.00       0.00       0.00       0.00       0.00       0.00       0.00       0.00       0.00       0.00       0.00       0.00       0.00       0.00       0.00       0.00       0.00       0.00      52.00       3.00       0.00       0.00       0.00       2.00       0.00       0.00
17시 06분 46초    4       0.00       0.00       0.00      97.00       0.00       0.00       0.00       0.00       0.00       0.00       0.00       0.00       0.00       0.00       0.00       0.00       0.00       0.00       0.00       0.00       0.00       0.00       0.00       0.00       0.00       0.00       0.00       0.00       0.00       0.00       0.00       0.00       0.00       0.00       0.00       0.00       0.00       0.00       0.00       0.00       0.00       0.00       0.00       0.00       0.00       0.00       0.00       0.00       0.00       0.00       0.00       0.00       0.00       0.00       0.00       0.00       0.00       0.00       0.00       0.00       0.00       0.00       0.00       0.00       0.00       0.00       0.00       0.00       0.00       0.00       0.00       0.00       0.00       0.00       0.00       0.00       0.00       0.00       0.00       0.00       0.00       0.00       0.00       0.00       0.00       0.00       0.00       0.00       0.00       0.00       0.00       0.00       0.00       0.00       0.00       0.00       0.00       0.00       0.00       0.00       0.00       0.00       0.00       0.00       0.00       0.00       0.00       0.00       0.00       0.00       0.00       0.00       0.00       0.00       0.00       0.00       0.00       0.00       0.00       0.00       0.00       0.00       0.00       0.00       0.00       0.00       0.00       0.00       0.00       0.00       0.00       0.00       0.00       0.00       0.00       0.00     103.00      39.00       0.00       0.00       0.00      13.00       0.00       0.00
17시 06분 46초    5       0.00       0.00       0.00      85.00       0.00       0.00       0.00       0.00       0.00       0.00       0.00       0.00       0.00       0.00       0.00       0.00       0.00       0.00       0.00       0.00       0.00       0.00       0.00       0.00       0.00       0.00       0.00       0.00       0.00       0.00       0.00       0.00       0.00       0.00       0.00       0.00       0.00       0.00       0.00       0.00       0.00       0.00       0.00       0.00       0.00       0.00       0.00       0.00       0.00       0.00       0.00       0.00       0.00       0.00       0.00       0.00       0.00       0.00       0.00       0.00       0.00       0.00       0.00       0.00       0.00       0.00       0.00       0.00       0.00       0.00       0.00       0.00       0.00       0.00       0.00       0.00       0.00       0.00       0.00       0.00       0.00       0.00       0.00       0.00       0.00       0.00       0.00       0.00       0.00       0.00       0.00       0.00       0.00       0.00       0.00       0.00       0.00       0.00       0.00       0.00       0.00       0.00       0.00       0.00       0.00       0.00       0.00       0.00       0.00       0.00       0.00       0.00       0.00       0.00       0.00       0.00       0.00       0.00       0.00       0.00       0.00       0.00       0.00       0.00       0.00       0.00       0.00       0.00       0.00       0.00       0.00       0.00       0.00       0.00       0.00       0.00      26.00       0.00       0.00       0.00       0.00       9.00       0.00       0.00

17시 06분 45초  CPU       HI/s    TIMER/s   NET_TX/s   NET_RX/s    BLOCK/s IRQ_POLL/s  TASKLET/s    SCHED/s  HRTIMER/s      RCU/s
17시 06분 46초    0       0.00      21.00       6.00     124.00       0.00       0.00       1.00      68.00       0.00      54.00
17시 06분 46초    1       0.00      27.00       0.00       0.00       0.00       0.00       0.00      54.00       0.00      44.00
17시 06분 46초    2       0.00       9.00       0.00       0.00       0.00       0.00       0.00      40.00       0.00      87.00
17시 06분 46초    3       0.00      33.00       0.00       0.00       0.00       0.00       0.00      44.00       0.00      44.00
17시 06분 46초    4       0.00      18.00       0.00       0.00       0.00       0.00       0.00      34.00       0.00      45.00
17시 06분 46초    5       0.00       7.00       0.00       0.00       0.00       0.00       0.00      18.00       0.00      32.00

17시 06분 46초  CPU    %usr   %nice    %sys %iowait    %irq   %soft  %steal  %guest  %gnice   %idle
17시 06분 47초  all   16.39    0.00    3.85    0.50    0.33    0.17    0.00    0.00    0.00   78.76
17시 06분 47초    0   10.31    0.00    3.09    0.00    1.03    0.00    0.00    0.00    0.00   85.57
17시 06분 47초    1   14.14    0.00    1.01    0.00    0.00    1.01    0.00    0.00    0.00   83.84
17시 06분 47초    2   20.79    0.00    0.99    0.00    0.00    0.00    0.00    0.00    0.00   78.22
17시 06분 47초    3   10.89    0.00    2.97    1.98    0.99    0.00    0.00    0.00    0.00   83.17
17시 06분 47초    4   18.18    0.00    1.01    0.00    0.00    0.00    0.00    0.00    0.00   80.81
17시 06분 47초    5   23.76    0.00   13.86    0.99    0.00    0.00    0.00    0.00    0.00   61.39

17시 06분 46초  CPU    intr/s
17시 06분 47초  all   4227.00
17시 06분 47초    0    628.00
17시 06분 47초    1    179.00
17시 06분 47초    2    150.00
17시 06분 47초    3    141.00
17시 06분 47초    4    217.00
17시 06분 47초    5    144.00

17시 06분 46초  CPU        9/s       11/s       12/s       13/s       18/s       20/s       21/s       22/s       23/s       24/s       25/s       26/s       27/s       28/s       29/s       30/s       31/s       32/s       33/s       34/s       35/s       36/s       37/s       38/s       39/s       40/s       41/s       42/s       43/s       44/s       45/s       46/s       47/s       48/s       49/s       50/s       51/s       52/s       53/s       54/s       55/s       57/s       59/s       61/s       65/s       66/s       67/s       68/s       69/s       70/s       71/s       72/s       73/s       74/s       75/s       76/s       77/s       79/s       80/s       81/s       82/s       83/s       84/s       85/s       86/s       87/s       88/s       89/s       90/s       91/s       92/s       93/s       94/s       95/s       96/s       97/s       98/s      112/s      113/s      114/s      115/s      116/s      117/s      118/s      119/s      120/s      121/s      122/s      123/s      124/s      125/s      126/s      127/s      128/s      129/s      130/s      131/s      132/s      133/s      134/s      135/s      136/s      137/s      138/s      150/s      154/s      162/s      167/s      171/s      224/s      228/s      229/s      230/s      231/s      232/s      233/s      234/s      235/s      236/s      237/s      245/s      246/s      247/s      249/s      250/s      252/s      253/s      262/s      263/s      294/s      296/s      297/s      298/s      299/s      301/s      302/s     IPI0/s     IPI1/s     IPI2/s     IPI3/s     IPI4/s     IPI5/s     IPI6/s      Err/s
17시 06분 47초    0       0.00       0.00       0.00     219.00       0.00       0.00       0.00       0.00       0.00       0.00       0.00       0.00       0.00       0.00       0.00       0.00       0.00       0.00       0.00       0.00       0.00       0.00       0.00       0.00       0.00       0.00       0.00       0.00       0.00       0.00       0.00       0.00       0.00       0.00       0.00       0.00       0.00       0.00       0.00       0.00       0.00       0.00       0.00       0.00       0.00       0.00     134.00       0.00       0.00       0.00       0.00       0.00       0.00       0.00       0.00       0.00       0.00       0.00       0.00       0.00       0.00       0.00       0.00       0.00       0.00       0.00       0.00       0.00       0.00       0.00       0.00       0.00       0.00       0.00       0.00       0.00       0.00       0.00       0.00       7.00       0.00       0.00       0.00       0.00       0.00       0.00       0.00       0.00       0.00       0.00       0.00       0.00       0.00      84.00       0.00       0.00       0.00       0.00       0.00       0.00       0.00       0.00       0.00       0.00       0.00     231.00       0.00       0.00       0.00       0.00       0.00       0.00       0.00       0.00       0.00       0.00       0.00       0.00       0.00       0.00       0.00       0.00       0.00       0.00       0.00       0.00       0.00       0.00       0.00       0.00       0.00       0.00       0.00       0.00     445.00       0.00     340.00      41.00       0.00       0.00       0.00      67.00       0.00       0.00
17시 06분 47초    1       0.00       0.00       0.00     156.00       0.00       0.00       0.00       0.00       0.00       0.00       0.00       0.00       0.00       0.00       0.00       0.00       0.00       0.00       0.00       0.00       0.00       0.00       0.00       0.00       0.00       0.00       0.00       0.00       0.00       0.00       0.00       0.00       0.00       0.00       0.00       0.00       0.00       0.00       0.00       0.00       0.00       0.00       0.00       0.00       0.00       0.00       0.00       0.00       0.00       0.00       0.00       0.00       0.00       0.00       0.00       0.00       0.00       0.00       0.00       0.00       0.00       0.00       0.00       0.00       0.00       0.00       0.00       0.00       0.00       0.00       0.00       0.00       0.00       0.00       0.00       0.00       0.00       0.00       0.00       0.00       0.00       0.00       0.00       0.00       0.00       0.00       0.00       0.00       0.00       0.00       0.00       0.00       0.00       0.00       0.00       0.00       0.00       0.00       0.00       0.00       0.00       0.00       0.00       0.00       0.00       0.00       0.00       0.00       0.00       0.00       0.00       0.00       0.00       0.00       0.00       0.00       0.00       0.00       0.00       0.00       0.00       0.00       0.00       0.00       0.00       0.00       0.00       0.00       0.00       0.00       0.00       0.00       0.00       0.00       0.00       0.00     320.00      56.00       0.00       0.00       0.00      31.00       0.00       0.00
17시 06분 47초    2       0.00       0.00       0.00     168.00       0.00       0.00       0.00       0.00       0.00       0.00       0.00       0.00       0.00       0.00       0.00       0.00       0.00       0.00       0.00       0.00       0.00       0.00       0.00       0.00       0.00       0.00       0.00       0.00       0.00       0.00       0.00       0.00       0.00       0.00       0.00       0.00       0.00       0.00       0.00       0.00       0.00       0.00       0.00       0.00       0.00       0.00       0.00       0.00       0.00       0.00       0.00       0.00       0.00       0.00       0.00       0.00       0.00       0.00       0.00       0.00       0.00       0.00       0.00       0.00       0.00       0.00       0.00       0.00       0.00       0.00       0.00       0.00       0.00       0.00       0.00       0.00       0.00       0.00       0.00       0.00       0.00       0.00       0.00       0.00       0.00       0.00       0.00       0.00       0.00       0.00       0.00       0.00       0.00       0.00       0.00       0.00       0.00       0.00       0.00       0.00       0.00       0.00       0.00       0.00       0.00       0.00       0.00       0.00       0.00       0.00       0.00       0.00       0.00       0.00       0.00       0.00       0.00       0.00       0.00       0.00       0.00       0.00       0.00       0.00       0.00       0.00       0.00       0.00       0.00       0.00       0.00       0.00       0.00       0.00       0.00       0.00     233.00      25.00       0.00       0.00       0.00      23.00       0.00       0.00
17시 06분 47초    3       0.00       0.00       0.00     224.00       0.00       0.00       0.00       0.00       0.00       0.00       0.00       0.00       0.00       0.00       0.00       0.00       0.00       0.00       0.00       0.00       0.00       0.00       0.00       0.00       0.00       0.00       0.00       0.00       0.00       0.00       0.00       0.00       0.00       0.00       0.00       0.00       0.00       0.00       0.00       0.00       0.00       0.00       0.00       0.00       0.00       0.00       0.00       0.00       0.00       0.00       0.00       0.00       0.00       0.00       0.00       0.00       0.00       0.00       0.00       0.00       0.00       0.00       0.00       0.00       0.00       0.00       0.00       0.00       0.00       0.00       0.00       0.00       0.00       0.00       0.00       0.00       0.00       0.00       0.00       0.00       0.00       0.00       0.00       0.00       0.00       0.00       0.00       0.00       0.00       0.00       0.00       0.00       0.00       0.00       0.00       0.00       0.00       0.00       0.00       0.00       0.00       0.00       0.00       0.00       0.00       0.00       0.00       0.00       0.00       0.00       0.00       0.00       0.00       0.00       0.00       0.00       0.00       0.00       0.00       0.00       0.00       0.00       0.00       0.00       0.00       0.00       0.00       0.00       0.00       0.00       0.00       0.00       0.00       0.00       0.00       0.00     341.00      14.00       0.00       0.00       0.00      26.00       0.00       0.00
17시 06분 47초    4       0.00       0.00       0.00     191.00       0.00       0.00       0.00       0.00       0.00       0.00       0.00       0.00       0.00       0.00       0.00       0.00       0.00       0.00       0.00       0.00       0.00       0.00       0.00       0.00       0.00       0.00       0.00       0.00       0.00       0.00       0.00       0.00       0.00       0.00       0.00       0.00       0.00       0.00       0.00       0.00       0.00       0.00       0.00       0.00       0.00       0.00       0.00       0.00       0.00       0.00       0.00       0.00       0.00       0.00       0.00       0.00       0.00       0.00       0.00       0.00       0.00       0.00       0.00       0.00       0.00       0.00       0.00       0.00       0.00       0.00       0.00       0.00       0.00       0.00       0.00       0.00       0.00       0.00       0.00       0.00       0.00       0.00       0.00       0.00       0.00       0.00       0.00       0.00       0.00       0.00       0.00       0.00       0.00       0.00       0.00       0.00       0.00       0.00       0.00       0.00       0.00       0.00       0.00       0.00       0.00       0.00       0.00       0.00       0.00       0.00       0.00       0.00       0.00       0.00       0.00       0.00       0.00       0.00       0.00       0.00       0.00       0.00       0.00       0.00       0.00       0.00       0.00       0.00       0.00       0.00       0.00       0.00       0.00       0.00       0.00       0.00     363.00       7.00       0.00       0.00       0.00      28.00       0.00       0.00
17시 06분 47초    5       0.00       0.00       0.00     173.00       0.00       0.00       0.00       0.00       0.00       0.00       0.00       0.00       0.00       0.00       0.00       0.00       0.00       0.00       0.00       0.00       0.00       0.00       0.00       0.00       0.00       0.00       0.00       0.00       0.00       0.00       0.00       0.00       0.00       0.00       0.00       0.00       0.00       0.00       0.00       0.00       0.00       0.00       0.00       0.00       0.00       0.00       0.00       0.00       0.00       0.00       0.00       0.00       0.00       0.00       0.00       0.00       0.00       0.00       0.00       0.00       0.00       0.00       0.00       0.00       0.00       0.00       0.00       0.00       0.00       0.00       0.00       0.00       0.00       0.00       0.00       0.00       0.00       0.00       0.00       0.00       0.00       0.00       0.00       0.00       0.00       0.00       0.00       0.00       0.00       0.00       0.00       0.00       0.00       0.00       0.00       0.00       0.00       0.00       0.00       0.00       0.00       0.00       0.00       0.00       0.00       0.00       0.00       0.00       0.00       0.00       0.00       0.00       0.00       0.00       0.00       0.00       0.00       0.00       0.00       0.00       0.00       0.00       0.00       0.00       0.00       0.00       0.00       0.00       0.00       0.00       0.00       0.00       0.00       0.00       0.00       0.00     251.00       1.00       0.00       0.00       0.00      28.00       0.00       0.00

17시 06분 46초  CPU       HI/s    TIMER/s   NET_TX/s   NET_RX/s    BLOCK/s IRQ_POLL/s  TASKLET/s    SCHED/s  HRTIMER/s      RCU/s
17시 06분 47초    0       0.00      21.00      17.00     409.00       2.00       0.00       0.00     108.00       0.00      71.00
17시 06분 47초    1       0.00      35.00       0.00       0.00       0.00       0.00       0.00      97.00       0.00      47.00
17시 06분 47초    2       0.00      19.00       0.00       0.00       0.00       0.00       0.00      68.00       0.00      63.00
17시 06분 47초    3       0.00      19.00       0.00       0.00       0.00       0.00       0.00      61.00       0.00      61.00
17시 06분 47초    4       0.00      23.00       0.00       0.00       0.00       0.00       0.00      69.00       0.00     125.00
17시 06분 47초    5       0.00       8.00       0.00       0.00       0.00       0.00       0.00      77.00       0.00      59.00

17시 06분 47초  CPU    %usr   %nice    %sys %iowait    %irq   %soft  %steal  %guest  %gnice   %idle
17시 06분 48초  all   14.70    0.00    2.03    0.00    0.34    0.00    0.00    0.00    0.00   82.94
17시 06분 48초    0   10.31    0.00    2.06    0.00    1.03    0.00    0.00    0.00    0.00   86.60
17시 06분 48초    1    6.38    0.00    3.19    0.00    0.00    0.00    0.00    0.00    0.00   90.43
17시 06분 48초    2   12.00    0.00    1.00    0.00    0.00    0.00    0.00    0.00    0.00   87.00
17시 06분 48초    3    4.00    0.00    3.00    0.00    0.00    0.00    0.00    0.00    0.00   93.00
17시 06분 48초    4   23.00    0.00    1.00    0.00    0.00    0.00    0.00    0.00    0.00   76.00
17시 06분 48초    5   31.68    0.00    1.98    0.00    0.99    0.00    0.00    0.00    0.00   65.35

17시 06분 47초  CPU    intr/s
17시 06분 48초  all   3272.00
17시 06분 48초    0    546.00
17시 06분 48초    1    182.00
17시 06분 48초    2    104.00
17시 06분 48초    3     94.00
17시 06분 48초    4    107.00
17시 06분 48초    5    127.00

17시 06분 47초  CPU        9/s       11/s       12/s       13/s       18/s       20/s       21/s       22/s       23/s       24/s       25/s       26/s       27/s       28/s       29/s       30/s       31/s       32/s       33/s       34/s       35/s       36/s       37/s       38/s       39/s       40/s       41/s       42/s       43/s       44/s       45/s       46/s       47/s       48/s       49/s       50/s       51/s       52/s       53/s       54/s       55/s       57/s       59/s       61/s       65/s       66/s       67/s       68/s       69/s       70/s       71/s       72/s       73/s       74/s       75/s       76/s       77/s       79/s       80/s       81/s       82/s       83/s       84/s       85/s       86/s       87/s       88/s       89/s       90/s       91/s       92/s       93/s       94/s       95/s       96/s       97/s       98/s      112/s      113/s      114/s      115/s      116/s      117/s      118/s      119/s      120/s      121/s      122/s      123/s      124/s      125/s      126/s      127/s      128/s      129/s      130/s      131/s      132/s      133/s      134/s      135/s      136/s      137/s      138/s      150/s      154/s      162/s      167/s      171/s      224/s      228/s      229/s      230/s      231/s      232/s      233/s      234/s      235/s      236/s      237/s      245/s      246/s      247/s      249/s      250/s      252/s      253/s      262/s      263/s      294/s      296/s      297/s      298/s      299/s      301/s      302/s     IPI0/s     IPI1/s     IPI2/s     IPI3/s     IPI4/s     IPI5/s     IPI6/s      Err/s
17시 06분 48초    0       0.00       0.00       0.00     203.00       0.00       0.00       0.00       0.00       0.00       0.00       0.00       0.00       0.00       0.00       0.00       0.00       0.00       0.00       0.00       0.00       0.00       0.00       0.00       0.00       0.00       0.00       0.00       0.00       0.00       0.00       0.00       0.00       0.00       0.00       0.00       0.00       0.00       0.00       0.00       0.00       0.00       0.00       0.00       0.00       0.00       0.00       0.00       0.00       0.00       0.00       0.00       0.00       0.00       0.00       0.00       0.00       0.00       0.00       0.00       0.00       0.00       0.00       0.00       0.00       0.00       0.00       0.00       0.00       0.00       0.00       0.00       0.00       0.00       0.00       0.00       0.00       0.00      81.00       0.00       4.00       0.00       0.00       0.00       0.00       0.00       0.00       0.00       0.00       0.00       0.00       0.00       0.00       0.00      90.00       0.00       0.00       0.00       0.00       0.00       0.00       0.00       0.00       0.00       0.00       0.00     201.00       0.00       0.00       0.00       0.00       0.00       0.00       0.00       0.00       0.00       0.00       0.00       0.00       0.00       0.00       0.00       0.00       0.00       0.00       0.00       0.00       0.00       0.00       0.00       0.00       0.00       0.00       0.00       0.00     398.00       0.00     198.00      39.00       0.00       0.00       0.00      75.00       0.00       0.00
17시 06분 48초    1       0.00       0.00       0.00     137.00       0.00       0.00       0.00       0.00       0.00       0.00       0.00       0.00       0.00       0.00       0.00       0.00       0.00       0.00       0.00       0.00       0.00       0.00       0.00       0.00       0.00       0.00       0.00       0.00       0.00       0.00       0.00       0.00       0.00       0.00       0.00       0.00       0.00       0.00       0.00       0.00       0.00       0.00       0.00       0.00       0.00       0.00       0.00       0.00       0.00       0.00       0.00       0.00       0.00       0.00       0.00       0.00       0.00       0.00       0.00       0.00       0.00       0.00       0.00       0.00       0.00       0.00       0.00       0.00       0.00       0.00       0.00       0.00       0.00       0.00       0.00       0.00       0.00       0.00       0.00       0.00       0.00       0.00       0.00       0.00       0.00       0.00       0.00       0.00       0.00       0.00       0.00       0.00       0.00       0.00       0.00       0.00       0.00       0.00       0.00       0.00       0.00       0.00       0.00       0.00       0.00       0.00       0.00       0.00       0.00       0.00       0.00       0.00       0.00       0.00       0.00       0.00       0.00       0.00       0.00       0.00       0.00       0.00       0.00       0.00       0.00       0.00       0.00       0.00       0.00       0.00       0.00       0.00       0.00       0.00       0.00       0.00     201.00      72.00       0.00       0.00       0.00      22.00       0.00       0.00
17시 06분 48초    2       0.00       0.00       0.00     166.00       0.00       0.00       0.00       0.00       0.00       0.00       0.00       0.00       0.00       0.00       0.00       0.00       0.00       0.00       0.00       0.00       0.00       0.00       0.00       0.00       0.00       0.00       0.00       0.00       0.00       0.00       0.00       0.00       0.00       0.00       0.00       0.00       0.00       0.00       0.00       0.00       0.00       0.00       0.00       0.00       0.00       0.00       0.00       0.00       0.00       0.00       0.00       0.00       0.00       0.00       0.00       0.00       0.00       0.00       0.00       0.00       0.00       0.00       0.00       0.00       0.00       0.00       0.00       0.00       0.00       0.00       0.00       0.00       0.00       0.00       0.00       0.00       0.00       0.00       0.00       0.00       0.00       0.00       0.00       0.00       0.00       0.00       0.00       0.00       0.00       0.00       0.00       0.00       0.00       0.00       0.00       0.00       0.00       0.00       0.00       0.00       0.00       0.00       0.00       0.00       0.00       0.00       0.00       0.00       0.00       0.00       0.00       0.00       0.00       0.00       0.00       0.00       0.00       0.00       0.00       0.00       0.00       0.00       0.00       0.00       0.00       0.00       0.00       0.00       0.00       0.00       0.00       0.00       0.00       0.00       0.00       0.00     154.00       9.00       0.00       0.00       0.00      20.00       0.00       0.00
17시 06분 48초    3       0.00       0.00       0.00     140.00       0.00       0.00       0.00       0.00       0.00       0.00       0.00       0.00       0.00       0.00       0.00       0.00       0.00       0.00       0.00       0.00       0.00       0.00       0.00       0.00       0.00       0.00       0.00       0.00       0.00       0.00       0.00       0.00       0.00       0.00       0.00       0.00       0.00       0.00       0.00       0.00       0.00       0.00       0.00       0.00       0.00       0.00       0.00       0.00       0.00       0.00       0.00       0.00       0.00       0.00       0.00       0.00       0.00       0.00       0.00       0.00       0.00       0.00       0.00       0.00       0.00       0.00       0.00       0.00       0.00       0.00       0.00       0.00       0.00       0.00       0.00       0.00       0.00       0.00       0.00       0.00       0.00       0.00       0.00       0.00       0.00       0.00       0.00       0.00       0.00       0.00       0.00       0.00       0.00       0.00       0.00       0.00       0.00       0.00       0.00       0.00       0.00       0.00       0.00       0.00       0.00       0.00       0.00       0.00       0.00       0.00       0.00       0.00       0.00       0.00       0.00       0.00       0.00       0.00       0.00       0.00       0.00       0.00       0.00       0.00       0.00       0.00       0.00       0.00       0.00       0.00       0.00       0.00       0.00       0.00       0.00       0.00     163.00       9.00       0.00       0.00       0.00      11.00       0.00       0.00
17시 06분 48초    4       0.00       0.00       0.00     190.00       0.00       0.00       0.00       0.00       0.00       0.00       0.00       0.00       0.00       0.00       0.00       0.00       0.00       0.00       0.00       0.00       0.00       0.00       0.00       0.00       0.00       0.00       0.00       0.00       0.00       0.00       0.00       0.00       0.00       0.00       0.00       0.00       0.00       0.00       0.00       0.00       0.00       0.00       0.00       0.00       0.00       0.00       0.00       0.00       0.00       0.00       0.00       0.00       0.00       0.00       0.00       0.00       0.00       0.00       0.00       0.00       0.00       0.00       0.00       0.00       0.00       0.00       0.00       0.00       0.00       0.00       0.00       0.00       0.00       0.00       0.00       0.00       0.00       0.00       0.00       0.00       0.00       0.00       0.00       0.00       0.00       0.00       0.00       0.00       0.00       0.00       0.00       0.00       0.00       0.00       0.00       0.00       0.00       0.00       0.00       0.00       0.00       0.00       0.00       0.00       0.00       0.00       0.00       0.00       0.00       0.00       0.00       0.00       0.00       0.00       0.00       0.00       0.00       0.00       0.00       0.00       0.00       0.00       0.00       0.00       0.00       0.00       0.00       0.00       0.00       0.00       0.00       0.00       0.00       0.00       0.00       0.00     221.00       1.00       0.00       0.00       0.00      33.00       0.00       0.00
17시 06분 48초    5       0.00       0.00       0.00     186.00       0.00       0.00       0.00       0.00       0.00       0.00       0.00       0.00       0.00       0.00       0.00       0.00       0.00       0.00       0.00       0.00       0.00       0.00       0.00       0.00       0.00       0.00       0.00       0.00       0.00       0.00       0.00       0.00       0.00       0.00       0.00       0.00       0.00       0.00       0.00       0.00       0.00       0.00       0.00       0.00       0.00       0.00       0.00       0.00       0.00       0.00       0.00       0.00       0.00       0.00       0.00       0.00       0.00       0.00       0.00       0.00       0.00       0.00       0.00       0.00       0.00       0.00       0.00       0.00       0.00       0.00       0.00       0.00       0.00       0.00       0.00       0.00       0.00       0.00       0.00       0.00       0.00       0.00       0.00       0.00       0.00       0.00       0.00       0.00       0.00       0.00       0.00       0.00       0.00       0.00       0.00       0.00       0.00       0.00       0.00       0.00       0.00       0.00       0.00       0.00       0.00       0.00       0.00       0.00       0.00       0.00       0.00       0.00       0.00       0.00       0.00       0.00       0.00       0.00       0.00       0.00       0.00       0.00       0.00       0.00       0.00       0.00       0.00       0.00       0.00       0.00       0.00       0.00       0.00       0.00       0.00       0.00     218.00       1.00       0.00       0.00       0.00      29.00       0.00       0.00

17시 06분 47초  CPU       HI/s    TIMER/s   NET_TX/s   NET_RX/s    BLOCK/s IRQ_POLL/s  TASKLET/s    SCHED/s  HRTIMER/s      RCU/s
17시 06분 48초    0       0.00      13.00      18.00     366.00       0.00       0.00       0.00     100.00       0.00      49.00
17시 06분 48초    1       0.00      38.00       0.00       0.00       0.00       0.00       0.00     113.00       0.00      31.00
17시 06분 48초    2       0.00       7.00       0.00       0.00       0.00       0.00       0.00      60.00       0.00      37.00
17시 06분 48초    3       0.00      19.00       0.00       0.00       0.00       0.00       0.00      30.00       0.00      45.00
17시 06분 48초    4       0.00       8.00       0.00       0.00       0.00       0.00       0.00      55.00       0.00      44.00
17시 06분 48초    5       0.00      25.00       0.00       0.00       0.00       0.00       0.00      59.00       0.00      43.00

17시 06분 48초  CPU    %usr   %nice    %sys %iowait    %irq   %soft  %steal  %guest  %gnice   %idle
17시 06분 49초  all   16.11    0.00    1.33    0.00    0.33    0.17    0.00    0.00    0.00   82.06
17시 06분 49초    0   21.78    0.00    0.99    0.00    0.00    0.99    0.00    0.00    0.00   76.24
17시 06분 49초    1   15.00    0.00    1.00    0.00    0.00    0.00    0.00    0.00    0.00   84.00
17시 06분 49초    2    6.93    0.00    1.98    0.00    0.99    0.00    0.00    0.00    0.00   90.10
17시 06분 49초    3   17.17    0.00    2.02    0.00    0.00    0.00    0.00    0.00    0.00   80.81
17시 06분 49초    4   19.80    0.00    0.99    0.00    0.99    0.00    0.00    0.00    0.00   78.22
17시 06분 49초    5   16.00    0.00    1.00    0.00    0.00    0.00    0.00    0.00    0.00   83.00

17시 06분 48초  CPU    intr/s
17시 06분 49초  all   2937.00
17시 06분 49초    0    538.00
17시 06분 49초    1    167.00
17시 06분 49초    2     94.00
17시 06분 49초    3    121.00
17시 06분 49초    4    127.00
17시 06분 49초    5    117.00

17시 06분 48초  CPU        9/s       11/s       12/s       13/s       18/s       20/s       21/s       22/s       23/s       24/s       25/s       26/s       27/s       28/s       29/s       30/s       31/s       32/s       33/s       34/s       35/s       36/s       37/s       38/s       39/s       40/s       41/s       42/s       43/s       44/s       45/s       46/s       47/s       48/s       49/s       50/s       51/s       52/s       53/s       54/s       55/s       57/s       59/s       61/s       65/s       66/s       67/s       68/s       69/s       70/s       71/s       72/s       73/s       74/s       75/s       76/s       77/s       79/s       80/s       81/s       82/s       83/s       84/s       85/s       86/s       87/s       88/s       89/s       90/s       91/s       92/s       93/s       94/s       95/s       96/s       97/s       98/s      112/s      113/s      114/s      115/s      116/s      117/s      118/s      119/s      120/s      121/s      122/s      123/s      124/s      125/s      126/s      127/s      128/s      129/s      130/s      131/s      132/s      133/s      134/s      135/s      136/s      137/s      138/s      150/s      154/s      162/s      167/s      171/s      224/s      228/s      229/s      230/s      231/s      232/s      233/s      234/s      235/s      236/s      237/s      245/s      246/s      247/s      249/s      250/s      252/s      253/s      262/s      263/s      294/s      296/s      297/s      298/s      299/s      301/s      302/s     IPI0/s     IPI1/s     IPI2/s     IPI3/s     IPI4/s     IPI5/s     IPI6/s      Err/s
17시 06분 49초    0       0.00       0.00       0.00     182.00       0.00       0.00       0.00       0.00       0.00       0.00       0.00       0.00       0.00       0.00       0.00       0.00       0.00       0.00       0.00       0.00       0.00       0.00       0.00       0.00       0.00       0.00       0.00       0.00       0.00       0.00       0.00       0.00       0.00       0.00       0.00       0.00       0.00       0.00       0.00       0.00       0.00       0.00       0.00       0.00       0.00       0.00       0.00       0.00       0.00       0.00       0.00       0.00       0.00       0.00       0.00       0.00       0.00       0.00       0.00       0.00       0.00       0.00       0.00       0.00       0.00       0.00       0.00       0.00       0.00       0.00       0.00       0.00       0.00       0.00       0.00       0.00       0.00       2.00       0.00       1.00       0.00       0.00       0.00       0.00       0.00       0.00       0.00       0.00       0.00       0.00       0.00       0.00       0.00      88.00       0.00       0.00       0.00       0.00       0.00       0.00       0.00       0.00       0.00       0.00       0.00     181.00       0.00       0.00       0.00       0.00       0.00       0.00       0.00       0.00       0.00       0.00       0.00       0.00       0.00       0.00       0.00       0.00       0.00       0.00       0.00       0.00       0.00       0.00       0.00       0.00       0.00       0.00       0.00       0.00     390.00       0.00     211.00      48.00       0.00       0.00       0.00      84.00       0.00       0.00
17시 06분 49초    1       0.00       0.00       0.00     158.00       0.00       0.00       0.00       0.00       0.00       0.00       0.00       0.00       0.00       0.00       0.00       0.00       0.00       0.00       0.00       0.00       0.00       0.00       0.00       0.00       0.00       0.00       0.00       0.00       0.00       0.00       0.00       0.00       0.00       0.00       0.00       0.00       0.00       0.00       0.00       0.00       0.00       0.00       0.00       0.00       0.00       0.00       0.00       0.00       0.00       0.00       0.00       0.00       0.00       0.00       0.00       0.00       0.00       0.00       0.00       0.00       0.00       0.00       0.00       0.00       0.00       0.00       0.00       0.00       0.00       0.00       0.00       0.00       0.00       0.00       0.00       0.00       0.00       0.00       0.00       0.00       0.00       0.00       0.00       0.00       0.00       0.00       0.00       0.00       0.00       0.00       0.00       0.00       0.00       0.00       0.00       0.00       0.00       0.00       0.00       0.00       0.00       0.00       0.00       0.00       0.00       0.00       0.00       0.00       0.00       0.00       0.00       0.00       0.00       0.00       0.00       0.00       0.00       0.00       0.00       0.00       0.00       0.00       0.00       0.00       0.00       0.00       0.00       0.00       0.00       0.00       0.00       0.00       0.00       0.00       0.00       0.00     157.00      53.00       0.00       0.00       0.00      26.00       0.00       0.00
17시 06분 49초    2       0.00       0.00       0.00     135.00       0.00       0.00       0.00       0.00       0.00       0.00       0.00       0.00       0.00       0.00       0.00       0.00       0.00       0.00       0.00       0.00       0.00       0.00       0.00       0.00       0.00       0.00       0.00       0.00       0.00       0.00       0.00       0.00       0.00       0.00       0.00       0.00       0.00       0.00       0.00       0.00       0.00       0.00       0.00       0.00       0.00       0.00       0.00       0.00       0.00       0.00       0.00       0.00       0.00       0.00       0.00       0.00       0.00       0.00       0.00       0.00       0.00       0.00       0.00       0.00       0.00       0.00       0.00       0.00       0.00       0.00       0.00       0.00       0.00       0.00       0.00       0.00       0.00       0.00       0.00       0.00       0.00       0.00       0.00       0.00       0.00       0.00       0.00       0.00       0.00       0.00       0.00       0.00       0.00       0.00       0.00       0.00       0.00       0.00       0.00       0.00       0.00       0.00       0.00       0.00       0.00       0.00       0.00       0.00       0.00       0.00       0.00       0.00       0.00       0.00       0.00       0.00       0.00       0.00       0.00       0.00       0.00       0.00       0.00       0.00       0.00       0.00       0.00       0.00       0.00       0.00       0.00       0.00       0.00       0.00       0.00       0.00     145.00       7.00       0.00       0.00       0.00      17.00       0.00       0.00
17시 06분 49초    3       0.00       0.00       0.00     178.00       0.00       0.00       0.00       0.00       0.00       0.00       0.00       0.00       0.00       0.00       0.00       0.00       0.00       0.00       0.00       0.00       0.00       0.00       0.00       0.00       0.00       0.00       0.00       0.00       0.00       0.00       0.00       0.00       0.00       0.00       0.00       0.00       0.00       0.00       0.00       0.00       0.00       0.00       0.00       0.00       0.00       0.00       0.00       0.00       0.00       0.00       0.00       0.00       0.00       0.00       0.00       0.00       0.00       0.00       0.00       0.00       0.00       0.00       0.00       0.00       0.00       0.00       0.00       0.00       0.00       0.00       0.00       0.00       0.00       0.00       0.00       0.00       0.00       0.00       0.00       0.00       0.00       0.00       0.00       0.00       0.00       0.00       0.00       0.00       0.00       0.00       0.00       0.00       0.00       0.00       0.00       0.00       0.00       0.00       0.00       0.00       0.00       0.00       0.00       0.00       0.00       0.00       0.00       0.00       0.00       0.00       0.00       0.00       0.00       0.00       0.00       0.00       0.00       0.00       0.00       0.00       0.00       0.00       0.00       0.00       0.00       0.00       0.00       0.00       0.00       0.00       0.00       0.00       0.00       0.00       0.00       0.00     146.00      11.00       0.00       0.00       0.00      20.00       0.00       0.00
17시 06분 49초    4       0.00       0.00       0.00     196.00       0.00       0.00       0.00       0.00       0.00       0.00       0.00       0.00       0.00       0.00       0.00       0.00       0.00       0.00       0.00       0.00       0.00       0.00       0.00       0.00       0.00       0.00       0.00       0.00       0.00       0.00       0.00       0.00       0.00       0.00       0.00       0.00       0.00       0.00       0.00       0.00       0.00       0.00       0.00       0.00       0.00       0.00       0.00       0.00       0.00       0.00       0.00       0.00       0.00       0.00       0.00       0.00       0.00       0.00       0.00       0.00       0.00       0.00       0.00       0.00       0.00       0.00       0.00       0.00       0.00       0.00       0.00       0.00       0.00       0.00       0.00       0.00       0.00       0.00       0.00       0.00       0.00       0.00       0.00       0.00       0.00       0.00       0.00       0.00       0.00       0.00       0.00       0.00       0.00       0.00       0.00       0.00       0.00       0.00       0.00       0.00       0.00       0.00       0.00       0.00       0.00       0.00       0.00       0.00       0.00       0.00       0.00       0.00       0.00       0.00       0.00       0.00       0.00       0.00       0.00       0.00       0.00       0.00       0.00       0.00       0.00       0.00       0.00       0.00       0.00       0.00       0.00       0.00       0.00       0.00       0.00       0.00     181.00       3.00       0.00       0.00       0.00       9.00       0.00       0.00
17시 06분 49초    5       0.00       0.00       0.00     112.00       0.00       0.00       0.00       0.00       0.00       0.00       0.00       0.00       0.00       0.00       0.00       0.00       0.00       0.00       0.00       0.00       0.00       0.00       0.00       0.00       0.00       0.00       0.00       0.00       0.00       0.00       0.00       0.00       0.00       0.00       0.00       0.00       0.00       0.00       0.00       0.00       0.00       0.00       0.00       0.00       0.00       0.00       0.00       0.00       0.00       0.00       0.00       0.00       0.00       0.00       0.00       0.00       0.00       0.00       0.00       0.00       0.00       0.00       0.00       0.00       0.00       0.00       0.00       0.00       0.00       0.00       0.00       0.00       0.00       0.00       0.00       0.00       0.00       0.00       0.00       0.00       0.00       0.00       0.00       0.00       0.00       0.00       0.00       0.00       0.00       0.00       0.00       0.00       0.00       0.00       0.00       0.00       0.00       0.00       0.00       0.00       0.00       0.00       0.00       0.00       0.00       0.00       0.00       0.00       0.00       0.00       0.00       0.00       0.00       0.00       0.00       0.00       0.00       0.00       0.00       0.00       0.00       0.00       0.00       0.00       0.00       0.00       0.00       0.00       0.00       0.00       0.00       0.00       0.00       0.00       0.00       0.00     183.00       1.00       0.00       0.00       0.00      12.00       0.00       0.00

17시 06분 48초  CPU       HI/s    TIMER/s   NET_TX/s   NET_RX/s    BLOCK/s IRQ_POLL/s  TASKLET/s    SCHED/s  HRTIMER/s      RCU/s
17시 06분 49초    0       0.00      18.00      17.00     358.00       0.00       0.00       0.00     104.00       0.00      41.00
17시 06분 49초    1       0.00      21.00       0.00       0.00       0.00       0.00       0.00     105.00       0.00      41.00
17시 06분 49초    2       0.00      12.00       0.00       0.00       0.00       0.00       0.00      45.00       0.00      37.00
17시 06분 49초    3       0.00       7.00       0.00       0.00       0.00       0.00       0.00      72.00       0.00      42.00
17시 06분 49초    4       0.00      19.00       0.00       0.00       0.00       0.00       0.00      72.00       0.00      36.00
17시 06분 49초    5       0.00      30.00       0.00       0.00       0.00       0.00       0.00      51.00       0.00      36.00

17시 06분 49초  CPU    %usr   %nice    %sys %iowait    %irq   %soft  %steal  %guest  %gnice   %idle
17시 06분 50초  all   14.48    0.00    4.21    0.00    0.17    0.00    0.00    0.00    0.00   81.14
17시 06분 50초    0   14.00    0.00    3.00    0.00    1.00    0.00    0.00    0.00    0.00   82.00
17시 06분 50초    1   13.27    0.00    1.02    0.00    0.00    0.00    0.00    0.00    0.00   85.71
17시 06분 50초    2   21.78    0.00   13.86    0.00    0.00    0.00    0.00    0.00    0.00   64.36
17시 06분 50초    3    7.22    0.00    2.06    0.00    0.00    0.00    0.00    0.00    0.00   90.72
17시 06분 50초    4    6.12    0.00    3.06    0.00    0.00    0.00    0.00    0.00    0.00   90.82
17시 06분 50초    5   24.00    0.00    2.00    0.00    0.00    0.00    0.00    0.00    0.00   74.00

17시 06분 49초  CPU    intr/s
17시 06분 50초  all   3395.00
17시 06분 50초    0    569.00
17시 06분 50초    1    160.00
17시 06분 50초    2    154.00
17시 06분 50초    3    134.00
17시 06분 50초    4    111.00
17시 06분 50초    5    119.00

17시 06분 49초  CPU        9/s       11/s       12/s       13/s       18/s       20/s       21/s       22/s       23/s       24/s       25/s       26/s       27/s       28/s       29/s       30/s       31/s       32/s       33/s       34/s       35/s       36/s       37/s       38/s       39/s       40/s       41/s       42/s       43/s       44/s       45/s       46/s       47/s       48/s       49/s       50/s       51/s       52/s       53/s       54/s       55/s       57/s       59/s       61/s       65/s       66/s       67/s       68/s       69/s       70/s       71/s       72/s       73/s       74/s       75/s       76/s       77/s       79/s       80/s       81/s       82/s       83/s       84/s       85/s       86/s       87/s       88/s       89/s       90/s       91/s       92/s       93/s       94/s       95/s       96/s       97/s       98/s      112/s      113/s      114/s      115/s      116/s      117/s      118/s      119/s      120/s      121/s      122/s      123/s      124/s      125/s      126/s      127/s      128/s      129/s      130/s      131/s      132/s      133/s      134/s      135/s      136/s      137/s      138/s      150/s      154/s      162/s      167/s      171/s      224/s      228/s      229/s      230/s      231/s      232/s      233/s      234/s      235/s      236/s      237/s      245/s      246/s      247/s      249/s      250/s      252/s      253/s      262/s      263/s      294/s      296/s      297/s      298/s      299/s      301/s      302/s     IPI0/s     IPI1/s     IPI2/s     IPI3/s     IPI4/s     IPI5/s     IPI6/s      Err/s
17시 06분 50초    0       0.00       0.00       0.00     203.00       0.00       0.00       0.00       0.00       0.00       0.00       0.00       0.00       0.00       0.00       0.00       0.00       0.00       0.00       0.00       0.00       0.00       0.00       0.00       0.00       0.00       0.00       0.00       0.00       0.00       0.00       0.00       0.00       0.00       0.00       0.00       0.00       0.00       0.00       0.00       0.00       0.00       0.00       0.00       0.00       0.00       0.00     140.00       0.00       0.00       0.00       0.00       0.00       0.00       0.00       0.00       0.00       0.00       0.00       0.00       0.00       0.00       0.00       0.00       0.00       0.00       0.00       0.00       0.00       0.00       0.00       0.00       0.00       0.00       0.00       0.00       0.00       0.00       0.00       0.00       1.00       0.00       0.00       0.00       0.00       0.00       0.00       0.00       0.00       0.00       0.00       0.00       0.00       0.00      85.00       0.00       0.00       0.00       0.00       0.00       0.00       0.00       0.00       0.00       0.00       0.00     196.00       0.00       0.00       0.00       0.00       0.00       0.00       0.00       0.00       0.00       0.00       0.00       0.00       0.00       0.00       0.00       0.00       0.00       0.00       0.00       0.00       0.00       0.00       0.00       0.00       0.00       0.00       0.00       0.00     415.00       0.00     198.00      35.00       0.00       0.00       0.00      56.00       0.00       0.00
17시 06분 50초    1       0.00       0.00       0.00     155.00       0.00       0.00       0.00       0.00       0.00       0.00       0.00       0.00       0.00       0.00       0.00       0.00       0.00       0.00       0.00       0.00       0.00       0.00       0.00       0.00       0.00       0.00       0.00       0.00       0.00       0.00       0.00       0.00       0.00       0.00       0.00       0.00       0.00       0.00       0.00       0.00       0.00       0.00       0.00       0.00       0.00       0.00       0.00       0.00       0.00       0.00       0.00       0.00       0.00       0.00       0.00       0.00       0.00       0.00       0.00       0.00       0.00       0.00       0.00       0.00       0.00       0.00       0.00       0.00       0.00       0.00       0.00       0.00       0.00       0.00       0.00       0.00       0.00       0.00       0.00       0.00       0.00       0.00       0.00       0.00       0.00       0.00       0.00       0.00       0.00       0.00       0.00       0.00       0.00       0.00       0.00       0.00       0.00       0.00       0.00       0.00       0.00       0.00       0.00       0.00       0.00       0.00       0.00       0.00       0.00       0.00       0.00       0.00       0.00       0.00       0.00       0.00       0.00       0.00       0.00       0.00       0.00       0.00       0.00       0.00       0.00       0.00       0.00       0.00       0.00       0.00       0.00       0.00       0.00       0.00       0.00       0.00     133.00      53.00       0.00       0.00       0.00      19.00       0.00       0.00
17시 06분 50초    2       0.00       0.00       0.00     201.00       0.00       0.00       0.00       0.00       0.00       0.00       0.00       0.00       0.00       0.00       0.00       0.00       0.00       0.00       0.00       0.00       0.00       0.00       0.00       0.00       0.00       0.00       0.00       0.00       0.00       0.00       0.00       0.00       0.00       0.00       0.00       0.00       0.00       0.00       0.00       0.00       0.00       0.00       0.00       0.00       0.00       0.00       0.00       0.00       0.00       0.00       0.00       0.00       0.00       0.00       0.00       0.00       0.00       0.00       0.00       0.00       0.00       0.00       0.00       0.00       0.00       0.00       0.00       0.00       0.00       0.00       0.00       0.00       0.00       0.00       0.00       0.00       0.00       0.00       0.00       0.00       0.00       0.00       0.00       0.00       0.00       0.00       0.00       0.00       0.00       0.00       0.00       0.00       0.00       0.00       0.00       0.00       0.00       0.00       0.00       0.00       0.00       0.00       0.00       0.00       0.00       0.00       0.00       0.00       0.00       0.00       0.00       0.00       0.00       0.00       0.00       0.00       0.00       0.00       0.00       0.00       0.00       0.00       0.00       0.00       0.00       0.00       0.00       0.00       0.00       0.00       0.00       0.00       0.00       0.00       0.00       0.00     290.00       5.00       0.00       0.00       0.00      50.00       0.00       0.00
17시 06분 50초    3       0.00       0.00       0.00     143.00       0.00       0.00       0.00       0.00       0.00       0.00       0.00       0.00       0.00       0.00       0.00       0.00       0.00       0.00       0.00       0.00       0.00       0.00       0.00       0.00       0.00       0.00       0.00       0.00       0.00       0.00       0.00       0.00       0.00       0.00       0.00       0.00       0.00       0.00       0.00       0.00       0.00       0.00       0.00       0.00       0.00       0.00       0.00       0.00       0.00       0.00       0.00       0.00       0.00       0.00       0.00       0.00       0.00       0.00       0.00       0.00       0.00       0.00       0.00       0.00       0.00       0.00       0.00       0.00       0.00       0.00       0.00       0.00       0.00       0.00       0.00       0.00       0.00       0.00       0.00       0.00       0.00       0.00       0.00       0.00       0.00       0.00       0.00       0.00       0.00       0.00       0.00       0.00       0.00       0.00       0.00       0.00       0.00       0.00       0.00       0.00       0.00       0.00       0.00       0.00       0.00       0.00       0.00       0.00       0.00       0.00       0.00       0.00       0.00       0.00       0.00       0.00       0.00       0.00       0.00       0.00       0.00       0.00       0.00       0.00       0.00       0.00       0.00       0.00       0.00       0.00       0.00       0.00       0.00       0.00       0.00       0.00     209.00      29.00       0.00       0.00       0.00      17.00       0.00       0.00
17시 06분 50초    4       0.00       0.00       0.00     153.00       0.00       0.00       0.00       0.00       0.00       0.00       0.00       0.00       0.00       0.00       0.00       0.00       0.00       0.00       0.00       0.00       0.00       0.00       0.00       0.00       0.00       0.00       0.00       0.00       0.00       0.00       0.00       0.00       0.00       0.00       0.00       0.00       0.00       0.00       0.00       0.00       0.00       0.00       0.00       0.00       0.00       0.00       0.00       0.00       0.00       0.00       0.00       0.00       0.00       0.00       0.00       0.00       0.00       0.00       0.00       0.00       0.00       0.00       0.00       0.00       0.00       0.00       0.00       0.00       0.00       0.00       0.00       0.00       0.00       0.00       0.00       0.00       0.00       0.00       0.00       0.00       0.00       0.00       0.00       0.00       0.00       0.00       0.00       0.00       0.00       0.00       0.00       0.00       0.00       0.00       0.00       0.00       0.00       0.00       0.00       0.00       0.00       0.00       0.00       0.00       0.00       0.00       0.00       0.00       0.00       0.00       0.00       0.00       0.00       0.00       0.00       0.00       0.00       0.00       0.00       0.00       0.00       0.00       0.00       0.00       0.00       0.00       0.00       0.00       0.00       0.00       0.00       0.00       0.00       0.00       0.00       0.00     247.00       5.00       0.00       0.00       0.00      11.00       0.00       0.00
17시 06분 50초    5       0.00       0.00       0.00     180.00       0.00       0.00       0.00       0.00       0.00       0.00       0.00       0.00       0.00       0.00       0.00       0.00       0.00       0.00       0.00       0.00       0.00       0.00       0.00       0.00       0.00       0.00       0.00       0.00       0.00       0.00       0.00       0.00       0.00       0.00       0.00       0.00       0.00       0.00       0.00       0.00       0.00       0.00       0.00       0.00       0.00       0.00       0.00       0.00       0.00       0.00       0.00       0.00       0.00       0.00       0.00       0.00       0.00       0.00       0.00       0.00       0.00       0.00       0.00       0.00       0.00       0.00       0.00       0.00       0.00       0.00       0.00       0.00       0.00       0.00       0.00       0.00       0.00       0.00       0.00       0.00       0.00       0.00       0.00       0.00       0.00       0.00       0.00       0.00       0.00       0.00       0.00       0.00       0.00       0.00       0.00       0.00       0.00       0.00       0.00       0.00       0.00       0.00       0.00       0.00       0.00       0.00       0.00       0.00       0.00       0.00       0.00       0.00       0.00       0.00       0.00       0.00       0.00       0.00       0.00       0.00       0.00       0.00       0.00       0.00       0.00       0.00       0.00       0.00       0.00       0.00       0.00       0.00       0.00       0.00       0.00       0.00     139.00       3.00       0.00       0.00       0.00      24.00       0.00       0.00

17시 06분 49초  CPU       HI/s    TIMER/s   NET_TX/s   NET_RX/s    BLOCK/s IRQ_POLL/s  TASKLET/s    SCHED/s  HRTIMER/s      RCU/s
17시 06분 50초    0       0.00      14.00      17.00     381.00       1.00       0.00       0.00     108.00       0.00      48.00
17시 06분 50초    1       0.00      20.00       0.00       0.00       0.00       0.00       0.00     103.00       0.00      37.00
17시 06분 50초    2       0.00      11.00       0.00       0.00       3.00       0.00       0.00      95.00       0.00      45.00
17시 06분 50초    3       0.00      28.00       0.00       0.00       0.00       0.00       0.00      76.00       0.00      30.00
17시 06분 50초    4       0.00      20.00       0.00       0.00       0.00       0.00       0.00      55.00       0.00      36.00
17시 06분 50초    5       0.00      13.00       0.00       0.00       0.00       0.00       0.00      68.00       0.00      38.00

17시 06분 50초  CPU    %usr   %nice    %sys %iowait    %irq   %soft  %steal  %guest  %gnice   %idle
17시 06분 51초  all   15.32    0.00    2.02    0.00    0.17    0.00    0.00    0.00    0.00   82.49
17시 06분 51초    0   11.34    0.00    2.06    0.00    1.03    0.00    0.00    0.00    0.00   85.57
17시 06분 51초    1    9.18    0.00    2.04    0.00    0.00    0.00    0.00    0.00    0.00   88.78
17시 06분 51초    2   15.15    0.00    1.01    0.00    0.00    0.00    0.00    0.00    0.00   83.84
17시 06분 51초    3   17.17    0.00    2.02    0.00    0.00    0.00    0.00    0.00    0.00   80.81
17시 06분 51초    4   20.79    0.00    3.96    0.00    0.00    0.00    0.00    0.00    0.00   75.25
17시 06분 51초    5   18.00    0.00    1.00    0.00    0.00    0.00    0.00    0.00    0.00   81.00

17시 06분 50초  CPU    intr/s
17시 06분 51초  all   2971.00
17시 06분 51초    0    553.00
17시 06분 51초    1    172.00
17시 06분 51초    2     97.00
17시 06분 51초    3    112.00
17시 06분 51초    4    141.00
17시 06분 51초    5    105.00

17시 06분 50초  CPU        9/s       11/s       12/s       13/s       18/s       20/s       21/s       22/s       23/s       24/s       25/s       26/s       27/s       28/s       29/s       30/s       31/s       32/s       33/s       34/s       35/s       36/s       37/s       38/s       39/s       40/s       41/s       42/s       43/s       44/s       45/s       46/s       47/s       48/s       49/s       50/s       51/s       52/s       53/s       54/s       55/s       57/s       59/s       61/s       65/s       66/s       67/s       68/s       69/s       70/s       71/s       72/s       73/s       74/s       75/s       76/s       77/s       79/s       80/s       81/s       82/s       83/s       84/s       85/s       86/s       87/s       88/s       89/s       90/s       91/s       92/s       93/s       94/s       95/s       96/s       97/s       98/s      112/s      113/s      114/s      115/s      116/s      117/s      118/s      119/s      120/s      121/s      122/s      123/s      124/s      125/s      126/s      127/s      128/s      129/s      130/s      131/s      132/s      133/s      134/s      135/s      136/s      137/s      138/s      150/s      154/s      162/s      167/s      171/s      224/s      228/s      229/s      230/s      231/s      232/s      233/s      234/s      235/s      236/s      237/s      245/s      246/s      247/s      249/s      250/s      252/s      253/s      262/s      263/s      294/s      296/s      297/s      298/s      299/s      301/s      302/s     IPI0/s     IPI1/s     IPI2/s     IPI3/s     IPI4/s     IPI5/s     IPI6/s      Err/s
17시 06분 51초    0       0.00       0.00       0.00     183.00       0.00       0.00       0.00       0.00       0.00       0.00       0.00       0.00       0.00       0.00       0.00       0.00       0.00       0.00       0.00       0.00       0.00       0.00       0.00       0.00       0.00       0.00       0.00       0.00       0.00       0.00       0.00       0.00       0.00       0.00       0.00       0.00       0.00       0.00       0.00       0.00       0.00       0.00       0.00       0.00       0.00       0.00       0.00       0.00       0.00       0.00       0.00       0.00       0.00       0.00       0.00       0.00       0.00       0.00       0.00       0.00       0.00       0.00       0.00       0.00       0.00       0.00       0.00       0.00       0.00       0.00       0.00       0.00       0.00       0.00       0.00       0.00       0.00       0.00       0.00       0.00       0.00       0.00       0.00       0.00       0.00       0.00       0.00       0.00       0.00       0.00       0.00       0.00       0.00      98.00       0.00       0.00       0.00       0.00       0.00       0.00       0.00       0.00       0.00       0.00       0.00     166.00       0.00       0.00       0.00       0.00       0.00       0.00       0.00       0.00       0.00       0.00       0.00       0.00       0.00       0.00       0.00       0.00       0.00       0.00       0.00       0.00       0.00       0.00       0.00       0.00       0.00       0.00       0.00       0.00     417.00       0.00     203.00      40.00       0.00       0.00       0.00      64.00       0.00       0.00
17시 06분 51초    1       0.00       0.00       0.00     148.00       0.00       0.00       0.00       0.00       0.00       0.00       0.00       0.00       0.00       0.00       0.00       0.00       0.00       0.00       0.00       0.00       0.00       0.00       0.00       0.00       0.00       0.00       0.00       0.00       0.00       0.00       0.00       0.00       0.00       0.00       0.00       0.00       0.00       0.00       0.00       0.00       0.00       0.00       0.00       0.00       0.00       0.00       0.00       0.00       0.00       0.00       0.00       0.00       0.00       0.00       0.00       0.00       0.00       0.00       0.00       0.00       0.00       0.00       0.00       0.00       0.00       0.00       0.00       0.00       0.00       0.00       0.00       0.00       0.00       0.00       0.00       0.00       0.00       0.00       0.00       0.00       0.00       0.00       0.00       0.00       0.00       0.00       0.00       0.00       0.00       0.00       0.00       0.00       0.00       0.00       0.00       0.00       0.00       0.00       0.00       0.00       0.00       0.00       0.00       0.00       0.00       0.00       0.00       0.00       0.00       0.00       0.00       0.00       0.00       0.00       0.00       0.00       0.00       0.00       0.00       0.00       0.00       0.00       0.00       0.00       0.00       0.00       0.00       0.00       0.00       0.00       0.00       0.00       0.00       0.00       0.00       0.00     159.00      61.00       0.00       0.00       0.00      23.00       0.00       0.00
17시 06분 51초    2       0.00       0.00       0.00     137.00       0.00       0.00       0.00       0.00       0.00       0.00       0.00       0.00       0.00       0.00       0.00       0.00       0.00       0.00       0.00       0.00       0.00       0.00       0.00       0.00       0.00       0.00       0.00       0.00       0.00       0.00       0.00       0.00       0.00       0.00       0.00       0.00       0.00       0.00       0.00       0.00       0.00       0.00       0.00       0.00       0.00       0.00       0.00       0.00       0.00       0.00       0.00       0.00       0.00       0.00       0.00       0.00       0.00       0.00       0.00       0.00       0.00       0.00       0.00       0.00       0.00       0.00       0.00       0.00       0.00       0.00       0.00       0.00       0.00       0.00       0.00       0.00       0.00       0.00       0.00       0.00       0.00       0.00       0.00       0.00       0.00       0.00       0.00       0.00       0.00       0.00       0.00       0.00       0.00       0.00       0.00       0.00       0.00       0.00       0.00       0.00       0.00       0.00       0.00       0.00       0.00       0.00       0.00       0.00       0.00       0.00       0.00       0.00       0.00       0.00       0.00       0.00       0.00       0.00       0.00       0.00       0.00       0.00       0.00       0.00       0.00       0.00       0.00       0.00       0.00       0.00       0.00       0.00       0.00       0.00       0.00       0.00     116.00      12.00       0.00       0.00       0.00      19.00       0.00       0.00
17시 06분 51초    3       0.00       0.00       0.00     153.00       0.00       0.00       0.00       0.00       0.00       0.00       0.00       0.00       0.00       0.00       0.00       0.00       0.00       0.00       0.00       0.00       0.00       0.00       0.00       0.00       0.00       0.00       0.00       0.00       0.00       0.00       0.00       0.00       0.00       0.00       0.00       0.00       0.00       0.00       0.00       0.00       0.00       0.00       0.00       0.00       0.00       0.00       0.00       0.00       0.00       0.00       0.00       0.00       0.00       0.00       0.00       0.00       0.00       0.00       0.00       0.00       0.00       0.00       0.00       0.00       0.00       0.00       0.00       0.00       0.00       0.00       0.00       0.00       0.00       0.00       0.00       0.00       0.00       0.00       0.00       0.00       0.00       0.00       0.00       0.00       0.00       0.00       0.00       0.00       0.00       0.00       0.00       0.00       0.00       0.00       0.00       0.00       0.00       0.00       0.00       0.00       0.00       0.00       0.00       0.00       0.00       0.00       0.00       0.00       0.00       0.00       0.00       0.00       0.00       0.00       0.00       0.00       0.00       0.00       0.00       0.00       0.00       0.00       0.00       0.00       0.00       0.00       0.00       0.00       0.00       0.00       0.00       0.00       0.00       0.00       0.00       0.00     163.00       6.00       0.00       0.00       0.00      21.00       0.00       0.00
17시 06분 51초    4       0.00       0.00       0.00     202.00       0.00       0.00       0.00       0.00       0.00       0.00       0.00       0.00       0.00       0.00       0.00       0.00       0.00       0.00       0.00       0.00       0.00       0.00       0.00       0.00       0.00       0.00       0.00       0.00       0.00       0.00       0.00       0.00       0.00       0.00       0.00       0.00       0.00       0.00       0.00       0.00       0.00       0.00       0.00       0.00       0.00       0.00       0.00       0.00       0.00       0.00       0.00       0.00       0.00       0.00       0.00       0.00       0.00       0.00       0.00       0.00       0.00       0.00       0.00       0.00       0.00       0.00       0.00       0.00       0.00       0.00       0.00       0.00       0.00       0.00       0.00       0.00       0.00       0.00       0.00       0.00       0.00       0.00       0.00       0.00       0.00       0.00       0.00       0.00       0.00       0.00       0.00       0.00       0.00       0.00       0.00       0.00       0.00       0.00       0.00       0.00       0.00       0.00       0.00       0.00       0.00       0.00       0.00       0.00       0.00       0.00       0.00       0.00       0.00       0.00       0.00       0.00       0.00       0.00       0.00       0.00       0.00       0.00       0.00       0.00       0.00       0.00       0.00       0.00       0.00       0.00       0.00       0.00       0.00       0.00       0.00       0.00     226.00       4.00       0.00       0.00       0.00      19.00       0.00       0.00
17시 06분 51초    5       0.00       0.00       0.00     162.00       0.00       0.00       0.00       0.00       0.00       0.00       0.00       0.00       0.00       0.00       0.00       0.00       0.00       0.00       0.00       0.00       0.00       0.00       0.00       0.00       0.00       0.00       0.00       0.00       0.00       0.00       0.00       0.00       0.00       0.00       0.00       0.00       0.00       0.00       0.00       0.00       0.00       0.00       0.00       0.00       0.00       0.00       0.00       0.00       0.00       0.00       0.00       0.00       0.00       0.00       0.00       0.00       0.00       0.00       0.00       0.00       0.00       0.00       0.00       0.00       0.00       0.00       0.00       0.00       0.00       0.00       0.00       0.00       0.00       0.00       0.00       0.00       0.00       0.00       0.00       0.00       0.00       0.00       0.00       0.00       0.00       0.00       0.00       0.00       0.00       0.00       0.00       0.00       0.00       0.00       0.00       0.00       0.00       0.00       0.00       0.00       0.00       0.00       0.00       0.00       0.00       0.00       0.00       0.00       0.00       0.00       0.00       0.00       0.00       0.00       0.00       0.00       0.00       0.00       0.00       0.00       0.00       0.00       0.00       0.00       0.00       0.00       0.00       0.00       0.00       0.00       0.00       0.00       0.00       0.00       0.00       0.00     151.00       3.00       0.00       0.00       0.00      15.00       0.00       0.00

17시 06분 50초  CPU       HI/s    TIMER/s   NET_TX/s   NET_RX/s    BLOCK/s IRQ_POLL/s  TASKLET/s    SCHED/s  HRTIMER/s      RCU/s
17시 06분 51초    0       0.00      19.00      17.00     383.00       0.00       0.00       0.00      93.00       0.00      41.00
17시 06분 51초    1       0.00      21.00       0.00       0.00       0.00       0.00       0.00     106.00       0.00      45.00
17시 06분 51초    2       0.00      14.00       0.00       0.00       0.00       0.00       0.00      53.00       0.00      30.00
17시 06분 51초    3       0.00      21.00       0.00       0.00       0.00       0.00       0.00      55.00       0.00      36.00
17시 06분 51초    4       0.00       6.00       0.00       0.00       0.00       0.00       0.00      87.00       0.00      48.00
17시 06분 51초    5       0.00      23.00       0.00       0.00       0.00       0.00       0.00      56.00       0.00      26.00

17시 06분 51초  CPU    %usr   %nice    %sys %iowait    %irq   %soft  %steal  %guest  %gnice   %idle
17시 06분 52초  all   15.33    0.00    3.83    0.67    0.50    0.17    0.00    0.00    0.00   79.50
17시 06분 52초    0   13.13    0.00    1.01    0.00    1.01    1.01    0.00    0.00    0.00   83.84
17시 06분 52초    1    4.00    0.00    3.00    0.00    1.00    0.00    0.00    0.00    0.00   92.00
17시 06분 52초    2   18.00    0.00    0.00    0.00    0.00    0.00    0.00    0.00    0.00   82.00
17시 06분 52초    3    6.12    0.00    2.04    0.00    0.00    0.00    0.00    0.00    0.00   91.84
17시 06분 52초    4   25.74    0.00    2.97    2.97    0.00    0.00    0.00    0.00    0.00   68.32
17시 06분 52초    5   24.51    0.00   13.73    0.98    0.98    0.00    0.00    0.00    0.00   59.80

17시 06분 51초  CPU    intr/s
17시 06분 52초  all   3547.00
17시 06분 52초    0    571.00
17시 06분 52초    1    178.00
17시 06분 52초    2    136.00
17시 06분 52초    3    108.00
17시 06분 52초    4    120.00
17시 06분 52초    5    140.00

17시 06분 51초  CPU        9/s       11/s       12/s       13/s       18/s       20/s       21/s       22/s       23/s       24/s       25/s       26/s       27/s       28/s       29/s       30/s       31/s       32/s       33/s       34/s       35/s       36/s       37/s       38/s       39/s       40/s       41/s       42/s       43/s       44/s       45/s       46/s       47/s       48/s       49/s       50/s       51/s       52/s       53/s       54/s       55/s       57/s       59/s       61/s       65/s       66/s       67/s       68/s       69/s       70/s       71/s       72/s       73/s       74/s       75/s       76/s       77/s       79/s       80/s       81/s       82/s       83/s       84/s       85/s       86/s       87/s       88/s       89/s       90/s       91/s       92/s       93/s       94/s       95/s       96/s       97/s       98/s      112/s      113/s      114/s      115/s      116/s      117/s      118/s      119/s      120/s      121/s      122/s      123/s      124/s      125/s      126/s      127/s      128/s      129/s      130/s      131/s      132/s      133/s      134/s      135/s      136/s      137/s      138/s      150/s      154/s      162/s      167/s      171/s      224/s      228/s      229/s      230/s      231/s      232/s      233/s      234/s      235/s      236/s      237/s      245/s      246/s      247/s      249/s      250/s      252/s      253/s      262/s      263/s      294/s      296/s      297/s      298/s      299/s      301/s      302/s     IPI0/s     IPI1/s     IPI2/s     IPI3/s     IPI4/s     IPI5/s     IPI6/s      Err/s
17시 06분 52초    0       0.00       0.00       0.00     189.00       0.00       0.00       0.00       0.00       0.00       0.00       0.00       0.00       0.00       0.00       0.00       0.00       0.00       0.00       0.00       0.00       0.00       0.00       0.00       0.00       0.00       0.00       0.00       0.00       0.00       0.00       0.00       0.00       0.00       0.00       0.00       0.00       0.00       0.00       0.00       0.00       0.00       0.00       0.00       0.00       0.00       0.00     134.00       0.00       0.00       0.00       0.00       0.00       0.00       0.00       0.00       0.00       0.00       0.00       0.00       0.00       0.00       0.00       0.00       0.00       0.00       0.00       0.00       0.00       0.00       0.00       0.00       0.00       0.00       0.00       0.00       0.00       0.00       0.00       0.00       0.00       0.00       0.00       0.00       0.00       0.00       0.00       0.00       0.00       0.00       0.00       0.00       0.00       0.00      88.00       0.00       0.00       0.00       0.00       0.00       0.00       0.00       0.00       0.00       0.00       0.00     231.00       0.00       0.00       0.00       0.00       0.00       0.00       0.00       0.00       0.00       0.00       0.00       0.00       0.00       0.00       0.00       0.00       0.00       0.00       0.00       0.00       0.00       0.00       0.00       0.00       0.00       0.00       0.00       0.00     420.00       0.00     211.00      45.00       0.00       0.00       0.00      72.00       0.00       0.00
17시 06분 52초    1       0.00       0.00       0.00     138.00       0.00       0.00       0.00       0.00       0.00       0.00       0.00       0.00       0.00       0.00       0.00       0.00       0.00       0.00       0.00       0.00       0.00       0.00       0.00       0.00       0.00       0.00       0.00       0.00       0.00       0.00       0.00       0.00       0.00       0.00       0.00       0.00       0.00       0.00       0.00       0.00       0.00       0.00       0.00       0.00       0.00       0.00       0.00       0.00       0.00       0.00       0.00       0.00       0.00       0.00       0.00       0.00       0.00       0.00       0.00       0.00       0.00       0.00       0.00       0.00       0.00       0.00       0.00       0.00       0.00       0.00       0.00       0.00       0.00       0.00       0.00       0.00       0.00       0.00       0.00       0.00       0.00       0.00       0.00       0.00       0.00       0.00       0.00       0.00       0.00       0.00       0.00       0.00       0.00       0.00       0.00       0.00       0.00       0.00       0.00       0.00       0.00       0.00       0.00       0.00       0.00       0.00       0.00       0.00       0.00       0.00       0.00       0.00       0.00       0.00       0.00       0.00       0.00       0.00       0.00       0.00       0.00       0.00       0.00       0.00       0.00       0.00       0.00       0.00       0.00       0.00       0.00       0.00       0.00       0.00       0.00       0.00     196.00      79.00       0.00       0.00       0.00      25.00       0.00       0.00
17시 06분 52초    2       0.00       0.00       0.00     178.00       0.00       0.00       0.00       0.00       0.00       0.00       0.00       0.00       0.00       0.00       0.00       0.00       0.00       0.00       0.00       0.00       0.00       0.00       0.00       0.00       0.00       0.00       0.00       0.00       0.00       0.00       0.00       0.00       0.00       0.00       0.00       0.00       0.00       0.00       0.00       0.00       0.00       0.00       0.00       0.00       0.00       0.00       0.00       0.00       0.00       0.00       0.00       0.00       0.00       0.00       0.00       0.00       0.00       0.00       0.00       0.00       0.00       0.00       0.00       0.00       0.00       0.00       0.00       0.00       0.00       0.00       0.00       0.00       0.00       0.00       0.00       0.00       0.00       0.00       0.00       0.00       0.00       0.00       0.00       0.00       0.00       0.00       0.00       0.00       0.00       0.00       0.00       0.00       0.00       0.00       0.00       0.00       0.00       0.00       0.00       0.00       0.00       0.00       0.00       0.00       0.00       0.00       0.00       0.00       0.00       0.00       0.00       0.00       0.00       0.00       0.00       0.00       0.00       0.00       0.00       0.00       0.00       0.00       0.00       0.00       0.00       0.00       0.00       0.00       0.00       0.00       0.00       0.00       0.00       0.00       0.00       0.00     175.00      13.00       0.00       0.00       0.00      33.00       0.00       0.00
17시 06분 52초    3       0.00       0.00       0.00     145.00       0.00       0.00       0.00       0.00       0.00       0.00       0.00       0.00       0.00       0.00       0.00       0.00       0.00       0.00       0.00       0.00       0.00       0.00       0.00       0.00       0.00       0.00       0.00       0.00       0.00       0.00       0.00       0.00       0.00       0.00       0.00       0.00       0.00       0.00       0.00       0.00       0.00       0.00       0.00       0.00       0.00       0.00       0.00       0.00       0.00       0.00       0.00       0.00       0.00       0.00       0.00       0.00       0.00       0.00       0.00       0.00       0.00       0.00       0.00       0.00       0.00       0.00       0.00       0.00       0.00       0.00       0.00       0.00       0.00       0.00       0.00       0.00       0.00       0.00       0.00       0.00       0.00       0.00       0.00       0.00       0.00       0.00       0.00       0.00       0.00       0.00       0.00       0.00       0.00       0.00       0.00       0.00       0.00       0.00       0.00       0.00       0.00       0.00       0.00       0.00       0.00       0.00       0.00       0.00       0.00       0.00       0.00       0.00       0.00       0.00       0.00       0.00       0.00       0.00       0.00       0.00       0.00       0.00       0.00       0.00       0.00       0.00       0.00       0.00       0.00       0.00       0.00       0.00       0.00       0.00       0.00       0.00     209.00       9.00       0.00       0.00       0.00      14.00       0.00       0.00
17시 06분 52초    4       0.00       0.00       0.00     201.00       0.00       0.00       0.00       0.00       0.00       0.00       0.00       0.00       0.00       0.00       0.00       0.00       0.00       0.00       0.00       0.00       0.00       0.00       0.00       0.00       0.00       0.00       0.00       0.00       0.00       0.00       0.00       0.00       0.00       0.00       0.00       0.00       0.00       0.00       0.00       0.00       0.00       0.00       0.00       0.00       0.00       0.00       0.00       0.00       0.00       0.00       0.00       0.00       0.00       0.00       0.00       0.00       0.00       0.00       0.00       0.00       0.00       0.00       0.00       0.00       0.00       0.00       0.00       0.00       0.00       0.00       0.00       0.00       0.00       0.00       0.00       0.00       0.00       0.00       0.00       0.00       0.00       0.00       0.00       0.00       0.00       0.00       0.00       0.00       0.00       0.00       0.00       0.00       0.00       0.00       0.00       0.00       0.00       0.00       0.00       0.00       0.00       0.00       0.00       0.00       0.00       0.00       0.00       0.00       0.00       0.00       0.00       0.00       0.00       0.00       0.00       0.00       0.00       0.00       0.00       0.00       0.00       0.00       0.00       0.00       0.00       0.00       0.00       0.00       0.00       0.00       0.00       0.00       0.00       0.00       0.00       0.00     234.00       6.00       0.00       0.00       0.00      34.00       0.00       0.00
17시 06분 52초    5       0.00       0.00       0.00     188.00       0.00       0.00       0.00       0.00       0.00       0.00       0.00       0.00       0.00       0.00       0.00       0.00       0.00       0.00       0.00       0.00       0.00       0.00       0.00       0.00       0.00       0.00       0.00       0.00       0.00       0.00       0.00       0.00       0.00       0.00       0.00       0.00       0.00       0.00       0.00       0.00       0.00       0.00       0.00       0.00       0.00       0.00       0.00       0.00       0.00       0.00       0.00       0.00       0.00       0.00       0.00       0.00       0.00       0.00       0.00       0.00       0.00       0.00       0.00       0.00       0.00       0.00       0.00       0.00       0.00       0.00       0.00       0.00       0.00       0.00       0.00       0.00       0.00       0.00       0.00       0.00       0.00       0.00       0.00       0.00       0.00       0.00       0.00       0.00       0.00       0.00       0.00       0.00       0.00       0.00       0.00       0.00       0.00       0.00       0.00       0.00       0.00       0.00       0.00       0.00       0.00       0.00       0.00       0.00       0.00       0.00       0.00       0.00       0.00       0.00       0.00       0.00       0.00       0.00       0.00       0.00       0.00       0.00       0.00       0.00       0.00       0.00       0.00       0.00       0.00       0.00       0.00       0.00       0.00       0.00       0.00       0.00     242.00       1.00       0.00       0.00       0.00      37.00       0.00       0.00

17시 06분 51초  CPU       HI/s    TIMER/s   NET_TX/s   NET_RX/s    BLOCK/s IRQ_POLL/s  TASKLET/s    SCHED/s  HRTIMER/s      RCU/s
17시 06분 52초    0       0.00      24.00      17.00     385.00       2.00       0.00       0.00     103.00       0.00      40.00
17시 06분 52초    1       0.00      22.00       0.00       0.00       0.00       0.00       0.00     122.00       0.00      34.00
17시 06분 52초    2       0.00      13.00       0.00       0.00       0.00       0.00       0.00      87.00       0.00      36.00
17시 06분 52초    3       0.00      26.00       0.00       0.00       0.00       0.00       0.00      51.00       0.00      31.00
17시 06분 52초    4       0.00       7.00       0.00       0.00       0.00       0.00       0.00      71.00       0.00      42.00
17시 06분 52초    5       0.00      16.00       0.00       0.00       0.00       0.00       0.00      84.00       0.00      40.00

17시 06분 52초  CPU    %usr   %nice    %sys %iowait    %irq   %soft  %steal  %guest  %gnice   %idle
17시 06분 53초  all   12.71    0.00    4.85    0.00    0.17    0.17    0.00    0.00    0.00   82.11
17시 06분 53초    0    3.96    0.00    2.97    0.00    0.00    0.00    0.00    0.00    0.00   93.07
17시 06분 53초    1   32.65    0.00    9.18    0.00    0.00    0.00    0.00    0.00    0.00   58.16
17시 06분 53초    2    4.08    0.00    2.04    0.00    0.00    0.00    0.00    0.00    0.00   93.88
17시 06분 53초    3   27.45    0.00   11.76    0.00    0.98    0.98    0.00    0.00    0.00   58.82
17시 06분 53초    4    3.00    0.00    1.00    0.00    0.00    0.00    0.00    0.00    0.00   96.00
17시 06분 53초    5    5.05    0.00    2.02    0.00    0.00    0.00    0.00    0.00    0.00   92.93

17시 06분 52초  CPU    intr/s
17시 06분 53초  all   1932.00
17시 06분 53초    0    392.00
17시 06분 53초    1    157.00
17시 06분 53초    2    115.00
17시 06분 53초    3    130.00
17시 06분 53초    4    110.00
17시 06분 53초    5     75.00

17시 06분 52초  CPU        9/s       11/s       12/s       13/s       18/s       20/s       21/s       22/s       23/s       24/s       25/s       26/s       27/s       28/s       29/s       30/s       31/s       32/s       33/s       34/s       35/s       36/s       37/s       38/s       39/s       40/s       41/s       42/s       43/s       44/s       45/s       46/s       47/s       48/s       49/s       50/s       51/s       52/s       53/s       54/s       55/s       57/s       59/s       61/s       65/s       66/s       67/s       68/s       69/s       70/s       71/s       72/s       73/s       74/s       75/s       76/s       77/s       79/s       80/s       81/s       82/s       83/s       84/s       85/s       86/s       87/s       88/s       89/s       90/s       91/s       92/s       93/s       94/s       95/s       96/s       97/s       98/s      112/s      113/s      114/s      115/s      116/s      117/s      118/s      119/s      120/s      121/s      122/s      123/s      124/s      125/s      126/s      127/s      128/s      129/s      130/s      131/s      132/s      133/s      134/s      135/s      136/s      137/s      138/s      150/s      154/s      162/s      167/s      171/s      224/s      228/s      229/s      230/s      231/s      232/s      233/s      234/s      235/s      236/s      237/s      245/s      246/s      247/s      249/s      250/s      252/s      253/s      262/s      263/s      294/s      296/s      297/s      298/s      299/s      301/s      302/s     IPI0/s     IPI1/s     IPI2/s     IPI3/s     IPI4/s     IPI5/s     IPI6/s      Err/s
17시 06분 53초    0       0.00       0.00       0.00     152.00       0.00       0.00       0.00       0.00       0.00       0.00       0.00       0.00       0.00       0.00       0.00       0.00       0.00       0.00       0.00       0.00       0.00       0.00       0.00       0.00       0.00       0.00       0.00       0.00       0.00       0.00       0.00       0.00       0.00       0.00       0.00       0.00       0.00       0.00       0.00       0.00       0.00       0.00       0.00       0.00       0.00       0.00       0.00       0.00       0.00       0.00       0.00       0.00       0.00       0.00       0.00       0.00       0.00       0.00       0.00       0.00       0.00       0.00       0.00       0.00       0.00       0.00       0.00       0.00       0.00       0.00       0.00       0.00       0.00       0.00       0.00       0.00       0.00       0.00       0.00       9.00       0.00       0.00       0.00       0.00       0.00       0.00       0.00       0.00       0.00       0.00       0.00       0.00       0.00      31.00       0.00       0.00       0.00       0.00       0.00       0.00       0.00       0.00       0.00       0.00       0.00      94.00       0.00       0.00       0.00       0.00       0.00       0.00       0.00       0.00       0.00       0.00       0.00       0.00       0.00       0.00       0.00       0.00       0.00       0.00       0.00       0.00       0.00       0.00       0.00       0.00       0.00       0.00       0.00       0.00     212.00       0.00     144.00      54.00       0.00       0.00       0.00      21.00       0.00       0.00
17시 06분 53초    1       0.00       0.00       0.00     181.00       0.00       0.00       0.00       0.00       0.00       0.00       0.00       0.00       0.00       0.00       0.00       0.00       0.00       0.00       0.00       0.00       0.00       0.00       0.00       0.00       0.00       0.00       0.00       0.00       0.00       0.00       0.00       0.00       0.00       0.00       0.00       0.00       0.00       0.00       0.00       0.00       0.00       0.00       0.00       0.00       0.00       0.00       0.00       0.00       0.00       0.00       0.00       0.00       0.00       0.00       0.00       0.00       0.00       0.00       0.00       0.00       0.00       0.00       0.00       0.00       0.00       0.00       0.00       0.00       0.00       0.00       0.00       0.00       0.00       0.00       0.00       0.00       0.00       0.00       0.00       0.00       0.00       0.00       0.00       0.00       0.00       0.00       0.00       0.00       0.00       0.00       0.00       0.00       0.00       0.00       0.00       0.00       0.00       0.00       0.00       0.00       0.00       0.00       0.00       0.00       0.00       0.00       0.00       0.00       0.00       0.00       0.00       0.00       0.00       0.00       0.00       0.00       0.00       0.00       0.00       0.00       0.00       0.00       0.00       0.00       0.00       0.00       0.00       0.00       0.00       0.00       0.00       0.00       0.00       0.00       0.00       0.00      81.00       2.00       0.00       0.00       0.00      14.00       0.00       0.00
17시 06분 53초    2       0.00       0.00       0.00     137.00       0.00       0.00       0.00       0.00       0.00       0.00       0.00       0.00       0.00       0.00       0.00       0.00       0.00       0.00       0.00       0.00       0.00       0.00       0.00       0.00       0.00       0.00       0.00       0.00       0.00       0.00       0.00       0.00       0.00       0.00       0.00       0.00       0.00       0.00       0.00       0.00       0.00       0.00       0.00       0.00       0.00       0.00       0.00       0.00       0.00       0.00       0.00       0.00       0.00       0.00       0.00       0.00       0.00       0.00       0.00       0.00       0.00       0.00       0.00       0.00       0.00       0.00       0.00       0.00       0.00       0.00       0.00       0.00       0.00       0.00       0.00       0.00       0.00       0.00       0.00       0.00       0.00       0.00       0.00       0.00       0.00       0.00       0.00       0.00       0.00       0.00       0.00       0.00       0.00       0.00       0.00       0.00       0.00       0.00       0.00       0.00       0.00       0.00       0.00       0.00       0.00       0.00       0.00       0.00       0.00       0.00       0.00       0.00       0.00       0.00       0.00       0.00       0.00       0.00       0.00       0.00       0.00       0.00       0.00       0.00       0.00       0.00       0.00       0.00       0.00       0.00       0.00       0.00       0.00       0.00       0.00       0.00      86.00      16.00       0.00       0.00       0.00      13.00       0.00       0.00
17시 06분 53초    3       0.00       0.00       0.00     196.00       0.00       0.00       0.00       0.00       0.00       0.00       0.00       0.00       0.00       0.00       0.00       0.00       0.00       0.00       0.00       0.00       0.00       0.00       0.00       0.00       0.00       0.00       0.00       0.00       0.00       0.00       0.00       0.00       0.00       0.00       0.00       0.00       0.00       0.00       0.00       0.00       0.00       0.00       0.00       0.00       0.00       0.00       0.00       0.00       0.00       0.00       0.00       0.00       0.00       0.00       0.00       0.00       0.00       0.00       0.00       0.00       0.00       0.00       0.00       0.00       0.00       0.00       0.00       0.00       0.00       0.00       0.00       0.00       0.00       0.00       0.00       0.00       0.00       0.00       0.00       0.00       0.00       0.00       0.00       0.00       0.00       0.00       0.00       0.00       0.00       0.00       0.00       0.00       0.00       0.00       0.00       0.00       0.00       0.00       0.00       0.00       0.00       0.00       0.00       0.00       0.00       0.00       0.00       0.00       0.00       0.00       0.00       0.00       0.00       0.00       0.00       0.00       0.00       0.00       0.00       0.00       0.00       0.00       0.00       0.00       0.00       0.00       0.00       0.00       0.00       0.00       0.00       0.00       0.00       0.00       0.00       0.00      77.00       9.00       0.00       0.00       0.00      16.00       0.00       0.00
17시 06분 53초    4       0.00       0.00       0.00     106.00       0.00       0.00       0.00       0.00       0.00       0.00       0.00       0.00       0.00       0.00       0.00       0.00       0.00       0.00       0.00       0.00       0.00       0.00       0.00       0.00       0.00       0.00       0.00       0.00       0.00       0.00       0.00       0.00       0.00       0.00       0.00       0.00       0.00       0.00       0.00       0.00       0.00       0.00       0.00       0.00       0.00       0.00       0.00       0.00       0.00       0.00       0.00       0.00       0.00       0.00       0.00       0.00       0.00       0.00       0.00       0.00       0.00       0.00       0.00       0.00       0.00       0.00       0.00       0.00       0.00       0.00       0.00       0.00       0.00       0.00       0.00       0.00       0.00       0.00       0.00       0.00       0.00       0.00       0.00       0.00       0.00       0.00       0.00       0.00       0.00       0.00       0.00       0.00       0.00       0.00       0.00       0.00       0.00       0.00       0.00       0.00       0.00       0.00       0.00       0.00       0.00       0.00       0.00       0.00       0.00       0.00       0.00       0.00       0.00       0.00       0.00       0.00       0.00       0.00       0.00       0.00       0.00       0.00       0.00       0.00       0.00       0.00       0.00       0.00       0.00       0.00       0.00       0.00       0.00       0.00       0.00       0.00      94.00       7.00       0.00       0.00       0.00       9.00       0.00       0.00
17시 06분 53초    5       0.00       0.00       0.00     109.00       0.00       0.00       0.00       0.00       0.00       0.00       0.00       0.00       0.00       0.00       0.00       0.00       0.00       0.00       0.00       0.00       0.00       0.00       0.00       0.00       0.00       0.00       0.00       0.00       0.00       0.00       0.00       0.00       0.00       0.00       0.00       0.00       0.00       0.00       0.00       0.00       0.00       0.00       0.00       0.00       0.00       0.00       0.00       0.00       0.00       0.00       0.00       0.00       0.00       0.00       0.00       0.00       0.00       0.00       0.00       0.00       0.00       0.00       0.00       0.00       0.00       0.00       0.00       0.00       0.00       0.00       0.00       0.00       0.00       0.00       0.00       0.00       0.00       0.00       0.00       0.00       0.00       0.00       0.00       0.00       0.00       0.00       0.00       0.00       0.00       0.00       0.00       0.00       0.00       0.00       0.00       0.00       0.00       0.00       0.00       0.00       0.00       0.00       0.00       0.00       0.00       0.00       0.00       0.00       0.00       0.00       0.00       0.00       0.00       0.00       0.00       0.00       0.00       0.00       0.00       0.00       0.00       0.00       0.00       0.00       0.00       0.00       0.00       0.00       0.00       0.00       0.00       0.00       0.00       0.00       0.00       0.00      58.00       1.00       0.00       0.00       0.00       3.00       0.00       0.00

17시 06분 52초  CPU       HI/s    TIMER/s   NET_TX/s   NET_RX/s    BLOCK/s IRQ_POLL/s  TASKLET/s    SCHED/s  HRTIMER/s      RCU/s
17시 06분 53초    0       0.00      42.00       9.00     195.00       0.00       0.00       0.00     101.00       0.00      45.00
17시 06분 53초    1       0.00      21.00       0.00       0.00       0.00       0.00       0.00      47.00       0.00      89.00
17시 06분 53초    2       0.00      12.00       0.00       0.00       0.00       0.00       0.00      62.00       0.00      41.00
17시 06분 53초    3       0.00      23.00       0.00       0.00       0.00       0.00       0.00      53.00       0.00      54.00
17시 06분 53초    4       0.00      17.00       0.00       0.00       0.00       0.00       0.00      47.00       0.00      46.00
17시 06분 53초    5       0.00       6.00       0.00       0.00       0.00       0.00       0.00      35.00       0.00      34.00

17시 06분 53초  CPU    %usr   %nice    %sys %iowait    %irq   %soft  %steal  %guest  %gnice   %idle
17시 06분 54초  all   15.50    0.00    2.00    0.00    0.33    0.00    0.00    0.00    0.00   82.17
17시 06분 54초    0   20.00    0.00    1.00    0.00    1.00    0.00    0.00    0.00    0.00   78.00
17시 06분 54초    1    6.00    0.00    1.00    0.00    0.00    0.00    0.00    0.00    0.00   93.00
17시 06분 54초    2   11.00    0.00    2.00    0.00    0.00    0.00    0.00    0.00    0.00   87.00
17시 06분 54초    3   12.12    0.00    2.02    0.00    0.00    0.00    0.00    0.00    0.00   85.86
17시 06분 54초    4   15.69    0.00    3.92    0.00    0.98    0.00    0.00    0.00    0.00   79.41
17시 06분 54초    5   28.28    0.00    2.02    0.00    0.00    0.00    0.00    0.00    0.00   69.70

17시 06분 53초  CPU    intr/s
17시 06분 54초  all   3138.00
17시 06분 54초    0    565.00
17시 06분 54초    1    151.00
17시 06분 54초    2    114.00
17시 06분 54초    3    116.00
17시 06분 54초    4    111.00
17시 06분 54초    5    125.00

17시 06분 53초  CPU        9/s       11/s       12/s       13/s       18/s       20/s       21/s       22/s       23/s       24/s       25/s       26/s       27/s       28/s       29/s       30/s       31/s       32/s       33/s       34/s       35/s       36/s       37/s       38/s       39/s       40/s       41/s       42/s       43/s       44/s       45/s       46/s       47/s       48/s       49/s       50/s       51/s       52/s       53/s       54/s       55/s       57/s       59/s       61/s       65/s       66/s       67/s       68/s       69/s       70/s       71/s       72/s       73/s       74/s       75/s       76/s       77/s       79/s       80/s       81/s       82/s       83/s       84/s       85/s       86/s       87/s       88/s       89/s       90/s       91/s       92/s       93/s       94/s       95/s       96/s       97/s       98/s      112/s      113/s      114/s      115/s      116/s      117/s      118/s      119/s      120/s      121/s      122/s      123/s      124/s      125/s      126/s      127/s      128/s      129/s      130/s      131/s      132/s      133/s      134/s      135/s      136/s      137/s      138/s      150/s      154/s      162/s      167/s      171/s      224/s      228/s      229/s      230/s      231/s      232/s      233/s      234/s      235/s      236/s      237/s      245/s      246/s      247/s      249/s      250/s      252/s      253/s      262/s      263/s      294/s      296/s      297/s      298/s      299/s      301/s      302/s     IPI0/s     IPI1/s     IPI2/s     IPI3/s     IPI4/s     IPI5/s     IPI6/s      Err/s
17시 06분 54초    0       0.00       0.00       0.00     200.00       0.00       0.00       0.00       0.00       0.00       0.00       0.00       0.00       0.00       0.00       0.00       0.00       0.00       0.00       0.00       0.00       0.00       0.00       0.00       0.00       0.00       0.00       0.00       0.00       0.00       0.00       0.00       0.00       0.00       0.00       0.00       0.00       0.00       0.00       0.00       0.00       0.00       0.00       0.00       0.00       0.00       0.00       0.00       0.00       0.00       0.00       0.00       0.00       0.00       0.00       0.00       0.00       0.00       0.00       0.00       0.00       0.00       0.00       0.00       0.00       0.00       0.00       0.00       0.00       0.00       0.00       0.00       0.00       0.00       0.00       0.00       0.00       0.00      80.00       0.00       4.00       0.00       0.00       0.00       0.00       0.00       0.00       0.00       0.00       0.00       0.00       0.00       0.00       0.00      90.00       0.00       0.00       0.00       0.00       0.00       0.00       0.00       0.00       0.00       0.00       0.00     193.00       0.00       0.00       0.00       0.00       0.00       0.00       0.00       0.00       0.00       0.00       0.00       0.00       0.00       0.00       0.00       0.00       0.00       0.00       0.00       0.00       0.00       0.00       0.00       0.00       0.00       0.00       0.00       0.00     409.00       0.00     188.00      35.00       0.00       0.00       0.00      83.00       0.00       0.00
17시 06분 54초    1       0.00       0.00       0.00     129.00       0.00       0.00       0.00       0.00       0.00       0.00       0.00       0.00       0.00       0.00       0.00       0.00       0.00       0.00       0.00       0.00       0.00       0.00       0.00       0.00       0.00       0.00       0.00       0.00       0.00       0.00       0.00       0.00       0.00       0.00       0.00       0.00       0.00       0.00       0.00       0.00       0.00       0.00       0.00       0.00       0.00       0.00       0.00       0.00       0.00       0.00       0.00       0.00       0.00       0.00       0.00       0.00       0.00       0.00       0.00       0.00       0.00       0.00       0.00       0.00       0.00       0.00       0.00       0.00       0.00       0.00       0.00       0.00       0.00       0.00       0.00       0.00       0.00       0.00       0.00       0.00       0.00       0.00       0.00       0.00       0.00       0.00       0.00       0.00       0.00       0.00       0.00       0.00       0.00       0.00       0.00       0.00       0.00       0.00       0.00       0.00       0.00       0.00       0.00       0.00       0.00       0.00       0.00       0.00       0.00       0.00       0.00       0.00       0.00       0.00       0.00       0.00       0.00       0.00       0.00       0.00       0.00       0.00       0.00       0.00       0.00       0.00       0.00       0.00       0.00       0.00       0.00       0.00       0.00       0.00       0.00       0.00     175.00      55.00       0.00       0.00       0.00      18.00       0.00       0.00
17시 06분 54초    2       0.00       0.00       0.00     153.00       0.00       0.00       0.00       0.00       0.00       0.00       0.00       0.00       0.00       0.00       0.00       0.00       0.00       0.00       0.00       0.00       0.00       0.00       0.00       0.00       0.00       0.00       0.00       0.00       0.00       0.00       0.00       0.00       0.00       0.00       0.00       0.00       0.00       0.00       0.00       0.00       0.00       0.00       0.00       0.00       0.00       0.00       0.00       0.00       0.00       0.00       0.00       0.00       0.00       0.00       0.00       0.00       0.00       0.00       0.00       0.00       0.00       0.00       0.00       0.00       0.00       0.00       0.00       0.00       0.00       0.00       0.00       0.00       0.00       0.00       0.00       0.00       0.00       0.00       0.00       0.00       0.00       0.00       0.00       0.00       0.00       0.00       0.00       0.00       0.00       0.00       0.00       0.00       0.00       0.00       0.00       0.00       0.00       0.00       0.00       0.00       0.00       0.00       0.00       0.00       0.00       0.00       0.00       0.00       0.00       0.00       0.00       0.00       0.00       0.00       0.00       0.00       0.00       0.00       0.00       0.00       0.00       0.00       0.00       0.00       0.00       0.00       0.00       0.00       0.00       0.00       0.00       0.00       0.00       0.00       0.00       0.00     158.00      13.00       0.00       0.00       0.00      25.00       0.00       0.00
17시 06분 54초    3       0.00       0.00       0.00     180.00       0.00       0.00       0.00       0.00       0.00       0.00       0.00       0.00       0.00       0.00       0.00       0.00       0.00       0.00       0.00       0.00       0.00       0.00       0.00       0.00       0.00       0.00       0.00       0.00       0.00       0.00       0.00       0.00       0.00       0.00       0.00       0.00       0.00       0.00       0.00       0.00       0.00       0.00       0.00       0.00       0.00       0.00       0.00       0.00       0.00       0.00       0.00       0.00       0.00       0.00       0.00       0.00       0.00       0.00       0.00       0.00       0.00       0.00       0.00       0.00       0.00       0.00       0.00       0.00       0.00       0.00       0.00       0.00       0.00       0.00       0.00       0.00       0.00       0.00       0.00       0.00       0.00       0.00       0.00       0.00       0.00       0.00       0.00       0.00       0.00       0.00       0.00       0.00       0.00       0.00       0.00       0.00       0.00       0.00       0.00       0.00       0.00       0.00       0.00       0.00       0.00       0.00       0.00       0.00       0.00       0.00       0.00       0.00       0.00       0.00       0.00       0.00       0.00       0.00       0.00       0.00       0.00       0.00       0.00       0.00       0.00       0.00       0.00       0.00       0.00       0.00       0.00       0.00       0.00       0.00       0.00       0.00     144.00       6.00       0.00       0.00       0.00      23.00       0.00       0.00
17시 06분 54초    4       0.00       0.00       0.00     133.00       0.00       0.00       0.00       0.00       0.00       0.00       0.00       0.00       0.00       0.00       0.00       0.00       0.00       0.00       0.00       0.00       0.00       0.00       0.00       0.00       0.00       0.00       0.00       0.00       0.00       0.00       0.00       0.00       0.00       0.00       0.00       0.00       0.00       0.00       0.00       0.00       0.00       0.00       0.00       0.00       0.00       0.00       0.00       0.00       0.00       0.00       0.00       0.00       0.00       0.00       0.00       0.00       0.00       0.00       0.00       0.00       0.00       0.00       0.00       0.00       0.00       0.00       0.00       0.00       0.00       0.00       0.00       0.00       0.00       0.00       0.00       0.00       0.00       0.00       0.00       0.00       0.00       0.00       0.00       0.00       0.00       0.00       0.00       0.00       0.00       0.00       0.00       0.00       0.00       0.00       0.00       0.00       0.00       0.00       0.00       0.00       0.00       0.00       0.00       0.00       0.00       0.00       0.00       0.00       0.00       0.00       0.00       0.00       0.00       0.00       0.00       0.00       0.00       0.00       0.00       0.00       0.00       0.00       0.00       0.00       0.00       0.00       0.00       0.00       0.00       0.00       0.00       0.00       0.00       0.00       0.00       0.00     219.00       3.00       0.00       0.00       0.00      13.00       0.00       0.00
17시 06분 54초    5       0.00       0.00       0.00     178.00       0.00       0.00       0.00       0.00       0.00       0.00       0.00       0.00       0.00       0.00       0.00       0.00       0.00       0.00       0.00       0.00       0.00       0.00       0.00       0.00       0.00       0.00       0.00       0.00       0.00       0.00       0.00       0.00       0.00       0.00       0.00       0.00       0.00       0.00       0.00       0.00       0.00       0.00       0.00       0.00       0.00       0.00       0.00       0.00       0.00       0.00       0.00       0.00       0.00       0.00       0.00       0.00       0.00       0.00       0.00       0.00       0.00       0.00       0.00       0.00       0.00       0.00       0.00       0.00       0.00       0.00       0.00       0.00       0.00       0.00       0.00       0.00       0.00       0.00       0.00       0.00       0.00       0.00       0.00       0.00       0.00       0.00       0.00       0.00       0.00       0.00       0.00       0.00       0.00       0.00       0.00       0.00       0.00       0.00       0.00       0.00       0.00       0.00       0.00       0.00       0.00       0.00       0.00       0.00       0.00       0.00       0.00       0.00       0.00       0.00       0.00       0.00       0.00       0.00       0.00       0.00       0.00       0.00       0.00       0.00       0.00       0.00       0.00       0.00       0.00       0.00       0.00       0.00       0.00       0.00       0.00       0.00     209.00       1.00       0.00       0.00       0.00      22.00       0.00       0.00

17시 06분 53초  CPU       HI/s    TIMER/s   NET_TX/s   NET_RX/s    BLOCK/s IRQ_POLL/s  TASKLET/s    SCHED/s  HRTIMER/s      RCU/s
17시 06분 54초    0       0.00      16.00      18.00     375.00       0.00       0.00       0.00     108.00       0.00      48.00
17시 06분 54초    1       0.00      22.00       0.00       0.00       0.00       0.00       0.00      90.00       0.00      39.00
17시 06분 54초    2       0.00      15.00       0.00       0.00       0.00       0.00       0.00      60.00       0.00      39.00
17시 06분 54초    3       0.00      14.00       0.00       0.00       0.00       0.00       0.00      61.00       0.00      41.00
17시 06분 54초    4       0.00      25.00       0.00       0.00       0.00       0.00       0.00      46.00       0.00      40.00
17시 06분 54초    5       0.00      18.00       0.00       0.00       0.00       0.00       0.00      65.00       0.00      42.00

17시 06분 54초  CPU    %usr   %nice    %sys %iowait    %irq   %soft  %steal  %guest  %gnice   %idle
17시 06분 55초  all   14.98    0.00    1.52    0.00    0.34    0.34    0.00    0.00    0.00   82.83
17시 06분 55초    0    9.18    0.00    0.00    0.00    1.02    1.02    0.00    0.00    0.00   88.78
17시 06분 55초    1   16.16    0.00    2.02    0.00    0.00    1.01    0.00    0.00    0.00   80.81
17시 06분 55초    2   10.78    0.00    1.96    0.00    0.98    0.00    0.00    0.00    0.00   86.27
17시 06분 55초    3   15.46    0.00    2.06    0.00    0.00    0.00    0.00    0.00    0.00   82.47
17시 06분 55초    4   17.35    0.00    2.04    0.00    0.00    0.00    0.00    0.00    0.00   80.61
17시 06분 55초    5   21.00    0.00    1.00    0.00    0.00    0.00    0.00    0.00    0.00   78.00

17시 06분 54초  CPU    intr/s
17시 06분 55초  all   3166.00
17시 06분 55초    0    567.00
17시 06분 55초    1    157.00
17시 06분 55초    2    115.00
17시 06분 55초    3    142.00
17시 06분 55초    4    147.00
17시 06분 55초    5    121.00

17시 06분 54초  CPU        9/s       11/s       12/s       13/s       18/s       20/s       21/s       22/s       23/s       24/s       25/s       26/s       27/s       28/s       29/s       30/s       31/s       32/s       33/s       34/s       35/s       36/s       37/s       38/s       39/s       40/s       41/s       42/s       43/s       44/s       45/s       46/s       47/s       48/s       49/s       50/s       51/s       52/s       53/s       54/s       55/s       57/s       59/s       61/s       65/s       66/s       67/s       68/s       69/s       70/s       71/s       72/s       73/s       74/s       75/s       76/s       77/s       79/s       80/s       81/s       82/s       83/s       84/s       85/s       86/s       87/s       88/s       89/s       90/s       91/s       92/s       93/s       94/s       95/s       96/s       97/s       98/s      112/s      113/s      114/s      115/s      116/s      117/s      118/s      119/s      120/s      121/s      122/s      123/s      124/s      125/s      126/s      127/s      128/s      129/s      130/s      131/s      132/s      133/s      134/s      135/s      136/s      137/s      138/s      150/s      154/s      162/s      167/s      171/s      224/s      228/s      229/s      230/s      231/s      232/s      233/s      234/s      235/s      236/s      237/s      245/s      246/s      247/s      249/s      250/s      252/s      253/s      262/s      263/s      294/s      296/s      297/s      298/s      299/s      301/s      302/s     IPI0/s     IPI1/s     IPI2/s     IPI3/s     IPI4/s     IPI5/s     IPI6/s      Err/s
17시 06분 55초    0       0.00       0.00       0.00     183.00       0.00       0.00       0.00       0.00       0.00       0.00       0.00       0.00       0.00       0.00       0.00       0.00       0.00       0.00       0.00       0.00       0.00       0.00       0.00       0.00       0.00       0.00       0.00       0.00       0.00       0.00       0.00       0.00       0.00       0.00       0.00       0.00       0.00       0.00       0.00       0.00       0.00       0.00       0.00       0.00       0.00       0.00       0.00       0.00       0.00       0.00       0.00       0.00       0.00       0.00       0.00       0.00       0.00       0.00       0.00       0.00       0.00       0.00       0.00       0.00       0.00       0.00       0.00       0.00       0.00       0.00       0.00       0.00       0.00       0.00       0.00       0.00       0.00       2.00       0.00       2.00       0.00       0.00       0.00       0.00       0.00       0.00       0.00       0.00       0.00       0.00       0.00       0.00       0.00      89.00       0.00       0.00       0.00       0.00       0.00       0.00       0.00       0.00       0.00       0.00       0.00     219.00       0.00       0.00       0.00       0.00       0.00       0.00       0.00       0.00       0.00       0.00       0.00       0.00       0.00       0.00       0.00       0.00       0.00       0.00       0.00       0.00       0.00       0.00       0.00       0.00       0.00       0.00       0.00       0.00     396.00       0.00     260.00      62.00       0.00       0.00       0.00      76.00       0.00       0.00
17시 06분 55초    1       0.00       0.00       0.00     161.00       0.00       0.00       0.00       0.00       0.00       0.00       0.00       0.00       0.00       0.00       0.00       0.00       0.00       0.00       0.00       0.00       0.00       0.00       0.00       0.00       0.00       0.00       0.00       0.00       0.00       0.00       0.00       0.00       0.00       0.00       0.00       0.00       0.00       0.00       0.00       0.00       0.00       0.00       0.00       0.00       0.00       0.00       0.00       0.00       0.00       0.00       0.00       0.00       0.00       0.00       0.00       0.00       0.00       0.00       0.00       0.00       0.00       0.00       0.00       0.00       0.00       0.00       0.00       0.00       0.00       0.00       0.00       0.00       0.00       0.00       0.00       0.00       0.00       0.00       0.00       0.00       0.00       0.00       0.00       0.00       0.00       0.00       0.00       0.00       0.00       0.00       0.00       0.00       0.00       0.00       0.00       0.00       0.00       0.00       0.00       0.00       0.00       0.00       0.00       0.00       0.00       0.00       0.00       0.00       0.00       0.00       0.00       0.00       0.00       0.00       0.00       0.00       0.00       0.00       0.00       0.00       0.00       0.00       0.00       0.00       0.00       0.00       0.00       0.00       0.00       0.00       0.00       0.00       0.00       0.00       0.00       0.00     159.00      28.00       0.00       0.00       0.00      36.00       0.00       0.00
17시 06분 55초    2       0.00       0.00       0.00     152.00       0.00       0.00       0.00       0.00       0.00       0.00       0.00       0.00       0.00       0.00       0.00       0.00       0.00       0.00       0.00       0.00       0.00       0.00       0.00       0.00       0.00       0.00       0.00       0.00       0.00       0.00       0.00       0.00       0.00       0.00       0.00       0.00       0.00       0.00       0.00       0.00       0.00       0.00       0.00       0.00       0.00       0.00       0.00       0.00       0.00       0.00       0.00       0.00       0.00       0.00       0.00       0.00       0.00       0.00       0.00       0.00       0.00       0.00       0.00       0.00       0.00       0.00       0.00       0.00       0.00       0.00       0.00       0.00       0.00       0.00       0.00       0.00       0.00       0.00       0.00       0.00       0.00       0.00       0.00       0.00       0.00       0.00       0.00       0.00       0.00       0.00       0.00       0.00       0.00       0.00       0.00       0.00       0.00       0.00       0.00       0.00       0.00       0.00       0.00       0.00       0.00       0.00       0.00       0.00       0.00       0.00       0.00       0.00       0.00       0.00       0.00       0.00       0.00       0.00       0.00       0.00       0.00       0.00       0.00       0.00       0.00       0.00       0.00       0.00       0.00       0.00       0.00       0.00       0.00       0.00       0.00       0.00     134.00      11.00       0.00       0.00       0.00      21.00       0.00       0.00
17시 06분 55초    3       0.00       0.00       0.00     160.00       0.00       0.00       0.00       0.00       0.00       0.00       0.00       0.00       0.00       0.00       0.00       0.00       0.00       0.00       0.00       0.00       0.00       0.00       0.00       0.00       0.00       0.00       0.00       0.00       0.00       0.00       0.00       0.00       0.00       0.00       0.00       0.00       0.00       0.00       0.00       0.00       0.00       0.00       0.00       0.00       0.00       0.00       0.00       0.00       0.00       0.00       0.00       0.00       0.00       0.00       0.00       0.00       0.00       0.00       0.00       0.00       0.00       0.00       0.00       0.00       0.00       0.00       0.00       0.00       0.00       0.00       0.00       0.00       0.00       0.00       0.00       0.00       0.00       0.00       0.00       0.00       0.00       0.00       0.00       0.00       0.00       0.00       0.00       0.00       0.00       0.00       0.00       0.00       0.00       0.00       0.00       0.00       0.00       0.00       0.00       0.00       0.00       0.00       0.00       0.00       0.00       0.00       0.00       0.00       0.00       0.00       0.00       0.00       0.00       0.00       0.00       0.00       0.00       0.00       0.00       0.00       0.00       0.00       0.00       0.00       0.00       0.00       0.00       0.00       0.00       0.00       0.00       0.00       0.00       0.00       0.00       0.00     171.00      14.00       0.00       0.00       0.00      28.00       0.00       0.00
17시 06분 55초    4       0.00       0.00       0.00     186.00       0.00       0.00       0.00       0.00       0.00       0.00       0.00       0.00       0.00       0.00       0.00       0.00       0.00       0.00       0.00       0.00       0.00       0.00       0.00       0.00       0.00       0.00       0.00       0.00       0.00       0.00       0.00       0.00       0.00       0.00       0.00       0.00       0.00       0.00       0.00       0.00       0.00       0.00       0.00       0.00       0.00       0.00       0.00       0.00       0.00       0.00       0.00       0.00       0.00       0.00       0.00       0.00       0.00       0.00       0.00       0.00       0.00       0.00       0.00       0.00       0.00       0.00       0.00       0.00       0.00       0.00       0.00       0.00       0.00       0.00       0.00       0.00       0.00       0.00       0.00       0.00       0.00       0.00       0.00       0.00       0.00       0.00       0.00       0.00       0.00       0.00       0.00       0.00       0.00       0.00       0.00       0.00       0.00       0.00       0.00       0.00       0.00       0.00       0.00       0.00       0.00       0.00       0.00       0.00       0.00       0.00       0.00       0.00       0.00       0.00       0.00       0.00       0.00       0.00       0.00       0.00       0.00       0.00       0.00       0.00       0.00       0.00       0.00       0.00       0.00       0.00       0.00       0.00       0.00       0.00       0.00       0.00     241.00       0.00       0.00       0.00       0.00      20.00       0.00       0.00
17시 06분 55초    5       0.00       0.00       0.00     177.00       0.00       0.00       0.00       0.00       0.00       0.00       0.00       0.00       0.00       0.00       0.00       0.00       0.00       0.00       0.00       0.00       0.00       0.00       0.00       0.00       0.00       0.00       0.00       0.00       0.00       0.00       0.00       0.00       0.00       0.00       0.00       0.00       0.00       0.00       0.00       0.00       0.00       0.00       0.00       0.00       0.00       0.00       0.00       0.00       0.00       0.00       0.00       0.00       0.00       0.00       0.00       0.00       0.00       0.00       0.00       0.00       0.00       0.00       0.00       0.00       0.00       0.00       0.00       0.00       0.00       0.00       0.00       0.00       0.00       0.00       0.00       0.00       0.00       0.00       0.00       0.00       0.00       0.00       0.00       0.00       0.00       0.00       0.00       0.00       0.00       0.00       0.00       0.00       0.00       0.00       0.00       0.00       0.00       0.00       0.00       0.00       0.00       0.00       0.00       0.00       0.00       0.00       0.00       0.00       0.00       0.00       0.00       0.00       0.00       0.00       0.00       0.00       0.00       0.00       0.00       0.00       0.00       0.00       0.00       0.00       0.00       0.00       0.00       0.00       0.00       0.00       0.00       0.00       0.00       0.00       0.00       0.00     154.00       0.00       0.00       0.00       0.00      24.00       0.00       0.00

17시 06분 54초  CPU       HI/s    TIMER/s   NET_TX/s   NET_RX/s    BLOCK/s IRQ_POLL/s  TASKLET/s    SCHED/s  HRTIMER/s      RCU/s
17시 06분 55초    0       0.00      24.00      17.00     363.00       0.00       0.00       0.00     114.00       0.00      49.00
17시 06분 55초    1       0.00      22.00       0.00       0.00       0.00       0.00       0.00      85.00       0.00      50.00
17시 06분 55초    2       0.00      14.00       0.00       0.00       0.00       0.00       0.00      59.00       0.00      42.00
17시 06분 55초    3       0.00      30.00       0.00       0.00       0.00       0.00       0.00      65.00       0.00      47.00
17시 06분 55초    4       0.00      15.00       0.00       0.00       0.00       0.00       0.00      76.00       0.00      56.00
17시 06분 55초    5       0.00      14.00       0.00       0.00       0.00       0.00       0.00      60.00       0.00      47.00

17시 06분 55초  CPU    %usr   %nice    %sys %iowait    %irq   %soft  %steal  %guest  %gnice   %idle
17시 06분 56초  all   15.08    0.00    1.84    0.00    0.00    0.17    0.00    0.00    0.00   82.91
17시 06분 56초    0   18.81    0.00    2.97    0.00    0.00    0.00    0.00    0.00    0.00   78.22
17시 06분 56초    1   14.00    0.00    1.00    0.00    0.00    0.00    0.00    0.00    0.00   85.00
17시 06분 56초    2   10.20    0.00    2.04    0.00    0.00    0.00    0.00    0.00    0.00   87.76
17시 06분 56초    3   14.29    0.00    0.00    0.00    0.00    0.00    0.00    0.00    0.00   85.71
17시 06분 56초    4   16.33    0.00    4.08    0.00    0.00    0.00    0.00    0.00    0.00   79.59
17시 06분 56초    5   16.67    0.00    0.98    0.00    0.00    0.98    0.00    0.00    0.00   81.37

17시 06분 55초  CPU    intr/s
17시 06분 56초  all   3130.00
17시 06분 56초    0    583.00
17시 06분 56초    1    175.00
17시 06분 56초    2    126.00
17시 06분 56초    3    119.00
17시 06분 56초    4    136.00
17시 06분 56초    5    106.00

17시 06분 55초  CPU        9/s       11/s       12/s       13/s       18/s       20/s       21/s       22/s       23/s       24/s       25/s       26/s       27/s       28/s       29/s       30/s       31/s       32/s       33/s       34/s       35/s       36/s       37/s       38/s       39/s       40/s       41/s       42/s       43/s       44/s       45/s       46/s       47/s       48/s       49/s       50/s       51/s       52/s       53/s       54/s       55/s       57/s       59/s       61/s       65/s       66/s       67/s       68/s       69/s       70/s       71/s       72/s       73/s       74/s       75/s       76/s       77/s       79/s       80/s       81/s       82/s       83/s       84/s       85/s       86/s       87/s       88/s       89/s       90/s       91/s       92/s       93/s       94/s       95/s       96/s       97/s       98/s      112/s      113/s      114/s      115/s      116/s      117/s      118/s      119/s      120/s      121/s      122/s      123/s      124/s      125/s      126/s      127/s      128/s      129/s      130/s      131/s      132/s      133/s      134/s      135/s      136/s      137/s      138/s      150/s      154/s      162/s      167/s      171/s      224/s      228/s      229/s      230/s      231/s      232/s      233/s      234/s      235/s      236/s      237/s      245/s      246/s      247/s      249/s      250/s      252/s      253/s      262/s      263/s      294/s      296/s      297/s      298/s      299/s      301/s      302/s     IPI0/s     IPI1/s     IPI2/s     IPI3/s     IPI4/s     IPI5/s     IPI6/s      Err/s
17시 06분 56초    0       0.00       0.00       0.00     199.00       0.00       0.00       0.00       0.00       0.00       0.00       0.00       0.00       0.00       0.00       0.00       0.00       0.00       0.00       0.00       0.00       0.00       0.00       0.00       0.00       0.00       0.00       0.00       0.00       0.00       0.00       0.00       0.00       0.00       0.00       0.00       0.00       0.00       0.00       0.00       0.00       0.00       0.00       0.00       0.00       0.00       0.00       0.00       0.00       0.00       0.00       0.00       0.00       0.00       0.00       0.00       0.00       0.00       0.00       0.00       0.00       0.00       0.00       0.00       0.00       0.00       0.00       0.00       0.00       0.00       0.00       0.00       0.00       0.00       0.00       0.00       0.00       0.00       0.00       0.00       1.00       0.00       0.00       0.00       0.00       0.00       0.00       0.00       0.00       0.00       0.00       0.00       0.00       0.00      92.00       0.00       0.00       0.00       0.00       0.00       0.00       0.00       0.00       0.00       0.00       0.00     203.00       0.00       0.00       0.00       0.00       0.00       0.00       0.00       0.00       0.00       0.00       0.00       0.00       0.00       0.00       0.00       0.00       0.00       0.00       0.00       0.00       0.00       0.00       0.00       0.00       0.00       0.00       0.00       0.00     426.00       0.00     224.00      47.00       0.00       0.00       0.00      73.00       0.00       0.00
17시 06분 56초    1       0.00       0.00       0.00     135.00       0.00       0.00       0.00       0.00       0.00       0.00       0.00       0.00       0.00       0.00       0.00       0.00       0.00       0.00       0.00       0.00       0.00       0.00       0.00       0.00       0.00       0.00       0.00       0.00       0.00       0.00       0.00       0.00       0.00       0.00       0.00       0.00       0.00       0.00       0.00       0.00       0.00       0.00       0.00       0.00       0.00       0.00       0.00       0.00       0.00       0.00       0.00       0.00       0.00       0.00       0.00       0.00       0.00       0.00       0.00       0.00       0.00       0.00       0.00       0.00       0.00       0.00       0.00       0.00       0.00       0.00       0.00       0.00       0.00       0.00       0.00       0.00       0.00       0.00       0.00       0.00       0.00       0.00       0.00       0.00       0.00       0.00       0.00       0.00       0.00       0.00       0.00       0.00       0.00       0.00       0.00       0.00       0.00       0.00       0.00       0.00       0.00       0.00       0.00       0.00       0.00       0.00       0.00       0.00       0.00       0.00       0.00       0.00       0.00       0.00       0.00       0.00       0.00       0.00       0.00       0.00       0.00       0.00       0.00       0.00       0.00       0.00       0.00       0.00       0.00       0.00       0.00       0.00       0.00       0.00       0.00       0.00     162.00      56.00       0.00       0.00       0.00      34.00       0.00       0.00
17시 06분 56초    2       0.00       0.00       0.00     138.00       0.00       0.00       0.00       0.00       0.00       0.00       0.00       0.00       0.00       0.00       0.00       0.00       0.00       0.00       0.00       0.00       0.00       0.00       0.00       0.00       0.00       0.00       0.00       0.00       0.00       0.00       0.00       0.00       0.00       0.00       0.00       0.00       0.00       0.00       0.00       0.00       0.00       0.00       0.00       0.00       0.00       0.00       0.00       0.00       0.00       0.00       0.00       0.00       0.00       0.00       0.00       0.00       0.00       0.00       0.00       0.00       0.00       0.00       0.00       0.00       0.00       0.00       0.00       0.00       0.00       0.00       0.00       0.00       0.00       0.00       0.00       0.00       0.00       0.00       0.00       0.00       0.00       0.00       0.00       0.00       0.00       0.00       0.00       0.00       0.00       0.00       0.00       0.00       0.00       0.00       0.00       0.00       0.00       0.00       0.00       0.00       0.00       0.00       0.00       0.00       0.00       0.00       0.00       0.00       0.00       0.00       0.00       0.00       0.00       0.00       0.00       0.00       0.00       0.00       0.00       0.00       0.00       0.00       0.00       0.00       0.00       0.00       0.00       0.00       0.00       0.00       0.00       0.00       0.00       0.00       0.00       0.00     133.00      19.00       0.00       0.00       0.00      32.00       0.00       0.00
17시 06분 56초    3       0.00       0.00       0.00     176.00       0.00       0.00       0.00       0.00       0.00       0.00       0.00       0.00       0.00       0.00       0.00       0.00       0.00       0.00       0.00       0.00       0.00       0.00       0.00       0.00       0.00       0.00       0.00       0.00       0.00       0.00       0.00       0.00       0.00       0.00       0.00       0.00       0.00       0.00       0.00       0.00       0.00       0.00       0.00       0.00       0.00       0.00       0.00       0.00       0.00       0.00       0.00       0.00       0.00       0.00       0.00       0.00       0.00       0.00       0.00       0.00       0.00       0.00       0.00       0.00       0.00       0.00       0.00       0.00       0.00       0.00       0.00       0.00       0.00       0.00       0.00       0.00       0.00       0.00       0.00       0.00       0.00       0.00       0.00       0.00       0.00       0.00       0.00       0.00       0.00       0.00       0.00       0.00       0.00       0.00       0.00       0.00       0.00       0.00       0.00       0.00       0.00       0.00       0.00       0.00       0.00       0.00       0.00       0.00       0.00       0.00       0.00       0.00       0.00       0.00       0.00       0.00       0.00       0.00       0.00       0.00       0.00       0.00       0.00       0.00       0.00       0.00       0.00       0.00       0.00       0.00       0.00       0.00       0.00       0.00       0.00       0.00     181.00      10.00       0.00       0.00       0.00      23.00       0.00       0.00
17시 06분 56초    4       0.00       0.00       0.00     197.00       0.00       0.00       0.00       0.00       0.00       0.00       0.00       0.00       0.00       0.00       0.00       0.00       0.00       0.00       0.00       0.00       0.00       0.00       0.00       0.00       0.00       0.00       0.00       0.00       0.00       0.00       0.00       0.00       0.00       0.00       0.00       0.00       0.00       0.00       0.00       0.00       0.00       0.00       0.00       0.00       0.00       0.00       0.00       0.00       0.00       0.00       0.00       0.00       0.00       0.00       0.00       0.00       0.00       0.00       0.00       0.00       0.00       0.00       0.00       0.00       0.00       0.00       0.00       0.00       0.00       0.00       0.00       0.00       0.00       0.00       0.00       0.00       0.00       0.00       0.00       0.00       0.00       0.00       0.00       0.00       0.00       0.00       0.00       0.00       0.00       0.00       0.00       0.00       0.00       0.00       0.00       0.00       0.00       0.00       0.00       0.00       0.00       0.00       0.00       0.00       0.00       0.00       0.00       0.00       0.00       0.00       0.00       0.00       0.00       0.00       0.00       0.00       0.00       0.00       0.00       0.00       0.00       0.00       0.00       0.00       0.00       0.00       0.00       0.00       0.00       0.00       0.00       0.00       0.00       0.00       0.00       0.00     210.00       3.00       0.00       0.00       0.00      23.00       0.00       0.00
17시 06분 56초    5       0.00       0.00       0.00     184.00       0.00       0.00       0.00       0.00       0.00       0.00       0.00       0.00       0.00       0.00       0.00       0.00       0.00       0.00       0.00       0.00       0.00       0.00       0.00       0.00       0.00       0.00       0.00       0.00       0.00       0.00       0.00       0.00       0.00       0.00       0.00       0.00       0.00       0.00       0.00       0.00       0.00       0.00       0.00       0.00       0.00       0.00       0.00       0.00       0.00       0.00       0.00       0.00       0.00       0.00       0.00       0.00       0.00       0.00       0.00       0.00       0.00       0.00       0.00       0.00       0.00       0.00       0.00       0.00       0.00       0.00       0.00       0.00       0.00       0.00       0.00       0.00       0.00       0.00       0.00       0.00       0.00       0.00       0.00       0.00       0.00       0.00       0.00       0.00       0.00       0.00       0.00       0.00       0.00       0.00       0.00       0.00       0.00       0.00       0.00       0.00       0.00       0.00       0.00       0.00       0.00       0.00       0.00       0.00       0.00       0.00       0.00       0.00       0.00       0.00       0.00       0.00       0.00       0.00       0.00       0.00       0.00       0.00       0.00       0.00       0.00       0.00       0.00       0.00       0.00       0.00       0.00       0.00       0.00       0.00       0.00       0.00     133.00       2.00       0.00       0.00       0.00      15.00       0.00       0.00

17시 06분 55초  CPU       HI/s    TIMER/s   NET_TX/s   NET_RX/s    BLOCK/s IRQ_POLL/s  TASKLET/s    SCHED/s  HRTIMER/s      RCU/s
17시 06분 56초    0       0.00      15.00      19.00     391.00       0.00       0.00       0.00     104.00       1.00      53.00
17시 06분 56초    1       0.00      37.00       0.00       0.00       0.00       0.00       0.00     100.00       0.00      38.00
17시 06분 56초    2       0.00      20.00       0.00       0.00       0.00       0.00       0.00      65.00       0.00      41.00
17시 06분 56초    3       0.00      18.00       0.00       0.00       0.00       0.00       0.00      66.00       0.00      35.00
17시 06분 56초    4       0.00      11.00       0.00       0.00       0.00       0.00       0.00      81.00       0.00      44.00
17시 06분 56초    5       0.00      11.00       0.00       0.00       0.00       0.00       0.00      58.00       0.00      37.00

17시 06분 56초  CPU    %usr   %nice    %sys %iowait    %irq   %soft  %steal  %guest  %gnice   %idle
17시 06분 57초  all   16.58    0.00    5.14    0.50    0.33    0.00    0.00    0.00    0.00   77.45
17시 06분 57초    0   16.67    0.00    2.94    1.96    0.98    0.00    0.00    0.00    0.00   77.45
17시 06분 57초    1   11.00    0.00    4.00    0.00    0.00    0.00    0.00    0.00    0.00   85.00
17시 06분 57초    2   33.01    0.00    2.91    0.00    0.00    0.00    0.00    0.00    0.00   64.08
17시 06분 57초    3   13.40    0.00    1.03    0.00    0.00    0.00    0.00    0.00    0.00   85.57
17시 06분 57초    4   12.75    0.00    3.92    0.00    0.00    0.00    0.00    0.00    0.00   83.33
17시 06분 57초    5   12.12    0.00   16.16    1.01    1.01    0.00    0.00    0.00    0.00   69.70

17시 06분 56초  CPU    intr/s
17시 06분 57초  all   4353.00
17시 06분 57초    0    661.00
17시 06분 57초    1    200.00
17시 06분 57초    2    175.00
17시 06분 57초    3    145.00
17시 06분 57초    4    151.00
17시 06분 57초    5    243.00

17시 06분 56초  CPU        9/s       11/s       12/s       13/s       18/s       20/s       21/s       22/s       23/s       24/s       25/s       26/s       27/s       28/s       29/s       30/s       31/s       32/s       33/s       34/s       35/s       36/s       37/s       38/s       39/s       40/s       41/s       42/s       43/s       44/s       45/s       46/s       47/s       48/s       49/s       50/s       51/s       52/s       53/s       54/s       55/s       57/s       59/s       61/s       65/s       66/s       67/s       68/s       69/s       70/s       71/s       72/s       73/s       74/s       75/s       76/s       77/s       79/s       80/s       81/s       82/s       83/s       84/s       85/s       86/s       87/s       88/s       89/s       90/s       91/s       92/s       93/s       94/s       95/s       96/s       97/s       98/s      112/s      113/s      114/s      115/s      116/s      117/s      118/s      119/s      120/s      121/s      122/s      123/s      124/s      125/s      126/s      127/s      128/s      129/s      130/s      131/s      132/s      133/s      134/s      135/s      136/s      137/s      138/s      150/s      154/s      162/s      167/s      171/s      224/s      228/s      229/s      230/s      231/s      232/s      233/s      234/s      235/s      236/s      237/s      245/s      246/s      247/s      249/s      250/s      252/s      253/s      262/s      263/s      294/s      296/s      297/s      298/s      299/s      301/s      302/s     IPI0/s     IPI1/s     IPI2/s     IPI3/s     IPI4/s     IPI5/s     IPI6/s      Err/s
17시 06분 57초    0       0.00       0.00       0.00     186.00       0.00       0.00       0.00       0.00       0.00       0.00       0.00       0.00       0.00       0.00       0.00       0.00       0.00       0.00       0.00       0.00       0.00       0.00       0.00       0.00       0.00       0.00       0.00       0.00       0.00       0.00       0.00       0.00       0.00       0.00       0.00       0.00       0.00       0.00       0.00       0.00       0.00       0.00       0.00       0.00       0.00       0.00     134.00       0.00       0.00       0.00       0.00       0.00       0.00       0.00       0.00       0.00       0.00       0.00       0.00       0.00       0.00       0.00       0.00       0.00       0.00       0.00       0.00       0.00       0.00       0.00       0.00       0.00       0.00       0.00       0.00       0.00       0.00       0.00       0.00       1.00       0.00       0.00       0.00       0.00       0.00       0.00       0.00       0.00       0.00       0.00       0.00       0.00       0.00      91.00       0.00       0.00       0.00       0.00       0.00       0.00       0.00       0.00       0.00       0.00       0.00     230.00       0.00       0.00       0.00       0.00       0.00       0.00       0.00       0.00       0.00       0.00       0.00       0.00       0.00       0.00       0.00       0.00       0.00       0.00       0.00       0.00       0.00       0.00       0.00       0.00       0.00       0.00       0.00       0.00     462.00       0.00     302.00      55.00       0.00       0.00       0.00      63.00       0.00       0.00
17시 06분 57초    1       0.00       0.00       0.00     153.00       0.00       0.00       0.00       0.00       0.00       0.00       0.00       0.00       0.00       0.00       0.00       0.00       0.00       0.00       0.00       0.00       0.00       0.00       0.00       0.00       0.00       0.00       0.00       0.00       0.00       0.00       0.00       0.00       0.00       0.00       0.00       0.00       0.00       0.00       0.00       0.00       0.00       0.00       0.00       0.00       0.00       0.00       0.00       0.00       0.00       0.00       0.00       0.00       0.00       0.00       0.00       0.00       0.00       0.00       0.00       0.00       0.00       0.00       0.00       0.00       0.00       0.00       0.00       0.00       0.00       0.00       0.00       0.00       0.00       0.00       0.00       0.00       0.00       0.00       0.00       0.00       0.00       0.00       0.00       0.00       0.00       0.00       0.00       0.00       0.00       0.00       0.00       0.00       0.00       0.00       0.00       0.00       0.00       0.00       0.00       0.00       0.00       0.00       0.00       0.00       0.00       0.00       0.00       0.00       0.00       0.00       0.00       0.00       0.00       0.00       0.00       0.00       0.00       0.00       0.00       0.00       0.00       0.00       0.00       0.00       0.00       0.00       0.00       0.00       0.00       0.00       0.00       0.00       0.00       0.00       0.00       0.00     316.00      52.00       0.00       0.00       0.00      19.00       0.00       0.00
17시 06분 57초    2       0.00       0.00       0.00     219.00       0.00       0.00       0.00       0.00       0.00       0.00       0.00       0.00       0.00       0.00       0.00       0.00       0.00       0.00       0.00       0.00       0.00       0.00       0.00       0.00       0.00       0.00       0.00       0.00       0.00       0.00       0.00       0.00       0.00       0.00       0.00       0.00       0.00       0.00       0.00       0.00       0.00       0.00       0.00       0.00       0.00       0.00       0.00       0.00       0.00       0.00       0.00       0.00       0.00       0.00       0.00       0.00       0.00       0.00       0.00       0.00       0.00       0.00       0.00       0.00       0.00       0.00       0.00       0.00       0.00       0.00       0.00       0.00       0.00       0.00       0.00       0.00       0.00       0.00       0.00       0.00       0.00       0.00       0.00       0.00       0.00       0.00       0.00       0.00       0.00       0.00       0.00       0.00       0.00       0.00       0.00       0.00       0.00       0.00       0.00       0.00       0.00       0.00       0.00       0.00       0.00       0.00       0.00       0.00       0.00       0.00       0.00       0.00       0.00       0.00       0.00       0.00       0.00       0.00       0.00       0.00       0.00       0.00       0.00       0.00       0.00       0.00       0.00       0.00       0.00       0.00       0.00       0.00       0.00       0.00       0.00       0.00     208.00      14.00       0.00       0.00       0.00      56.00       0.00       0.00
17시 06분 57초    3       0.00       0.00       0.00     191.00       0.00       0.00       0.00       0.00       0.00       0.00       0.00       0.00       0.00       0.00       0.00       0.00       0.00       0.00       0.00       0.00       0.00       0.00       0.00       0.00       0.00       0.00       0.00       0.00       0.00       0.00       0.00       0.00       0.00       0.00       0.00       0.00       0.00       0.00       0.00       0.00       0.00       0.00       0.00       0.00       0.00       0.00       0.00       0.00       0.00       0.00       0.00       0.00       0.00       0.00       0.00       0.00       0.00       0.00       0.00       0.00       0.00       0.00       0.00       0.00       0.00       0.00       0.00       0.00       0.00       0.00       0.00       0.00       0.00       0.00       0.00       0.00       0.00       0.00       0.00       0.00       0.00       0.00       0.00       0.00       0.00       0.00       0.00       0.00       0.00       0.00       0.00       0.00       0.00       0.00       0.00       0.00       0.00       0.00       0.00       0.00       0.00       0.00       0.00       0.00       0.00       0.00       0.00       0.00       0.00       0.00       0.00       0.00       0.00       0.00       0.00       0.00       0.00       0.00       0.00       0.00       0.00       0.00       0.00       0.00       0.00       0.00       0.00       0.00       0.00       0.00       0.00       0.00       0.00       0.00       0.00       0.00     298.00      20.00       0.00       0.00       0.00      38.00       0.00       0.00
17시 06분 57초    4       0.00       0.00       0.00     188.00       0.00       0.00       0.00       0.00       0.00       0.00       0.00       0.00       0.00       0.00       0.00       0.00       0.00       0.00       0.00       0.00       0.00       0.00       0.00       0.00       0.00       0.00       0.00       0.00       0.00       0.00       0.00       0.00       0.00       0.00       0.00       0.00       0.00       0.00       0.00       0.00       0.00       0.00       0.00       0.00       0.00       0.00       0.00       0.00       0.00       0.00       0.00       0.00       0.00       0.00       0.00       0.00       0.00       0.00       0.00       0.00       0.00       0.00       0.00       0.00       0.00       0.00       0.00       0.00       0.00       0.00       0.00       0.00       0.00       0.00       0.00       0.00       0.00       0.00       0.00       0.00       0.00       0.00       0.00       0.00       0.00       0.00       0.00       0.00       0.00       0.00       0.00       0.00       0.00       0.00       0.00       0.00       0.00       0.00       0.00       0.00       0.00       0.00       0.00       0.00       0.00       0.00       0.00       0.00       0.00       0.00       0.00       0.00       0.00       0.00       0.00       0.00       0.00       0.00       0.00       0.00       0.00       0.00       0.00       0.00       0.00       0.00       0.00       0.00       0.00       0.00       0.00       0.00       0.00       0.00       0.00       0.00     362.00      10.00       0.00       0.00       0.00      13.00       0.00       0.00
17시 06분 57초    5       0.00       0.00       0.00     240.00       0.00       0.00       0.00       0.00       0.00       0.00       0.00       0.00       0.00       0.00       0.00       0.00       0.00       0.00       0.00       0.00       0.00       0.00       0.00       0.00       0.00       0.00       0.00       0.00       0.00       0.00       0.00       0.00       0.00       0.00       0.00       0.00       0.00       0.00       0.00       0.00       0.00       0.00       0.00       0.00       0.00       0.00       0.00       0.00       0.00       0.00       0.00       0.00       0.00       0.00       0.00       0.00       0.00       0.00       0.00       0.00       0.00       0.00       0.00       0.00       0.00       0.00       0.00       0.00       0.00       0.00       0.00       0.00       0.00       0.00       0.00       0.00       0.00       0.00       0.00       0.00       0.00       0.00       0.00       0.00       0.00       0.00       0.00       0.00       0.00       0.00       0.00       0.00       0.00       0.00       0.00       0.00       0.00       0.00       0.00       0.00       0.00       0.00       0.00       0.00       0.00       0.00       0.00       0.00       0.00       0.00       0.00       0.00       0.00       0.00       0.00       0.00       0.00       0.00       0.00       0.00       0.00       0.00       0.00       0.00       0.00       0.00       0.00       0.00       0.00       0.00       0.00       0.00       0.00       0.00       0.00       0.00     411.00       9.00       0.00       0.00       0.00      17.00       0.00       0.00

17시 06분 56초  CPU       HI/s    TIMER/s   NET_TX/s   NET_RX/s    BLOCK/s IRQ_POLL/s  TASKLET/s    SCHED/s  HRTIMER/s      RCU/s
17시 06분 57초    0       0.00      21.00      17.00     426.00       2.00       0.00       0.00     119.00       0.00      76.00
17시 06분 57초    1       0.00      44.00       0.00       0.00       0.00       0.00       0.00      99.00       0.00      57.00
17시 06분 57초    2       0.00      16.00       0.00       0.00       0.00       0.00       0.00      89.00       0.00      70.00
17시 06분 57초    3       0.00      15.00       0.00       0.00       0.00       0.00       0.00      69.00       0.00      61.00
17시 06분 57초    4       0.00      18.00       0.00       0.00       0.00       0.00       0.00      76.00       0.00      57.00
17시 06분 57초    5       0.00      15.00       0.00       0.00       0.00       0.00       0.00      90.00       0.00     138.00

17시 06분 57초  CPU    %usr   %nice    %sys %iowait    %irq   %soft  %steal  %guest  %gnice   %idle
17시 06분 58초  all   15.67    0.00    1.67    0.00    0.33    0.33    0.00    0.00    0.00   82.00
17시 06분 58초    0   23.76    0.00    1.98    0.00    0.99    0.99    0.00    0.00    0.00   72.28
17시 06분 58초    1    7.29    0.00    1.04    0.00    1.04    0.00    0.00    0.00    0.00   90.62
17시 06분 58초    2   21.00    0.00    0.00    0.00    0.00    0.00    0.00    0.00    0.00   79.00
17시 06분 58초    3   23.00    0.00    1.00    0.00    0.00    0.00    0.00    0.00    0.00   76.00
17시 06분 58초    4    5.88    0.00    3.92    0.00    0.00    0.98    0.00    0.00    0.00   89.22
17시 06분 58초    5   12.87    0.00    1.98    0.00    0.00    0.00    0.00    0.00    0.00   85.15

17시 06분 57초  CPU    intr/s
17시 06분 58초  all   3022.00
17시 06분 58초    0    549.00
17시 06분 58초    1    151.00
17시 06분 58초    2    129.00
17시 06분 58초    3    147.00
17시 06분 58초    4    122.00
17시 06분 58초    5    120.00

17시 06분 57초  CPU        9/s       11/s       12/s       13/s       18/s       20/s       21/s       22/s       23/s       24/s       25/s       26/s       27/s       28/s       29/s       30/s       31/s       32/s       33/s       34/s       35/s       36/s       37/s       38/s       39/s       40/s       41/s       42/s       43/s       44/s       45/s       46/s       47/s       48/s       49/s       50/s       51/s       52/s       53/s       54/s       55/s       57/s       59/s       61/s       65/s       66/s       67/s       68/s       69/s       70/s       71/s       72/s       73/s       74/s       75/s       76/s       77/s       79/s       80/s       81/s       82/s       83/s       84/s       85/s       86/s       87/s       88/s       89/s       90/s       91/s       92/s       93/s       94/s       95/s       96/s       97/s       98/s      112/s      113/s      114/s      115/s      116/s      117/s      118/s      119/s      120/s      121/s      122/s      123/s      124/s      125/s      126/s      127/s      128/s      129/s      130/s      131/s      132/s      133/s      134/s      135/s      136/s      137/s      138/s      150/s      154/s      162/s      167/s      171/s      224/s      228/s      229/s      230/s      231/s      232/s      233/s      234/s      235/s      236/s      237/s      245/s      246/s      247/s      249/s      250/s      252/s      253/s      262/s      263/s      294/s      296/s      297/s      298/s      299/s      301/s      302/s     IPI0/s     IPI1/s     IPI2/s     IPI3/s     IPI4/s     IPI5/s     IPI6/s      Err/s
17시 06분 58초    0       0.00       0.00       0.00     186.00       0.00       0.00       0.00       0.00       0.00       0.00       0.00       0.00       0.00       0.00       0.00       0.00       0.00       0.00       0.00       0.00       0.00       0.00       0.00       0.00       0.00       0.00       0.00       0.00       0.00       0.00       0.00       0.00       0.00       0.00       0.00       0.00       0.00       0.00       0.00       0.00       0.00       0.00       0.00       0.00       0.00       0.00       0.00       0.00       0.00       0.00       0.00       0.00       0.00       0.00       0.00       0.00       0.00       0.00       0.00       0.00       0.00       0.00       0.00       0.00       0.00       0.00       0.00       0.00       0.00       0.00       0.00       0.00       0.00       0.00       0.00       0.00       0.00       0.00       0.00       0.00       0.00       0.00       0.00       0.00       0.00       0.00       0.00       0.00       0.00       0.00       0.00       0.00       0.00      88.00       0.00       0.00       0.00       0.00       0.00       0.00       0.00       0.00       0.00       0.00       0.00     176.00       0.00       0.00       0.00       0.00       0.00       0.00       0.00       0.00       0.00       0.00       0.00       0.00       0.00       0.00       0.00       0.00       0.00       0.00       0.00       0.00       0.00       0.00       0.00       0.00       0.00       0.00       0.00       0.00     387.00       0.00     186.00      59.00       0.00       0.00       0.00      79.00       0.00       0.00
17시 06분 58초    1       0.00       0.00       0.00     150.00       0.00       0.00       0.00       0.00       0.00       0.00       0.00       0.00       0.00       0.00       0.00       0.00       0.00       0.00       0.00       0.00       0.00       0.00       0.00       0.00       0.00       0.00       0.00       0.00       0.00       0.00       0.00       0.00       0.00       0.00       0.00       0.00       0.00       0.00       0.00       0.00       0.00       0.00       0.00       0.00       0.00       0.00       0.00       0.00       0.00       0.00       0.00       0.00       0.00       0.00       0.00       0.00       0.00       0.00       0.00       0.00       0.00       0.00       0.00       0.00       0.00       0.00       0.00       0.00       0.00       0.00       0.00       0.00       0.00       0.00       0.00       0.00       0.00       0.00       0.00       0.00       0.00       0.00       0.00       0.00       0.00       0.00       0.00       0.00       0.00       0.00       0.00       0.00       0.00       0.00       0.00       0.00       0.00       0.00       0.00       0.00       0.00       0.00       0.00       0.00       0.00       0.00       0.00       0.00       0.00       0.00       0.00       0.00       0.00       0.00       0.00       0.00       0.00       0.00       0.00       0.00       0.00       0.00       0.00       0.00       0.00       0.00       0.00       0.00       0.00       0.00       0.00       0.00       0.00       0.00       0.00       0.00     199.00      41.00       0.00       0.00       0.00      28.00       0.00       0.00
17시 06분 58초    2       0.00       0.00       0.00     183.00       0.00       0.00       0.00       0.00       0.00       0.00       0.00       0.00       0.00       0.00       0.00       0.00       0.00       0.00       0.00       0.00       0.00       0.00       0.00       0.00       0.00       0.00       0.00       0.00       0.00       0.00       0.00       0.00       0.00       0.00       0.00       0.00       0.00       0.00       0.00       0.00       0.00       0.00       0.00       0.00       0.00       0.00       0.00       0.00       0.00       0.00       0.00       0.00       0.00       0.00       0.00       0.00       0.00       0.00       0.00       0.00       0.00       0.00       0.00       0.00       0.00       0.00       0.00       0.00       0.00       0.00       0.00       0.00       0.00       0.00       0.00       0.00       0.00       0.00       0.00       0.00       0.00       0.00       0.00       0.00       0.00       0.00       0.00       0.00       0.00       0.00       0.00       0.00       0.00       0.00       0.00       0.00       0.00       0.00       0.00       0.00       0.00       0.00       0.00       0.00       0.00       0.00       0.00       0.00       0.00       0.00       0.00       0.00       0.00       0.00       0.00       0.00       0.00       0.00       0.00       0.00       0.00       0.00       0.00       0.00       0.00       0.00       0.00       0.00       0.00       0.00       0.00       0.00       0.00       0.00       0.00       0.00     136.00      20.00       0.00       0.00       0.00      27.00       0.00       0.00
17시 06분 58초    3       0.00       0.00       0.00     192.00       0.00       0.00       0.00       0.00       0.00       0.00       0.00       0.00       0.00       0.00       0.00       0.00       0.00       0.00       0.00       0.00       0.00       0.00       0.00       0.00       0.00       0.00       0.00       0.00       0.00       0.00       0.00       0.00       0.00       0.00       0.00       0.00       0.00       0.00       0.00       0.00       0.00       0.00       0.00       0.00       0.00       0.00       0.00       0.00       0.00       0.00       0.00       0.00       0.00       0.00       0.00       0.00       0.00       0.00       0.00       0.00       0.00       0.00       0.00       0.00       0.00       0.00       0.00       0.00       0.00       0.00       0.00       0.00       0.00       0.00       0.00       0.00       0.00       0.00       0.00       0.00       0.00       0.00       0.00       0.00       0.00       0.00       0.00       0.00       0.00       0.00       0.00       0.00       0.00       0.00       0.00       0.00       0.00       0.00       0.00       0.00       0.00       0.00       0.00       0.00       0.00       0.00       0.00       0.00       0.00       0.00       0.00       0.00       0.00       0.00       0.00       0.00       0.00       0.00       0.00       0.00       0.00       0.00       0.00       0.00       0.00       0.00       0.00       0.00       0.00       0.00       0.00       0.00       0.00       0.00       0.00       0.00     174.00      16.00       0.00       0.00       0.00      35.00       0.00       0.00
17시 06분 58초    4       0.00       0.00       0.00     132.00       0.00       0.00       0.00       0.00       0.00       0.00       0.00       0.00       0.00       0.00       0.00       0.00       0.00       0.00       0.00       0.00       0.00       0.00       0.00       0.00       0.00       0.00       0.00       0.00       0.00       0.00       0.00       0.00       0.00       0.00       0.00       0.00       0.00       0.00       0.00       0.00       0.00       0.00       0.00       0.00       0.00       0.00       0.00       0.00       0.00       0.00       0.00       0.00       0.00       0.00       0.00       0.00       0.00       0.00       0.00       0.00       0.00       0.00       0.00       0.00       0.00       0.00       0.00       0.00       0.00       0.00       0.00       0.00       0.00       0.00       0.00       0.00       0.00       0.00       0.00       0.00       0.00       0.00       0.00       0.00       0.00       0.00       0.00       0.00       0.00       0.00       0.00       0.00       0.00       0.00       0.00       0.00       0.00       0.00       0.00       0.00       0.00       0.00       0.00       0.00       0.00       0.00       0.00       0.00       0.00       0.00       0.00       0.00       0.00       0.00       0.00       0.00       0.00       0.00       0.00       0.00       0.00       0.00       0.00       0.00       0.00       0.00       0.00       0.00       0.00       0.00       0.00       0.00       0.00       0.00       0.00       0.00     183.00      10.00       0.00       0.00       0.00       3.00       0.00       0.00
17시 06분 58초    5       0.00       0.00       0.00     166.00       0.00       0.00       0.00       0.00       0.00       0.00       0.00       0.00       0.00       0.00       0.00       0.00       0.00       0.00       0.00       0.00       0.00       0.00       0.00       0.00       0.00       0.00       0.00       0.00       0.00       0.00       0.00       0.00       0.00       0.00       0.00       0.00       0.00       0.00       0.00       0.00       0.00       0.00       0.00       0.00       0.00       0.00       0.00       0.00       0.00       0.00       0.00       0.00       0.00       0.00       0.00       0.00       0.00       0.00       0.00       0.00       0.00       0.00       0.00       0.00       0.00       0.00       0.00       0.00       0.00       0.00       0.00       0.00       0.00       0.00       0.00       0.00       0.00       0.00       0.00       0.00       0.00       0.00       0.00       0.00       0.00       0.00       0.00       0.00       0.00       0.00       0.00       0.00       0.00       0.00       0.00       0.00       0.00       0.00       0.00       0.00       0.00       0.00       0.00       0.00       0.00       0.00       0.00       0.00       0.00       0.00       0.00       0.00       0.00       0.00       0.00       0.00       0.00       0.00       0.00       0.00       0.00       0.00       0.00       0.00       0.00       0.00       0.00       0.00       0.00       0.00       0.00       0.00       0.00       0.00       0.00       0.00     152.00       4.00       0.00       0.00       0.00       4.00       0.00       0.00

17시 06분 57초  CPU       HI/s    TIMER/s   NET_TX/s   NET_RX/s    BLOCK/s IRQ_POLL/s  TASKLET/s    SCHED/s  HRTIMER/s      RCU/s
17시 06분 58초    0       0.00      15.00      16.00     353.00       0.00       0.00       0.00     113.00       0.00      52.00
17시 06분 58초    1       0.00      29.00       0.00       0.00       0.00       0.00       0.00      84.00       0.00      38.00
17시 06분 58초    2       0.00      12.00       0.00       0.00       0.00       0.00       0.00      75.00       0.00      42.00
17시 06분 58초    3       0.00      25.00       0.00       0.00       0.00       0.00       0.00      75.00       0.00      47.00
17시 06분 58초    4       0.00      23.00       0.00       0.00       0.00       0.00       0.00      51.00       0.00      48.00
17시 06분 58초    5       0.00       6.00       0.00       0.00       0.00       0.00       0.00      73.00       0.00      41.00

17시 06분 58초  CPU    %usr   %nice    %sys %iowait    %irq   %soft  %steal  %guest  %gnice   %idle
17시 06분 59초  all   15.32    0.00    1.52    0.00    0.17    0.17    0.00    0.00    0.00   82.83
17시 06분 59초    0   10.10    0.00    2.02    0.00    0.00    0.00    0.00    0.00    0.00   87.88
17시 06분 59초    1   22.22    0.00    1.01    0.00    0.00    0.00    0.00    0.00    0.00   76.77
17시 06분 59초    2   17.35    0.00    1.02    0.00    0.00    1.02    0.00    0.00    0.00   80.61
17시 06분 59초    3   12.00    0.00    1.00    0.00    1.00    0.00    0.00    0.00    0.00   86.00
17시 06분 59초    4   13.27    0.00    3.06    0.00    0.00    0.00    0.00    0.00    0.00   83.67
17시 06분 59초    5   17.00    0.00    1.00    0.00    0.00    0.00    0.00    0.00    0.00   82.00

17시 06분 58초  CPU    intr/s
17시 06분 59초  all   2875.00
17시 06분 59초    0    592.00
17시 06분 59초    1    172.00
17시 06분 59초    2    135.00
17시 06분 59초    3    122.00
17시 06분 59초    4    127.00
17시 06분 59초    5    114.00

17시 06분 58초  CPU        9/s       11/s       12/s       13/s       18/s       20/s       21/s       22/s       23/s       24/s       25/s       26/s       27/s       28/s       29/s       30/s       31/s       32/s       33/s       34/s       35/s       36/s       37/s       38/s       39/s       40/s       41/s       42/s       43/s       44/s       45/s       46/s       47/s       48/s       49/s       50/s       51/s       52/s       53/s       54/s       55/s       57/s       59/s       61/s       65/s       66/s       67/s       68/s       69/s       70/s       71/s       72/s       73/s       74/s       75/s       76/s       77/s       79/s       80/s       81/s       82/s       83/s       84/s       85/s       86/s       87/s       88/s       89/s       90/s       91/s       92/s       93/s       94/s       95/s       96/s       97/s       98/s      112/s      113/s      114/s      115/s      116/s      117/s      118/s      119/s      120/s      121/s      122/s      123/s      124/s      125/s      126/s      127/s      128/s      129/s      130/s      131/s      132/s      133/s      134/s      135/s      136/s      137/s      138/s      150/s      154/s      162/s      167/s      171/s      224/s      228/s      229/s      230/s      231/s      232/s      233/s      234/s      235/s      236/s      237/s      245/s      246/s      247/s      249/s      250/s      252/s      253/s      262/s      263/s      294/s      296/s      297/s      298/s      299/s      301/s      302/s     IPI0/s     IPI1/s     IPI2/s     IPI3/s     IPI4/s     IPI5/s     IPI6/s      Err/s
17시 06분 59초    0       0.00       0.00       0.00     204.00       0.00       0.00       0.00       0.00       0.00       0.00       0.00       0.00       0.00       0.00       0.00       0.00       0.00       0.00       0.00       0.00       0.00       0.00       0.00       0.00       0.00       0.00       0.00       0.00       0.00       0.00       0.00       0.00       0.00       0.00       0.00       0.00       0.00       0.00       0.00       0.00       0.00       0.00       0.00       0.00       0.00       0.00       0.00       0.00       0.00       0.00       0.00       0.00       0.00       0.00       0.00       0.00       0.00       0.00       0.00       0.00       0.00       0.00       0.00       0.00       0.00       0.00       0.00       0.00       0.00       0.00       0.00       0.00       0.00       0.00       0.00       0.00       0.00       0.00       0.00       1.00       0.00       0.00       0.00       0.00       0.00       0.00       0.00       0.00       0.00       0.00       0.00       0.00       0.00      79.00       0.00       0.00       0.00       0.00       0.00       0.00       0.00       0.00       0.00       0.00       0.00     156.00       0.00       0.00       0.00       0.00       0.00       0.00       0.00       0.00       0.00       0.00       0.00       0.00       0.00       0.00       0.00       0.00       0.00       0.00       0.00       0.00       0.00       0.00       0.00       0.00       0.00       0.00       0.00       0.00     422.00       0.00     190.00      52.00       0.00       0.00       0.00      61.00       0.00       0.00
17시 06분 59초    1       0.00       0.00       0.00     147.00       0.00       0.00       0.00       0.00       0.00       0.00       0.00       0.00       0.00       0.00       0.00       0.00       0.00       0.00       0.00       0.00       0.00       0.00       0.00       0.00       0.00       0.00       0.00       0.00       0.00       0.00       0.00       0.00       0.00       0.00       0.00       0.00       0.00       0.00       0.00       0.00       0.00       0.00       0.00       0.00       0.00       0.00       0.00       0.00       0.00       0.00       0.00       0.00       0.00       0.00       0.00       0.00       0.00       0.00       0.00       0.00       0.00       0.00       0.00       0.00       0.00       0.00       0.00       0.00       0.00       0.00       0.00       0.00       0.00       0.00       0.00       0.00       0.00       0.00       0.00       0.00       0.00       0.00       0.00       0.00       0.00       0.00       0.00       0.00       0.00       0.00       0.00       0.00       0.00       0.00       0.00       0.00       0.00       0.00       0.00       0.00       0.00       0.00       0.00       0.00       0.00       0.00       0.00       0.00       0.00       0.00       0.00       0.00       0.00       0.00       0.00       0.00       0.00       0.00       0.00       0.00       0.00       0.00       0.00       0.00       0.00       0.00       0.00       0.00       0.00       0.00       0.00       0.00       0.00       0.00       0.00       0.00     128.00      53.00       0.00       0.00       0.00      21.00       0.00       0.00
17시 06분 59초    2       0.00       0.00       0.00     146.00       0.00       0.00       0.00       0.00       0.00       0.00       0.00       0.00       0.00       0.00       0.00       0.00       0.00       0.00       0.00       0.00       0.00       0.00       0.00       0.00       0.00       0.00       0.00       0.00       0.00       0.00       0.00       0.00       0.00       0.00       0.00       0.00       0.00       0.00       0.00       0.00       0.00       0.00       0.00       0.00       0.00       0.00       0.00       0.00       0.00       0.00       0.00       0.00       0.00       0.00       0.00       0.00       0.00       0.00       0.00       0.00       0.00       0.00       0.00       0.00       0.00       0.00       0.00       0.00       0.00       0.00       0.00       0.00       0.00       0.00       0.00       0.00       0.00       0.00       0.00       0.00       0.00       0.00       0.00       0.00       0.00       0.00       0.00       0.00       0.00       0.00       0.00       0.00       0.00       0.00       0.00       0.00       0.00       0.00       0.00       0.00       0.00       0.00       0.00       0.00       0.00       0.00       0.00       0.00       0.00       0.00       0.00       0.00       0.00       0.00       0.00       0.00       0.00       0.00       0.00       0.00       0.00       0.00       0.00       0.00       0.00       0.00       0.00       0.00       0.00       0.00       0.00       0.00       0.00       0.00       0.00       0.00     149.00      21.00       0.00       0.00       0.00      27.00       0.00       0.00
17시 06분 59초    3       0.00       0.00       0.00     155.00       0.00       0.00       0.00       0.00       0.00       0.00       0.00       0.00       0.00       0.00       0.00       0.00       0.00       0.00       0.00       0.00       0.00       0.00       0.00       0.00       0.00       0.00       0.00       0.00       0.00       0.00       0.00       0.00       0.00       0.00       0.00       0.00       0.00       0.00       0.00       0.00       0.00       0.00       0.00       0.00       0.00       0.00       0.00       0.00       0.00       0.00       0.00       0.00       0.00       0.00       0.00       0.00       0.00       0.00       0.00       0.00       0.00       0.00       0.00       0.00       0.00       0.00       0.00       0.00       0.00       0.00       0.00       0.00       0.00       0.00       0.00       0.00       0.00       0.00       0.00       0.00       0.00       0.00       0.00       0.00       0.00       0.00       0.00       0.00       0.00       0.00       0.00       0.00       0.00       0.00       0.00       0.00       0.00       0.00       0.00       0.00       0.00       0.00       0.00       0.00       0.00       0.00       0.00       0.00       0.00       0.00       0.00       0.00       0.00       0.00       0.00       0.00       0.00       0.00       0.00       0.00       0.00       0.00       0.00       0.00       0.00       0.00       0.00       0.00       0.00       0.00       0.00       0.00       0.00       0.00       0.00       0.00     166.00      12.00       0.00       0.00       0.00      16.00       0.00       0.00
17시 06분 59초    4       0.00       0.00       0.00     202.00       0.00       0.00       0.00       0.00       0.00       0.00       0.00       0.00       0.00       0.00       0.00       0.00       0.00       0.00       0.00       0.00       0.00       0.00       0.00       0.00       0.00       0.00       0.00       0.00       0.00       0.00       0.00       0.00       0.00       0.00       0.00       0.00       0.00       0.00       0.00       0.00       0.00       0.00       0.00       0.00       0.00       0.00       0.00       0.00       0.00       0.00       0.00       0.00       0.00       0.00       0.00       0.00       0.00       0.00       0.00       0.00       0.00       0.00       0.00       0.00       0.00       0.00       0.00       0.00       0.00       0.00       0.00       0.00       0.00       0.00       0.00       0.00       0.00       0.00       0.00       0.00       0.00       0.00       0.00       0.00       0.00       0.00       0.00       0.00       0.00       0.00       0.00       0.00       0.00       0.00       0.00       0.00       0.00       0.00       0.00       0.00       0.00       0.00       0.00       0.00       0.00       0.00       0.00       0.00       0.00       0.00       0.00       0.00       0.00       0.00       0.00       0.00       0.00       0.00       0.00       0.00       0.00       0.00       0.00       0.00       0.00       0.00       0.00       0.00       0.00       0.00       0.00       0.00       0.00       0.00       0.00       0.00     160.00       4.00       0.00       0.00       0.00      16.00       0.00       0.00
17시 06분 59초    5       0.00       0.00       0.00     150.00       0.00       0.00       0.00       0.00       0.00       0.00       0.00       0.00       0.00       0.00       0.00       0.00       0.00       0.00       0.00       0.00       0.00       0.00       0.00       0.00       0.00       0.00       0.00       0.00       0.00       0.00       0.00       0.00       0.00       0.00       0.00       0.00       0.00       0.00       0.00       0.00       0.00       0.00       0.00       0.00       0.00       0.00       0.00       0.00       0.00       0.00       0.00       0.00       0.00       0.00       0.00       0.00       0.00       0.00       0.00       0.00       0.00       0.00       0.00       0.00       0.00       0.00       0.00       0.00       0.00       0.00       0.00       0.00       0.00       0.00       0.00       0.00       0.00       0.00       0.00       0.00       0.00       0.00       0.00       0.00       0.00       0.00       0.00       0.00       0.00       0.00       0.00       0.00       0.00       0.00       0.00       0.00       0.00       0.00       0.00       0.00       0.00       0.00       0.00       0.00       0.00       0.00       0.00       0.00       0.00       0.00       0.00       0.00       0.00       0.00       0.00       0.00       0.00       0.00       0.00       0.00       0.00       0.00       0.00       0.00       0.00       0.00       0.00       0.00       0.00       0.00       0.00       0.00       0.00       0.00       0.00       0.00     133.00       0.00       0.00       0.00       0.00       7.00       0.00       0.00

17시 06분 58초  CPU       HI/s    TIMER/s   NET_TX/s   NET_RX/s    BLOCK/s IRQ_POLL/s  TASKLET/s    SCHED/s  HRTIMER/s      RCU/s
17시 06분 59초    0       0.00      26.00      17.00     388.00       0.00       0.00       0.00     112.00       0.00      49.00
17시 06분 59초    1       0.00      27.00       0.00       0.00       0.00       0.00       0.00     100.00       0.00      45.00
17시 06분 59초    2       0.00      21.00       0.00       0.00       0.00       0.00       0.00      67.00       0.00      47.00
17시 06분 59초    3       0.00      22.00       0.00       0.00       0.00       0.00       0.00      62.00       0.00      38.00
17시 06분 59초    4       0.00       6.00       0.00       0.00       0.00       0.00       0.00      71.00       0.00      50.00
17시 06분 59초    5       0.00      17.00       0.00       0.00       0.00       0.00       0.00      50.00       0.00      47.00

17시 06분 59초  CPU    %usr   %nice    %sys %iowait    %irq   %soft  %steal  %guest  %gnice   %idle
17시 07분 00초  all   16.14    0.00    2.33    0.00    0.33    0.00    0.00    0.00    0.00   81.20
17시 07분 00초    0    0.99    0.00    0.99    0.00    0.99    0.00    0.00    0.00    0.00   97.03
17시 07분 00초    1    1.98    0.00    1.98    0.00    0.00    0.00    0.00    0.00    0.00   96.04
17시 07분 00초    2    0.00    0.00    2.00    0.00    0.00    0.00    0.00    0.00    0.00   98.00
17시 07분 00초    3    0.00    0.00    2.00    0.00    0.00    0.00    0.00    0.00    0.00   98.00
17시 07분 00초    4   94.00    0.00    5.00    0.00    1.00    0.00    0.00    0.00    0.00    0.00
17시 07분 00초    5    0.00    0.00    2.02    0.00    0.00    0.00    0.00    0.00    0.00   97.98

17시 06분 59초  CPU    intr/s
17시 07분 00초  all    977.00
17시 07분 00초    0    183.00
17시 07분 00초    1     95.00
17시 07분 00초    2     66.00
17시 07분 00초    3     94.00
17시 07분 00초    4    108.00
17시 07분 00초    5    102.00

17시 06분 59초  CPU        9/s       11/s       12/s       13/s       18/s       20/s       21/s       22/s       23/s       24/s       25/s       26/s       27/s       28/s       29/s       30/s       31/s       32/s       33/s       34/s       35/s       36/s       37/s       38/s       39/s       40/s       41/s       42/s       43/s       44/s       45/s       46/s       47/s       48/s       49/s       50/s       51/s       52/s       53/s       54/s       55/s       57/s       59/s       61/s       65/s       66/s       67/s       68/s       69/s       70/s       71/s       72/s       73/s       74/s       75/s       76/s       77/s       79/s       80/s       81/s       82/s       83/s       84/s       85/s       86/s       87/s       88/s       89/s       90/s       91/s       92/s       93/s       94/s       95/s       96/s       97/s       98/s      112/s      113/s      114/s      115/s      116/s      117/s      118/s      119/s      120/s      121/s      122/s      123/s      124/s      125/s      126/s      127/s      128/s      129/s      130/s      131/s      132/s      133/s      134/s      135/s      136/s      137/s      138/s      150/s      154/s      162/s      167/s      171/s      224/s      228/s      229/s      230/s      231/s      232/s      233/s      234/s      235/s      236/s      237/s      245/s      246/s      247/s      249/s      250/s      252/s      253/s      262/s      263/s      294/s      296/s      297/s      298/s      299/s      301/s      302/s     IPI0/s     IPI1/s     IPI2/s     IPI3/s     IPI4/s     IPI5/s     IPI6/s      Err/s
17시 07분 00초    0       0.00       0.00       0.00     117.00       0.00       0.00       0.00       0.00       0.00       0.00       0.00       0.00       0.00       0.00       0.00       0.00       0.00       0.00       0.00       0.00       0.00       0.00       0.00       0.00       0.00       0.00       0.00       0.00       0.00       0.00       0.00       0.00       0.00       0.00       0.00       0.00       0.00       0.00       0.00       0.00       0.00       0.00       0.00       0.00       0.00       0.00       0.00       0.00       0.00       0.00       0.00       0.00       0.00       0.00       0.00       0.00       0.00       0.00       0.00       0.00       0.00       0.00       0.00       0.00       0.00       0.00       0.00       0.00       0.00       0.00       0.00       0.00       0.00       0.00       0.00       0.00       0.00       0.00       0.00      11.00       0.00       0.00       0.00       0.00       0.00       0.00       0.00       0.00       0.00       0.00       0.00       0.00       0.00       4.00       0.00       0.00       0.00       0.00       0.00       0.00       0.00       0.00       0.00       0.00       0.00      46.00       0.00       0.00       0.00       0.00       0.00       0.00       0.00       0.00       0.00       0.00       0.00       0.00       0.00       0.00       0.00       0.00       0.00       0.00       0.00       0.00       0.00       0.00       0.00       0.00       0.00       0.00       0.00       0.00      58.00       0.00      36.00      35.00       0.00       0.00       0.00      19.00       0.00       0.00
17시 07분 00초    1       0.00       0.00       0.00      68.00       0.00       0.00       0.00       0.00       0.00       0.00       0.00       0.00       0.00       0.00       0.00       0.00       0.00       0.00       0.00       0.00       0.00       0.00       0.00       0.00       0.00       0.00       0.00       0.00       0.00       0.00       0.00       0.00       0.00       0.00       0.00       0.00       0.00       0.00       0.00       0.00       0.00       0.00       0.00       0.00       0.00       0.00       0.00       0.00       0.00       0.00       0.00       0.00       0.00       0.00       0.00       0.00       0.00       0.00       0.00       0.00       0.00       0.00       0.00       0.00       0.00       0.00       0.00       0.00       0.00       0.00       0.00       0.00       0.00       0.00       0.00       0.00       0.00       0.00       0.00       0.00       0.00       0.00       0.00       0.00       0.00       0.00       0.00       0.00       0.00       0.00       0.00       0.00       0.00       0.00       0.00       0.00       0.00       0.00       0.00       0.00       0.00       0.00       0.00       0.00       0.00       0.00       0.00       0.00       0.00       0.00       0.00       0.00       0.00       0.00       0.00       0.00       0.00       0.00       0.00       0.00       0.00       0.00       0.00       0.00       0.00       0.00       0.00       0.00       0.00       0.00       0.00       0.00       0.00       0.00       0.00       0.00      12.00      16.00       0.00       0.00       0.00       2.00       0.00       0.00
17시 07분 00초    2       0.00       0.00       0.00      65.00       0.00       0.00       0.00       0.00       0.00       0.00       0.00       0.00       0.00       0.00       0.00       0.00       0.00       0.00       0.00       0.00       0.00       0.00       0.00       0.00       0.00       0.00       0.00       0.00       0.00       0.00       0.00       0.00       0.00       0.00       0.00       0.00       0.00       0.00       0.00       0.00       0.00       0.00       0.00       0.00       0.00       0.00       0.00       0.00       0.00       0.00       0.00       0.00       0.00       0.00       0.00       0.00       0.00       0.00       0.00       0.00       0.00       0.00       0.00       0.00       0.00       0.00       0.00       0.00       0.00       0.00       0.00       0.00       0.00       0.00       0.00       0.00       0.00       0.00       0.00       0.00       0.00       0.00       0.00       0.00       0.00       0.00       0.00       0.00       0.00       0.00       0.00       0.00       0.00       0.00       0.00       0.00       0.00       0.00       0.00       0.00       0.00       0.00       0.00       0.00       0.00       0.00       0.00       0.00       0.00       0.00       0.00       0.00       0.00       0.00       0.00       0.00       0.00       0.00       0.00       0.00       0.00       0.00       0.00       0.00       0.00       0.00       0.00       0.00       0.00       0.00       0.00       0.00       0.00       0.00       0.00       0.00      14.00       2.00       0.00       0.00       0.00       2.00       0.00       0.00
17시 07분 00초    3       0.00       0.00       0.00      72.00       0.00       0.00       0.00       0.00       0.00       0.00       0.00       0.00       0.00       0.00       0.00       0.00       0.00       0.00       0.00       0.00       0.00       0.00       0.00       0.00       0.00       0.00       0.00       0.00       0.00       0.00       0.00       0.00       0.00       0.00       0.00       0.00       0.00       0.00       0.00       0.00       0.00       0.00       0.00       0.00       0.00       0.00       0.00       0.00       0.00       0.00       0.00       0.00       0.00       0.00       0.00       0.00       0.00       0.00       0.00       0.00       0.00       0.00       0.00       0.00       0.00       0.00       0.00       0.00       0.00       0.00       0.00       0.00       0.00       0.00       0.00       0.00       0.00       0.00       0.00       0.00       0.00       0.00       0.00       0.00       0.00       0.00       0.00       0.00       0.00       0.00       0.00       0.00       0.00       0.00       0.00       0.00       0.00       0.00       0.00       0.00       0.00       0.00       0.00       0.00       0.00       0.00       0.00       0.00       0.00       0.00       0.00       0.00       0.00       0.00       0.00       0.00       0.00       0.00       0.00       0.00       0.00       0.00       0.00       0.00       0.00       0.00       0.00       0.00       0.00       0.00       0.00       0.00       0.00       0.00       0.00       0.00      14.00       1.00       0.00       0.00       0.00       1.00       0.00       0.00
17시 07분 00초    4       0.00       0.00       0.00     255.00       0.00       0.00       0.00       0.00       0.00       0.00       0.00       0.00       0.00       0.00       0.00       0.00       0.00       0.00       0.00       0.00       0.00       0.00       0.00       0.00       0.00       0.00       0.00       0.00       0.00       0.00       0.00       0.00       0.00       0.00       0.00       0.00       0.00       0.00       0.00       0.00       0.00       0.00       0.00       0.00       0.00       0.00       0.00       0.00       0.00       0.00       0.00       0.00       0.00       0.00       0.00       0.00       0.00       0.00       0.00       0.00       0.00       0.00       0.00       0.00       0.00       0.00       0.00       0.00       0.00       0.00       0.00       0.00       0.00       0.00       0.00       0.00       0.00       0.00       0.00       0.00       0.00       0.00       0.00       0.00       0.00       0.00       0.00       0.00       0.00       0.00       0.00       0.00       0.00       0.00       0.00       0.00       0.00       0.00       0.00       0.00       0.00       0.00       0.00       0.00       0.00       0.00       0.00       0.00       0.00       0.00       0.00       0.00       0.00       0.00       0.00       0.00       0.00       0.00       0.00       0.00       0.00       0.00       0.00       0.00       0.00       0.00       0.00       0.00       0.00       0.00       0.00       0.00       0.00       0.00       0.00       0.00      14.00       0.00       0.00       0.00       0.00       2.00       0.00       0.00
17시 07분 00초    5       0.00       0.00       0.00      91.00       0.00       0.00       0.00       0.00       0.00       0.00       0.00       0.00       0.00       0.00       0.00       0.00       0.00       0.00       0.00       0.00       0.00       0.00       0.00       0.00       0.00       0.00       0.00       0.00       0.00       0.00       0.00       0.00       0.00       0.00       0.00       0.00       0.00       0.00       0.00       0.00       0.00       0.00       0.00       0.00       0.00       0.00       0.00       0.00       0.00       0.00       0.00       0.00       0.00       0.00       0.00       0.00       0.00       0.00       0.00       0.00       0.00       0.00       0.00       0.00       0.00       0.00       0.00       0.00       0.00       0.00       0.00       0.00       0.00       0.00       0.00       0.00       0.00       0.00       0.00       0.00       0.00       0.00       0.00       0.00       0.00       0.00       0.00       0.00       0.00       0.00       0.00       0.00       0.00       0.00       0.00       0.00       0.00       0.00       0.00       0.00       0.00       0.00       0.00       0.00       0.00       0.00       0.00       0.00       0.00       0.00       0.00       0.00       0.00       0.00       0.00       0.00       0.00       0.00       0.00       0.00       0.00       0.00       0.00       0.00       0.00       0.00       0.00       0.00       0.00       0.00       0.00       0.00       0.00       0.00       0.00       0.00      17.00       1.00       0.00       0.00       0.00       0.00       0.00       0.00

17시 06분 59초  CPU       HI/s    TIMER/s   NET_TX/s   NET_RX/s    BLOCK/s IRQ_POLL/s  TASKLET/s    SCHED/s  HRTIMER/s      RCU/s
17시 07분 00초    0       0.00      30.00       3.00      54.00       0.00       0.00       0.00      61.00       0.00      35.00
17시 07분 00초    1       0.00      20.00       0.00       0.00       0.00       0.00       0.00      44.00       0.00      31.00
17시 07분 00초    2       0.00      12.00       0.00       0.00       0.00       0.00       0.00      24.00       0.00      30.00
17시 07분 00초    3       0.00      30.00       0.00       0.00       0.00       0.00       0.00      29.00       0.00      35.00
17시 07분 00초    4       0.00       1.00       0.00       0.00       0.00       0.00       0.00       8.00       0.00      99.00
17시 07분 00초    5       0.00      23.00       0.00       0.00       0.00       0.00       0.00      34.00       0.00      45.00

17시 07분 00초  CPU    %usr   %nice    %sys %iowait    %irq   %soft  %steal  %guest  %gnice   %idle
17시 07분 01초  all   10.03    0.00   10.54    0.00    0.00    0.00    0.00    0.00    0.00   79.43
17시 07분 01초    0    1.01    0.00    2.02    0.00    0.00    0.00    0.00    0.00    0.00   96.97
17시 07분 01초    1    0.00    0.00   10.10    0.00    0.00    0.00    0.00    0.00    0.00   89.90
17시 07분 01초    2    1.00    0.00    7.00    0.00    0.00    0.00    0.00    0.00    0.00   92.00
17시 07분 01초    3    0.00    0.00    2.00    0.00    0.00    0.00    0.00    0.00    0.00   98.00
17시 07분 01초    4   57.00    0.00    9.00    0.00    0.00    0.00    0.00    0.00    0.00   34.00
17시 07분 01초    5    1.00    0.00   33.00    0.00    0.00    0.00    0.00    0.00    0.00   66.00

17시 07분 00초  CPU    intr/s
17시 07분 01초  all   1238.00
17시 07분 01초    0    219.00
17시 07분 01초    1    142.00
17시 07분 01초    2     89.00
17시 07분 01초    3     87.00
17시 07분 01초    4    153.00
17시 07분 01초    5    217.00

17시 07분 00초  CPU        9/s       11/s       12/s       13/s       18/s       20/s       21/s       22/s       23/s       24/s       25/s       26/s       27/s       28/s       29/s       30/s       31/s       32/s       33/s       34/s       35/s       36/s       37/s       38/s       39/s       40/s       41/s       42/s       43/s       44/s       45/s       46/s       47/s       48/s       49/s       50/s       51/s       52/s       53/s       54/s       55/s       57/s       59/s       61/s       65/s       66/s       67/s       68/s       69/s       70/s       71/s       72/s       73/s       74/s       75/s       76/s       77/s       79/s       80/s       81/s       82/s       83/s       84/s       85/s       86/s       87/s       88/s       89/s       90/s       91/s       92/s       93/s       94/s       95/s       96/s       97/s       98/s      112/s      113/s      114/s      115/s      116/s      117/s      118/s      119/s      120/s      121/s      122/s      123/s      124/s      125/s      126/s      127/s      128/s      129/s      130/s      131/s      132/s      133/s      134/s      135/s      136/s      137/s      138/s      150/s      154/s      162/s      167/s      171/s      224/s      228/s      229/s      230/s      231/s      232/s      233/s      234/s      235/s      236/s      237/s      245/s      246/s      247/s      249/s      250/s      252/s      253/s      262/s      263/s      294/s      296/s      297/s      298/s      299/s      301/s      302/s     IPI0/s     IPI1/s     IPI2/s     IPI3/s     IPI4/s     IPI5/s     IPI6/s      Err/s
17시 07분 01초    0       0.00       0.00       0.00     137.00       0.00       0.00       0.00       0.00       0.00       0.00       0.00       0.00       0.00       0.00       0.00       0.00       0.00       0.00       0.00       0.00       0.00       0.00       0.00       0.00       0.00       0.00       0.00       0.00       0.00       0.00       0.00       0.00       0.00       0.00       0.00       0.00       0.00       0.00       0.00       0.00       0.00       0.00       0.00       0.00       0.00       0.00       0.00       0.00       0.00       0.00       0.00       0.00       0.00       0.00       0.00       0.00       0.00       0.00       0.00       0.00       0.00       0.00       0.00       0.00       0.00       0.00       0.00       0.00       0.00       0.00       0.00       0.00       0.00       0.00       0.00       0.00       0.00      74.00       0.00       6.00       0.00       0.00       0.00       0.00       0.00       0.00       0.00       0.00       0.00       0.00       0.00       0.00       0.00       0.00       0.00       0.00       0.00       0.00       0.00       0.00       0.00       0.00       0.00       0.00       0.00      51.00       0.00       0.00       0.00       0.00       0.00       0.00       0.00       0.00       0.00       0.00       0.00       0.00       0.00       0.00       0.00       0.00       0.00       0.00       0.00       0.00       0.00       0.00       0.00       0.00       0.00       0.00       0.00       0.00      36.00       0.00      48.00      48.00       0.00       0.00       0.00      12.00       0.00       0.00
17시 07분 01초    1       0.00       0.00       0.00     101.00       0.00       0.00       0.00       0.00       0.00       0.00       0.00       0.00       0.00       0.00       0.00       0.00       0.00       0.00       0.00       0.00       0.00       0.00       0.00       0.00       0.00       0.00       0.00       0.00       0.00       0.00       0.00       0.00       0.00       0.00       0.00       0.00       0.00       0.00       0.00       0.00       0.00       0.00       0.00       0.00       0.00       0.00       0.00       0.00       0.00       0.00       0.00       0.00       0.00       0.00       0.00       0.00       0.00       0.00       0.00       0.00       0.00       0.00       0.00       0.00       0.00       0.00       0.00       0.00       0.00       0.00       0.00       0.00       0.00       0.00       0.00       0.00       0.00       0.00       0.00       0.00       0.00       0.00       0.00       0.00       0.00       0.00       0.00       0.00       0.00       0.00       0.00       0.00       0.00       0.00       0.00       0.00       0.00       0.00       0.00       0.00       0.00       0.00       0.00       0.00       0.00       0.00       0.00       0.00       0.00       0.00       0.00       0.00       0.00       0.00       0.00       0.00       0.00       0.00       0.00       0.00       0.00       0.00       0.00       0.00       0.00       0.00       0.00       0.00       0.00       0.00       0.00       0.00       0.00       0.00       0.00       0.00      82.00      11.00       0.00       0.00       0.00      16.00       0.00       0.00
17시 07분 01초    2       0.00       0.00       0.00      57.00       0.00       0.00       0.00       0.00       0.00       0.00       0.00       0.00       0.00       0.00       0.00       0.00       0.00       0.00       0.00       0.00       0.00       0.00       0.00       0.00       0.00       0.00       0.00       0.00       0.00       0.00       0.00       0.00       0.00       0.00       0.00       0.00       0.00       0.00       0.00       0.00       0.00       0.00       0.00       0.00       0.00       0.00       0.00       0.00       0.00       0.00       0.00       0.00       0.00       0.00       0.00       0.00       0.00       0.00       0.00       0.00       0.00       0.00       0.00       0.00       0.00       0.00       0.00       0.00       0.00       0.00       0.00       0.00       0.00       0.00       0.00       0.00       0.00       0.00       0.00       0.00       0.00       0.00       0.00       0.00       0.00       0.00       0.00       0.00       0.00       0.00       0.00       0.00       0.00       0.00       0.00       0.00       0.00       0.00       0.00       0.00       0.00       0.00       0.00       0.00       0.00       0.00       0.00       0.00       0.00       0.00       0.00       0.00       0.00       0.00       0.00       0.00       0.00       0.00       0.00       0.00       0.00       0.00       0.00       0.00       0.00       0.00       0.00       0.00       0.00       0.00       0.00       0.00       0.00       0.00       0.00       0.00       9.00      10.00       0.00       0.00       0.00       5.00       0.00       0.00
17시 07분 01초    3       0.00       0.00       0.00      67.00       0.00       0.00       0.00       0.00       0.00       0.00       0.00       0.00       0.00       0.00       0.00       0.00       0.00       0.00       0.00       0.00       0.00       0.00       0.00       0.00       0.00       0.00       0.00       0.00       0.00       0.00       0.00       0.00       0.00       0.00       0.00       0.00       0.00       0.00       0.00       0.00       0.00       0.00       0.00       0.00       0.00       0.00       0.00       0.00       0.00       0.00       0.00       0.00       0.00       0.00       0.00       0.00       0.00       0.00       0.00       0.00       0.00       0.00       0.00       0.00       0.00       0.00       0.00       0.00       0.00       0.00       0.00       0.00       0.00       0.00       0.00       0.00       0.00       0.00       0.00       0.00       0.00       0.00       0.00       0.00       0.00       0.00       0.00       0.00       0.00       0.00       0.00       0.00       0.00       0.00       0.00       0.00       0.00       0.00       0.00       0.00       0.00       0.00       0.00       0.00       0.00       0.00       0.00       0.00       0.00       0.00       0.00       0.00       0.00       0.00       0.00       0.00       0.00       0.00       0.00       0.00       0.00       0.00       0.00       0.00       0.00       0.00       0.00       0.00       0.00       0.00       0.00       0.00       0.00       0.00       0.00       0.00      12.00       4.00       0.00       0.00       0.00       5.00       0.00       0.00
17시 07분 01초    4       0.00       0.00       0.00     194.00       0.00       0.00       0.00       0.00       0.00       0.00       0.00       0.00       0.00       0.00       0.00       0.00       0.00       0.00       0.00       0.00       0.00       0.00       0.00       0.00       0.00       0.00       0.00       0.00       0.00       0.00       0.00       0.00       0.00       0.00       0.00       0.00       0.00       0.00       0.00       0.00       0.00       0.00       0.00       0.00       0.00       0.00       0.00       0.00       0.00       0.00       0.00       0.00       0.00       0.00       0.00       0.00       0.00       0.00       0.00       0.00       0.00       0.00       0.00       0.00       0.00       0.00       0.00       0.00       0.00       0.00       0.00       0.00       0.00       0.00       0.00       0.00       0.00       0.00       0.00       0.00       0.00       0.00       0.00       0.00       0.00       0.00       0.00       0.00       0.00       0.00       0.00       0.00       0.00       0.00       0.00       0.00       0.00       0.00       0.00       0.00       0.00       0.00       0.00       0.00       0.00       0.00       0.00       0.00       0.00       0.00       0.00       0.00       0.00       0.00       0.00       0.00       0.00       0.00       0.00       0.00       0.00       0.00       0.00       0.00       0.00       0.00       0.00       0.00       0.00       0.00       0.00       0.00       0.00       0.00       0.00       0.00       6.00       1.00       0.00       0.00       0.00       0.00       0.00       0.00
17시 07분 01초    5       0.00       0.00       0.00     156.00       0.00       0.00       0.00       0.00       0.00       0.00       0.00       0.00       0.00       0.00       0.00       0.00       0.00       0.00       0.00       0.00       0.00       0.00       0.00       0.00       0.00       0.00       0.00       0.00       0.00       0.00       0.00       0.00       0.00       0.00       0.00       0.00       0.00       0.00       0.00       0.00       0.00       0.00       0.00       0.00       0.00       0.00       0.00       0.00       0.00       0.00       0.00       0.00       0.00       0.00       0.00       0.00       0.00       0.00       0.00       0.00       0.00       0.00       0.00       0.00       0.00       0.00       0.00       0.00       0.00       0.00       0.00       0.00       0.00       0.00       0.00       0.00       0.00       0.00       0.00       0.00       0.00       0.00       0.00       0.00       0.00       0.00       0.00       0.00       0.00       0.00       0.00       0.00       0.00       0.00       0.00       0.00       0.00       0.00       0.00       0.00       0.00       0.00       0.00       0.00       0.00       0.00       0.00       0.00       0.00       0.00       0.00       0.00       0.00       0.00       0.00       0.00       0.00       0.00       0.00       0.00       0.00       0.00       0.00       0.00       0.00       0.00       0.00       0.00       0.00       0.00       0.00       0.00       0.00       0.00       0.00       0.00      85.00       5.00       0.00       0.00       0.00       1.00       0.00       0.00

17시 07분 00초  CPU       HI/s    TIMER/s   NET_TX/s   NET_RX/s    BLOCK/s IRQ_POLL/s  TASKLET/s    SCHED/s  HRTIMER/s      RCU/s
17시 07분 01초    0       0.00      38.00       1.00      33.00       0.00       0.00       0.00      86.00       0.00      61.00
17시 07분 01초    1       0.00      28.00       0.00       0.00       0.00       0.00       0.00      53.00       0.00      61.00
17시 07분 01초    2       0.00      19.00       0.00       0.00       0.00       0.00       0.00      33.00       0.00      37.00
17시 07분 01초    3       0.00      26.00       0.00       0.00       0.00       0.00       0.00      25.00       0.00      36.00
17시 07분 01초    4       0.00       2.00       0.00       0.00       0.00       0.00       0.00      16.00       0.00     135.00
17시 07분 01초    5       0.00      27.00       0.00       0.00       0.00       0.00       0.00      37.00       0.00     153.00

17시 07분 01초  CPU    %usr   %nice    %sys %iowait    %irq   %soft  %steal  %guest  %gnice   %idle
17시 07분 02초  all    0.67    0.00    5.19    0.34    0.17    0.00    0.00    0.00    0.00   93.63
17시 07분 02초    0    1.01    0.00   15.15    0.00    0.00    0.00    0.00    0.00    0.00   83.84
17시 07분 02초    1    1.02    0.00    0.00    2.04    0.00    0.00    0.00    0.00    0.00   96.94
17시 07분 02초    2    0.00    0.00   12.87    0.00    0.99    0.00    0.00    0.00    0.00   86.14
17시 07분 02초    3    1.00    0.00    1.00    0.00    0.00    0.00    0.00    0.00    0.00   98.00
17시 07분 02초    4    0.00    0.00    0.00    0.00    0.00    0.00    0.00    0.00    0.00  100.00
17시 07분 02초    5    1.01    0.00    2.02    0.00    0.00    0.00    0.00    0.00    0.00   96.97

17시 07분 01초  CPU    intr/s
17시 07분 02초  all    763.00
17시 07분 02초    0    163.00
17시 07분 02초    1     89.00
17시 07분 02초    2     67.00
17시 07분 02초    3     69.00
17시 07분 02초    4     95.00
17시 07분 02초    5     71.00

17시 07분 01초  CPU        9/s       11/s       12/s       13/s       18/s       20/s       21/s       22/s       23/s       24/s       25/s       26/s       27/s       28/s       29/s       30/s       31/s       32/s       33/s       34/s       35/s       36/s       37/s       38/s       39/s       40/s       41/s       42/s       43/s       44/s       45/s       46/s       47/s       48/s       49/s       50/s       51/s       52/s       53/s       54/s       55/s       57/s       59/s       61/s       65/s       66/s       67/s       68/s       69/s       70/s       71/s       72/s       73/s       74/s       75/s       76/s       77/s       79/s       80/s       81/s       82/s       83/s       84/s       85/s       86/s       87/s       88/s       89/s       90/s       91/s       92/s       93/s       94/s       95/s       96/s       97/s       98/s      112/s      113/s      114/s      115/s      116/s      117/s      118/s      119/s      120/s      121/s      122/s      123/s      124/s      125/s      126/s      127/s      128/s      129/s      130/s      131/s      132/s      133/s      134/s      135/s      136/s      137/s      138/s      150/s      154/s      162/s      167/s      171/s      224/s      228/s      229/s      230/s      231/s      232/s      233/s      234/s      235/s      236/s      237/s      245/s      246/s      247/s      249/s      250/s      252/s      253/s      262/s      263/s      294/s      296/s      297/s      298/s      299/s      301/s      302/s     IPI0/s     IPI1/s     IPI2/s     IPI3/s     IPI4/s     IPI5/s     IPI6/s      Err/s
17시 07분 02초    0       0.00       0.00       0.00     126.00       0.00       0.00       0.00       0.00       0.00       0.00       0.00       0.00       0.00       0.00       0.00       0.00       0.00       0.00       0.00       0.00       0.00       0.00       0.00       0.00       0.00       0.00       0.00       0.00       0.00       0.00       0.00       0.00       0.00       0.00       0.00       0.00       0.00       0.00       0.00       0.00       0.00       0.00       0.00       0.00       0.00       0.00     134.00       0.00       0.00       0.00       0.00       0.00       0.00       0.00       0.00       0.00       0.00       0.00       0.00       0.00       0.00       0.00       0.00       0.00       0.00       0.00       0.00       0.00       0.00       0.00       0.00       0.00       0.00       0.00       0.00       0.00       0.00       2.00       0.00       5.00       0.00       0.00       0.00       0.00       0.00       0.00       0.00       0.00       0.00       0.00       0.00       0.00       0.00       0.00       0.00       0.00       0.00       0.00       0.00       0.00       0.00       0.00       0.00       0.00       0.00      41.00       0.00       0.00       0.00       0.00       0.00       0.00       0.00       0.00       0.00       0.00       0.00       0.00       0.00       0.00       0.00       0.00       0.00       0.00       0.00       0.00       0.00       0.00       0.00       0.00       0.00       0.00       0.00       0.00      24.00       0.00      16.00      13.00       0.00       0.00       0.00       8.00       0.00       0.00
17시 07분 02초    1       0.00       0.00       0.00      56.00       0.00       0.00       0.00       0.00       0.00       0.00       0.00       0.00       0.00       0.00       0.00       0.00       0.00       0.00       0.00       0.00       0.00       0.00       0.00       0.00       0.00       0.00       0.00       0.00       0.00       0.00       0.00       0.00       0.00       0.00       0.00       0.00       0.00       0.00       0.00       0.00       0.00       0.00       0.00       0.00       0.00       0.00       0.00       0.00       0.00       0.00       0.00       0.00       0.00       0.00       0.00       0.00       0.00       0.00       0.00       0.00       0.00       0.00       0.00       0.00       0.00       0.00       0.00       0.00       0.00       0.00       0.00       0.00       0.00       0.00       0.00       0.00       0.00       0.00       0.00       0.00       0.00       0.00       0.00       0.00       0.00       0.00       0.00       0.00       0.00       0.00       0.00       0.00       0.00       0.00       0.00       0.00       0.00       0.00       0.00       0.00       0.00       0.00       0.00       0.00       0.00       0.00       0.00       0.00       0.00       0.00       0.00       0.00       0.00       0.00       0.00       0.00       0.00       0.00       0.00       0.00       0.00       0.00       0.00       0.00       0.00       0.00       0.00       0.00       0.00       0.00       0.00       0.00       0.00       0.00       0.00       0.00       3.00      17.00       0.00       0.00       0.00       1.00       0.00       0.00
17시 07분 02초    2       0.00       0.00       0.00      69.00       0.00       0.00       0.00       0.00       0.00       0.00       0.00       0.00       0.00       0.00       0.00       0.00       0.00       0.00       0.00       0.00       0.00       0.00       0.00       0.00       0.00       0.00       0.00       0.00       0.00       0.00       0.00       0.00       0.00       0.00       0.00       0.00       0.00       0.00       0.00       0.00       0.00       0.00       0.00       0.00       0.00       0.00       0.00       0.00       0.00       0.00       0.00       0.00       0.00       0.00       0.00       0.00       0.00       0.00       0.00       0.00       0.00       0.00       0.00       0.00       0.00       0.00       0.00       0.00       0.00       0.00       0.00       0.00       0.00       0.00       0.00       0.00       0.00       0.00       0.00       0.00       0.00       0.00       0.00       0.00       0.00       0.00       0.00       0.00       0.00       0.00       0.00       0.00       0.00       0.00       0.00       0.00       0.00       0.00       0.00       0.00       0.00       0.00       0.00       0.00       0.00       0.00       0.00       0.00       0.00       0.00       0.00       0.00       0.00       0.00       0.00       0.00       0.00       0.00       0.00       0.00       0.00       0.00       0.00       0.00       0.00       0.00       0.00       0.00       0.00       0.00       0.00       0.00       0.00       0.00       0.00       0.00      11.00       2.00       0.00       0.00       0.00       3.00       0.00       0.00
17시 07분 02초    3       0.00       0.00       0.00      68.00       0.00       0.00       0.00       0.00       0.00       0.00       0.00       0.00       0.00       0.00       0.00       0.00       0.00       0.00       0.00       0.00       0.00       0.00       0.00       0.00       0.00       0.00       0.00       0.00       0.00       0.00       0.00       0.00       0.00       0.00       0.00       0.00       0.00       0.00       0.00       0.00       0.00       0.00       0.00       0.00       0.00       0.00       0.00       0.00       0.00       0.00       0.00       0.00       0.00       0.00       0.00       0.00       0.00       0.00       0.00       0.00       0.00       0.00       0.00       0.00       0.00       0.00       0.00       0.00       0.00       0.00       0.00       0.00       0.00       0.00       0.00       0.00       0.00       0.00       0.00       0.00       0.00       0.00       0.00       0.00       0.00       0.00       0.00       0.00       0.00       0.00       0.00       0.00       0.00       0.00       0.00       0.00       0.00       0.00       0.00       0.00       0.00       0.00       0.00       0.00       0.00       0.00       0.00       0.00       0.00       0.00       0.00       0.00       0.00       0.00       0.00       0.00       0.00       0.00       0.00       0.00       0.00       0.00       0.00       0.00       0.00       0.00       0.00       0.00       0.00       0.00       0.00       0.00       0.00       0.00       0.00       0.00       3.00       0.00       0.00       0.00       0.00       2.00       0.00       0.00
17시 07분 02초    4       0.00       0.00       0.00      67.00       0.00       0.00       0.00       0.00       0.00       0.00       0.00       0.00       0.00       0.00       0.00       0.00       0.00       0.00       0.00       0.00       0.00       0.00       0.00       0.00       0.00       0.00       0.00       0.00       0.00       0.00       0.00       0.00       0.00       0.00       0.00       0.00       0.00       0.00       0.00       0.00       0.00       0.00       0.00       0.00       0.00       0.00       0.00       0.00       0.00       0.00       0.00       0.00       0.00       0.00       0.00       0.00       0.00       0.00       0.00       0.00       0.00       0.00       0.00       0.00       0.00       0.00       0.00       0.00       0.00       0.00       0.00       0.00       0.00       0.00       0.00       0.00       0.00       0.00       0.00       0.00       0.00       0.00       0.00       0.00       0.00       0.00       0.00       0.00       0.00       0.00       0.00       0.00       0.00       0.00       0.00       0.00       0.00       0.00       0.00       0.00       0.00       0.00       0.00       0.00       0.00       0.00       0.00       0.00       0.00       0.00       0.00       0.00       0.00       0.00       0.00       0.00       0.00       0.00       0.00       0.00       0.00       0.00       0.00       0.00       0.00       0.00       0.00       0.00       0.00       0.00       0.00       0.00       0.00       0.00       0.00       0.00       2.00       0.00       0.00       0.00       0.00       0.00       0.00       0.00
17시 07분 02초    5       0.00       0.00       0.00      75.00       0.00       0.00       0.00       0.00       0.00       0.00       0.00       0.00       0.00       0.00       0.00       0.00       0.00       0.00       0.00       0.00       0.00       0.00       0.00       0.00       0.00       0.00       0.00       0.00       0.00       0.00       0.00       0.00       0.00       0.00       0.00       0.00       0.00       0.00       0.00       0.00       0.00       0.00       0.00       0.00       0.00       0.00       0.00       0.00       0.00       0.00       0.00       0.00       0.00       0.00       0.00       0.00       0.00       0.00       0.00       0.00       0.00       0.00       0.00       0.00       0.00       0.00       0.00       0.00       0.00       0.00       0.00       0.00       0.00       0.00       0.00       0.00       0.00       0.00       0.00       0.00       0.00       0.00       0.00       0.00       0.00       0.00       0.00       0.00       0.00       0.00       0.00       0.00       0.00       0.00       0.00       0.00       0.00       0.00       0.00       0.00       0.00       0.00       0.00       0.00       0.00       0.00       0.00       0.00       0.00       0.00       0.00       0.00       0.00       0.00       0.00       0.00       0.00       0.00       0.00       0.00       0.00       0.00       0.00       0.00       0.00       0.00       0.00       0.00       0.00       0.00       0.00       0.00       0.00       0.00       0.00       0.00      13.00       1.00       0.00       0.00       0.00       0.00       0.00       0.00

17시 07분 01초  CPU       HI/s    TIMER/s   NET_TX/s   NET_RX/s    BLOCK/s IRQ_POLL/s  TASKLET/s    SCHED/s  HRTIMER/s      RCU/s
17시 07분 02초    0       0.00      22.00       0.00      22.00       2.00       0.00       0.00      77.00       0.00      40.00
17시 07분 02초    1       0.00      19.00       0.00       0.00       0.00       0.00       0.00      40.00       0.00      30.00
17시 07분 02초    2       0.00      19.00       0.00       0.00       0.00       0.00       0.00      23.00       0.00      25.00
17시 07분 02초    3       0.00      12.00       0.00       0.00       0.00       0.00       0.00      24.00       0.00      33.00
17시 07분 02초    4       0.00      32.00       0.00       0.00       0.00       0.00       0.00      31.00       0.00      32.00
17시 07분 02초    5       0.00       5.00       0.00       0.00       0.00       0.00       0.00      30.00       0.00      36.00

17시 07분 02초  CPU    %usr   %nice    %sys %iowait    %irq   %soft  %steal  %guest  %gnice   %idle
17시 07분 03초  all    0.50    0.00    1.17    0.00    0.00    0.17    0.00    0.00    0.00   98.16
17시 07분 03초    0    0.00    0.00    3.00    0.00    0.00    1.00    0.00    0.00    0.00   96.00
17시 07분 03초    1    1.00    0.00    1.00    0.00    0.00    0.00    0.00    0.00    0.00   98.00
17시 07분 03초    2    0.00    0.00    0.00    0.00    0.00    0.00    0.00    0.00    0.00  100.00
17시 07분 03초    3    1.01    0.00    1.01    0.00    0.00    0.00    0.00    0.00    0.00   97.98
17시 07분 03초    4    0.00    0.00    0.00    0.00    0.00    0.00    0.00    0.00    0.00  100.00
17시 07분 03초    5    1.00    0.00    2.00    0.00    0.00    0.00    0.00    0.00    0.00   97.00

17시 07분 02초  CPU    intr/s
17시 07분 03초  all    465.00
17시 07분 03초    0    122.00
17시 07분 03초    1     63.00
17시 07분 03초    2     59.00
17시 07분 03초    3     56.00
17시 07분 03초    4     85.00
17시 07분 03초    5     42.00

17시 07분 02초  CPU        9/s       11/s       12/s       13/s       18/s       20/s       21/s       22/s       23/s       24/s       25/s       26/s       27/s       28/s       29/s       30/s       31/s       32/s       33/s       34/s       35/s       36/s       37/s       38/s       39/s       40/s       41/s       42/s       43/s       44/s       45/s       46/s       47/s       48/s       49/s       50/s       51/s       52/s       53/s       54/s       55/s       57/s       59/s       61/s       65/s       66/s       67/s       68/s       69/s       70/s       71/s       72/s       73/s       74/s       75/s       76/s       77/s       79/s       80/s       81/s       82/s       83/s       84/s       85/s       86/s       87/s       88/s       89/s       90/s       91/s       92/s       93/s       94/s       95/s       96/s       97/s       98/s      112/s      113/s      114/s      115/s      116/s      117/s      118/s      119/s      120/s      121/s      122/s      123/s      124/s      125/s      126/s      127/s      128/s      129/s      130/s      131/s      132/s      133/s      134/s      135/s      136/s      137/s      138/s      150/s      154/s      162/s      167/s      171/s      224/s      228/s      229/s      230/s      231/s      232/s      233/s      234/s      235/s      236/s      237/s      245/s      246/s      247/s      249/s      250/s      252/s      253/s      262/s      263/s      294/s      296/s      297/s      298/s      299/s      301/s      302/s     IPI0/s     IPI1/s     IPI2/s     IPI3/s     IPI4/s     IPI5/s     IPI6/s      Err/s
17시 07분 03초    0       0.00       0.00       0.00      86.00       0.00       0.00       0.00       0.00       0.00       0.00       0.00       0.00       0.00       0.00       0.00       0.00       0.00       0.00       0.00       0.00       0.00       0.00       0.00       0.00       0.00       0.00       0.00       0.00       0.00       0.00       0.00       0.00       0.00       0.00       0.00       0.00       0.00       0.00       0.00       0.00       0.00       0.00       0.00       0.00       0.00       0.00       0.00       0.00       0.00       0.00       0.00       0.00       0.00       0.00       0.00       0.00       0.00       0.00       0.00       0.00       0.00       0.00       0.00       0.00       0.00       0.00       0.00       0.00       0.00       0.00       0.00       0.00       0.00       0.00       0.00       0.00       0.00       0.00       0.00       3.00       0.00       0.00       0.00       0.00       0.00       0.00       0.00       0.00       0.00       0.00       0.00       0.00       0.00       0.00       0.00       0.00       0.00       0.00       0.00       0.00       0.00       0.00       0.00       0.00       0.00      63.00       0.00       0.00       0.00       0.00       0.00       0.00       0.00       0.00       0.00       0.00       0.00       0.00       0.00       0.00       0.00       0.00       0.00       0.00       0.00       0.00       0.00       0.00       0.00       0.00       0.00       0.00       0.00       0.00      49.00       0.00       8.00       5.00       0.00       0.00       0.00       8.00       0.00       0.00
17시 07분 03초    1       0.00       0.00       0.00      40.00       0.00       0.00       0.00       0.00       0.00       0.00       0.00       0.00       0.00       0.00       0.00       0.00       0.00       0.00       0.00       0.00       0.00       0.00       0.00       0.00       0.00       0.00       0.00       0.00       0.00       0.00       0.00       0.00       0.00       0.00       0.00       0.00       0.00       0.00       0.00       0.00       0.00       0.00       0.00       0.00       0.00       0.00       0.00       0.00       0.00       0.00       0.00       0.00       0.00       0.00       0.00       0.00       0.00       0.00       0.00       0.00       0.00       0.00       0.00       0.00       0.00       0.00       0.00       0.00       0.00       0.00       0.00       0.00       0.00       0.00       0.00       0.00       0.00       0.00       0.00       0.00       0.00       0.00       0.00       0.00       0.00       0.00       0.00       0.00       0.00       0.00       0.00       0.00       0.00       0.00       0.00       0.00       0.00       0.00       0.00       0.00       0.00       0.00       0.00       0.00       0.00       0.00       0.00       0.00       0.00       0.00       0.00       0.00       0.00       0.00       0.00       0.00       0.00       0.00       0.00       0.00       0.00       0.00       0.00       0.00       0.00       0.00       0.00       0.00       0.00       0.00       0.00       0.00       0.00       0.00       0.00       0.00       0.00       0.00       0.00       0.00       0.00       1.00       0.00       0.00
17시 07분 03초    2       0.00       0.00       0.00      30.00       0.00       0.00       0.00       0.00       0.00       0.00       0.00       0.00       0.00       0.00       0.00       0.00       0.00       0.00       0.00       0.00       0.00       0.00       0.00       0.00       0.00       0.00       0.00       0.00       0.00       0.00       0.00       0.00       0.00       0.00       0.00       0.00       0.00       0.00       0.00       0.00       0.00       0.00       0.00       0.00       0.00       0.00       0.00       0.00       0.00       0.00       0.00       0.00       0.00       0.00       0.00       0.00       0.00       0.00       0.00       0.00       0.00       0.00       0.00       0.00       0.00       0.00       0.00       0.00       0.00       0.00       0.00       0.00       0.00       0.00       0.00       0.00       0.00       0.00       0.00       0.00       0.00       0.00       0.00       0.00       0.00       0.00       0.00       0.00       0.00       0.00       0.00       0.00       0.00       0.00       0.00       0.00       0.00       0.00       0.00       0.00       0.00       0.00       0.00       0.00       0.00       0.00       0.00       0.00       0.00       0.00       0.00       0.00       0.00       0.00       0.00       0.00       0.00       0.00       0.00       0.00       0.00       0.00       0.00       0.00       0.00       0.00       0.00       0.00       0.00       0.00       0.00       0.00       0.00       0.00       0.00       0.00      12.00       1.00       0.00       0.00       0.00       0.00       0.00       0.00
17시 07분 03초    3       0.00       0.00       0.00      39.00       0.00       0.00       0.00       0.00       0.00       0.00       0.00       0.00       0.00       0.00       0.00       0.00       0.00       0.00       0.00       0.00       0.00       0.00       0.00       0.00       0.00       0.00       0.00       0.00       0.00       0.00       0.00       0.00       0.00       0.00       0.00       0.00       0.00       0.00       0.00       0.00       0.00       0.00       0.00       0.00       0.00       0.00       0.00       0.00       0.00       0.00       0.00       0.00       0.00       0.00       0.00       0.00       0.00       0.00       0.00       0.00       0.00       0.00       0.00       0.00       0.00       0.00       0.00       0.00       0.00       0.00       0.00       0.00       0.00       0.00       0.00       0.00       0.00       0.00       0.00       0.00       0.00       0.00       0.00       0.00       0.00       0.00       0.00       0.00       0.00       0.00       0.00       0.00       0.00       0.00       0.00       0.00       0.00       0.00       0.00       0.00       0.00       0.00       0.00       0.00       0.00       0.00       0.00       0.00       0.00       0.00       0.00       0.00       0.00       0.00       0.00       0.00       0.00       0.00       0.00       0.00       0.00       0.00       0.00       0.00       0.00       0.00       0.00       0.00       0.00       0.00       0.00       0.00       0.00       0.00       0.00       0.00       2.00       0.00       0.00       0.00       0.00       0.00       0.00       0.00
17시 07분 03초    4       0.00       0.00       0.00      48.00       0.00       0.00       0.00       0.00       0.00       0.00       0.00       0.00       0.00       0.00       0.00       0.00       0.00       0.00       0.00       0.00       0.00       0.00       0.00       0.00       0.00       0.00       0.00       0.00       0.00       0.00       0.00       0.00       0.00       0.00       0.00       0.00       0.00       0.00       0.00       0.00       0.00       0.00       0.00       0.00       0.00       0.00       0.00       0.00       0.00       0.00       0.00       0.00       0.00       0.00       0.00       0.00       0.00       0.00       0.00       0.00       0.00       0.00       0.00       0.00       0.00       0.00       0.00       0.00       0.00       0.00       0.00       0.00       0.00       0.00       0.00       0.00       0.00       0.00       0.00       0.00       0.00       0.00       0.00       0.00       0.00       0.00       0.00       0.00       0.00       0.00       0.00       0.00       0.00       0.00       0.00       0.00       0.00       0.00       0.00       0.00       0.00       0.00       0.00       0.00       0.00       0.00       0.00       0.00       0.00       0.00       0.00       0.00       0.00       0.00       0.00       0.00       0.00       0.00       0.00       0.00       0.00       0.00       0.00       0.00       0.00       0.00       0.00       0.00       0.00       0.00       0.00       0.00       0.00       0.00       0.00       0.00      35.00       0.00       0.00       0.00       0.00       1.00       0.00       0.00
17시 07분 03초    5       0.00       0.00       0.00      30.00       0.00       0.00       0.00       0.00       0.00       0.00       0.00       0.00       0.00       0.00       0.00       0.00       0.00       0.00       0.00       0.00       0.00       0.00       0.00       0.00       0.00       0.00       0.00       0.00       0.00       0.00       0.00       0.00       0.00       0.00       0.00       0.00       0.00       0.00       0.00       0.00       0.00       0.00       0.00       0.00       0.00       0.00       0.00       0.00       0.00       0.00       0.00       0.00       0.00       0.00       0.00       0.00       0.00       0.00       0.00       0.00       0.00       0.00       0.00       0.00       0.00       0.00       0.00       0.00       0.00       0.00       0.00       0.00       0.00       0.00       0.00       0.00       0.00       0.00       0.00       0.00       0.00       0.00       0.00       0.00       0.00       0.00       0.00       0.00       0.00       0.00       0.00       0.00       0.00       0.00       0.00       0.00       0.00       0.00       0.00       0.00       0.00       0.00       0.00       0.00       0.00       0.00       0.00       0.00       0.00       0.00       0.00       0.00       0.00       0.00       0.00       0.00       0.00       0.00       0.00       0.00       0.00       0.00       0.00       0.00       0.00       0.00       0.00       0.00       0.00       0.00       0.00       0.00       0.00       0.00       0.00       0.00       3.00       0.00       0.00       0.00       0.00       1.00       0.00       0.00

17시 07분 02초  CPU       HI/s    TIMER/s   NET_TX/s   NET_RX/s    BLOCK/s IRQ_POLL/s  TASKLET/s    SCHED/s  HRTIMER/s      RCU/s
17시 07분 03초    0       0.00      12.00       1.00      45.00       0.00       0.00       0.00      38.00       0.00      26.00
17시 07분 03초    1       0.00      18.00       0.00       0.00       0.00       0.00       0.00      24.00       0.00      21.00
17시 07분 03초    2       0.00      22.00       0.00       0.00       0.00       0.00       0.00      19.00       0.00      18.00
17시 07분 03초    3       0.00      13.00       0.00       0.00       0.00       0.00       0.00      20.00       0.00      23.00
17시 07분 03초    4       0.00      32.00       0.00       0.00       0.00       0.00       0.00      30.00       0.00      23.00
17시 07분 03초    5       0.00       7.00       0.00       0.00       0.00       0.00       0.00      14.00       0.00      21.00

17시 07분 03초  CPU    %usr   %nice    %sys %iowait    %irq   %soft  %steal  %guest  %gnice   %idle
17시 07분 04초  all    0.67    0.00    1.50    0.00    0.00    0.00    0.00    0.00    0.00   97.83
17시 07분 04초    0    1.00    0.00    2.00    0.00    0.00    0.00    0.00    0.00    0.00   97.00
17시 07분 04초    1    0.99    0.00    1.98    0.00    0.00    0.00    0.00    0.00    0.00   97.03
17시 07분 04초    2    0.00    0.00    1.00    0.00    0.00    0.00    0.00    0.00    0.00   99.00
17시 07분 04초    3    0.00    0.00    2.02    0.00    0.00    0.00    0.00    0.00    0.00   97.98
17시 07분 04초    4    0.00    0.00    0.00    0.00    0.00    0.00    0.00    0.00    0.00  100.00
17시 07분 04초    5    1.98    0.00    1.98    0.00    0.00    0.00    0.00    0.00    0.00   96.04

17시 07분 03초  CPU    intr/s
17시 07분 04초  all    302.00
17시 07분 04초    0     73.00
17시 07분 04초    1     69.00
17시 07분 04초    2     65.00
17시 07분 04초    3     53.00
17시 07분 04초    4     76.00
17시 07분 04초    5     31.00

17시 07분 03초  CPU        9/s       11/s       12/s       13/s       18/s       20/s       21/s       22/s       23/s       24/s       25/s       26/s       27/s       28/s       29/s       30/s       31/s       32/s       33/s       34/s       35/s       36/s       37/s       38/s       39/s       40/s       41/s       42/s       43/s       44/s       45/s       46/s       47/s       48/s       49/s       50/s       51/s       52/s       53/s       54/s       55/s       57/s       59/s       61/s       65/s       66/s       67/s       68/s       69/s       70/s       71/s       72/s       73/s       74/s       75/s       76/s       77/s       79/s       80/s       81/s       82/s       83/s       84/s       85/s       86/s       87/s       88/s       89/s       90/s       91/s       92/s       93/s       94/s       95/s       96/s       97/s       98/s      112/s      113/s      114/s      115/s      116/s      117/s      118/s      119/s      120/s      121/s      122/s      123/s      124/s      125/s      126/s      127/s      128/s      129/s      130/s      131/s      132/s      133/s      134/s      135/s      136/s      137/s      138/s      150/s      154/s      162/s      167/s      171/s      224/s      228/s      229/s      230/s      231/s      232/s      233/s      234/s      235/s      236/s      237/s      245/s      246/s      247/s      249/s      250/s      252/s      253/s      262/s      263/s      294/s      296/s      297/s      298/s      299/s      301/s      302/s     IPI0/s     IPI1/s     IPI2/s     IPI3/s     IPI4/s     IPI5/s     IPI6/s      Err/s
17시 07분 04초    0       0.00       0.00       0.00      42.00       0.00       0.00       0.00       0.00       0.00       0.00       0.00       0.00       0.00       0.00       0.00       0.00       0.00       0.00       0.00       0.00       0.00       0.00       0.00       0.00       0.00       0.00       0.00       0.00       0.00       0.00       0.00       0.00       0.00       0.00       0.00       0.00       0.00       0.00       0.00       0.00       0.00       0.00       0.00       0.00       0.00       0.00       0.00       0.00       0.00       0.00       0.00       0.00       0.00       0.00       0.00       0.00       0.00       0.00       0.00       0.00       0.00       0.00       0.00       0.00       0.00       0.00       0.00       0.00       0.00       0.00       0.00       0.00       0.00       0.00       0.00       0.00       0.00       0.00       0.00       1.00       0.00       0.00       0.00       0.00       0.00       0.00       0.00       0.00       0.00       0.00       0.00       0.00       0.00       0.00       0.00       0.00       0.00       0.00       0.00       0.00       0.00       0.00       0.00       0.00       0.00      21.00       0.00       0.00       0.00       0.00       0.00       0.00       0.00       0.00       0.00       0.00       0.00       0.00       0.00       0.00       0.00       0.00       0.00       0.00       0.00       0.00       0.00       0.00       0.00       0.00       0.00       0.00       0.00       0.00      24.00       0.00       4.00       4.00       0.00       0.00       0.00       4.00       0.00       0.00
17시 07분 04초    1       0.00       0.00       0.00      44.00       0.00       0.00       0.00       0.00       0.00       0.00       0.00       0.00       0.00       0.00       0.00       0.00       0.00       0.00       0.00       0.00       0.00       0.00       0.00       0.00       0.00       0.00       0.00       0.00       0.00       0.00       0.00       0.00       0.00       0.00       0.00       0.00       0.00       0.00       0.00       0.00       0.00       0.00       0.00       0.00       0.00       0.00       0.00       0.00       0.00       0.00       0.00       0.00       0.00       0.00       0.00       0.00       0.00       0.00       0.00       0.00       0.00       0.00       0.00       0.00       0.00       0.00       0.00       0.00       0.00       0.00       0.00       0.00       0.00       0.00       0.00       0.00       0.00       0.00       0.00       0.00       0.00       0.00       0.00       0.00       0.00       0.00       0.00       0.00       0.00       0.00       0.00       0.00       0.00       0.00       0.00       0.00       0.00       0.00       0.00       0.00       0.00       0.00       0.00       0.00       0.00       0.00       0.00       0.00       0.00       0.00       0.00       0.00       0.00       0.00       0.00       0.00       0.00       0.00       0.00       0.00       0.00       0.00       0.00       0.00       0.00       0.00       0.00       0.00       0.00       0.00       0.00       0.00       0.00       0.00       0.00       0.00       3.00       1.00       0.00       0.00       0.00       1.00       0.00       0.00
17시 07분 04초    2       0.00       0.00       0.00      32.00       0.00       0.00       0.00       0.00       0.00       0.00       0.00       0.00       0.00       0.00       0.00       0.00       0.00       0.00       0.00       0.00       0.00       0.00       0.00       0.00       0.00       0.00       0.00       0.00       0.00       0.00       0.00       0.00       0.00       0.00       0.00       0.00       0.00       0.00       0.00       0.00       0.00       0.00       0.00       0.00       0.00       0.00       0.00       0.00       0.00       0.00       0.00       0.00       0.00       0.00       0.00       0.00       0.00       0.00       0.00       0.00       0.00       0.00       0.00       0.00       0.00       0.00       0.00       0.00       0.00       0.00       0.00       0.00       0.00       0.00       0.00       0.00       0.00       0.00       0.00       0.00       0.00       0.00       0.00       0.00       0.00       0.00       0.00       0.00       0.00       0.00       0.00       0.00       0.00       0.00       0.00       0.00       0.00       0.00       0.00       0.00       0.00       0.00       0.00       0.00       0.00       0.00       0.00       0.00       0.00       0.00       0.00       0.00       0.00       0.00       0.00       0.00       0.00       0.00       0.00       0.00       0.00       0.00       0.00       0.00       0.00       0.00       0.00       0.00       0.00       0.00       0.00       0.00       0.00       0.00       0.00       0.00      11.00       1.00       0.00       0.00       0.00       0.00       0.00       0.00
17시 07분 04초    3       0.00       0.00       0.00      41.00       0.00       0.00       0.00       0.00       0.00       0.00       0.00       0.00       0.00       0.00       0.00       0.00       0.00       0.00       0.00       0.00       0.00       0.00       0.00       0.00       0.00       0.00       0.00       0.00       0.00       0.00       0.00       0.00       0.00       0.00       0.00       0.00       0.00       0.00       0.00       0.00       0.00       0.00       0.00       0.00       0.00       0.00       0.00       0.00       0.00       0.00       0.00       0.00       0.00       0.00       0.00       0.00       0.00       0.00       0.00       0.00       0.00       0.00       0.00       0.00       0.00       0.00       0.00       0.00       0.00       0.00       0.00       0.00       0.00       0.00       0.00       0.00       0.00       0.00       0.00       0.00       0.00       0.00       0.00       0.00       0.00       0.00       0.00       0.00       0.00       0.00       0.00       0.00       0.00       0.00       0.00       0.00       0.00       0.00       0.00       0.00       0.00       0.00       0.00       0.00       0.00       0.00       0.00       0.00       0.00       0.00       0.00       0.00       0.00       0.00       0.00       0.00       0.00       0.00       0.00       0.00       0.00       0.00       0.00       0.00       0.00       0.00       0.00       0.00       0.00       0.00       0.00       0.00       0.00       0.00       0.00       0.00       0.00       0.00       0.00       0.00       0.00       0.00       0.00       0.00
17시 07분 04초    4       0.00       0.00       0.00      36.00       0.00       0.00       0.00       0.00       0.00       0.00       0.00       0.00       0.00       0.00       0.00       0.00       0.00       0.00       0.00       0.00       0.00       0.00       0.00       0.00       0.00       0.00       0.00       0.00       0.00       0.00       0.00       0.00       0.00       0.00       0.00       0.00       0.00       0.00       0.00       0.00       0.00       0.00       0.00       0.00       0.00       0.00       0.00       0.00       0.00       0.00       0.00       0.00       0.00       0.00       0.00       0.00       0.00       0.00       0.00       0.00       0.00       0.00       0.00       0.00       0.00       0.00       0.00       0.00       0.00       0.00       0.00       0.00       0.00       0.00       0.00       0.00       0.00       0.00       0.00       0.00       0.00       0.00       0.00       0.00       0.00       0.00       0.00       0.00       0.00       0.00       0.00       0.00       0.00       0.00       0.00       0.00       0.00       0.00       0.00       0.00       0.00       0.00       0.00       0.00       0.00       0.00       0.00       0.00       0.00       0.00       0.00       0.00       0.00       0.00       0.00       0.00       0.00       0.00       0.00       0.00       0.00       0.00       0.00       0.00       0.00       0.00       0.00       0.00       0.00       0.00       0.00       0.00       0.00       0.00       0.00       0.00       2.00       0.00       0.00       0.00       0.00       0.00       0.00       0.00
17시 07분 04초    5       0.00       0.00       0.00      29.00       0.00       0.00       0.00       0.00       0.00       0.00       0.00       0.00       0.00       0.00       0.00       0.00       0.00       0.00       0.00       0.00       0.00       0.00       0.00       0.00       0.00       0.00       0.00       0.00       0.00       0.00       0.00       0.00       0.00       0.00       0.00       0.00       0.00       0.00       0.00       0.00       0.00       0.00       0.00       0.00       0.00       0.00       0.00       0.00       0.00       0.00       0.00       0.00       0.00       0.00       0.00       0.00       0.00       0.00       0.00       0.00       0.00       0.00       0.00       0.00       0.00       0.00       0.00       0.00       0.00       0.00       0.00       0.00       0.00       0.00       0.00       0.00       0.00       0.00       0.00       0.00       0.00       0.00       0.00       0.00       0.00       0.00       0.00       0.00       0.00       0.00       0.00       0.00       0.00       0.00       0.00       0.00       0.00       0.00       0.00       0.00       0.00       0.00       0.00       0.00       0.00       0.00       0.00       0.00       0.00       0.00       0.00       0.00       0.00       0.00       0.00       0.00       0.00       0.00       0.00       0.00       0.00       0.00       0.00       0.00       0.00       0.00       0.00       0.00       0.00       0.00       0.00       0.00       0.00       0.00       0.00       0.00       0.00       0.00       0.00       0.00       0.00       0.00       0.00       0.00

17시 07분 03초  CPU       HI/s    TIMER/s   NET_TX/s   NET_RX/s    BLOCK/s IRQ_POLL/s  TASKLET/s    SCHED/s  HRTIMER/s      RCU/s
17시 07분 04초    0       0.00       9.00       0.00      22.00       0.00       0.00       0.00      20.00       0.00      22.00
17시 07분 04초    1       0.00      19.00       0.00       0.00       0.00       0.00       0.00      27.00       0.00      23.00
17시 07분 04초    2       0.00      25.00       0.00       0.00       0.00       0.00       0.00      21.00       0.00      19.00
17시 07분 04초    3       0.00      10.00       0.00       0.00       0.00       0.00       0.00      19.00       0.00      24.00
17시 07분 04초    4       0.00      32.00       0.00       0.00       0.00       0.00       0.00      31.00       0.00      13.00
17시 07분 04초    5       0.00       2.00       0.00       0.00       0.00       0.00       0.00      11.00       0.00      18.00

17시 07분 04초  CPU    %usr   %nice    %sys %iowait    %irq   %soft  %steal  %guest  %gnice   %idle
17시 07분 05초  all    0.67    0.00    3.49    0.00    0.17    0.00    0.00    0.00    0.00   95.67
17시 07분 05초    0    0.99    0.00    1.98    0.00    0.99    0.00    0.00    0.00    0.00   96.04
17시 07분 05초    1    1.00    0.00    2.00    0.00    0.00    0.00    0.00    0.00    0.00   97.00
17시 07분 05초    2    0.00    0.00    1.00    0.00    0.00    0.00    0.00    0.00    0.00   99.00
17시 07분 05초    3    0.99    0.00    1.98    0.00    0.00    0.00    0.00    0.00    0.00   97.03
17시 07분 05초    4    0.00    0.00   11.11    0.00    0.00    0.00    0.00    0.00    0.00   88.89
17시 07분 05초    5    1.00    0.00    3.00    0.00    0.00    0.00    0.00    0.00    0.00   96.00

17시 07분 04초  CPU    intr/s
17시 07분 05초  all    658.00
17시 07분 05초    0     87.00
17시 07분 05초    1     73.00
17시 07분 05초    2     66.00
17시 07분 05초    3     42.00
17시 07분 05초    4    111.00
17시 07분 05초    5     65.00

17시 07분 04초  CPU        9/s       11/s       12/s       13/s       18/s       20/s       21/s       22/s       23/s       24/s       25/s       26/s       27/s       28/s       29/s       30/s       31/s       32/s       33/s       34/s       35/s       36/s       37/s       38/s       39/s       40/s       41/s       42/s       43/s       44/s       45/s       46/s       47/s       48/s       49/s       50/s       51/s       52/s       53/s       54/s       55/s       57/s       59/s       61/s       65/s       66/s       67/s       68/s       69/s       70/s       71/s       72/s       73/s       74/s       75/s       76/s       77/s       79/s       80/s       81/s       82/s       83/s       84/s       85/s       86/s       87/s       88/s       89/s       90/s       91/s       92/s       93/s       94/s       95/s       96/s       97/s       98/s      112/s      113/s      114/s      115/s      116/s      117/s      118/s      119/s      120/s      121/s      122/s      123/s      124/s      125/s      126/s      127/s      128/s      129/s      130/s      131/s      132/s      133/s      134/s      135/s      136/s      137/s      138/s      150/s      154/s      162/s      167/s      171/s      224/s      228/s      229/s      230/s      231/s      232/s      233/s      234/s      235/s      236/s      237/s      245/s      246/s      247/s      249/s      250/s      252/s      253/s      262/s      263/s      294/s      296/s      297/s      298/s      299/s      301/s      302/s     IPI0/s     IPI1/s     IPI2/s     IPI3/s     IPI4/s     IPI5/s     IPI6/s      Err/s
17시 07분 05초    0       0.00       0.00       0.00      58.00       0.00       0.00       0.00       0.00       0.00       0.00       0.00       0.00       0.00       0.00       0.00       0.00       0.00       0.00       0.00       0.00       0.00       0.00       0.00       0.00       0.00       0.00       0.00       0.00       0.00       0.00       0.00       0.00       0.00       0.00       0.00       0.00       0.00       0.00       0.00       0.00       0.00       0.00       0.00       0.00       0.00       0.00     110.00       0.00       0.00       0.00       0.00       0.00       0.00       0.00       0.00       0.00       0.00       0.00       0.00       0.00       0.00       0.00       0.00       0.00       0.00       0.00       0.00       0.00       0.00       0.00       0.00       0.00       0.00       0.00       0.00       0.00       0.00       0.00       0.00       1.00       0.00       0.00       0.00       0.00       0.00       0.00       0.00       0.00       0.00       0.00       0.00       0.00       0.00       0.00       0.00       0.00       0.00       0.00       0.00       0.00       0.00       0.00       0.00       0.00       0.00      44.00       0.00       0.00       0.00       0.00       0.00       0.00       0.00       0.00       0.00       0.00       0.00       0.00       0.00       0.00       0.00       0.00       0.00       0.00       0.00       0.00       0.00       0.00       0.00       0.00       0.00       0.00       0.00       0.00      24.00       0.00       8.00       6.00       0.00       0.00       0.00       6.00       0.00       0.00
17시 07분 05초    1       0.00       0.00       0.00      47.00       0.00       0.00       0.00       0.00       0.00       0.00       0.00       0.00       0.00       0.00       0.00       0.00       0.00       0.00       0.00       0.00       0.00       0.00       0.00       0.00       0.00       0.00       0.00       0.00       0.00       0.00       0.00       0.00       0.00       0.00       0.00       0.00       0.00       0.00       0.00       0.00       0.00       0.00       0.00       0.00       0.00       0.00       0.00       0.00       0.00       0.00       0.00       0.00       0.00       0.00       0.00       0.00       0.00       0.00       0.00       0.00       0.00       0.00       0.00       0.00       0.00       0.00       0.00       0.00       0.00       0.00       0.00       0.00       0.00       0.00       0.00       0.00       0.00       0.00       0.00       0.00       0.00       0.00       0.00       0.00       0.00       0.00       0.00       0.00       0.00       0.00       0.00       0.00       0.00       0.00       0.00       0.00       0.00       0.00       0.00       0.00       0.00       0.00       0.00       0.00       0.00       0.00       0.00       0.00       0.00       0.00       0.00       0.00       0.00       0.00       0.00       0.00       0.00       0.00       0.00       0.00       0.00       0.00       0.00       0.00       0.00       0.00       0.00       0.00       0.00       0.00       0.00       0.00       0.00       0.00       0.00       0.00       1.00       2.00       0.00       0.00       0.00       2.00       0.00       0.00
17시 07분 05초    2       0.00       0.00       0.00      30.00       0.00       0.00       0.00       0.00       0.00       0.00       0.00       0.00       0.00       0.00       0.00       0.00       0.00       0.00       0.00       0.00       0.00       0.00       0.00       0.00       0.00       0.00       0.00       0.00       0.00       0.00       0.00       0.00       0.00       0.00       0.00       0.00       0.00       0.00       0.00       0.00       0.00       0.00       0.00       0.00       0.00       0.00       0.00       0.00       0.00       0.00       0.00       0.00       0.00       0.00       0.00       0.00       0.00       0.00       0.00       0.00       0.00       0.00       0.00       0.00       0.00       0.00       0.00       0.00       0.00       0.00       0.00       0.00       0.00       0.00       0.00       0.00       0.00       0.00       0.00       0.00       0.00       0.00       0.00       0.00       0.00       0.00       0.00       0.00       0.00       0.00       0.00       0.00       0.00       0.00       0.00       0.00       0.00       0.00       0.00       0.00       0.00       0.00       0.00       0.00       0.00       0.00       0.00       0.00       0.00       0.00       0.00       0.00       0.00       0.00       0.00       0.00       0.00       0.00       0.00       0.00       0.00       0.00       0.00       0.00       0.00       0.00       0.00       0.00       0.00       0.00       0.00       0.00       0.00       0.00       0.00       0.00      16.00       4.00       0.00       0.00       0.00       1.00       0.00       0.00
17시 07분 05초    3       0.00       0.00       0.00      32.00       0.00       0.00       0.00       0.00       0.00       0.00       0.00       0.00       0.00       0.00       0.00       0.00       0.00       0.00       0.00       0.00       0.00       0.00       0.00       0.00       0.00       0.00       0.00       0.00       0.00       0.00       0.00       0.00       0.00       0.00       0.00       0.00       0.00       0.00       0.00       0.00       0.00       0.00       0.00       0.00       0.00       0.00       0.00       0.00       0.00       0.00       0.00       0.00       0.00       0.00       0.00       0.00       0.00       0.00       0.00       0.00       0.00       0.00       0.00       0.00       0.00       0.00       0.00       0.00       0.00       0.00       0.00       0.00       0.00       0.00       0.00       0.00       0.00       0.00       0.00       0.00       0.00       0.00       0.00       0.00       0.00       0.00       0.00       0.00       0.00       0.00       0.00       0.00       0.00       0.00       0.00       0.00       0.00       0.00       0.00       0.00       0.00       0.00       0.00       0.00       0.00       0.00       0.00       0.00       0.00       0.00       0.00       0.00       0.00       0.00       0.00       0.00       0.00       0.00       0.00       0.00       0.00       0.00       0.00       0.00       0.00       0.00       0.00       0.00       0.00       0.00       0.00       0.00       0.00       0.00       0.00       0.00       2.00       0.00       0.00       0.00       0.00       0.00       0.00       0.00
17시 07분 05초    4       0.00       0.00       0.00      70.00       0.00       0.00       0.00       0.00       0.00       0.00       0.00       0.00       0.00       0.00       0.00       0.00       0.00       0.00       0.00       0.00       0.00       0.00       0.00       0.00       0.00       0.00       0.00       0.00       0.00       0.00       0.00       0.00       0.00       0.00       0.00       0.00       0.00       0.00       0.00       0.00       0.00       0.00       0.00       0.00       0.00       0.00       0.00       0.00       0.00       0.00       0.00       0.00       0.00       0.00       0.00       0.00       0.00       0.00       0.00       0.00       0.00       0.00       0.00       0.00       0.00       0.00       0.00       0.00       0.00       0.00       0.00       0.00       0.00       0.00       0.00       0.00       0.00       0.00       0.00       0.00       0.00       0.00       0.00       0.00       0.00       0.00       0.00       0.00       0.00       0.00       0.00       0.00       0.00       0.00       0.00       0.00       0.00       0.00       0.00       0.00       0.00       0.00       0.00       0.00       0.00       0.00       0.00       0.00       0.00       0.00       0.00       0.00       0.00       0.00       0.00       0.00       0.00       0.00       0.00       0.00       0.00       0.00       0.00       0.00       0.00       0.00       0.00       0.00       0.00       0.00       0.00       0.00       0.00       0.00       0.00       0.00     138.00       0.00       0.00       0.00       0.00       9.00       0.00       0.00
17시 07분 05초    5       0.00       0.00       0.00      48.00       0.00       0.00       0.00       0.00       0.00       0.00       0.00       0.00       0.00       0.00       0.00       0.00       0.00       0.00       0.00       0.00       0.00       0.00       0.00       0.00       0.00       0.00       0.00       0.00       0.00       0.00       0.00       0.00       0.00       0.00       0.00       0.00       0.00       0.00       0.00       0.00       0.00       0.00       0.00       0.00       0.00       0.00       0.00       0.00       0.00       0.00       0.00       0.00       0.00       0.00       0.00       0.00       0.00       0.00       0.00       0.00       0.00       0.00       0.00       0.00       0.00       0.00       0.00       0.00       0.00       0.00       0.00       0.00       0.00       0.00       0.00       0.00       0.00       0.00       0.00       0.00       0.00       0.00       0.00       0.00       0.00       0.00       0.00       0.00       0.00       0.00       0.00       0.00       0.00       0.00       0.00       0.00       0.00       0.00       0.00       0.00       0.00       0.00       0.00       0.00       0.00       0.00       0.00       0.00       0.00       0.00       0.00       0.00       0.00       0.00       0.00       0.00       0.00       0.00       0.00       0.00       0.00       0.00       0.00       0.00       0.00       0.00       0.00       0.00       0.00       0.00       0.00       0.00       0.00       0.00       0.00       0.00       2.00       0.00       0.00       0.00       0.00       0.00       0.00       0.00

17시 07분 04초  CPU       HI/s    TIMER/s   NET_TX/s   NET_RX/s    BLOCK/s IRQ_POLL/s  TASKLET/s    SCHED/s  HRTIMER/s      RCU/s
17시 07분 05초    0       0.00      13.00       0.00      22.00       0.00       0.00       0.00      28.00       0.00      24.00
17시 07분 05초    1       0.00      19.00       0.00       0.00       0.00       0.00       0.00      29.00       0.00      25.00
17시 07분 05초    2       0.00      23.00       0.00       0.00       0.00       0.00       0.00      22.00       0.00      21.00
17시 07분 05초    3       0.00       6.00       0.00       0.00       0.00       0.00       0.00      15.00       0.00      21.00
17시 07분 05초    4       0.00      30.00       0.00       0.00       0.00       0.00       0.00      58.00       0.00      23.00
17시 07분 05초    5       0.00      14.00       0.00       0.00       0.00       0.00       0.00      24.00       0.00      27.00

17시 07분 05초  CPU    %usr   %nice    %sys %iowait    %irq   %soft  %steal  %guest  %gnice   %idle
17시 07분 06초  all    0.17    0.00    2.01    0.00    0.00    0.00    0.00    0.00    0.00   97.82
17시 07분 06초    0    0.00    0.00    2.02    0.00    0.00    0.00    0.00    0.00    0.00   97.98
17시 07분 06초    1    1.00    0.00    2.00    0.00    0.00    0.00    0.00    0.00    0.00   97.00
17시 07분 06초    2    0.00    0.00    0.00    0.00    0.00    0.00    0.00    0.00    0.00  100.00
17시 07분 06초    3    0.00    0.00    2.02    0.00    0.00    0.00    0.00    0.00    0.00   97.98
17시 07분 06초    4    0.00    0.00    3.00    0.00    0.00    0.00    0.00    0.00    0.00   97.00
17시 07분 06초    5    0.00    0.00    3.00    0.00    0.00    0.00    0.00    0.00    0.00   97.00

17시 07분 05초  CPU    intr/s
17시 07분 06초  all    628.00
17시 07분 06초    0     99.00
17시 07분 06초    1     70.00
17시 07분 06초    2     79.00
17시 07분 06초    3     25.00
17시 07분 06초    4    126.00
17시 07분 06초    5     48.00

17시 07분 05초  CPU        9/s       11/s       12/s       13/s       18/s       20/s       21/s       22/s       23/s       24/s       25/s       26/s       27/s       28/s       29/s       30/s       31/s       32/s       33/s       34/s       35/s       36/s       37/s       38/s       39/s       40/s       41/s       42/s       43/s       44/s       45/s       46/s       47/s       48/s       49/s       50/s       51/s       52/s       53/s       54/s       55/s       57/s       59/s       61/s       65/s       66/s       67/s       68/s       69/s       70/s       71/s       72/s       73/s       74/s       75/s       76/s       77/s       79/s       80/s       81/s       82/s       83/s       84/s       85/s       86/s       87/s       88/s       89/s       90/s       91/s       92/s       93/s       94/s       95/s       96/s       97/s       98/s      112/s      113/s      114/s      115/s      116/s      117/s      118/s      119/s      120/s      121/s      122/s      123/s      124/s      125/s      126/s      127/s      128/s      129/s      130/s      131/s      132/s      133/s      134/s      135/s      136/s      137/s      138/s      150/s      154/s      162/s      167/s      171/s      224/s      228/s      229/s      230/s      231/s      232/s      233/s      234/s      235/s      236/s      237/s      245/s      246/s      247/s      249/s      250/s      252/s      253/s      262/s      263/s      294/s      296/s      297/s      298/s      299/s      301/s      302/s     IPI0/s     IPI1/s     IPI2/s     IPI3/s     IPI4/s     IPI5/s     IPI6/s      Err/s
17시 07분 06초    0       0.00       0.00       0.00      63.00       0.00       0.00       0.00       0.00       0.00       0.00       0.00       0.00       0.00       0.00       0.00       0.00       0.00       0.00       0.00       0.00       0.00       0.00       0.00       0.00       0.00       0.00       0.00       0.00       0.00       0.00       0.00       0.00       0.00       0.00       0.00       0.00       0.00       0.00       0.00       0.00       0.00       0.00       0.00       0.00       0.00       0.00     138.00       0.00       0.00       0.00       0.00       0.00       0.00       0.00       0.00       0.00       0.00       0.00       0.00       0.00       0.00       0.00       0.00       0.00       0.00       0.00       0.00       0.00       0.00       0.00       0.00       0.00       0.00       0.00       0.00       0.00       0.00       0.00       0.00       0.00       0.00       0.00       0.00       0.00       0.00       0.00       0.00       0.00       0.00       0.00       0.00       0.00       0.00       0.00       0.00       0.00       0.00       0.00       0.00       0.00       0.00       0.00       0.00       0.00       0.00      11.00       0.00       0.00       0.00       0.00       0.00       0.00       0.00       0.00       0.00       0.00       0.00       0.00       0.00       0.00       0.00       0.00       0.00       0.00       0.00       0.00       0.00       0.00       0.00       0.00       0.00       0.00       0.00       0.00      29.00       0.00      20.00       7.00       0.00       0.00       0.00       0.00       0.00       0.00
17시 07분 06초    1       0.00       0.00       0.00      49.00       0.00       0.00       0.00       0.00       0.00       0.00       0.00       0.00       0.00       0.00       0.00       0.00       0.00       0.00       0.00       0.00       0.00       0.00       0.00       0.00       0.00       0.00       0.00       0.00       0.00       0.00       0.00       0.00       0.00       0.00       0.00       0.00       0.00       0.00       0.00       0.00       0.00       0.00       0.00       0.00       0.00       0.00       0.00       0.00       0.00       0.00       0.00       0.00       0.00       0.00       0.00       0.00       0.00       0.00       0.00       0.00       0.00       0.00       0.00       0.00       0.00       0.00       0.00       0.00       0.00       0.00       0.00       0.00       0.00       0.00       0.00       0.00       0.00       0.00       0.00       0.00       0.00       0.00       0.00       0.00       0.00       0.00       0.00       0.00       0.00       0.00       0.00       0.00       0.00       0.00       0.00       0.00       0.00       0.00       0.00       0.00       0.00       0.00       0.00       0.00       0.00       0.00       0.00       0.00       0.00       0.00       0.00       0.00       0.00       0.00       0.00       0.00       0.00       0.00       0.00       0.00       0.00       0.00       0.00       0.00       0.00       0.00       0.00       0.00       0.00       0.00       0.00       0.00       0.00       0.00       0.00       0.00       1.00       1.00       0.00       0.00       0.00       0.00       0.00       0.00
17시 07분 06초    2       0.00       0.00       0.00      41.00       0.00       0.00       0.00       0.00       0.00       0.00       0.00       0.00       0.00       0.00       0.00       0.00       0.00       0.00       0.00       0.00       0.00       0.00       0.00       0.00       0.00       0.00       0.00       0.00       0.00       0.00       0.00       0.00       0.00       0.00       0.00       0.00       0.00       0.00       0.00       0.00       0.00       0.00       0.00       0.00       0.00       0.00       0.00       0.00       0.00       0.00       0.00       0.00       0.00       0.00       0.00       0.00       0.00       0.00       0.00       0.00       0.00       0.00       0.00       0.00       0.00       0.00       0.00       0.00       0.00       0.00       0.00       0.00       0.00       0.00       0.00       0.00       0.00       0.00       0.00       0.00       0.00       0.00       0.00       0.00       0.00       0.00       0.00       0.00       0.00       0.00       0.00       0.00       0.00       0.00       0.00       0.00       0.00       0.00       0.00       0.00       0.00       0.00       0.00       0.00       0.00       0.00       0.00       0.00       0.00       0.00       0.00       0.00       0.00       0.00       0.00       0.00       0.00       0.00       0.00       0.00       0.00       0.00       0.00       0.00       0.00       0.00       0.00       0.00       0.00       0.00       0.00       0.00       0.00       0.00       0.00       0.00       9.00       3.00       0.00       0.00       0.00       0.00       0.00       0.00
17시 07분 06초    3       0.00       0.00       0.00      26.00       0.00       0.00       0.00       0.00       0.00       0.00       0.00       0.00       0.00       0.00       0.00       0.00       0.00       0.00       0.00       0.00       0.00       0.00       0.00       0.00       0.00       0.00       0.00       0.00       0.00       0.00       0.00       0.00       0.00       0.00       0.00       0.00       0.00       0.00       0.00       0.00       0.00       0.00       0.00       0.00       0.00       0.00       0.00       0.00       0.00       0.00       0.00       0.00       0.00       0.00       0.00       0.00       0.00       0.00       0.00       0.00       0.00       0.00       0.00       0.00       0.00       0.00       0.00       0.00       0.00       0.00       0.00       0.00       0.00       0.00       0.00       0.00       0.00       0.00       0.00       0.00       0.00       0.00       0.00       0.00       0.00       0.00       0.00       0.00       0.00       0.00       0.00       0.00       0.00       0.00       0.00       0.00       0.00       0.00       0.00       0.00       0.00       0.00       0.00       0.00       0.00       0.00       0.00       0.00       0.00       0.00       0.00       0.00       0.00       0.00       0.00       0.00       0.00       0.00       0.00       0.00       0.00       0.00       0.00       0.00       0.00       0.00       0.00       0.00       0.00       0.00       0.00       0.00       0.00       0.00       0.00       0.00       1.00       1.00       0.00       0.00       0.00       0.00       0.00       0.00
17시 07분 06초    4       0.00       0.00       0.00      76.00       0.00       0.00       0.00       0.00       0.00       0.00       0.00       0.00       0.00       0.00       0.00       0.00       0.00       0.00       0.00       0.00       0.00       0.00       0.00       0.00       0.00       0.00       0.00       0.00       0.00       0.00       0.00       0.00       0.00       0.00       0.00       0.00       0.00       0.00       0.00       0.00       0.00       0.00       0.00       0.00       0.00       0.00       0.00       0.00       0.00       0.00       0.00       0.00       0.00       0.00       0.00       0.00       0.00       0.00       0.00       0.00       0.00       0.00       0.00       0.00       0.00       0.00       0.00       0.00       0.00       0.00       0.00       0.00       0.00       0.00       0.00       0.00       0.00       0.00       0.00       0.00       0.00       0.00       0.00       0.00       0.00       0.00       0.00       0.00       0.00       0.00       0.00       0.00       0.00       0.00       0.00       0.00       0.00       0.00       0.00       0.00       0.00       0.00       0.00       0.00       0.00       0.00       0.00       0.00       0.00       0.00       0.00       0.00       0.00       0.00       0.00       0.00       0.00       0.00       0.00       0.00       0.00       0.00       0.00       0.00       0.00       0.00       0.00       0.00       0.00       0.00       0.00       0.00       0.00       0.00       0.00       0.00     108.00       0.00       0.00       0.00       0.00       5.00       0.00       0.00
17시 07분 06초    5       0.00       0.00       0.00      32.00       0.00       0.00       0.00       0.00       0.00       0.00       0.00       0.00       0.00       0.00       0.00       0.00       0.00       0.00       0.00       0.00       0.00       0.00       0.00       0.00       0.00       0.00       0.00       0.00       0.00       0.00       0.00       0.00       0.00       0.00       0.00       0.00       0.00       0.00       0.00       0.00       0.00       0.00       0.00       0.00       0.00       0.00       0.00       0.00       0.00       0.00       0.00       0.00       0.00       0.00       0.00       0.00       0.00       0.00       0.00       0.00       0.00       0.00       0.00       0.00       0.00       0.00       0.00       0.00       0.00       0.00       0.00       0.00       0.00       0.00       0.00       0.00       0.00       0.00       0.00       0.00       0.00       0.00       0.00       0.00       0.00       0.00       0.00       0.00       0.00       0.00       0.00       0.00       0.00       0.00       0.00       0.00       0.00       0.00       0.00       0.00       0.00       0.00       0.00       0.00       0.00       0.00       0.00       0.00       0.00       0.00       0.00       0.00       0.00       0.00       0.00       0.00       0.00       0.00       0.00       0.00       0.00       0.00       0.00       0.00       0.00       0.00       0.00       0.00       0.00       0.00       0.00       0.00       0.00       0.00       0.00       0.00       5.00       0.00       0.00       0.00       0.00       0.00       0.00       0.00

17시 07분 05초  CPU       HI/s    TIMER/s   NET_TX/s   NET_RX/s    BLOCK/s IRQ_POLL/s  TASKLET/s    SCHED/s  HRTIMER/s      RCU/s
17시 07분 06초    0       0.00      12.00       1.00      27.00       1.00       0.00       0.00      31.00       0.00      27.00
17시 07분 06초    1       0.00      20.00       0.00       0.00       0.00       0.00       0.00      23.00       0.00      27.00
17시 07분 06초    2       0.00      32.00       0.00       0.00       0.00       0.00       0.00      27.00       0.00      20.00
17시 07분 06초    3       0.00       1.00       0.00       0.00       0.00       0.00       0.00       8.00       0.00      16.00
17시 07분 06초    4       0.00      24.00       0.00       0.00      39.00       0.00       0.00      38.00       0.00      25.00
17시 07분 06초    5       0.00      11.00       0.00       0.00       0.00       0.00       0.00      15.00       0.00      22.00

17시 07분 06초  CPU    %usr   %nice    %sys %iowait    %irq   %soft  %steal  %guest  %gnice   %idle
17시 07분 07초  all    2.01    0.00    4.87    0.50    0.17    0.00    0.00    0.00    0.00   92.45
17시 07분 07초    0    0.00    0.00   16.00    1.00    1.00    0.00    0.00    0.00    0.00   82.00
17시 07분 07초    1    2.02    0.00    2.02    2.02    0.00    0.00    0.00    0.00    0.00   93.94
17시 07분 07초    2    3.00    0.00    3.00    0.00    0.00    0.00    0.00    0.00    0.00   94.00
17시 07분 07초    3    5.00    0.00    3.00    0.00    0.00    0.00    0.00    0.00    0.00   92.00
17시 07분 07초    4    0.00    0.00    0.00    0.00    0.00    0.00    0.00    0.00    0.00  100.00
17시 07분 07초    5    2.02    0.00    5.05    0.00    0.00    0.00    0.00    0.00    0.00   92.93

17시 07분 06초  CPU    intr/s
17시 07분 07초  all   1806.00
17시 07분 07초    0    243.00
17시 07분 07초    1    122.00
17시 07분 07초    2    115.00
17시 07분 07초    3     93.00
17시 07분 07초    4     81.00
17시 07분 07초    5     97.00

17시 07분 06초  CPU        9/s       11/s       12/s       13/s       18/s       20/s       21/s       22/s       23/s       24/s       25/s       26/s       27/s       28/s       29/s       30/s       31/s       32/s       33/s       34/s       35/s       36/s       37/s       38/s       39/s       40/s       41/s       42/s       43/s       44/s       45/s       46/s       47/s       48/s       49/s       50/s       51/s       52/s       53/s       54/s       55/s       57/s       59/s       61/s       65/s       66/s       67/s       68/s       69/s       70/s       71/s       72/s       73/s       74/s       75/s       76/s       77/s       79/s       80/s       81/s       82/s       83/s       84/s       85/s       86/s       87/s       88/s       89/s       90/s       91/s       92/s       93/s       94/s       95/s       96/s       97/s       98/s      112/s      113/s      114/s      115/s      116/s      117/s      118/s      119/s      120/s      121/s      122/s      123/s      124/s      125/s      126/s      127/s      128/s      129/s      130/s      131/s      132/s      133/s      134/s      135/s      136/s      137/s      138/s      150/s      154/s      162/s      167/s      171/s      224/s      228/s      229/s      230/s      231/s      232/s      233/s      234/s      235/s      236/s      237/s      245/s      246/s      247/s      249/s      250/s      252/s      253/s      262/s      263/s      294/s      296/s      297/s      298/s      299/s      301/s      302/s     IPI0/s     IPI1/s     IPI2/s     IPI3/s     IPI4/s     IPI5/s     IPI6/s      Err/s
17시 07분 07초    0       0.00       0.00       0.00     142.00       0.00       0.00       0.00       0.00       0.00       0.00       0.00       0.00       0.00       0.00       0.00       0.00       0.00       0.00       0.00       0.00       0.00       0.00       0.00       0.00       0.00       0.00       0.00       0.00       0.00       0.00       0.00       0.00       0.00       0.00       0.00       0.00       0.00       0.00       0.00       0.00       0.00       0.00       0.00       0.00       0.00       0.00     134.00       0.00       0.00       0.00       0.00       0.00       0.00       0.00       0.00       0.00       0.00       0.00       0.00       0.00       0.00       0.00       0.00       0.00       0.00       0.00       0.00       0.00       0.00       0.00       0.00       0.00       0.00       0.00       0.00       0.00       0.00      83.00       0.00       0.00       0.00       0.00       0.00       0.00       0.00       0.00       0.00       0.00       0.00       0.00       0.00       0.00       0.00       0.00       0.00       0.00       0.00       0.00       0.00       0.00       0.00       0.00       0.00       0.00       0.00      67.00       0.00       0.00       0.00       1.00       0.00       0.00       0.00       0.00       0.00       0.00       0.00       0.00       0.00       0.00       0.00       0.00       0.00       0.00       0.00       0.00       0.00       0.00       0.00       0.00       0.00       0.00       0.00       0.00      12.00       0.00      78.00      15.00       0.00       0.00       0.00      16.00       0.00       0.00
17시 07분 07초    1       0.00       0.00       0.00     103.00       0.00       0.00       0.00       0.00       0.00       0.00       0.00       0.00       0.00       0.00       0.00       0.00       0.00       0.00       0.00       0.00       0.00       0.00       0.00       0.00       0.00       0.00       0.00       0.00       0.00       0.00       0.00       0.00       0.00       0.00       0.00       0.00       0.00       0.00       0.00       0.00       0.00       0.00       0.00       0.00       0.00       0.00       0.00       0.00       0.00       0.00       0.00       0.00       0.00       0.00       0.00       0.00       0.00       0.00       0.00       0.00       0.00       0.00       0.00       0.00       0.00       0.00       0.00       0.00       0.00       0.00       0.00       0.00       0.00       0.00       0.00       0.00       0.00       0.00       0.00       0.00       0.00       0.00       0.00       0.00       0.00       0.00       0.00       0.00       0.00       0.00       0.00       0.00       0.00       0.00       0.00       0.00       0.00       0.00       0.00       0.00       0.00       0.00       0.00       0.00       0.00       0.00       0.00       0.00       0.00       0.00       0.00       0.00       0.00       0.00       0.00       0.00       0.00       0.00       0.00       0.00       0.00       0.00       0.00       0.00       0.00       0.00       0.00       0.00       0.00       0.00       0.00       0.00       0.00       0.00       0.00       0.00      92.00      14.00       0.00       0.00       0.00       0.00       0.00       0.00
17시 07분 07초    2       0.00       0.00       0.00     126.00       0.00       0.00       0.00       0.00       0.00       0.00       0.00       0.00       0.00       0.00       0.00       0.00       0.00       0.00       0.00       0.00       0.00       0.00       0.00       0.00       0.00       0.00       0.00       0.00       0.00       0.00       0.00       0.00       0.00       0.00       0.00       0.00       0.00       0.00       0.00       0.00       0.00       0.00       0.00       0.00       0.00       0.00       0.00       0.00       0.00       0.00       0.00       0.00       0.00       0.00       0.00       0.00       0.00       0.00       0.00       0.00       0.00       0.00       0.00       0.00       0.00       0.00       0.00       0.00       0.00       0.00       0.00       0.00       0.00       0.00       0.00       0.00       0.00       0.00       0.00       0.00       0.00       0.00       0.00       0.00       0.00       0.00       0.00       0.00       0.00       0.00       0.00       0.00       0.00       0.00       0.00       0.00       0.00       0.00       0.00       0.00       0.00       0.00       0.00       0.00       0.00       0.00       0.00       0.00       0.00       0.00       0.00       0.00       0.00       0.00       0.00       0.00       0.00       0.00       0.00       0.00       0.00       0.00       0.00       0.00       0.00       0.00       0.00       0.00       0.00       0.00       0.00       0.00       0.00       0.00       0.00       0.00     152.00      10.00       0.00       0.00       0.00       2.00       0.00       0.00
17시 07분 07초    3       0.00       0.00       0.00     139.00       0.00       0.00       0.00       0.00       0.00       0.00       0.00       0.00       0.00       0.00       0.00       0.00       0.00       0.00       0.00       0.00       0.00       0.00       0.00       0.00       0.00       0.00       0.00       0.00       0.00       0.00       0.00       0.00       0.00       0.00       0.00       0.00       0.00       0.00       0.00       0.00       0.00       0.00       0.00       0.00       0.00       0.00       0.00       0.00       0.00       0.00       0.00       0.00       0.00       0.00       0.00       0.00       0.00       0.00       0.00       0.00       0.00       0.00       0.00       0.00       0.00       0.00       0.00       0.00       0.00       0.00       0.00       0.00       0.00       0.00       0.00       0.00       0.00       0.00       0.00       0.00       0.00       0.00       0.00       0.00       0.00       0.00       0.00       0.00       0.00       0.00       0.00       0.00       0.00       0.00       0.00       0.00       0.00       0.00       0.00       0.00       0.00       0.00       0.00       0.00       0.00       0.00       0.00       0.00       0.00       0.00       0.00       0.00       0.00       0.00       0.00       0.00       0.00       0.00       0.00       0.00       0.00       0.00       0.00       0.00       0.00       0.00       0.00       0.00       0.00       0.00       0.00       0.00       0.00       0.00       0.00       0.00     155.00      10.00       0.00       0.00       0.00       1.00       0.00       0.00
17시 07분 07초    4       0.00       0.00       0.00      64.00       0.00       0.00       0.00       0.00       0.00       0.00       0.00       0.00       0.00       0.00       0.00       0.00       0.00       0.00       0.00       0.00       0.00       0.00       0.00       0.00       0.00       0.00       0.00       0.00       0.00       0.00       0.00       0.00       0.00       0.00       0.00       0.00       0.00       0.00       0.00       0.00       0.00       0.00       0.00       0.00       0.00       0.00       0.00       0.00       0.00       0.00       0.00       0.00       0.00       0.00       0.00       0.00       0.00       0.00       0.00       0.00       0.00       0.00       0.00       0.00       0.00       0.00       0.00       0.00       0.00       0.00       0.00       0.00       0.00       0.00       0.00       0.00       0.00       0.00       0.00       0.00       0.00       0.00       0.00       0.00       0.00       0.00       0.00       0.00       0.00       0.00       0.00       0.00       0.00       0.00       0.00       0.00       0.00       0.00       0.00       0.00       0.00       0.00       0.00       0.00       0.00       0.00       0.00       0.00       0.00       0.00       0.00       0.00       0.00       0.00       0.00       0.00       0.00       0.00       0.00       0.00       0.00       0.00       0.00       0.00       0.00       0.00       0.00       0.00       0.00       0.00       0.00       0.00       0.00       0.00       0.00       0.00     148.00       5.00       0.00       0.00       0.00       4.00       0.00       0.00
17시 07분 07초    5       0.00       0.00       0.00      96.00       0.00       0.00       0.00       0.00       0.00       0.00       0.00       0.00       0.00       0.00       0.00       0.00       0.00       0.00       0.00       0.00       0.00       0.00       0.00       0.00       0.00       0.00       0.00       0.00       0.00       0.00       0.00       0.00       0.00       0.00       0.00       0.00       0.00       0.00       0.00       0.00       0.00       0.00       0.00       0.00       0.00       0.00       0.00       0.00       0.00       0.00       0.00       0.00       0.00       0.00       0.00       0.00       0.00       0.00       0.00       0.00       0.00       0.00       0.00       0.00       0.00       0.00       0.00       0.00       0.00       0.00       0.00       0.00       0.00       0.00       0.00       0.00       0.00       0.00       0.00       0.00       0.00       0.00       0.00       0.00       0.00       0.00       0.00       0.00       0.00       0.00       0.00       0.00       0.00       0.00       0.00       0.00       0.00       0.00       0.00       0.00       0.00       0.00       0.00       0.00       0.00       0.00       0.00       0.00       0.00       0.00       0.00       0.00       0.00       0.00       0.00       0.00       0.00       0.00       0.00       0.00       0.00       0.00       0.00       0.00       0.00       0.00       0.00       0.00       0.00       0.00       0.00       0.00       0.00       0.00       0.00       0.00     132.00       2.00       0.00       0.00       0.00       6.00       0.00       0.00

17시 07분 06초  CPU       HI/s    TIMER/s   NET_TX/s   NET_RX/s    BLOCK/s IRQ_POLL/s  TASKLET/s    SCHED/s  HRTIMER/s      RCU/s
17시 07분 07초    0       0.00      24.00       0.00      11.00       2.00       0.00       0.00      78.00       0.00     128.00
17시 07분 07초    1       0.00      21.00       0.00       0.00       0.00       0.00       0.00      46.00       0.00      55.00
17시 07분 07초    2       0.00      28.00       0.00       0.00       0.00       0.00       0.00      38.00       0.00      49.00
17시 07분 07초    3       0.00      13.00       0.00       0.00       0.00       0.00       0.00      34.00       0.00      46.00
17시 07분 07초    4       0.00      23.00       0.00       0.00       0.00       0.00       0.00      30.00       0.00      28.00
17시 07분 07초    5       0.00      12.00       0.00       0.00       0.00       0.00       0.00      35.00       0.00      50.00

17시 07분 07초  CPU    %usr   %nice    %sys %iowait    %irq   %soft  %steal  %guest  %gnice   %idle
17시 07분 08초  all    0.50    0.00    1.34    0.00    0.00    0.17    0.00    0.00    0.00   98.00
17시 07분 08초    0    1.01    0.00    1.01    0.00    0.00    0.00    0.00    0.00    0.00   97.98
17시 07분 08초    1    0.99    0.00    1.98    0.00    0.00    0.99    0.00    0.00    0.00   96.04
17시 07분 08초    2    0.00    0.00    1.00    0.00    0.00    0.00    0.00    0.00    0.00   99.00
17시 07분 08초    3    0.00    0.00    2.02    0.00    0.00    0.00    0.00    0.00    0.00   97.98
17시 07분 08초    4    0.00    0.00    0.00    0.00    0.00    0.00    0.00    0.00    0.00  100.00
17시 07분 08초    5    1.00    0.00    2.00    0.00    0.00    0.00    0.00    0.00    0.00   97.00

17시 07분 07초  CPU    intr/s
17시 07분 08초  all    357.00
17시 07분 08초    0     57.00
17시 07분 08초    1     91.00
17시 07분 08초    2     74.00
17시 07분 08초    3     53.00
17시 07분 08초    4     53.00
17시 07분 08초    5     69.00

17시 07분 07초  CPU        9/s       11/s       12/s       13/s       18/s       20/s       21/s       22/s       23/s       24/s       25/s       26/s       27/s       28/s       29/s       30/s       31/s       32/s       33/s       34/s       35/s       36/s       37/s       38/s       39/s       40/s       41/s       42/s       43/s       44/s       45/s       46/s       47/s       48/s       49/s       50/s       51/s       52/s       53/s       54/s       55/s       57/s       59/s       61/s       65/s       66/s       67/s       68/s       69/s       70/s       71/s       72/s       73/s       74/s       75/s       76/s       77/s       79/s       80/s       81/s       82/s       83/s       84/s       85/s       86/s       87/s       88/s       89/s       90/s       91/s       92/s       93/s       94/s       95/s       96/s       97/s       98/s      112/s      113/s      114/s      115/s      116/s      117/s      118/s      119/s      120/s      121/s      122/s      123/s      124/s      125/s      126/s      127/s      128/s      129/s      130/s      131/s      132/s      133/s      134/s      135/s      136/s      137/s      138/s      150/s      154/s      162/s      167/s      171/s      224/s      228/s      229/s      230/s      231/s      232/s      233/s      234/s      235/s      236/s      237/s      245/s      246/s      247/s      249/s      250/s      252/s      253/s      262/s      263/s      294/s      296/s      297/s      298/s      299/s      301/s      302/s     IPI0/s     IPI1/s     IPI2/s     IPI3/s     IPI4/s     IPI5/s     IPI6/s      Err/s
17시 07분 08초    0       0.00       0.00       0.00      50.00       0.00       0.00       0.00       0.00       0.00       0.00       0.00       0.00       0.00       0.00       0.00       0.00       0.00       0.00       0.00       0.00       0.00       0.00       0.00       0.00       0.00       0.00       0.00       0.00       0.00       0.00       0.00       0.00       0.00       0.00       0.00       0.00       0.00       0.00       0.00       0.00       0.00       0.00       0.00       0.00       0.00       0.00       0.00       0.00       0.00       0.00       0.00       0.00       0.00       0.00       0.00       0.00       0.00       0.00       0.00       0.00       0.00       0.00       0.00       0.00       0.00       0.00       0.00       0.00       0.00       0.00       0.00       0.00       0.00       0.00       0.00       0.00       0.00       2.00       0.00       0.00       0.00       0.00       0.00       0.00       0.00       0.00       0.00       0.00       0.00       0.00       0.00       0.00       0.00       0.00       0.00       0.00       0.00       0.00       0.00       0.00       0.00       0.00       0.00       0.00       0.00      14.00       0.00       0.00       0.00       0.00       0.00       0.00       0.00       0.00       0.00       0.00       0.00       0.00       0.00       0.00       0.00       0.00       0.00       0.00       0.00       0.00       0.00       0.00       0.00       0.00       0.00       0.00       0.00       0.00      12.00       0.00       3.00       3.00       0.00       0.00       0.00       1.00       0.00       0.00
17시 07분 08초    1       0.00       0.00       0.00      72.00       0.00       0.00       0.00       0.00       0.00       0.00       0.00       0.00       0.00       0.00       0.00       0.00       0.00       0.00       0.00       0.00       0.00       0.00       0.00       0.00       0.00       0.00       0.00       0.00       0.00       0.00       0.00       0.00       0.00       0.00       0.00       0.00       0.00       0.00       0.00       0.00       0.00       0.00       0.00       0.00       0.00       0.00       0.00       0.00       0.00       0.00       0.00       0.00       0.00       0.00       0.00       0.00       0.00       0.00       0.00       0.00       0.00       0.00       0.00       0.00       0.00       0.00       0.00       0.00       0.00       0.00       0.00       0.00       0.00       0.00       0.00       0.00       0.00       0.00       0.00       0.00       0.00       0.00       0.00       0.00       0.00       0.00       0.00       0.00       0.00       0.00       0.00       0.00       0.00       0.00       0.00       0.00       0.00       0.00       0.00       0.00       0.00       0.00       0.00       0.00       0.00       0.00       0.00       0.00       0.00       0.00       0.00       0.00       0.00       0.00       0.00       0.00       0.00       0.00       0.00       0.00       0.00       0.00       0.00       0.00       0.00       0.00       0.00       0.00       0.00       0.00       0.00       0.00       0.00       0.00       0.00       0.00      11.00       1.00       0.00       0.00       0.00       1.00       0.00       0.00
17시 07분 08초    2       0.00       0.00       0.00      38.00       0.00       0.00       0.00       0.00       0.00       0.00       0.00       0.00       0.00       0.00       0.00       0.00       0.00       0.00       0.00       0.00       0.00       0.00       0.00       0.00       0.00       0.00       0.00       0.00       0.00       0.00       0.00       0.00       0.00       0.00       0.00       0.00       0.00       0.00       0.00       0.00       0.00       0.00       0.00       0.00       0.00       0.00       0.00       0.00       0.00       0.00       0.00       0.00       0.00       0.00       0.00       0.00       0.00       0.00       0.00       0.00       0.00       0.00       0.00       0.00       0.00       0.00       0.00       0.00       0.00       0.00       0.00       0.00       0.00       0.00       0.00       0.00       0.00       0.00       0.00       0.00       0.00       0.00       0.00       0.00       0.00       0.00       0.00       0.00       0.00       0.00       0.00       0.00       0.00       0.00       0.00       0.00       0.00       0.00       0.00       0.00       0.00       0.00       0.00       0.00       0.00       0.00       0.00       0.00       0.00       0.00       0.00       0.00       0.00       0.00       0.00       0.00       0.00       0.00       0.00       0.00       0.00       0.00       0.00       0.00       0.00       0.00       0.00       0.00       0.00       0.00       0.00       0.00       0.00       0.00       0.00       0.00       5.00       3.00       0.00       0.00       0.00       0.00       0.00       0.00
17시 07분 08초    3       0.00       0.00       0.00      46.00       0.00       0.00       0.00       0.00       0.00       0.00       0.00       0.00       0.00       0.00       0.00       0.00       0.00       0.00       0.00       0.00       0.00       0.00       0.00       0.00       0.00       0.00       0.00       0.00       0.00       0.00       0.00       0.00       0.00       0.00       0.00       0.00       0.00       0.00       0.00       0.00       0.00       0.00       0.00       0.00       0.00       0.00       0.00       0.00       0.00       0.00       0.00       0.00       0.00       0.00       0.00       0.00       0.00       0.00       0.00       0.00       0.00       0.00       0.00       0.00       0.00       0.00       0.00       0.00       0.00       0.00       0.00       0.00       0.00       0.00       0.00       0.00       0.00       0.00       0.00       0.00       0.00       0.00       0.00       0.00       0.00       0.00       0.00       0.00       0.00       0.00       0.00       0.00       0.00       0.00       0.00       0.00       0.00       0.00       0.00       0.00       0.00       0.00       0.00       0.00       0.00       0.00       0.00       0.00       0.00       0.00       0.00       0.00       0.00       0.00       0.00       0.00       0.00       0.00       0.00       0.00       0.00       0.00       0.00       0.00       0.00       0.00       0.00       0.00       0.00       0.00       0.00       0.00       0.00       0.00       0.00       0.00       1.00       0.00       0.00       0.00       0.00       0.00       0.00       0.00
17시 07분 08초    4       0.00       0.00       0.00      34.00       0.00       0.00       0.00       0.00       0.00       0.00       0.00       0.00       0.00       0.00       0.00       0.00       0.00       0.00       0.00       0.00       0.00       0.00       0.00       0.00       0.00       0.00       0.00       0.00       0.00       0.00       0.00       0.00       0.00       0.00       0.00       0.00       0.00       0.00       0.00       0.00       0.00       0.00       0.00       0.00       0.00       0.00       0.00       0.00       0.00       0.00       0.00       0.00       0.00       0.00       0.00       0.00       0.00       0.00       0.00       0.00       0.00       0.00       0.00       0.00       0.00       0.00       0.00       0.00       0.00       0.00       0.00       0.00       0.00       0.00       0.00       0.00       0.00       0.00       0.00       0.00       0.00       0.00       0.00       0.00       0.00       0.00       0.00       0.00       0.00       0.00       0.00       0.00       0.00       0.00       0.00       0.00       0.00       0.00       0.00       0.00       0.00       0.00       0.00       0.00       0.00       0.00       0.00       0.00       0.00       0.00       0.00       0.00       0.00       0.00       0.00       0.00       0.00       0.00       0.00       0.00       0.00       0.00       0.00       0.00       0.00       0.00       0.00       0.00       0.00       0.00       0.00       0.00       0.00       0.00       0.00       0.00       4.00       1.00       0.00       0.00       0.00       0.00       0.00       0.00
17시 07분 08초    5       0.00       0.00       0.00      46.00       0.00       0.00       0.00       0.00       0.00       0.00       0.00       0.00       0.00       0.00       0.00       0.00       0.00       0.00       0.00       0.00       0.00       0.00       0.00       0.00       0.00       0.00       0.00       0.00       0.00       0.00       0.00       0.00       0.00       0.00       0.00       0.00       0.00       0.00       0.00       0.00       0.00       0.00       0.00       0.00       0.00       0.00       0.00       0.00       0.00       0.00       0.00       0.00       0.00       0.00       0.00       0.00       0.00       0.00       0.00       0.00       0.00       0.00       0.00       0.00       0.00       0.00       0.00       0.00       0.00       0.00       0.00       0.00       0.00       0.00       0.00       0.00       0.00       0.00       0.00       0.00       0.00       0.00       0.00       0.00       0.00       0.00       0.00       0.00       0.00       0.00       0.00       0.00       0.00       0.00       0.00       0.00       0.00       0.00       0.00       0.00       0.00       0.00       0.00       0.00       0.00       0.00       0.00       0.00       0.00       0.00       0.00       0.00       0.00       0.00       0.00       0.00       0.00       0.00       0.00       0.00       0.00       0.00       0.00       0.00       0.00       0.00       0.00       0.00       0.00       0.00       0.00       0.00       0.00       0.00       0.00       0.00       9.00       0.00       0.00       0.00       0.00       0.00       0.00       0.00

17시 07분 07초  CPU       HI/s    TIMER/s   NET_TX/s   NET_RX/s    BLOCK/s IRQ_POLL/s  TASKLET/s    SCHED/s  HRTIMER/s      RCU/s
17시 07분 08초    0       0.00       6.00       0.00      11.00       0.00       0.00       0.00      22.00       0.00      18.00
17시 07분 08초    1       0.00      28.00       0.00       0.00       0.00       0.00       0.00      35.00       0.00      28.00
17시 07분 08초    2       0.00      29.00       0.00       0.00       0.00       0.00       0.00      23.00       0.00      22.00
17시 07분 08초    3       0.00      10.00       0.00       0.00       0.00       0.00       0.00      18.00       0.00      25.00
17시 07분 08초    4       0.00      18.00       0.00       0.00       0.00       0.00       0.00      20.00       0.00      15.00
17시 07분 08초    5       0.00      17.00       0.00       0.00       0.00       0.00       0.00      25.00       0.00      27.00

17시 07분 08초  CPU    %usr   %nice    %sys %iowait    %irq   %soft  %steal  %guest  %gnice   %idle
17시 07분 09초  all    0.34    0.00    1.51    0.00    0.00    0.00    0.00    0.00    0.00   98.15
17시 07분 09초    0    1.00    0.00    2.00    0.00    0.00    0.00    0.00    0.00    0.00   97.00
17시 07분 09초    1    0.00    0.00    3.03    0.00    0.00    0.00    0.00    0.00    0.00   96.97
17시 07분 09초    2    0.00    0.00    0.00    0.00    0.00    0.00    0.00    0.00    0.00  100.00
17시 07분 09초    3    1.01    0.00    1.01    0.00    0.00    0.00    0.00    0.00    0.00   97.98
17시 07분 09초    4    0.00    0.00    0.00    0.00    0.00    0.00    0.00    0.00    0.00  100.00
17시 07분 09초    5    0.00    0.00    3.03    0.00    0.00    0.00    0.00    0.00    0.00   96.97

17시 07분 08초  CPU    intr/s
17시 07분 09초  all    345.00
17시 07분 09초    0     77.00
17시 07분 09초    1    114.00
17시 07분 09초    2     68.00
17시 07분 09초    3     61.00
17시 07분 09초    4     43.00
17시 07분 09초    5     39.00

17시 07분 08초  CPU        9/s       11/s       12/s       13/s       18/s       20/s       21/s       22/s       23/s       24/s       25/s       26/s       27/s       28/s       29/s       30/s       31/s       32/s       33/s       34/s       35/s       36/s       37/s       38/s       39/s       40/s       41/s       42/s       43/s       44/s       45/s       46/s       47/s       48/s       49/s       50/s       51/s       52/s       53/s       54/s       55/s       57/s       59/s       61/s       65/s       66/s       67/s       68/s       69/s       70/s       71/s       72/s       73/s       74/s       75/s       76/s       77/s       79/s       80/s       81/s       82/s       83/s       84/s       85/s       86/s       87/s       88/s       89/s       90/s       91/s       92/s       93/s       94/s       95/s       96/s       97/s       98/s      112/s      113/s      114/s      115/s      116/s      117/s      118/s      119/s      120/s      121/s      122/s      123/s      124/s      125/s      126/s      127/s      128/s      129/s      130/s      131/s      132/s      133/s      134/s      135/s      136/s      137/s      138/s      150/s      154/s      162/s      167/s      171/s      224/s      228/s      229/s      230/s      231/s      232/s      233/s      234/s      235/s      236/s      237/s      245/s      246/s      247/s      249/s      250/s      252/s      253/s      262/s      263/s      294/s      296/s      297/s      298/s      299/s      301/s      302/s     IPI0/s     IPI1/s     IPI2/s     IPI3/s     IPI4/s     IPI5/s     IPI6/s      Err/s
17시 07분 09초    0       0.00       0.00       0.00      52.00       0.00       0.00       0.00       0.00       0.00       0.00       0.00       0.00       0.00       0.00       0.00       0.00       0.00       0.00       0.00       0.00       0.00       0.00       0.00       0.00       0.00       0.00       0.00       0.00       0.00       0.00       0.00       0.00       0.00       0.00       0.00       0.00       0.00       0.00       0.00       0.00       0.00       0.00       0.00       0.00       0.00       0.00       0.00       0.00       0.00       0.00       0.00       0.00       0.00       0.00       0.00       0.00       0.00       0.00       0.00       0.00       0.00       0.00       0.00       0.00       0.00       0.00       0.00       0.00       0.00       0.00       0.00       0.00       0.00       0.00       0.00       0.00       0.00       0.00       0.00       0.00       0.00       0.00       0.00       0.00       0.00       0.00       0.00       0.00       0.00       0.00       0.00       0.00       0.00       0.00       0.00       0.00       0.00       0.00       0.00       0.00       0.00       0.00       0.00       0.00       0.00       5.00       0.00       0.00       0.00       0.00       0.00       0.00       0.00       0.00       0.00       0.00       0.00       0.00       0.00       0.00       0.00       0.00       0.00       0.00       0.00       0.00       0.00       0.00       0.00       0.00       0.00       0.00       0.00       0.00      36.00       0.00       1.00       2.00       0.00       0.00       0.00       1.00       0.00       0.00
17시 07분 09초    1       0.00       0.00       0.00      82.00       0.00       0.00       0.00       0.00       0.00       0.00       0.00       0.00       0.00       0.00       0.00       0.00       0.00       0.00       0.00       0.00       0.00       0.00       0.00       0.00       0.00       0.00       0.00       0.00       0.00       0.00       0.00       0.00       0.00       0.00       0.00       0.00       0.00       0.00       0.00       0.00       0.00       0.00       0.00       0.00       0.00       0.00       0.00       0.00       0.00       0.00       0.00       0.00       0.00       0.00       0.00       0.00       0.00       0.00       0.00       0.00       0.00       0.00       0.00       0.00       0.00       0.00       0.00       0.00       0.00       0.00       0.00       0.00       0.00       0.00       0.00       0.00       0.00       0.00       0.00       0.00       0.00       0.00       0.00       0.00       0.00       0.00       0.00       0.00       0.00       0.00       0.00       0.00       0.00       0.00       0.00       0.00       0.00       0.00       0.00       0.00       0.00       0.00       0.00       0.00       0.00       0.00       0.00       0.00       0.00       0.00       0.00       0.00       0.00       0.00       0.00       0.00       0.00       0.00       0.00       0.00       0.00       0.00       0.00       0.00       0.00       0.00       0.00       0.00       0.00       0.00       0.00       0.00       0.00       0.00       0.00       0.00       9.00       1.00       0.00       0.00       0.00       0.00       0.00       0.00
17시 07분 09초    2       0.00       0.00       0.00      35.00       0.00       0.00       0.00       0.00       0.00       0.00       0.00       0.00       0.00       0.00       0.00       0.00       0.00       0.00       0.00       0.00       0.00       0.00       0.00       0.00       0.00       0.00       0.00       0.00       0.00       0.00       0.00       0.00       0.00       0.00       0.00       0.00       0.00       0.00       0.00       0.00       0.00       0.00       0.00       0.00       0.00       0.00       0.00       0.00       0.00       0.00       0.00       0.00       0.00       0.00       0.00       0.00       0.00       0.00       0.00       0.00       0.00       0.00       0.00       0.00       0.00       0.00       0.00       0.00       0.00       0.00       0.00       0.00       0.00       0.00       0.00       0.00       0.00       0.00       0.00       0.00       0.00       0.00       0.00       0.00       0.00       0.00       0.00       0.00       0.00       0.00       0.00       0.00       0.00       0.00       0.00       0.00       0.00       0.00       0.00       0.00       0.00       0.00       0.00       0.00       0.00       0.00       0.00       0.00       0.00       0.00       0.00       0.00       0.00       0.00       0.00       0.00       0.00       0.00       0.00       0.00       0.00       0.00       0.00       0.00       0.00       0.00       0.00       0.00       0.00       0.00       0.00       0.00       0.00       0.00       0.00       0.00       7.00       4.00       0.00       0.00       0.00       0.00       0.00       0.00
17시 07분 09초    3       0.00       0.00       0.00      44.00       0.00       0.00       0.00       0.00       0.00       0.00       0.00       0.00       0.00       0.00       0.00       0.00       0.00       0.00       0.00       0.00       0.00       0.00       0.00       0.00       0.00       0.00       0.00       0.00       0.00       0.00       0.00       0.00       0.00       0.00       0.00       0.00       0.00       0.00       0.00       0.00       0.00       0.00       0.00       0.00       0.00       0.00       0.00       0.00       0.00       0.00       0.00       0.00       0.00       0.00       0.00       0.00       0.00       0.00       0.00       0.00       0.00       0.00       0.00       0.00       0.00       0.00       0.00       0.00       0.00       0.00       0.00       0.00       0.00       0.00       0.00       0.00       0.00       0.00       0.00       0.00       0.00       0.00       0.00       0.00       0.00       0.00       0.00       0.00       0.00       0.00       0.00       0.00       0.00       0.00       0.00       0.00       0.00       0.00       0.00       0.00       0.00       0.00       0.00       0.00       0.00       0.00       0.00       0.00       0.00       0.00       0.00       0.00       0.00       0.00       0.00       0.00       0.00       0.00       0.00       0.00       0.00       0.00       0.00       0.00       0.00       0.00       0.00       0.00       0.00       0.00       0.00       0.00       0.00       0.00       0.00       0.00       7.00       0.00       0.00       0.00       0.00       1.00       0.00       0.00
17시 07분 09초    4       0.00       0.00       0.00      24.00       0.00       0.00       0.00       0.00       0.00       0.00       0.00       0.00       0.00       0.00       0.00       0.00       0.00       0.00       0.00       0.00       0.00       0.00       0.00       0.00       0.00       0.00       0.00       0.00       0.00       0.00       0.00       0.00       0.00       0.00       0.00       0.00       0.00       0.00       0.00       0.00       0.00       0.00       0.00       0.00       0.00       0.00       0.00       0.00       0.00       0.00       0.00       0.00       0.00       0.00       0.00       0.00       0.00       0.00       0.00       0.00       0.00       0.00       0.00       0.00       0.00       0.00       0.00       0.00       0.00       0.00       0.00       0.00       0.00       0.00       0.00       0.00       0.00       0.00       0.00       0.00       0.00       0.00       0.00       0.00       0.00       0.00       0.00       0.00       0.00       0.00       0.00       0.00       0.00       0.00       0.00       0.00       0.00       0.00       0.00       0.00       0.00       0.00       0.00       0.00       0.00       0.00       0.00       0.00       0.00       0.00       0.00       0.00       0.00       0.00       0.00       0.00       0.00       0.00       0.00       0.00       0.00       0.00       0.00       0.00       0.00       0.00       0.00       0.00       0.00       0.00       0.00       0.00       0.00       0.00       0.00       0.00       3.00       1.00       0.00       0.00       0.00       0.00       0.00       0.00
17시 07분 09초    5       0.00       0.00       0.00      28.00       0.00       0.00       0.00       0.00       0.00       0.00       0.00       0.00       0.00       0.00       0.00       0.00       0.00       0.00       0.00       0.00       0.00       0.00       0.00       0.00       0.00       0.00       0.00       0.00       0.00       0.00       0.00       0.00       0.00       0.00       0.00       0.00       0.00       0.00       0.00       0.00       0.00       0.00       0.00       0.00       0.00       0.00       0.00       0.00       0.00       0.00       0.00       0.00       0.00       0.00       0.00       0.00       0.00       0.00       0.00       0.00       0.00       0.00       0.00       0.00       0.00       0.00       0.00       0.00       0.00       0.00       0.00       0.00       0.00       0.00       0.00       0.00       0.00       0.00       0.00       0.00       0.00       0.00       0.00       0.00       0.00       0.00       0.00       0.00       0.00       0.00       0.00       0.00       0.00       0.00       0.00       0.00       0.00       0.00       0.00       0.00       0.00       0.00       0.00       0.00       0.00       0.00       0.00       0.00       0.00       0.00       0.00       0.00       0.00       0.00       0.00       0.00       0.00       0.00       0.00       0.00       0.00       0.00       0.00       0.00       0.00       0.00       0.00       0.00       0.00       0.00       0.00       0.00       0.00       0.00       0.00       0.00       2.00       0.00       0.00       0.00       0.00       0.00       0.00       0.00

17시 07분 08초  CPU       HI/s    TIMER/s   NET_TX/s   NET_RX/s    BLOCK/s IRQ_POLL/s  TASKLET/s    SCHED/s  HRTIMER/s      RCU/s
17시 07분 09초    0       0.00       5.00       0.00      33.00       0.00       0.00       0.00      21.00       0.00      18.00
17시 07분 09초    1       0.00      36.00       0.00       0.00       0.00       0.00       0.00      40.00       0.00      38.00
17시 07분 09초    2       0.00      24.00       0.00       0.00       0.00       0.00       0.00      23.00       0.00      21.00
17시 07분 09초    3       0.00      16.00       0.00       0.00       0.00       0.00       0.00      23.00       0.00      22.00
17시 07분 09초    4       0.00      13.00       0.00       0.00       0.00       0.00       0.00      16.00       0.00      14.00
17시 07분 09초    5       0.00       7.00       0.00       0.00       0.00       0.00       0.00      14.00       0.00      18.00

17시 07분 09초  CPU    %usr   %nice    %sys %iowait    %irq   %soft  %steal  %guest  %gnice   %idle
17시 07분 10초  all    0.33    0.00    1.83    0.00    0.00    0.17    0.00    0.00    0.00   97.67
17시 07분 10초    0    0.00    0.00    2.00    0.00    0.00    1.00    0.00    0.00    0.00   97.00
17시 07분 10초    1    0.00    0.00    3.00    0.00    0.00    0.00    0.00    0.00    0.00   97.00
17시 07분 10초    2    0.00    0.00    1.00    0.00    0.00    0.00    0.00    0.00    0.00   99.00
17시 07분 10초    3    1.00    0.00    2.00    0.00    0.00    0.00    0.00    0.00    0.00   97.00
17시 07분 10초    4    0.00    0.00    0.00    0.00    0.00    0.00    0.00    0.00    0.00  100.00
17시 07분 10초    5    0.99    0.00    2.97    0.00    0.00    0.00    0.00    0.00    0.00   96.04

17시 07분 09초  CPU    intr/s
17시 07분 10초  all    264.00
17시 07분 10초    0     44.00
17시 07분 10초    1    132.00
17시 07분 10초    2     44.00
17시 07분 10초    3     59.00
17시 07분 10초    4      6.00
17시 07분 10초    5     36.00

17시 07분 09초  CPU        9/s       11/s       12/s       13/s       18/s       20/s       21/s       22/s       23/s       24/s       25/s       26/s       27/s       28/s       29/s       30/s       31/s       32/s       33/s       34/s       35/s       36/s       37/s       38/s       39/s       40/s       41/s       42/s       43/s       44/s       45/s       46/s       47/s       48/s       49/s       50/s       51/s       52/s       53/s       54/s       55/s       57/s       59/s       61/s       65/s       66/s       67/s       68/s       69/s       70/s       71/s       72/s       73/s       74/s       75/s       76/s       77/s       79/s       80/s       81/s       82/s       83/s       84/s       85/s       86/s       87/s       88/s       89/s       90/s       91/s       92/s       93/s       94/s       95/s       96/s       97/s       98/s      112/s      113/s      114/s      115/s      116/s      117/s      118/s      119/s      120/s      121/s      122/s      123/s      124/s      125/s      126/s      127/s      128/s      129/s      130/s      131/s      132/s      133/s      134/s      135/s      136/s      137/s      138/s      150/s      154/s      162/s      167/s      171/s      224/s      228/s      229/s      230/s      231/s      232/s      233/s      234/s      235/s      236/s      237/s      245/s      246/s      247/s      249/s      250/s      252/s      253/s      262/s      263/s      294/s      296/s      297/s      298/s      299/s      301/s      302/s     IPI0/s     IPI1/s     IPI2/s     IPI3/s     IPI4/s     IPI5/s     IPI6/s      Err/s
17시 07분 10초    0       0.00       0.00       0.00      30.00       0.00       0.00       0.00       0.00       0.00       0.00       0.00       0.00       0.00       0.00       0.00       0.00       0.00       0.00       0.00       0.00       0.00       0.00       0.00       0.00       0.00       0.00       0.00       0.00       0.00       0.00       0.00       0.00       0.00       0.00       0.00       0.00       0.00       0.00       0.00       0.00       0.00       0.00       0.00       0.00       0.00       0.00       0.00       0.00       0.00       0.00       0.00       0.00       0.00       0.00       0.00       0.00       0.00       0.00       0.00       0.00       0.00       0.00       0.00       0.00       0.00       0.00       0.00       0.00       0.00       0.00       0.00       0.00       0.00       0.00       0.00       0.00       0.00       0.00       0.00       0.00       0.00       0.00       0.00       0.00       0.00       0.00       0.00       0.00       0.00       0.00       0.00       0.00       0.00       0.00       0.00       0.00       0.00       0.00       0.00       0.00       0.00       0.00       0.00       0.00       0.00       0.00       0.00       0.00       0.00       0.00       0.00       0.00       0.00       0.00       0.00       0.00       0.00       0.00       0.00       0.00       0.00       0.00       0.00       0.00       0.00       0.00       0.00       0.00       0.00       0.00       0.00       0.00       0.00       0.00      12.00       0.00       1.00       2.00       0.00       0.00       0.00       1.00       0.00       0.00
17시 07분 10초    1       0.00       0.00       0.00      91.00       0.00       0.00       0.00       0.00       0.00       0.00       0.00       0.00       0.00       0.00       0.00       0.00       0.00       0.00       0.00       0.00       0.00       0.00       0.00       0.00       0.00       0.00       0.00       0.00       0.00       0.00       0.00       0.00       0.00       0.00       0.00       0.00       0.00       0.00       0.00       0.00       0.00       0.00       0.00       0.00       0.00       0.00       0.00       0.00       0.00       0.00       0.00       0.00       0.00       0.00       0.00       0.00       0.00       0.00       0.00       0.00       0.00       0.00       0.00       0.00       0.00       0.00       0.00       0.00       0.00       0.00       0.00       0.00       0.00       0.00       0.00       0.00       0.00       0.00       0.00       0.00       0.00       0.00       0.00       0.00       0.00       0.00       0.00       0.00       0.00       0.00       0.00       0.00       0.00       0.00       0.00       0.00       0.00       0.00       0.00       0.00       0.00       0.00       0.00       0.00       0.00       0.00       0.00       0.00       0.00       0.00       0.00       0.00       0.00       0.00       0.00       0.00       0.00       0.00       0.00       0.00       0.00       0.00       0.00       0.00       0.00       0.00       0.00       0.00       0.00       0.00       0.00       0.00       0.00       0.00       0.00       0.00      10.00       0.00       0.00       0.00       0.00       1.00       0.00       0.00
17시 07분 10초    2       0.00       0.00       0.00      20.00       0.00       0.00       0.00       0.00       0.00       0.00       0.00       0.00       0.00       0.00       0.00       0.00       0.00       0.00       0.00       0.00       0.00       0.00       0.00       0.00       0.00       0.00       0.00       0.00       0.00       0.00       0.00       0.00       0.00       0.00       0.00       0.00       0.00       0.00       0.00       0.00       0.00       0.00       0.00       0.00       0.00       0.00       0.00       0.00       0.00       0.00       0.00       0.00       0.00       0.00       0.00       0.00       0.00       0.00       0.00       0.00       0.00       0.00       0.00       0.00       0.00       0.00       0.00       0.00       0.00       0.00       0.00       0.00       0.00       0.00       0.00       0.00       0.00       0.00       0.00       0.00       0.00       0.00       0.00       0.00       0.00       0.00       0.00       0.00       0.00       0.00       0.00       0.00       0.00       0.00       0.00       0.00       0.00       0.00       0.00       0.00       0.00       0.00       0.00       0.00       0.00       0.00       0.00       0.00       0.00       0.00       0.00       0.00       0.00       0.00       0.00       0.00       0.00       0.00       0.00       0.00       0.00       0.00       0.00       0.00       0.00       0.00       0.00       0.00       0.00       0.00       0.00       0.00       0.00       0.00       0.00       0.00       1.00       4.00       0.00       0.00       0.00       0.00       0.00       0.00
17시 07분 10초    3       0.00       0.00       0.00      43.00       0.00       0.00       0.00       0.00       0.00       0.00       0.00       0.00       0.00       0.00       0.00       0.00       0.00       0.00       0.00       0.00       0.00       0.00       0.00       0.00       0.00       0.00       0.00       0.00       0.00       0.00       0.00       0.00       0.00       0.00       0.00       0.00       0.00       0.00       0.00       0.00       0.00       0.00       0.00       0.00       0.00       0.00       0.00       0.00       0.00       0.00       0.00       0.00       0.00       0.00       0.00       0.00       0.00       0.00       0.00       0.00       0.00       0.00       0.00       0.00       0.00       0.00       0.00       0.00       0.00       0.00       0.00       0.00       0.00       0.00       0.00       0.00       0.00       0.00       0.00       0.00       0.00       0.00       0.00       0.00       0.00       0.00       0.00       0.00       0.00       0.00       0.00       0.00       0.00       0.00       0.00       0.00       0.00       0.00       0.00       0.00       0.00       0.00       0.00       0.00       0.00       0.00       0.00       0.00       0.00       0.00       0.00       0.00       0.00       0.00       0.00       0.00       0.00       0.00       0.00       0.00       0.00       0.00       0.00       0.00       0.00       0.00       0.00       0.00       0.00       0.00       0.00       0.00       0.00       0.00       0.00       0.00       9.00       0.00       0.00       0.00       0.00       0.00       0.00       0.00
17시 07분 10초    4       0.00       0.00       0.00       4.00       0.00       0.00       0.00       0.00       0.00       0.00       0.00       0.00       0.00       0.00       0.00       0.00       0.00       0.00       0.00       0.00       0.00       0.00       0.00       0.00       0.00       0.00       0.00       0.00       0.00       0.00       0.00       0.00       0.00       0.00       0.00       0.00       0.00       0.00       0.00       0.00       0.00       0.00       0.00       0.00       0.00       0.00       0.00       0.00       0.00       0.00       0.00       0.00       0.00       0.00       0.00       0.00       0.00       0.00       0.00       0.00       0.00       0.00       0.00       0.00       0.00       0.00       0.00       0.00       0.00       0.00       0.00       0.00       0.00       0.00       0.00       0.00       0.00       0.00       0.00       0.00       0.00       0.00       0.00       0.00       0.00       0.00       0.00       0.00       0.00       0.00       0.00       0.00       0.00       0.00       0.00       0.00       0.00       0.00       0.00       0.00       0.00       0.00       0.00       0.00       0.00       0.00       0.00       0.00       0.00       0.00       0.00       0.00       0.00       0.00       0.00       0.00       0.00       0.00       0.00       0.00       0.00       0.00       0.00       0.00       0.00       0.00       0.00       0.00       0.00       0.00       0.00       0.00       0.00       0.00       0.00       0.00       0.00       0.00       0.00       0.00       0.00       0.00       0.00       0.00
17시 07분 10초    5       0.00       0.00       0.00      31.00       0.00       0.00       0.00       0.00       0.00       0.00       0.00       0.00       0.00       0.00       0.00       0.00       0.00       0.00       0.00       0.00       0.00       0.00       0.00       0.00       0.00       0.00       0.00       0.00       0.00       0.00       0.00       0.00       0.00       0.00       0.00       0.00       0.00       0.00       0.00       0.00       0.00       0.00       0.00       0.00       0.00       0.00       0.00       0.00       0.00       0.00       0.00       0.00       0.00       0.00       0.00       0.00       0.00       0.00       0.00       0.00       0.00       0.00       0.00       0.00       0.00       0.00       0.00       0.00       0.00       0.00       0.00       0.00       0.00       0.00       0.00       0.00       0.00       0.00       0.00       0.00       0.00       0.00       0.00       0.00       0.00       0.00       0.00       0.00       0.00       0.00       0.00       0.00       0.00       0.00       0.00       0.00       0.00       0.00       0.00       0.00       0.00       0.00       0.00       0.00       0.00       0.00       0.00       0.00       0.00       0.00       0.00       0.00       0.00       0.00       0.00       0.00       0.00       0.00       0.00       0.00       0.00       0.00       0.00       0.00       0.00       0.00       0.00       0.00       0.00       0.00       0.00       0.00       0.00       0.00       0.00       0.00       0.00       0.00       0.00       0.00       0.00       0.00       0.00       0.00

17시 07분 09초  CPU       HI/s    TIMER/s   NET_TX/s   NET_RX/s    BLOCK/s IRQ_POLL/s  TASKLET/s    SCHED/s  HRTIMER/s      RCU/s
17시 07분 10초    0       0.00       4.00       0.00      11.00       0.00       0.00       0.00      14.00       0.00      15.00
17시 07분 10초    1       0.00      54.00       0.00       0.00       0.00       0.00       0.00      48.00       0.00      30.00
17시 07분 10초    2       0.00      14.00       0.00       0.00       0.00       0.00       0.00      19.00       0.00      11.00
17시 07분 10초    3       0.00      18.00       0.00       0.00       0.00       0.00       0.00      18.00       0.00      23.00
17시 07분 10초    4       0.00       2.00       0.00       0.00       0.00       0.00       0.00       2.00       0.00       2.00
17시 07분 10초    5       0.00       2.00       0.00       0.00       0.00       0.00       0.00      13.00       0.00      21.00

17시 07분 10초  CPU    %usr   %nice    %sys %iowait    %irq   %soft  %steal  %guest  %gnice   %idle
17시 07분 11초  all    1.83    0.00    1.66    0.00    0.17    0.17    0.00    0.00    0.00   96.18
17시 07분 11초    0    1.00    0.00    1.00    0.00    0.00    0.00    0.00    0.00    0.00   98.00
17시 07분 11초    1    1.00    0.00    3.00    0.00    0.00    0.00    0.00    0.00    0.00   96.00
17시 07분 11초    2    7.00    0.00    0.00    0.00    0.00    0.00    0.00    0.00    0.00   93.00
17시 07분 11초    3    0.00    0.00    3.96    0.00    0.00    0.00    0.00    0.00    0.00   96.04
17시 07분 11초    4    1.00    0.00    0.00    0.00    0.00    0.00    0.00    0.00    0.00   99.00
17시 07분 11초    5    0.99    0.00    1.98    0.00    0.99    0.99    0.00    0.00    0.00   95.05

17시 07분 10초  CPU    intr/s
17시 07분 11초  all    416.00
17시 07분 11초    0     73.00
17시 07분 11초    1     96.00
17시 07분 11초    2     47.00
17시 07분 11초    3     43.00
17시 07분 11초    4     82.00
17시 07분 11초    5     59.00

17시 07분 10초  CPU        9/s       11/s       12/s       13/s       18/s       20/s       21/s       22/s       23/s       24/s       25/s       26/s       27/s       28/s       29/s       30/s       31/s       32/s       33/s       34/s       35/s       36/s       37/s       38/s       39/s       40/s       41/s       42/s       43/s       44/s       45/s       46/s       47/s       48/s       49/s       50/s       51/s       52/s       53/s       54/s       55/s       57/s       59/s       61/s       65/s       66/s       67/s       68/s       69/s       70/s       71/s       72/s       73/s       74/s       75/s       76/s       77/s       79/s       80/s       81/s       82/s       83/s       84/s       85/s       86/s       87/s       88/s       89/s       90/s       91/s       92/s       93/s       94/s       95/s       96/s       97/s       98/s      112/s      113/s      114/s      115/s      116/s      117/s      118/s      119/s      120/s      121/s      122/s      123/s      124/s      125/s      126/s      127/s      128/s      129/s      130/s      131/s      132/s      133/s      134/s      135/s      136/s      137/s      138/s      150/s      154/s      162/s      167/s      171/s      224/s      228/s      229/s      230/s      231/s      232/s      233/s      234/s      235/s      236/s      237/s      245/s      246/s      247/s      249/s      250/s      252/s      253/s      262/s      263/s      294/s      296/s      297/s      298/s      299/s      301/s      302/s     IPI0/s     IPI1/s     IPI2/s     IPI3/s     IPI4/s     IPI5/s     IPI6/s      Err/s
17시 07분 11초    0       0.00       0.00       0.00      44.00       0.00       0.00       0.00       0.00       0.00       0.00       0.00       0.00       0.00       0.00       0.00       0.00       0.00       0.00       0.00       0.00       0.00       0.00       0.00       0.00       0.00       0.00       0.00       0.00       0.00       0.00       0.00       0.00       0.00       0.00       0.00       0.00       0.00       0.00       0.00       0.00       0.00       0.00       0.00       0.00       0.00       0.00       0.00       0.00       0.00       0.00       0.00       0.00       0.00       0.00       0.00       0.00       0.00       0.00       0.00       0.00       0.00       0.00       0.00       0.00       0.00       0.00       0.00       0.00       0.00       0.00       0.00       0.00       0.00       0.00       0.00       0.00       0.00       0.00       0.00       0.00       0.00       0.00       0.00       0.00       0.00       0.00       0.00       0.00       0.00       0.00       0.00       0.00       0.00       0.00       0.00       0.00       0.00       0.00       0.00       0.00       0.00       0.00       0.00       0.00       0.00      18.00       0.00       0.00       0.00       0.00       0.00       0.00       0.00       0.00       0.00       0.00       0.00       0.00       0.00       0.00       0.00       0.00       0.00       0.00       0.00       0.00       0.00       0.00       0.00       0.00       0.00       0.00       0.00       0.00      24.00       0.00      19.00       7.00       0.00       0.00       0.00       2.00       0.00       0.00
17시 07분 11초    1       0.00       0.00       0.00      71.00       0.00       0.00       0.00       0.00       0.00       0.00       0.00       0.00       0.00       0.00       0.00       0.00       0.00       0.00       0.00       0.00       0.00       0.00       0.00       0.00       0.00       0.00       0.00       0.00       0.00       0.00       0.00       0.00       0.00       0.00       0.00       0.00       0.00       0.00       0.00       0.00       0.00       0.00       0.00       0.00       0.00       0.00       0.00       0.00       0.00       0.00       0.00       0.00       0.00       0.00       0.00       0.00       0.00       0.00       0.00       0.00       0.00       0.00       0.00       0.00       0.00       0.00       0.00       0.00       0.00       0.00       0.00       0.00       0.00       0.00       0.00       0.00       0.00       0.00       0.00       0.00       0.00       0.00       0.00       0.00       0.00       0.00       0.00       0.00       0.00       0.00       0.00       0.00       0.00       0.00       0.00       0.00       0.00       0.00       0.00       0.00       0.00       0.00       0.00       0.00       0.00       0.00       0.00       0.00       0.00       0.00       0.00       0.00       0.00       0.00       0.00       0.00       0.00       0.00       0.00       0.00       0.00       0.00       0.00       0.00       0.00       0.00       0.00       0.00       0.00       0.00       0.00       0.00       0.00       0.00       0.00       0.00      18.00       1.00       0.00       0.00       0.00       2.00       0.00       0.00
17시 07분 11초    2       0.00       0.00       0.00      32.00       0.00       0.00       0.00       0.00       0.00       0.00       0.00       0.00       0.00       0.00       0.00       0.00       0.00       0.00       0.00       0.00       0.00       0.00       0.00       0.00       0.00       0.00       0.00       0.00       0.00       0.00       0.00       0.00       0.00       0.00       0.00       0.00       0.00       0.00       0.00       0.00       0.00       0.00       0.00       0.00       0.00       0.00       0.00       0.00       0.00       0.00       0.00       0.00       0.00       0.00       0.00       0.00       0.00       0.00       0.00       0.00       0.00       0.00       0.00       0.00       0.00       0.00       0.00       0.00       0.00       0.00       0.00       0.00       0.00       0.00       0.00       0.00       0.00       0.00       0.00       0.00       0.00       0.00       0.00       0.00       0.00       0.00       0.00       0.00       0.00       0.00       0.00       0.00       0.00       0.00       0.00       0.00       0.00       0.00       0.00       0.00       0.00       0.00       0.00       0.00       0.00       0.00       0.00       0.00       0.00       0.00       0.00       0.00       0.00       0.00       0.00       0.00       0.00       0.00       0.00       0.00       0.00       0.00       0.00       0.00       0.00       0.00       0.00       0.00       0.00       0.00       0.00       0.00       0.00       0.00       0.00       0.00       8.00       4.00       0.00       0.00       0.00       9.00       0.00       0.00
17시 07분 11초    3       0.00       0.00       0.00      37.00       0.00       0.00       0.00       0.00       0.00       0.00       0.00       0.00       0.00       0.00       0.00       0.00       0.00       0.00       0.00       0.00       0.00       0.00       0.00       0.00       0.00       0.00       0.00       0.00       0.00       0.00       0.00       0.00       0.00       0.00       0.00       0.00       0.00       0.00       0.00       0.00       0.00       0.00       0.00       0.00       0.00       0.00       0.00       0.00       0.00       0.00       0.00       0.00       0.00       0.00       0.00       0.00       0.00       0.00       0.00       0.00       0.00       0.00       0.00       0.00       0.00       0.00       0.00       0.00       0.00       0.00       0.00       0.00       0.00       0.00       0.00       0.00       0.00       0.00       0.00       0.00       0.00       0.00       0.00       0.00       0.00       0.00       0.00       0.00       0.00       0.00       0.00       0.00       0.00       0.00       0.00       0.00       0.00       0.00       0.00       0.00       0.00       0.00       0.00       0.00       0.00       0.00       0.00       0.00       0.00       0.00       0.00       0.00       0.00       0.00       0.00       0.00       0.00       0.00       0.00       0.00       0.00       0.00       0.00       0.00       0.00       0.00       0.00       0.00       0.00       0.00       0.00       0.00       0.00       0.00       0.00       0.00       8.00       0.00       0.00       0.00       0.00       0.00       0.00       0.00
17시 07분 11초    4       0.00       0.00       0.00      48.00       0.00       0.00       0.00       0.00       0.00       0.00       0.00       0.00       0.00       0.00       0.00       0.00       0.00       0.00       0.00       0.00       0.00       0.00       0.00       0.00       0.00       0.00       0.00       0.00       0.00       0.00       0.00       0.00       0.00       0.00       0.00       0.00       0.00       0.00       0.00       0.00       0.00       0.00       0.00       0.00       0.00       0.00       0.00       0.00       0.00       0.00       0.00       0.00       0.00       0.00       0.00       0.00       0.00       0.00       0.00       0.00       0.00       0.00       0.00       0.00       0.00       0.00       0.00       0.00       0.00       0.00       0.00       0.00       0.00       0.00       0.00       0.00       0.00       0.00       0.00       0.00       0.00       0.00       0.00       0.00       0.00       0.00       0.00       0.00       0.00       0.00       0.00       0.00       0.00       0.00       0.00       0.00       0.00       0.00       0.00       0.00       0.00       0.00       0.00       0.00       0.00       0.00       0.00       0.00       0.00       0.00       0.00       0.00       0.00       0.00       0.00       0.00       0.00       0.00       0.00       0.00       0.00       0.00       0.00       0.00       0.00       0.00       0.00       0.00       0.00       0.00       0.00       0.00       0.00       0.00       0.00       0.00      15.00       0.00       0.00       0.00       0.00       0.00       0.00       0.00
17시 07분 11초    5       0.00       0.00       0.00      43.00       0.00       0.00       0.00       0.00       0.00       0.00       0.00       0.00       0.00       0.00       0.00       0.00       0.00       0.00       0.00       0.00       0.00       0.00       0.00       0.00       0.00       0.00       0.00       0.00       0.00       0.00       0.00       0.00       0.00       0.00       0.00       0.00       0.00       0.00       0.00       0.00       0.00       0.00       0.00       0.00       0.00       0.00       0.00       0.00       0.00       0.00       0.00       0.00       0.00       0.00       0.00       0.00       0.00       0.00       0.00       0.00       0.00       0.00       0.00       0.00       0.00       0.00       0.00       0.00       0.00       0.00       0.00       0.00       0.00       0.00       0.00       0.00       0.00       0.00       0.00       0.00       0.00       0.00       0.00       0.00       0.00       0.00       0.00       0.00       0.00       0.00       0.00       0.00       0.00       0.00       0.00       0.00       0.00       0.00       0.00       0.00       0.00       0.00       0.00       0.00       0.00       0.00       0.00       0.00       0.00       0.00       0.00       0.00       0.00       0.00       0.00       0.00       0.00       0.00       0.00       0.00       0.00       0.00       0.00       0.00       0.00       0.00       0.00       0.00       0.00       0.00       0.00       0.00       0.00       0.00       0.00       0.00       5.00       0.00       0.00       0.00       0.00       0.00       0.00       0.00

17시 07분 10초  CPU       HI/s    TIMER/s   NET_TX/s   NET_RX/s    BLOCK/s IRQ_POLL/s  TASKLET/s    SCHED/s  HRTIMER/s      RCU/s
17시 07분 11초    0       0.00       7.00       0.00      22.00       0.00       0.00       0.00      26.00       0.00      18.00
17시 07분 11초    1       0.00      30.00       0.00       0.00       0.00       0.00       0.00      35.00       0.00      31.00
17시 07분 11초    2       0.00      14.00       0.00       0.00       0.00       0.00       0.00      19.00       0.00      14.00
17시 07분 11초    3       0.00       6.00       0.00       0.00       0.00       0.00       0.00      13.00       0.00      24.00
17시 07분 11초    4       0.00      31.00       0.00       0.00       0.00       0.00       0.00      28.00       0.00      23.00
17시 07분 11초    5       0.00      17.00       0.00       0.00       0.00       0.00       0.00      21.00       0.00      21.00

17시 07분 11초  CPU    %usr   %nice    %sys %iowait    %irq   %soft  %steal  %guest  %gnice   %idle
17시 07분 12초  all    0.50    0.00    3.34    1.00    0.00    0.00    0.00    0.00    0.00   95.16
17시 07분 12초    0    1.01    0.00    1.01    0.00    0.00    0.00    0.00    0.00    0.00   97.98
17시 07분 12초    1    0.00    0.00    2.00    3.00    0.00    0.00    0.00    0.00    0.00   95.00
17시 07분 12초    2    0.00    0.00   13.00    3.00    0.00    0.00    0.00    0.00    0.00   84.00
17시 07분 12초    3    1.00    0.00    2.00    0.00    0.00    0.00    0.00    0.00    0.00   97.00
17시 07분 12초    4    0.00    0.00    0.00    0.00    0.00    0.00    0.00    0.00    0.00  100.00
17시 07분 12초    5    1.00    0.00    2.00    0.00    0.00    0.00    0.00    0.00    0.00   97.00

17시 07분 11초  CPU    intr/s
17시 07분 12초  all    738.00
17시 07분 12초    0     87.00
17시 07분 12초    1    103.00
17시 07분 12초    2     46.00
17시 07분 12초    3     51.00
17시 07분 12초    4     57.00
17시 07분 12초    5     79.00

17시 07분 11초  CPU        9/s       11/s       12/s       13/s       18/s       20/s       21/s       22/s       23/s       24/s       25/s       26/s       27/s       28/s       29/s       30/s       31/s       32/s       33/s       34/s       35/s       36/s       37/s       38/s       39/s       40/s       41/s       42/s       43/s       44/s       45/s       46/s       47/s       48/s       49/s       50/s       51/s       52/s       53/s       54/s       55/s       57/s       59/s       61/s       65/s       66/s       67/s       68/s       69/s       70/s       71/s       72/s       73/s       74/s       75/s       76/s       77/s       79/s       80/s       81/s       82/s       83/s       84/s       85/s       86/s       87/s       88/s       89/s       90/s       91/s       92/s       93/s       94/s       95/s       96/s       97/s       98/s      112/s      113/s      114/s      115/s      116/s      117/s      118/s      119/s      120/s      121/s      122/s      123/s      124/s      125/s      126/s      127/s      128/s      129/s      130/s      131/s      132/s      133/s      134/s      135/s      136/s      137/s      138/s      150/s      154/s      162/s      167/s      171/s      224/s      228/s      229/s      230/s      231/s      232/s      233/s      234/s      235/s      236/s      237/s      245/s      246/s      247/s      249/s      250/s      252/s      253/s      262/s      263/s      294/s      296/s      297/s      298/s      299/s      301/s      302/s     IPI0/s     IPI1/s     IPI2/s     IPI3/s     IPI4/s     IPI5/s     IPI6/s      Err/s
17시 07분 12초    0       0.00       0.00       0.00      91.00       0.00       0.00       0.00       0.00       0.00       0.00       0.00       0.00       0.00       0.00       0.00       0.00       0.00       0.00       0.00       0.00       0.00       0.00       0.00       0.00       0.00       0.00       0.00       0.00       0.00       0.00       0.00       0.00       0.00       0.00       0.00       0.00       0.00       0.00       0.00       0.00       0.00       0.00       0.00       0.00       0.00       0.00     134.00       0.00       0.00       0.00       0.00       0.00       0.00       0.00       0.00       0.00       0.00       0.00       0.00       0.00       0.00       0.00       0.00       0.00       0.00       0.00       0.00       0.00       0.00       0.00       0.00       0.00       0.00       0.00       0.00       0.00       0.00       0.00       0.00       0.00       0.00       0.00       0.00       0.00       0.00       0.00       0.00       0.00       0.00       0.00       0.00       0.00       0.00       0.00       0.00       0.00       0.00       0.00       0.00       0.00       0.00       0.00       0.00       0.00       0.00      39.00       0.00       0.00       0.00       0.00       0.00       0.00       0.00       0.00       0.00       0.00       0.00       0.00       0.00       0.00       0.00       0.00       0.00       0.00       0.00       0.00       0.00       0.00       0.00       0.00       0.00       0.00       0.00       0.00      12.00       0.00      12.00       8.00       0.00       0.00       0.00       1.00       0.00       0.00
17시 07분 12초    1       0.00       0.00       0.00      78.00       0.00       0.00       0.00       0.00       0.00       0.00       0.00       0.00       0.00       0.00       0.00       0.00       0.00       0.00       0.00       0.00       0.00       0.00       0.00       0.00       0.00       0.00       0.00       0.00       0.00       0.00       0.00       0.00       0.00       0.00       0.00       0.00       0.00       0.00       0.00       0.00       0.00       0.00       0.00       0.00       0.00       0.00       0.00       0.00       0.00       0.00       0.00       0.00       0.00       0.00       0.00       0.00       0.00       0.00       0.00       0.00       0.00       0.00       0.00       0.00       0.00       0.00       0.00       0.00       0.00       0.00       0.00       0.00       0.00       0.00       0.00       0.00       0.00       0.00       0.00       0.00       0.00       0.00       0.00       0.00       0.00       0.00       0.00       0.00       0.00       0.00       0.00       0.00       0.00       0.00       0.00       0.00       0.00       0.00       0.00       0.00       0.00       0.00       0.00       0.00       0.00       0.00       0.00       0.00       0.00       0.00       0.00       0.00       0.00       0.00       0.00       0.00       0.00       0.00       0.00       0.00       0.00       0.00       0.00       0.00       0.00       0.00       0.00       0.00       0.00       0.00       0.00       0.00       0.00       0.00       0.00       0.00      14.00       0.00       0.00       0.00       0.00       1.00       0.00       0.00
17시 07분 12초    2       0.00       0.00       0.00      40.00       0.00       0.00       0.00       0.00       0.00       0.00       0.00       0.00       0.00       0.00       0.00       0.00       0.00       0.00       0.00       0.00       0.00       0.00       0.00       0.00       0.00       0.00       0.00       0.00       0.00       0.00       0.00       0.00       0.00       0.00       0.00       0.00       0.00       0.00       0.00       0.00       0.00       0.00       0.00       0.00       0.00       0.00       0.00       0.00       0.00       0.00       0.00       0.00       0.00       0.00       0.00       0.00       0.00       0.00       0.00       0.00       0.00       0.00       0.00       0.00       0.00       0.00       0.00       0.00       0.00       0.00       0.00       0.00       0.00       0.00       0.00       0.00       0.00       0.00       0.00       0.00       0.00       0.00       0.00       0.00       0.00       0.00       0.00       0.00       0.00       0.00       0.00       0.00       0.00       0.00       0.00       0.00       0.00       0.00       0.00       0.00       0.00       0.00       0.00       0.00       0.00       0.00       0.00       0.00       0.00       0.00       0.00       0.00       0.00       0.00       0.00       0.00       0.00       0.00       0.00       0.00       0.00       0.00       0.00       0.00       0.00       0.00       0.00       0.00       0.00       0.00       0.00       0.00       0.00       0.00       0.00       0.00     146.00       3.00       0.00       0.00       0.00      10.00       0.00       0.00
17시 07분 12초    3       0.00       0.00       0.00      47.00       0.00       0.00       0.00       0.00       0.00       0.00       0.00       0.00       0.00       0.00       0.00       0.00       0.00       0.00       0.00       0.00       0.00       0.00       0.00       0.00       0.00       0.00       0.00       0.00       0.00       0.00       0.00       0.00       0.00       0.00       0.00       0.00       0.00       0.00       0.00       0.00       0.00       0.00       0.00       0.00       0.00       0.00       0.00       0.00       0.00       0.00       0.00       0.00       0.00       0.00       0.00       0.00       0.00       0.00       0.00       0.00       0.00       0.00       0.00       0.00       0.00       0.00       0.00       0.00       0.00       0.00       0.00       0.00       0.00       0.00       0.00       0.00       0.00       0.00       0.00       0.00       0.00       0.00       0.00       0.00       0.00       0.00       0.00       0.00       0.00       0.00       0.00       0.00       0.00       0.00       0.00       0.00       0.00       0.00       0.00       0.00       0.00       0.00       0.00       0.00       0.00       0.00       0.00       0.00       0.00       0.00       0.00       0.00       0.00       0.00       0.00       0.00       0.00       0.00       0.00       0.00       0.00       0.00       0.00       0.00       0.00       0.00       0.00       0.00       0.00       0.00       0.00       0.00       0.00       0.00       0.00       0.00       1.00       0.00       0.00       0.00       0.00       1.00       0.00       0.00
17시 07분 12초    4       0.00       0.00       0.00      42.00       0.00       0.00       0.00       0.00       0.00       0.00       0.00       0.00       0.00       0.00       0.00       0.00       0.00       0.00       0.00       0.00       0.00       0.00       0.00       0.00       0.00       0.00       0.00       0.00       0.00       0.00       0.00       0.00       0.00       0.00       0.00       0.00       0.00       0.00       0.00       0.00       0.00       0.00       0.00       0.00       0.00       0.00       0.00       0.00       0.00       0.00       0.00       0.00       0.00       0.00       0.00       0.00       0.00       0.00       0.00       0.00       0.00       0.00       0.00       0.00       0.00       0.00       0.00       0.00       0.00       0.00       0.00       0.00       0.00       0.00       0.00       0.00       0.00       0.00       0.00       0.00       0.00       0.00       0.00       0.00       0.00       0.00       0.00       0.00       0.00       0.00       0.00       0.00       0.00       0.00       0.00       0.00       0.00       0.00       0.00       0.00       0.00       0.00       0.00       0.00       0.00       0.00       0.00       0.00       0.00       0.00       0.00       0.00       0.00       0.00       0.00       0.00       0.00       0.00       0.00       0.00       0.00       0.00       0.00       0.00       0.00       0.00       0.00       0.00       0.00       0.00       0.00       0.00       0.00       0.00       0.00       0.00       6.00       0.00       0.00       0.00       0.00       0.00       0.00       0.00
17시 07분 12초    5       0.00       0.00       0.00      51.00       0.00       0.00       0.00       0.00       0.00       0.00       0.00       0.00       0.00       0.00       0.00       0.00       0.00       0.00       0.00       0.00       0.00       0.00       0.00       0.00       0.00       0.00       0.00       0.00       0.00       0.00       0.00       0.00       0.00       0.00       0.00       0.00       0.00       0.00       0.00       0.00       0.00       0.00       0.00       0.00       0.00       0.00       0.00       0.00       0.00       0.00       0.00       0.00       0.00       0.00       0.00       0.00       0.00       0.00       0.00       0.00       0.00       0.00       0.00       0.00       0.00       0.00       0.00       0.00       0.00       0.00       0.00       0.00       0.00       0.00       0.00       0.00       0.00       0.00       0.00       0.00       0.00       0.00       0.00       0.00       0.00       0.00       0.00       0.00       0.00       0.00       0.00       0.00       0.00       0.00       0.00       0.00       0.00       0.00       0.00       0.00       0.00       0.00       0.00       0.00       0.00       0.00       0.00       0.00       0.00       0.00       0.00       0.00       0.00       0.00       0.00       0.00       0.00       0.00       0.00       0.00       0.00       0.00       0.00       0.00       0.00       0.00       0.00       0.00       0.00       0.00       0.00       0.00       0.00       0.00       0.00       0.00       3.00       0.00       0.00       0.00       0.00       0.00       0.00       0.00

17시 07분 11초  CPU       HI/s    TIMER/s   NET_TX/s   NET_RX/s    BLOCK/s IRQ_POLL/s  TASKLET/s    SCHED/s  HRTIMER/s      RCU/s
17시 07분 12초    0       0.00       8.00       1.00      11.00       2.00       0.00       0.00      41.00       0.00      24.00
17시 07분 12초    1       0.00      36.00       0.00       0.00       0.00       0.00       0.00      37.00       0.00      30.00
17시 07분 12초    2       0.00       2.00       0.00       0.00       0.00       0.00       0.00      37.00       0.00       7.00
17시 07분 12초    3       0.00       7.00       0.00       0.00       0.00       0.00       0.00      19.00       0.00      25.00
17시 07분 12초    4       0.00      22.00       0.00       0.00       0.00       0.00       0.00      20.00       0.00      15.00
17시 07분 12초    5       0.00      25.00       0.00       0.00       0.00       0.00       0.00      30.00       0.00      24.00

17시 07분 12초  CPU    %usr   %nice    %sys %iowait    %irq   %soft  %steal  %guest  %gnice   %idle
17시 07분 13초  all    1.00    0.00    2.16    0.00    0.33    0.00    0.00    0.00    0.00   96.51
17시 07분 13초    0    0.99    0.00    1.98    0.00    0.99    0.00    0.00    0.00    0.00   96.04
17시 07분 13초    1    0.98    0.00    2.94    0.00    0.98    0.00    0.00    0.00    0.00   95.10
17시 07분 13초    2    0.00    0.00    0.00    0.00    0.00    0.00    0.00    0.00    0.00  100.00
17시 07분 13초    3    2.00    0.00    2.00    0.00    0.00    0.00    0.00    0.00    0.00   96.00
17시 07분 13초    4    0.00    0.00    0.00    0.00    0.00    0.00    0.00    0.00    0.00  100.00
17시 07분 13초    5    2.02    0.00    6.06    0.00    0.00    0.00    0.00    0.00    0.00   91.92

17시 07분 12초  CPU    intr/s
17시 07분 13초  all    618.00
17시 07분 13초    0     83.00
17시 07분 13초    1     91.00
17시 07분 13초    2     15.00
17시 07분 13초    3     53.00
17시 07분 13초    4     90.00
17시 07분 13초    5    139.00

17시 07분 12초  CPU        9/s       11/s       12/s       13/s       18/s       20/s       21/s       22/s       23/s       24/s       25/s       26/s       27/s       28/s       29/s       30/s       31/s       32/s       33/s       34/s       35/s       36/s       37/s       38/s       39/s       40/s       41/s       42/s       43/s       44/s       45/s       46/s       47/s       48/s       49/s       50/s       51/s       52/s       53/s       54/s       55/s       57/s       59/s       61/s       65/s       66/s       67/s       68/s       69/s       70/s       71/s       72/s       73/s       74/s       75/s       76/s       77/s       79/s       80/s       81/s       82/s       83/s       84/s       85/s       86/s       87/s       88/s       89/s       90/s       91/s       92/s       93/s       94/s       95/s       96/s       97/s       98/s      112/s      113/s      114/s      115/s      116/s      117/s      118/s      119/s      120/s      121/s      122/s      123/s      124/s      125/s      126/s      127/s      128/s      129/s      130/s      131/s      132/s      133/s      134/s      135/s      136/s      137/s      138/s      150/s      154/s      162/s      167/s      171/s      224/s      228/s      229/s      230/s      231/s      232/s      233/s      234/s      235/s      236/s      237/s      245/s      246/s      247/s      249/s      250/s      252/s      253/s      262/s      263/s      294/s      296/s      297/s      298/s      299/s      301/s      302/s     IPI0/s     IPI1/s     IPI2/s     IPI3/s     IPI4/s     IPI5/s     IPI6/s      Err/s
17시 07분 13초    0       0.00       0.00       0.00      53.00       0.00       0.00       0.00       0.00       0.00       0.00       0.00       0.00       0.00       0.00       0.00       0.00       0.00       0.00       0.00       0.00       0.00       0.00       0.00       0.00       0.00       0.00       0.00       0.00       0.00       0.00       0.00       0.00       0.00       0.00       0.00       0.00       0.00       0.00       0.00       0.00       0.00       0.00       0.00       0.00       0.00       0.00       0.00       0.00       0.00       0.00       0.00       0.00       0.00       0.00       0.00       0.00       0.00       0.00       0.00       0.00       0.00       0.00       0.00       0.00       0.00       0.00       0.00       0.00       0.00       0.00       0.00       0.00       0.00       0.00       0.00       0.00       0.00      84.00       0.00       0.00       0.00       0.00       0.00       0.00       0.00       0.00       0.00       0.00       0.00       0.00       0.00       0.00       0.00       0.00       0.00       0.00       0.00       0.00       0.00       0.00       0.00       0.00       0.00       0.00       0.00      20.00       0.00       0.00       0.00       0.00       0.00       0.00       0.00       0.00       0.00       0.00       0.00       0.00       0.00       0.00       0.00       0.00       0.00       0.00       0.00       0.00       0.00       0.00       0.00       0.00       0.00       0.00       0.00       0.00      24.00       3.00       9.00       5.00       0.00       0.00       0.00       2.00       0.00       0.00
17시 07분 13초    1       0.00       0.00       0.00      66.00       0.00       0.00       0.00       0.00       0.00       0.00       0.00       0.00       0.00       0.00       0.00       0.00       0.00       0.00       0.00       0.00       0.00       0.00       0.00       0.00       0.00       0.00       0.00       0.00       0.00       0.00       0.00       0.00       0.00       0.00       0.00       0.00       0.00       0.00       0.00       0.00       0.00       0.00       0.00       0.00       0.00       0.00       0.00       0.00       0.00       0.00       0.00       0.00       0.00       0.00       0.00       0.00       0.00       0.00       0.00       0.00       0.00       0.00       0.00       0.00       0.00       0.00       0.00       0.00       0.00       0.00       0.00       0.00       0.00       0.00       0.00       0.00       0.00       0.00       0.00       0.00       0.00       0.00       0.00       0.00       0.00       0.00       0.00       0.00       0.00       0.00       0.00       0.00       0.00       0.00       0.00       0.00       0.00       0.00       0.00       0.00       0.00       0.00       0.00       0.00       0.00       0.00       0.00       0.00       0.00       0.00       0.00       0.00       0.00       0.00       0.00       0.00       0.00       0.00       0.00       0.00       0.00       0.00       0.00       0.00       0.00       0.00       0.00       0.00       0.00       0.00       0.00       0.00       0.00       0.00       0.00       0.00      10.00       0.00       0.00       0.00       0.00       0.00       0.00       0.00
17시 07분 13초    2       0.00       0.00       0.00      10.00       0.00       0.00       0.00       0.00       0.00       0.00       0.00       0.00       0.00       0.00       0.00       0.00       0.00       0.00       0.00       0.00       0.00       0.00       0.00       0.00       0.00       0.00       0.00       0.00       0.00       0.00       0.00       0.00       0.00       0.00       0.00       0.00       0.00       0.00       0.00       0.00       0.00       0.00       0.00       0.00       0.00       0.00       0.00       0.00       0.00       0.00       0.00       0.00       0.00       0.00       0.00       0.00       0.00       0.00       0.00       0.00       0.00       0.00       0.00       0.00       0.00       0.00       0.00       0.00       0.00       0.00       0.00       0.00       0.00       0.00       0.00       0.00       0.00       0.00       0.00       0.00       0.00       0.00       0.00       0.00       0.00       0.00       0.00       0.00       0.00       0.00       0.00       0.00       0.00       0.00       0.00       0.00       0.00       0.00       0.00       0.00       0.00       0.00       0.00       0.00       0.00       0.00       0.00       0.00       0.00       0.00       0.00       0.00       0.00       0.00       0.00       0.00       0.00       0.00       0.00       0.00       0.00       0.00       0.00       0.00       0.00       0.00       0.00       0.00       0.00       0.00       0.00       0.00       0.00       0.00       0.00       0.00       2.00       3.00       0.00       0.00       0.00       0.00       0.00       0.00
17시 07분 13초    3       0.00       0.00       0.00      44.00       0.00       0.00       0.00       0.00       0.00       0.00       0.00       0.00       0.00       0.00       0.00       0.00       0.00       0.00       0.00       0.00       0.00       0.00       0.00       0.00       0.00       0.00       0.00       0.00       0.00       0.00       0.00       0.00       0.00       0.00       0.00       0.00       0.00       0.00       0.00       0.00       0.00       0.00       0.00       0.00       0.00       0.00       0.00       0.00       0.00       0.00       0.00       0.00       0.00       0.00       0.00       0.00       0.00       0.00       0.00       0.00       0.00       0.00       0.00       0.00       0.00       0.00       0.00       0.00       0.00       0.00       0.00       0.00       0.00       0.00       0.00       0.00       0.00       0.00       0.00       0.00       0.00       0.00       0.00       0.00       0.00       0.00       0.00       0.00       0.00       0.00       0.00       0.00       0.00       0.00       0.00       0.00       0.00       0.00       0.00       0.00       0.00       0.00       0.00       0.00       0.00       0.00       0.00       0.00       0.00       0.00       0.00       0.00       0.00       0.00       0.00       0.00       0.00       0.00       0.00       0.00       0.00       0.00       0.00       0.00       0.00       0.00       0.00       0.00       0.00       0.00       0.00       0.00       0.00       0.00       0.00       0.00       4.00       0.00       0.00       0.00       0.00       1.00       0.00       0.00
17시 07분 13초    4       0.00       0.00       0.00      66.00       0.00       0.00       0.00       0.00       0.00       0.00       0.00       0.00       0.00       0.00       0.00       0.00       0.00       0.00       0.00       0.00       0.00       0.00       0.00       0.00       0.00       0.00       0.00       0.00       0.00       0.00       0.00       0.00       0.00       0.00       0.00       0.00       0.00       0.00       0.00       0.00       0.00       0.00       0.00       0.00       0.00       0.00       0.00       0.00       0.00       0.00       0.00       0.00       0.00       0.00       0.00       0.00       0.00       0.00       0.00       0.00       0.00       0.00       0.00       0.00       0.00       0.00       0.00       0.00       0.00       0.00       0.00       0.00       0.00       0.00       0.00       0.00       0.00       0.00       0.00       0.00       0.00       0.00       0.00       0.00       0.00       0.00       0.00       0.00       0.00       0.00       0.00       0.00       0.00       0.00       0.00       0.00       0.00       0.00       0.00       0.00       0.00       0.00       0.00       0.00       0.00       0.00       0.00       0.00       0.00       0.00       0.00       0.00       0.00       0.00       0.00       0.00       0.00       0.00       0.00       0.00       0.00       0.00       0.00       0.00       0.00       0.00       0.00       0.00       0.00       0.00       0.00       0.00       0.00       0.00       0.00       0.00      14.00       0.00       0.00       0.00       0.00       0.00       0.00       0.00
17시 07분 13초    5       0.00       0.00       0.00     120.00       0.00       0.00       0.00       0.00       0.00       0.00       0.00       0.00       0.00       0.00       0.00       0.00       0.00       0.00       0.00       0.00       0.00       0.00       0.00       0.00       0.00       0.00       0.00       0.00       0.00       0.00       0.00       0.00       0.00       0.00       0.00       0.00       0.00       0.00       0.00       0.00       0.00       0.00       0.00       0.00       0.00       0.00       0.00       0.00       0.00       0.00       0.00       0.00       0.00       0.00       0.00       0.00       0.00       0.00       0.00       0.00       0.00       0.00       0.00       0.00       0.00       0.00       0.00       0.00       0.00       0.00       0.00       0.00       0.00       0.00       0.00       0.00       0.00       0.00       0.00       0.00       0.00       0.00       0.00       0.00       0.00       0.00       0.00       0.00       0.00       0.00       0.00       0.00       0.00       0.00       0.00       0.00       0.00       0.00       0.00       0.00       0.00       0.00       0.00       0.00       0.00       0.00       0.00       0.00       0.00       0.00       0.00       0.00       0.00       0.00       0.00       0.00       0.00       0.00       0.00       0.00       0.00       0.00       0.00       0.00       0.00       0.00       0.00       0.00       0.00       0.00       0.00       0.00       0.00       0.00       0.00       0.00      76.00       0.00       0.00       0.00       0.00       0.00       0.00       0.00

17시 07분 12초  CPU       HI/s    TIMER/s   NET_TX/s   NET_RX/s    BLOCK/s IRQ_POLL/s  TASKLET/s    SCHED/s  HRTIMER/s      RCU/s
17시 07분 13초    0       0.00       9.00       0.00      22.00       0.00       0.00       0.00      27.00       0.00      25.00
17시 07분 13초    1       0.00      27.00       0.00       0.00       0.00       0.00       0.00      31.00       0.00      33.00
17시 07분 13초    2       0.00       2.00       0.00       0.00       0.00       0.00       0.00       7.00       0.00       6.00
17시 07분 13초    3       0.00       9.00       0.00       0.00       0.00       0.00       0.00      19.00       0.00      25.00
17시 07분 13초    4       0.00      33.00       0.00       0.00       0.00       0.00       0.00      30.00       0.00      27.00
17시 07분 13초    5       0.00      69.00       0.00       0.00       0.00       0.00       0.00      39.00       0.00      31.00

17시 07분 13초  CPU    %usr   %nice    %sys %iowait    %irq   %soft  %steal  %guest  %gnice   %idle
17시 07분 14초  all    0.33    0.00    1.84    0.00    0.00    0.17    0.00    0.00    0.00   97.66
17시 07분 14초    0    1.02    0.00    1.02    0.00    0.00    0.00    0.00    0.00    0.00   97.96
17시 07분 14초    1    0.00    0.00    2.04    0.00    0.00    0.00    0.00    0.00    0.00   97.96
17시 07분 14초    2    0.00    0.00    0.00    0.00    0.00    0.00    0.00    0.00    0.00  100.00
17시 07분 14초    3    0.99    0.00    2.97    0.00    0.00    0.99    0.00    0.00    0.00   95.05
17시 07분 14초    4    0.00    0.00    0.99    0.00    0.00    0.00    0.00    0.00    0.00   99.01
17시 07분 14초    5    0.00    0.00    4.00    0.00    0.00    0.00    0.00    0.00    0.00   96.00

17시 07분 13초  CPU    intr/s
17시 07분 14초  all    588.00
17시 07분 14초    0    129.00
17시 07분 14초    1     78.00
17시 07분 14초    2     28.00
17시 07분 14초    3     61.00
17시 07분 14초    4     64.00
17시 07분 14초    5    372.00

17시 07분 13초  CPU        9/s       11/s       12/s       13/s       18/s       20/s       21/s       22/s       23/s       24/s       25/s       26/s       27/s       28/s       29/s       30/s       31/s       32/s       33/s       34/s       35/s       36/s       37/s       38/s       39/s       40/s       41/s       42/s       43/s       44/s       45/s       46/s       47/s       48/s       49/s       50/s       51/s       52/s       53/s       54/s       55/s       57/s       59/s       61/s       65/s       66/s       67/s       68/s       69/s       70/s       71/s       72/s       73/s       74/s       75/s       76/s       77/s       79/s       80/s       81/s       82/s       83/s       84/s       85/s       86/s       87/s       88/s       89/s       90/s       91/s       92/s       93/s       94/s       95/s       96/s       97/s       98/s      112/s      113/s      114/s      115/s      116/s      117/s      118/s      119/s      120/s      121/s      122/s      123/s      124/s      125/s      126/s      127/s      128/s      129/s      130/s      131/s      132/s      133/s      134/s      135/s      136/s      137/s      138/s      150/s      154/s      162/s      167/s      171/s      224/s      228/s      229/s      230/s      231/s      232/s      233/s      234/s      235/s      236/s      237/s      245/s      246/s      247/s      249/s      250/s      252/s      253/s      262/s      263/s      294/s      296/s      297/s      298/s      299/s      301/s      302/s     IPI0/s     IPI1/s     IPI2/s     IPI3/s     IPI4/s     IPI5/s     IPI6/s      Err/s
17시 07분 14초    0       0.00       0.00       0.00      53.00       0.00       0.00       0.00       0.00       0.00       0.00       0.00       0.00       0.00       0.00       0.00       0.00       0.00       0.00       0.00       0.00       0.00       0.00       0.00       0.00       0.00       0.00       0.00       0.00       0.00       0.00       0.00       0.00       0.00       0.00       0.00       0.00       0.00       0.00       0.00       0.00       0.00       0.00       0.00       0.00       0.00       0.00       0.00       0.00       0.00       0.00       0.00       0.00       0.00       0.00       0.00       0.00       0.00       0.00       0.00       0.00       0.00       0.00       0.00       0.00       0.00       0.00       0.00       0.00       0.00       0.00       0.00       0.00       0.00       0.00       0.00       0.00       0.00       0.00       0.00       0.00       0.00       0.00       0.00       0.00       0.00       0.00       0.00       0.00       0.00       0.00       0.00       0.00       0.00       0.00       0.00       0.00       0.00       0.00       0.00       0.00       0.00       0.00       0.00       0.00       0.00       0.00       0.00       0.00       0.00       0.00       0.00       0.00       0.00       0.00       0.00       0.00       0.00       0.00       0.00       0.00       0.00       0.00       0.00       0.00       0.00       0.00       0.00       0.00       0.00       0.00       0.00       0.00       0.00       0.00       0.00      45.00       4.00       8.00       0.00       0.00       0.00       0.00       0.00       0.00
17시 07분 14초    1       0.00       0.00       0.00      53.00       0.00       0.00       0.00       0.00       0.00       0.00       0.00       0.00       0.00       0.00       0.00       0.00       0.00       0.00       0.00       0.00       0.00       0.00       0.00       0.00       0.00       0.00       0.00       0.00       0.00       0.00       0.00       0.00       0.00       0.00       0.00       0.00       0.00       0.00       0.00       0.00       0.00       0.00       0.00       0.00       0.00       0.00       0.00       0.00       0.00       0.00       0.00       0.00       0.00       0.00       0.00       0.00       0.00       0.00       0.00       0.00       0.00       0.00       0.00       0.00       0.00       0.00       0.00       0.00       0.00       0.00       0.00       0.00       0.00       0.00       0.00       0.00       0.00       0.00       0.00       0.00       0.00       0.00       0.00       0.00       0.00       0.00       0.00       0.00       0.00       0.00       0.00       0.00       0.00       0.00       0.00       0.00       0.00       0.00       0.00       0.00       0.00       0.00       0.00       0.00       0.00       0.00       0.00       0.00       0.00       0.00       0.00       0.00       0.00       0.00       0.00       0.00       0.00       0.00       0.00       0.00       0.00       0.00       0.00       0.00       0.00       0.00       0.00       0.00       0.00       0.00       0.00       0.00       0.00       0.00       0.00       0.00       2.00       4.00       0.00       0.00       0.00       2.00       0.00       0.00
17시 07분 14초    2       0.00       0.00       0.00      13.00       0.00       0.00       0.00       0.00       0.00       0.00       0.00       0.00       0.00       0.00       0.00       0.00       0.00       0.00       0.00       0.00       0.00       0.00       0.00       0.00       0.00       0.00       0.00       0.00       0.00       0.00       0.00       0.00       0.00       0.00       0.00       0.00       0.00       0.00       0.00       0.00       0.00       0.00       0.00       0.00       0.00       0.00       0.00       0.00       0.00       0.00       0.00       0.00       0.00       0.00       0.00       0.00       0.00       0.00       0.00       0.00       0.00       0.00       0.00       0.00       0.00       0.00       0.00       0.00       0.00       0.00       0.00       0.00       0.00       0.00       0.00       0.00       0.00       0.00       0.00       0.00       0.00       0.00       0.00       0.00       0.00       0.00       0.00       0.00       0.00       0.00       0.00       0.00       0.00       0.00       0.00       0.00       0.00       0.00       0.00       0.00       0.00       0.00       0.00       0.00       0.00       0.00       0.00       0.00       0.00       0.00       0.00       0.00       0.00       0.00       0.00       0.00       0.00       0.00       0.00       0.00       0.00       0.00       0.00       0.00       0.00       0.00       0.00       0.00       0.00       0.00       0.00       0.00       0.00       0.00       0.00       0.00       0.00       1.00       0.00       0.00       0.00       0.00       0.00       0.00
17시 07분 14초    3       0.00       0.00       0.00      59.00       0.00       0.00       0.00       0.00       0.00       0.00       0.00       0.00       0.00       0.00       0.00       0.00       0.00       0.00       0.00       0.00       0.00       0.00       0.00       0.00       0.00       0.00       0.00       0.00       0.00       0.00       0.00       0.00       0.00       0.00       0.00       0.00       0.00       0.00       0.00       0.00       0.00       0.00       0.00       0.00       0.00       0.00       0.00       0.00       0.00       0.00       0.00       0.00       0.00       0.00       0.00       0.00       0.00       0.00       0.00       0.00       0.00       0.00       0.00       0.00       0.00       0.00       0.00       0.00       0.00       0.00       0.00       0.00       0.00       0.00       0.00       0.00       0.00       0.00       0.00       0.00       0.00       0.00       0.00       0.00       0.00       0.00       0.00       0.00       0.00       0.00       0.00       0.00       0.00       0.00       0.00       0.00       0.00       0.00       0.00       0.00       0.00       0.00       0.00       0.00       0.00       0.00       0.00       0.00       0.00       0.00       0.00       0.00       0.00       0.00       0.00       0.00       0.00       0.00       0.00       0.00       0.00       0.00       0.00       0.00       0.00       0.00       0.00       0.00       0.00       0.00       0.00       0.00       0.00       0.00       0.00       0.00      29.00       0.00       0.00       0.00       0.00       0.00       0.00       0.00
17시 07분 14초    4       0.00       0.00       0.00      35.00       0.00       0.00       0.00       0.00       0.00       0.00       0.00       0.00       0.00       0.00       0.00       0.00       0.00       0.00       0.00       0.00       0.00       0.00       0.00       0.00       0.00       0.00       0.00       0.00       0.00       0.00       0.00       0.00       0.00       0.00       0.00       0.00       0.00       0.00       0.00       0.00       0.00       0.00       0.00       0.00       0.00       0.00       0.00       0.00       0.00       0.00       0.00       0.00       0.00       0.00       0.00       0.00       0.00       0.00       0.00       0.00       0.00       0.00       0.00       0.00       0.00       0.00       0.00       0.00       0.00       0.00       0.00       0.00       0.00       0.00       0.00       0.00       0.00       0.00       0.00       0.00       0.00       0.00       0.00       0.00       0.00       0.00       0.00       0.00       0.00       0.00       0.00       0.00       0.00       0.00       0.00       0.00       0.00       0.00       0.00       0.00       0.00       0.00       0.00       0.00       0.00       0.00       0.00       0.00       0.00       0.00       0.00       0.00       0.00       0.00       0.00       0.00       0.00       0.00       0.00       0.00       0.00       0.00       0.00       0.00       0.00       0.00       0.00       0.00       0.00       0.00       0.00       0.00       0.00       0.00       0.00       0.00      24.00       1.00       0.00       0.00       0.00       0.00       0.00       0.00
17시 07분 14초    5       0.00       0.00       0.00     254.00       0.00       0.00       0.00       0.00       0.00       0.00       0.00       0.00       0.00       0.00       0.00       0.00       0.00       0.00       0.00       0.00       0.00       0.00       0.00       0.00       0.00       0.00       0.00       0.00       0.00       0.00       0.00       0.00       0.00       0.00       0.00       0.00       0.00       0.00       0.00       0.00       0.00       0.00       0.00       0.00       0.00       0.00       0.00       0.00       0.00       0.00       0.00       0.00       0.00       0.00       0.00       0.00       0.00       0.00       0.00       0.00       0.00       0.00       0.00       0.00       0.00       0.00       0.00       0.00       0.00       0.00       0.00       0.00       0.00       0.00       0.00       0.00       0.00       0.00       0.00       0.00       0.00       0.00       0.00       0.00       0.00       0.00       0.00       0.00       0.00       0.00       0.00       0.00       0.00       0.00       0.00       0.00       0.00       0.00       0.00       0.00       0.00       0.00       0.00       0.00       0.00       0.00       0.00       0.00       0.00       0.00       0.00       0.00       0.00       0.00       0.00       0.00       0.00       0.00       0.00       0.00       0.00       0.00       0.00       0.00       0.00       0.00       0.00       0.00       0.00       0.00       0.00       0.00       0.00       0.00       0.00       0.00       2.00       0.00       0.00       0.00       0.00       0.00       0.00       0.00

17시 07분 13초  CPU       HI/s    TIMER/s   NET_TX/s   NET_RX/s    BLOCK/s IRQ_POLL/s  TASKLET/s    SCHED/s  HRTIMER/s      RCU/s
17시 07분 14초    0      45.00      23.00       0.00       0.00       0.00       0.00       0.00      32.00       0.00      29.00
17시 07분 14초    1       0.00      19.00       0.00       0.00       0.00       0.00       0.00      29.00       0.00      30.00
17시 07분 14초    2       0.00       9.00       0.00       0.00       0.00       0.00       0.00      11.00       0.00       8.00
17시 07분 14초    3       0.00       8.00       0.00       0.00       0.00       0.00       0.00      24.00       0.00      29.00
17시 07분 14초    4       0.00      25.00       0.00       0.00       0.00       0.00       0.00      20.00       0.00      19.00
17시 07분 14초    5       0.00     250.00       0.00       0.00       0.00       0.00       0.00      84.00       0.00      38.00

17시 07분 14초  CPU    %usr   %nice    %sys %iowait    %irq   %soft  %steal  %guest  %gnice   %idle
17시 07분 15초  all    0.83    0.00    1.50    0.00    0.00    0.17    0.00    0.00    0.00   97.50
17시 07분 15초    0    0.99    0.00    1.98    0.00    0.00    0.99    0.00    0.00    0.00   96.04
17시 07분 15초    1    0.99    0.00    2.97    0.00    0.00    0.00    0.00    0.00    0.00   96.04
17시 07분 15초    2    0.00    0.00    0.00    0.00    0.00    0.00    0.00    0.00    0.00  100.00
17시 07분 15초    3    1.00    0.00    3.00    0.00    0.00    0.00    0.00    0.00    0.00   96.00
17시 07분 15초    4    0.00    0.00    0.00    0.00    0.00    0.00    0.00    0.00    0.00  100.00
17시 07분 15초    5    2.02    0.00    1.01    0.00    0.00    0.00    0.00    0.00    0.00   96.97

17시 07분 14초  CPU    intr/s
17시 07분 15초  all    669.00
17시 07분 15초    0    187.00
17시 07분 15초    1     83.00
17시 07분 15초    2     52.00
17시 07분 15초    3     38.00
17시 07분 15초    4     50.00
17시 07분 15초    5    379.00

17시 07분 14초  CPU        9/s       11/s       12/s       13/s       18/s       20/s       21/s       22/s       23/s       24/s       25/s       26/s       27/s       28/s       29/s       30/s       31/s       32/s       33/s       34/s       35/s       36/s       37/s       38/s       39/s       40/s       41/s       42/s       43/s       44/s       45/s       46/s       47/s       48/s       49/s       50/s       51/s       52/s       53/s       54/s       55/s       57/s       59/s       61/s       65/s       66/s       67/s       68/s       69/s       70/s       71/s       72/s       73/s       74/s       75/s       76/s       77/s       79/s       80/s       81/s       82/s       83/s       84/s       85/s       86/s       87/s       88/s       89/s       90/s       91/s       92/s       93/s       94/s       95/s       96/s       97/s       98/s      112/s      113/s      114/s      115/s      116/s      117/s      118/s      119/s      120/s      121/s      122/s      123/s      124/s      125/s      126/s      127/s      128/s      129/s      130/s      131/s      132/s      133/s      134/s      135/s      136/s      137/s      138/s      150/s      154/s      162/s      167/s      171/s      224/s      228/s      229/s      230/s      231/s      232/s      233/s      234/s      235/s      236/s      237/s      245/s      246/s      247/s      249/s      250/s      252/s      253/s      262/s      263/s      294/s      296/s      297/s      298/s      299/s      301/s      302/s     IPI0/s     IPI1/s     IPI2/s     IPI3/s     IPI4/s     IPI5/s     IPI6/s      Err/s
17시 07분 15초    0       0.00       0.00       0.00      86.00       0.00       0.00       0.00       0.00       0.00       0.00       0.00       0.00       0.00       0.00       0.00       0.00       0.00       0.00       0.00       0.00       0.00       0.00       0.00       0.00       0.00       0.00       0.00       0.00       0.00       0.00       0.00       0.00       0.00       0.00       0.00       0.00       0.00       0.00       0.00       0.00       0.00       0.00       0.00       0.00       0.00       0.00       0.00       0.00       0.00       0.00       0.00       0.00       0.00       0.00       0.00       0.00       0.00       0.00       0.00       0.00       0.00       0.00       0.00       0.00       0.00       0.00       0.00       0.00       0.00       0.00       0.00       0.00       0.00       0.00       0.00       0.00       0.00       2.00       0.00       0.00       0.00       0.00       0.00       0.00       0.00       0.00       0.00       0.00       0.00       0.00       0.00       0.00       0.00       0.00       0.00       0.00       0.00       0.00       0.00       0.00       0.00       0.00       0.00       0.00       0.00      10.00       0.00       0.00       0.00       0.00       0.00       0.00       0.00       0.00       0.00       0.00       0.00       0.00       0.00       0.00       0.00       0.00       0.00       0.00       0.00       0.00       0.00       0.00       0.00       0.00       0.00       0.00       0.00       0.00      36.00      36.00      13.00      11.00       0.00       0.00       0.00       0.00       0.00       0.00
17시 07분 15초    1       0.00       0.00       0.00      54.00       0.00       0.00       0.00       0.00       0.00       0.00       0.00       0.00       0.00       0.00       0.00       0.00       0.00       0.00       0.00       0.00       0.00       0.00       0.00       0.00       0.00       0.00       0.00       0.00       0.00       0.00       0.00       0.00       0.00       0.00       0.00       0.00       0.00       0.00       0.00       0.00       0.00       0.00       0.00       0.00       0.00       0.00       0.00       0.00       0.00       0.00       0.00       0.00       0.00       0.00       0.00       0.00       0.00       0.00       0.00       0.00       0.00       0.00       0.00       0.00       0.00       0.00       0.00       0.00       0.00       0.00       0.00       0.00       0.00       0.00       0.00       0.00       0.00       0.00       0.00       0.00       0.00       0.00       0.00       0.00       0.00       0.00       0.00       0.00       0.00       0.00       0.00       0.00       0.00       0.00       0.00       0.00       0.00       0.00       0.00       0.00       0.00       0.00       0.00       0.00       0.00       0.00       0.00       0.00       0.00       0.00       0.00       0.00       0.00       0.00       0.00       0.00       0.00       0.00       0.00       0.00       0.00       0.00       0.00       0.00       0.00       0.00       0.00       0.00       0.00       0.00       0.00       0.00       0.00       0.00       0.00       0.00       5.00       2.00       0.00       0.00       0.00       0.00       0.00       0.00
17시 07분 15초    2       0.00       0.00       0.00      36.00       0.00       0.00       0.00       0.00       0.00       0.00       0.00       0.00       0.00       0.00       0.00       0.00       0.00       0.00       0.00       0.00       0.00       0.00       0.00       0.00       0.00       0.00       0.00       0.00       0.00       0.00       0.00       0.00       0.00       0.00       0.00       0.00       0.00       0.00       0.00       0.00       0.00       0.00       0.00       0.00       0.00       0.00       0.00       0.00       0.00       0.00       0.00       0.00       0.00       0.00       0.00       0.00       0.00       0.00       0.00       0.00       0.00       0.00       0.00       0.00       0.00       0.00       0.00       0.00       0.00       0.00       0.00       0.00       0.00       0.00       0.00       0.00       0.00       0.00       0.00       0.00       0.00       0.00       0.00       0.00       0.00       0.00       0.00       0.00       0.00       0.00       0.00       0.00       0.00       0.00       0.00       0.00       0.00       0.00       0.00       0.00       0.00       0.00       0.00       0.00       0.00       0.00       0.00       0.00       0.00       0.00       0.00       0.00       0.00       0.00       0.00       0.00       0.00       0.00       0.00       0.00       0.00       0.00       0.00       0.00       0.00       0.00       0.00       0.00       0.00       0.00       0.00       0.00       0.00       0.00       0.00       0.00       1.00       1.00       0.00       0.00       0.00       0.00       0.00       0.00
17시 07분 15초    3       0.00       0.00       0.00      47.00       0.00       0.00       0.00       0.00       0.00       0.00       0.00       0.00       0.00       0.00       0.00       0.00       0.00       0.00       0.00       0.00       0.00       0.00       0.00       0.00       0.00       0.00       0.00       0.00       0.00       0.00       0.00       0.00       0.00       0.00       0.00       0.00       0.00       0.00       0.00       0.00       0.00       0.00       0.00       0.00       0.00       0.00       0.00       0.00       0.00       0.00       0.00       0.00       0.00       0.00       0.00       0.00       0.00       0.00       0.00       0.00       0.00       0.00       0.00       0.00       0.00       0.00       0.00       0.00       0.00       0.00       0.00       0.00       0.00       0.00       0.00       0.00       0.00       0.00       0.00       0.00       0.00       0.00       0.00       0.00       0.00       0.00       0.00       0.00       0.00       0.00       0.00       0.00       0.00       0.00       0.00       0.00       0.00       0.00       0.00       0.00       0.00       0.00       0.00       0.00       0.00       0.00       0.00       0.00       0.00       0.00       0.00       0.00       0.00       0.00       0.00       0.00       0.00       0.00       0.00       0.00       0.00       0.00       0.00       0.00       0.00       0.00       0.00       0.00       0.00       0.00       0.00       0.00       0.00       0.00       0.00       0.00       2.00       0.00       0.00       0.00       0.00       0.00       0.00       0.00
17시 07분 15초    4       0.00       0.00       0.00      42.00       0.00       0.00       0.00       0.00       0.00       0.00       0.00       0.00       0.00       0.00       0.00       0.00       0.00       0.00       0.00       0.00       0.00       0.00       0.00       0.00       0.00       0.00       0.00       0.00       0.00       0.00       0.00       0.00       0.00       0.00       0.00       0.00       0.00       0.00       0.00       0.00       0.00       0.00       0.00       0.00       0.00       0.00       0.00       0.00       0.00       0.00       0.00       0.00       0.00       0.00       0.00       0.00       0.00       0.00       0.00       0.00       0.00       0.00       0.00       0.00       0.00       0.00       0.00       0.00       0.00       0.00       0.00       0.00       0.00       0.00       0.00       0.00       0.00       0.00       0.00       0.00       0.00       0.00       0.00       0.00       0.00       0.00       0.00       0.00       0.00       0.00       0.00       0.00       0.00       0.00       0.00       0.00       0.00       0.00       0.00       0.00       0.00       0.00       0.00       0.00       0.00       0.00       0.00       0.00       0.00       0.00       0.00       0.00       0.00       0.00       0.00       0.00       0.00       0.00       0.00       0.00       0.00       0.00       0.00       0.00       0.00       0.00       0.00       0.00       0.00       0.00       0.00       0.00       0.00       0.00       0.00       0.00      19.00       0.00       0.00       0.00       0.00       0.00       0.00       0.00
17시 07분 15초    5       0.00       0.00       0.00     256.00       0.00       0.00       0.00       0.00       0.00       0.00       0.00       0.00       0.00       0.00       0.00       0.00       0.00       0.00       0.00       0.00       0.00       0.00       0.00       0.00       0.00       0.00       0.00       0.00       0.00       0.00       0.00       0.00       0.00       0.00       0.00       0.00       0.00       0.00       0.00       0.00       0.00       0.00       0.00       0.00       0.00       0.00       0.00       0.00       0.00       0.00       0.00       0.00       0.00       0.00       0.00       0.00       0.00       0.00       0.00       0.00       0.00       0.00       0.00       0.00       0.00       0.00       0.00       0.00       0.00       0.00       0.00       0.00       0.00       0.00       0.00       0.00       0.00       0.00       0.00       0.00       0.00       0.00       0.00       0.00       0.00       0.00       0.00       0.00       0.00       0.00       0.00       0.00       0.00       0.00       0.00       0.00       0.00       0.00       0.00       0.00       0.00       0.00       0.00       0.00       0.00       0.00       0.00       0.00       0.00       0.00       0.00       0.00       0.00       0.00       0.00       0.00       0.00       0.00       0.00       0.00       0.00       0.00       0.00       0.00       0.00       0.00       0.00       0.00       0.00       0.00       0.00       0.00       0.00       0.00       0.00       0.00       9.00       0.00       0.00       0.00       0.00       0.00       0.00       0.00

17시 07분 14초  CPU       HI/s    TIMER/s   NET_TX/s   NET_RX/s    BLOCK/s IRQ_POLL/s  TASKLET/s    SCHED/s  HRTIMER/s      RCU/s
17시 07분 15초    0      36.00      37.00       0.00      33.00       0.00       0.00       0.00      49.00       0.00      32.00
17시 07분 15초    1       0.00      20.00       0.00       0.00       0.00       0.00       0.00      30.00       0.00      33.00
17시 07분 15초    2       0.00      18.00       0.00       0.00       0.00       0.00       0.00      25.00       0.00       9.00
17시 07분 15초    3       0.00       1.00       0.00       0.00       0.00       0.00       0.00      17.00       0.00      20.00
17시 07분 15초    4       0.00      16.00       0.00       0.00       0.00       0.00       0.00      17.00       0.00      17.00
17시 07분 15초    5       0.00     250.00       0.00       0.00       0.00       0.00       0.00      84.00       0.00      45.00

17시 07분 15초  CPU    %usr   %nice    %sys %iowait    %irq   %soft  %steal  %guest  %gnice   %idle
17시 07분 16초  all    0.17    0.00    1.84    0.00    0.00    0.00    0.00    0.00    0.00   98.00
17시 07분 16초    0    0.99    0.00    1.98    0.00    0.00    0.00    0.00    0.00    0.00   97.03
17시 07분 16초    1    0.00    0.00    3.03    0.00    0.00    0.00    0.00    0.00    0.00   96.97
17시 07분 16초    2    0.00    0.00    0.00    0.00    0.00    0.00    0.00    0.00    0.00  100.00
17시 07분 16초    3    0.00    0.00    3.00    0.00    0.00    0.00    0.00    0.00    0.00   97.00
17시 07분 16초    4    0.00    0.00    0.00    0.00    0.00    0.00    0.00    0.00    0.00  100.00
17시 07분 16초    5    0.00    0.00    3.00    0.00    0.00    0.00    0.00    0.00    0.00   97.00

17시 07분 15초  CPU    intr/s
17시 07분 16초  all    518.00
17시 07분 16초    0    106.00
17시 07분 16초    1     79.00
17시 07분 16초    2     55.00
17시 07분 16초    3     30.00
17시 07분 16초    4     69.00
17시 07분 16초    5    371.00

17시 07분 15초  CPU        9/s       11/s       12/s       13/s       18/s       20/s       21/s       22/s       23/s       24/s       25/s       26/s       27/s       28/s       29/s       30/s       31/s       32/s       33/s       34/s       35/s       36/s       37/s       38/s       39/s       40/s       41/s       42/s       43/s       44/s       45/s       46/s       47/s       48/s       49/s       50/s       51/s       52/s       53/s       54/s       55/s       57/s       59/s       61/s       65/s       66/s       67/s       68/s       69/s       70/s       71/s       72/s       73/s       74/s       75/s       76/s       77/s       79/s       80/s       81/s       82/s       83/s       84/s       85/s       86/s       87/s       88/s       89/s       90/s       91/s       92/s       93/s       94/s       95/s       96/s       97/s       98/s      112/s      113/s      114/s      115/s      116/s      117/s      118/s      119/s      120/s      121/s      122/s      123/s      124/s      125/s      126/s      127/s      128/s      129/s      130/s      131/s      132/s      133/s      134/s      135/s      136/s      137/s      138/s      150/s      154/s      162/s      167/s      171/s      224/s      228/s      229/s      230/s      231/s      232/s      233/s      234/s      235/s      236/s      237/s      245/s      246/s      247/s      249/s      250/s      252/s      253/s      262/s      263/s      294/s      296/s      297/s      298/s      299/s      301/s      302/s     IPI0/s     IPI1/s     IPI2/s     IPI3/s     IPI4/s     IPI5/s     IPI6/s      Err/s
17시 07분 16초    0       0.00       0.00       0.00      61.00       0.00       0.00       0.00       0.00       0.00       0.00       0.00       0.00       0.00       0.00       0.00       0.00       0.00       0.00       0.00       0.00       0.00       0.00       0.00       0.00       0.00       0.00       0.00       0.00       0.00       0.00       0.00       0.00       0.00       0.00       0.00       0.00       0.00       0.00       0.00       0.00       0.00       0.00       0.00       0.00       0.00       0.00       0.00       0.00       0.00       0.00       0.00       0.00       0.00       0.00       0.00       0.00       0.00       0.00       0.00       0.00       0.00       0.00       0.00       0.00       0.00       0.00       0.00       0.00       0.00       0.00       0.00       0.00       0.00       0.00       0.00       0.00       0.00       0.00       0.00       0.00       0.00       0.00       0.00       0.00       0.00       0.00       0.00       0.00       0.00       0.00       0.00       0.00       0.00       0.00       0.00       0.00       0.00       0.00       0.00       0.00       0.00       0.00       0.00       0.00       0.00       0.00       0.00       0.00       0.00       0.00       0.00       0.00       0.00       0.00       0.00       0.00       0.00       0.00       0.00       0.00       0.00       0.00       0.00       0.00       0.00       0.00       0.00       0.00       0.00       0.00       0.00       0.00       0.00       0.00      12.00       0.00       2.00       7.00       0.00       0.00       0.00       0.00       0.00       0.00
17시 07분 16초    1       0.00       0.00       0.00      57.00       0.00       0.00       0.00       0.00       0.00       0.00       0.00       0.00       0.00       0.00       0.00       0.00       0.00       0.00       0.00       0.00       0.00       0.00       0.00       0.00       0.00       0.00       0.00       0.00       0.00       0.00       0.00       0.00       0.00       0.00       0.00       0.00       0.00       0.00       0.00       0.00       0.00       0.00       0.00       0.00       0.00       0.00       0.00       0.00       0.00       0.00       0.00       0.00       0.00       0.00       0.00       0.00       0.00       0.00       0.00       0.00       0.00       0.00       0.00       0.00       0.00       0.00       0.00       0.00       0.00       0.00       0.00       0.00       0.00       0.00       0.00       0.00       0.00       0.00       0.00       0.00       0.00       0.00       0.00       0.00       0.00       0.00       0.00       0.00       0.00       0.00       0.00       0.00       0.00       0.00       0.00       0.00       0.00       0.00       0.00       0.00       0.00       0.00       0.00       0.00       0.00       0.00       0.00       0.00       0.00       0.00       0.00       0.00       0.00       0.00       0.00       0.00       0.00       0.00       0.00       0.00       0.00       0.00       0.00       0.00       0.00       0.00       0.00       0.00       0.00       0.00       0.00       0.00       0.00       0.00       0.00       0.00       1.00       2.00       0.00       0.00       0.00       0.00       0.00       0.00
17시 07분 16초    2       0.00       0.00       0.00      27.00       0.00       0.00       0.00       0.00       0.00       0.00       0.00       0.00       0.00       0.00       0.00       0.00       0.00       0.00       0.00       0.00       0.00       0.00       0.00       0.00       0.00       0.00       0.00       0.00       0.00       0.00       0.00       0.00       0.00       0.00       0.00       0.00       0.00       0.00       0.00       0.00       0.00       0.00       0.00       0.00       0.00       0.00       0.00       0.00       0.00       0.00       0.00       0.00       0.00       0.00       0.00       0.00       0.00       0.00       0.00       0.00       0.00       0.00       0.00       0.00       0.00       0.00       0.00       0.00       0.00       0.00       0.00       0.00       0.00       0.00       0.00       0.00       0.00       0.00       0.00       0.00       0.00       0.00       0.00       0.00       0.00       0.00       0.00       0.00       0.00       0.00       0.00       0.00       0.00       0.00       0.00       0.00       0.00       0.00       0.00       0.00       0.00       0.00       0.00       0.00       0.00       0.00       0.00       0.00       0.00       0.00       0.00       0.00       0.00       0.00       0.00       0.00       0.00       0.00       0.00       0.00       0.00       0.00       0.00       0.00       0.00       0.00       0.00       0.00       0.00       0.00       0.00       0.00       0.00       0.00       0.00       0.00       0.00       2.00       0.00       0.00       0.00       0.00       0.00       0.00
17시 07분 16초    3       0.00       0.00       0.00      31.00       0.00       0.00       0.00       0.00       0.00       0.00       0.00       0.00       0.00       0.00       0.00       0.00       0.00       0.00       0.00       0.00       0.00       0.00       0.00       0.00       0.00       0.00       0.00       0.00       0.00       0.00       0.00       0.00       0.00       0.00       0.00       0.00       0.00       0.00       0.00       0.00       0.00       0.00       0.00       0.00       0.00       0.00       0.00       0.00       0.00       0.00       0.00       0.00       0.00       0.00       0.00       0.00       0.00       0.00       0.00       0.00       0.00       0.00       0.00       0.00       0.00       0.00       0.00       0.00       0.00       0.00       0.00       0.00       0.00       0.00       0.00       0.00       0.00       0.00       0.00       0.00       0.00       0.00       0.00       0.00       0.00       0.00       0.00       0.00       0.00       0.00       0.00       0.00       0.00       0.00       0.00       0.00       0.00       0.00       0.00       0.00       0.00       0.00       0.00       0.00       0.00       0.00       0.00       0.00       0.00       0.00       0.00       0.00       0.00       0.00       0.00       0.00       0.00       0.00       0.00       0.00       0.00       0.00       0.00       0.00       0.00       0.00       0.00       0.00       0.00       0.00       0.00       0.00       0.00       0.00       0.00       0.00       1.00       0.00       0.00       0.00       0.00       0.00       0.00       0.00
17시 07분 16초    4       0.00       0.00       0.00      43.00       0.00       0.00       0.00       0.00       0.00       0.00       0.00       0.00       0.00       0.00       0.00       0.00       0.00       0.00       0.00       0.00       0.00       0.00       0.00       0.00       0.00       0.00       0.00       0.00       0.00       0.00       0.00       0.00       0.00       0.00       0.00       0.00       0.00       0.00       0.00       0.00       0.00       0.00       0.00       0.00       0.00       0.00       0.00       0.00       0.00       0.00       0.00       0.00       0.00       0.00       0.00       0.00       0.00       0.00       0.00       0.00       0.00       0.00       0.00       0.00       0.00       0.00       0.00       0.00       0.00       0.00       0.00       0.00       0.00       0.00       0.00       0.00       0.00       0.00       0.00       0.00       0.00       0.00       0.00       0.00       0.00       0.00       0.00       0.00       0.00       0.00       0.00       0.00       0.00       0.00       0.00       0.00       0.00       0.00       0.00       0.00       0.00       0.00       0.00       0.00       0.00       0.00       0.00       0.00       0.00       0.00       0.00       0.00       0.00       0.00       0.00       0.00       0.00       0.00       0.00       0.00       0.00       0.00       0.00       0.00       0.00       0.00       0.00       0.00       0.00       0.00       0.00       0.00       0.00       0.00       0.00       0.00      15.00       1.00       0.00       0.00       0.00       0.00       0.00       0.00
17시 07분 16초    5       0.00       0.00       0.00     255.00       0.00       0.00       0.00       0.00       0.00       0.00       0.00       0.00       0.00       0.00       0.00       0.00       0.00       0.00       0.00       0.00       0.00       0.00       0.00       0.00       0.00       0.00       0.00       0.00       0.00       0.00       0.00       0.00       0.00       0.00       0.00       0.00       0.00       0.00       0.00       0.00       0.00       0.00       0.00       0.00       0.00       0.00       0.00       0.00       0.00       0.00       0.00       0.00       0.00       0.00       0.00       0.00       0.00       0.00       0.00       0.00       0.00       0.00       0.00       0.00       0.00       0.00       0.00       0.00       0.00       0.00       0.00       0.00       0.00       0.00       0.00       0.00       0.00       0.00       0.00       0.00       0.00       0.00       0.00       0.00       0.00       0.00       0.00       0.00       0.00       0.00       0.00       0.00       0.00       0.00       0.00       0.00       0.00       0.00       0.00       0.00       0.00       0.00       0.00       0.00       0.00       0.00       0.00       0.00       0.00       0.00       0.00       0.00       0.00       0.00       0.00       0.00       0.00       0.00       0.00       0.00       0.00       0.00       0.00       0.00       0.00       0.00       0.00       0.00       0.00       0.00       0.00       0.00       0.00       0.00       0.00       0.00       1.00       0.00       0.00       0.00       0.00       0.00       0.00       0.00

17시 07분 15초  CPU       HI/s    TIMER/s   NET_TX/s   NET_RX/s    BLOCK/s IRQ_POLL/s  TASKLET/s    SCHED/s  HRTIMER/s      RCU/s
17시 07분 16초    0       0.00      30.00       0.00      11.00       0.00       0.00       0.00      41.00       0.00      24.00
17시 07분 16초    1       0.00      20.00       0.00       0.00       0.00       0.00       0.00      32.00       0.00      27.00
17시 07분 16초    2       0.00      20.00       0.00       0.00       0.00       0.00       0.00      24.00       0.00      11.00
17시 07분 16초    3       0.00       2.00       0.00       0.00       0.00       0.00       0.00       9.00       0.00      19.00
17시 07분 16초    4       0.00      28.00       0.00       0.00       0.00       0.00       0.00      24.00       0.00      17.00
17시 07분 16초    5       0.00     250.00       0.00       0.00       0.00       0.00       0.00      85.00       0.00      36.00

17시 07분 16초  CPU    %usr   %nice    %sys %iowait    %irq   %soft  %steal  %guest  %gnice   %idle
17시 07분 17초  all    3.20    0.00    5.56    0.84    0.34    0.00    0.00    0.00    0.00   90.07
17시 07분 17초    0    2.04    0.00    4.08    0.00    1.02    0.00    0.00    0.00    0.00   92.86
17시 07분 17초    1    2.00    0.00    4.00    3.00    0.00    0.00    0.00    0.00    0.00   91.00
17시 07분 17초    2    3.00    0.00   17.00    2.00    0.00    0.00    0.00    0.00    0.00   78.00
17시 07분 17초    3    5.05    0.00    4.04    0.00    0.00    0.00    0.00    0.00    0.00   90.91
17시 07분 17초    4    3.03    0.00    0.00    0.00    1.01    0.00    0.00    0.00    0.00   95.96
17시 07분 17초    5    4.08    0.00    4.08    0.00    0.00    0.00    0.00    0.00    0.00   91.84

17시 07분 16초  CPU    intr/s
17시 07분 17초  all   2222.00
17시 07분 17초    0    178.00
17시 07분 17초    1    131.00
17시 07분 17초    2    112.00
17시 07분 17초    3     62.00
17시 07분 17초    4     99.00
17시 07분 17초    5    358.00

17시 07분 16초  CPU        9/s       11/s       12/s       13/s       18/s       20/s       21/s       22/s       23/s       24/s       25/s       26/s       27/s       28/s       29/s       30/s       31/s       32/s       33/s       34/s       35/s       36/s       37/s       38/s       39/s       40/s       41/s       42/s       43/s       44/s       45/s       46/s       47/s       48/s       49/s       50/s       51/s       52/s       53/s       54/s       55/s       57/s       59/s       61/s       65/s       66/s       67/s       68/s       69/s       70/s       71/s       72/s       73/s       74/s       75/s       76/s       77/s       79/s       80/s       81/s       82/s       83/s       84/s       85/s       86/s       87/s       88/s       89/s       90/s       91/s       92/s       93/s       94/s       95/s       96/s       97/s       98/s      112/s      113/s      114/s      115/s      116/s      117/s      118/s      119/s      120/s      121/s      122/s      123/s      124/s      125/s      126/s      127/s      128/s      129/s      130/s      131/s      132/s      133/s      134/s      135/s      136/s      137/s      138/s      150/s      154/s      162/s      167/s      171/s      224/s      228/s      229/s      230/s      231/s      232/s      233/s      234/s      235/s      236/s      237/s      245/s      246/s      247/s      249/s      250/s      252/s      253/s      262/s      263/s      294/s      296/s      297/s      298/s      299/s      301/s      302/s     IPI0/s     IPI1/s     IPI2/s     IPI3/s     IPI4/s     IPI5/s     IPI6/s      Err/s
17시 07분 17초    0       0.00       0.00       0.00     137.00       0.00       0.00       0.00       0.00       0.00       0.00       0.00       0.00       0.00       0.00       0.00       0.00       0.00       0.00       0.00       0.00       0.00       0.00       0.00       0.00       0.00       0.00       0.00       0.00       0.00       0.00       0.00       0.00       0.00       0.00       0.00       0.00       0.00       0.00       0.00       0.00       0.00       0.00       0.00       0.00       0.00       0.00     134.00       0.00       0.00       0.00       0.00       0.00       0.00       0.00       0.00       0.00       0.00       0.00       0.00       0.00       0.00       0.00       0.00       0.00       0.00       0.00       0.00       0.00       0.00       0.00       0.00       0.00       0.00       0.00       0.00       0.00       0.00       0.00       0.00       0.00       0.00       0.00       0.00       0.00       0.00       0.00       0.00       0.00       0.00       0.00       0.00       0.00       0.00       0.00       0.00       0.00       0.00       0.00       0.00       0.00       0.00       0.00       0.00       0.00       0.00      69.00       0.00       0.00       0.00       0.00       0.00       0.00       0.00       0.00       0.00       0.00       0.00       0.00       0.00       0.00       0.00       0.00       0.00       0.00       0.00       0.00       0.00       0.00       0.00       0.00       0.00       0.00       0.00       0.00      24.00      22.00     167.00      35.00       0.00       0.00       0.00       3.00       0.00       0.00
17시 07분 17초    1       0.00       0.00       0.00     132.00       0.00       0.00       0.00       0.00       0.00       0.00       0.00       0.00       0.00       0.00       0.00       0.00       0.00       0.00       0.00       0.00       0.00       0.00       0.00       0.00       0.00       0.00       0.00       0.00       0.00       0.00       0.00       0.00       0.00       0.00       0.00       0.00       0.00       0.00       0.00       0.00       0.00       0.00       0.00       0.00       0.00       0.00       0.00       0.00       0.00       0.00       0.00       0.00       0.00       0.00       0.00       0.00       0.00       0.00       0.00       0.00       0.00       0.00       0.00       0.00       0.00       0.00       0.00       0.00       0.00       0.00       0.00       0.00       0.00       0.00       0.00       0.00       0.00       0.00       0.00       0.00       0.00       0.00       0.00       0.00       0.00       0.00       0.00       0.00       0.00       0.00       0.00       0.00       0.00       0.00       0.00       0.00       0.00       0.00       0.00       0.00       0.00       0.00       0.00       0.00       0.00       0.00       0.00       0.00       0.00       0.00       0.00       0.00       0.00       0.00       0.00       0.00       0.00       0.00       0.00       0.00       0.00       0.00       0.00       0.00       0.00       0.00       0.00       0.00       0.00       0.00       0.00       0.00       0.00       0.00       0.00       0.00     209.00      16.00       0.00       0.00       0.00       1.00       0.00       0.00
17시 07분 17초    2       0.00       0.00       0.00      75.00       0.00       0.00       0.00       0.00       0.00       0.00       0.00       0.00       0.00       0.00       0.00       0.00       0.00       0.00       0.00       0.00       0.00       0.00       0.00       0.00       0.00       0.00       0.00       0.00       0.00       0.00       0.00       0.00       0.00       0.00       0.00       0.00       0.00       0.00       0.00       0.00       0.00       0.00       0.00       0.00       0.00       0.00       0.00       0.00       0.00       0.00       0.00       0.00       0.00       0.00       0.00       0.00       0.00       0.00       0.00       0.00       0.00       0.00       0.00       0.00       0.00       0.00       0.00       0.00       0.00       0.00       0.00       0.00       0.00       0.00       0.00       0.00       0.00       0.00       0.00       0.00       0.00       0.00       0.00       0.00       0.00       0.00       0.00       0.00       0.00       0.00       0.00       0.00       0.00       0.00       0.00       0.00       0.00       0.00       0.00       0.00       0.00       0.00       0.00       0.00       0.00       0.00       0.00       0.00       0.00       0.00       0.00       0.00       0.00       0.00       0.00       0.00       0.00       0.00       0.00       0.00       0.00       0.00       0.00       0.00       0.00       0.00       0.00       0.00       0.00       0.00       0.00       0.00       0.00       0.00       0.00       0.00     359.00      17.00       0.00       0.00       0.00      12.00       0.00       0.00
17시 07분 17초    3       0.00       0.00       0.00      73.00       0.00       0.00       0.00       0.00       0.00       0.00       0.00       0.00       0.00       0.00       0.00       0.00       0.00       0.00       0.00       0.00       0.00       0.00       0.00       0.00       0.00       0.00       0.00       0.00       0.00       0.00       0.00       0.00       0.00       0.00       0.00       0.00       0.00       0.00       0.00       0.00       0.00       0.00       0.00       0.00       0.00       0.00       0.00       0.00       0.00       0.00       0.00       0.00       0.00       0.00       0.00       0.00       0.00       0.00       0.00       0.00       0.00       0.00       0.00       0.00       0.00       0.00       0.00       0.00       0.00       0.00       0.00       0.00       0.00       0.00       0.00       0.00       0.00       0.00       0.00       0.00       0.00       0.00       0.00       0.00       0.00       0.00       0.00       0.00       0.00       0.00       0.00       0.00       0.00       0.00       0.00       0.00       0.00       0.00       0.00       0.00       0.00       0.00       0.00       0.00       0.00       0.00       0.00       0.00       0.00       0.00       0.00       0.00       0.00       0.00       0.00       0.00       0.00       0.00       0.00       0.00       0.00       0.00       0.00       0.00       0.00       0.00       0.00       0.00       0.00       0.00       0.00       0.00       0.00       0.00       0.00       0.00      92.00      16.00       0.00       0.00       0.00       2.00       0.00       0.00
17시 07분 17초    4       0.00       0.00       0.00      85.00       0.00       0.00       0.00       0.00       0.00       0.00       0.00       0.00       0.00       0.00       0.00       0.00       0.00       0.00       0.00       0.00       0.00       0.00       0.00       0.00       0.00       0.00       0.00       0.00       0.00       0.00       0.00       0.00       0.00       0.00       0.00       0.00       0.00       0.00       0.00       0.00       0.00       0.00       0.00       0.00       0.00       0.00       0.00       0.00       0.00       0.00       0.00       0.00       0.00       0.00       0.00       0.00       0.00       0.00       0.00       0.00       0.00       0.00       0.00       0.00       0.00       0.00       0.00       0.00       0.00       0.00       0.00       0.00       0.00       0.00       0.00       0.00       0.00       0.00       0.00       0.00       0.00       0.00       0.00       0.00       0.00       0.00       0.00       0.00       0.00       0.00       0.00       0.00       0.00       0.00       0.00       0.00       0.00       0.00       0.00       0.00       0.00       0.00       0.00       0.00       0.00       0.00       0.00       0.00       0.00       0.00       0.00       0.00       0.00       0.00       0.00       0.00       0.00       0.00       0.00       0.00       0.00       0.00       0.00       0.00       0.00       0.00       0.00       0.00       0.00       0.00       0.00       0.00       0.00       0.00       0.00       0.00     173.00      21.00       0.00       0.00       0.00       3.00       0.00       0.00
17시 07분 17초    5       0.00       0.00       0.00     253.00       0.00       0.00       0.00       0.00       0.00       0.00       0.00       0.00       0.00       0.00       0.00       0.00       0.00       0.00       0.00       0.00       0.00       0.00       0.00       0.00       0.00       0.00       0.00       0.00       0.00       0.00       0.00       0.00       0.00       0.00       0.00       0.00       0.00       0.00       0.00       0.00       0.00       0.00       0.00       0.00       0.00       0.00       0.00       0.00       0.00       0.00       0.00       0.00       0.00       0.00       0.00       0.00       0.00       0.00       0.00       0.00       0.00       0.00       0.00       0.00       0.00       0.00       0.00       0.00       0.00       0.00       0.00       0.00       0.00       0.00       0.00       0.00       0.00       0.00       0.00       0.00       0.00       0.00       0.00       0.00       0.00       0.00       0.00       0.00       0.00       0.00       0.00       0.00       0.00       0.00       0.00       0.00       0.00       0.00       0.00       0.00       0.00       0.00       0.00       0.00       0.00       0.00       0.00       0.00       0.00       0.00       0.00       0.00       0.00       0.00       0.00       0.00       0.00       0.00       0.00       0.00       0.00       0.00       0.00       0.00       0.00       0.00       0.00       0.00       0.00       0.00       0.00       0.00       0.00       0.00       0.00       0.00      87.00       1.00       0.00       0.00       0.00       4.00       0.00       0.00

17시 07분 16초  CPU       HI/s    TIMER/s   NET_TX/s   NET_RX/s    BLOCK/s IRQ_POLL/s  TASKLET/s    SCHED/s  HRTIMER/s      RCU/s
17시 07분 17초    0      22.00      20.00       0.00      22.00       2.00       0.00       0.00      69.00       0.00      43.00
17시 07분 17초    1       0.00      44.00       0.00       0.00       0.00       0.00       0.00      50.00       0.00      37.00
17시 07분 17초    2       0.00      13.00       0.00       0.00       0.00       0.00       0.00      60.00       0.00      39.00
17시 07분 17초    3       0.00       4.00       0.00       0.00       0.00       0.00       0.00      24.00       0.00      34.00
17시 07분 17초    4       0.00      30.00       0.00       0.00       0.00       0.00       0.00      36.00       0.00      33.00
17시 07분 17초    5       0.00     224.00       0.00       0.00       0.00       0.00       0.00      84.00       0.00      50.00

17시 07분 17초  CPU    %usr   %nice    %sys %iowait    %irq   %soft  %steal  %guest  %gnice   %idle
17시 07분 18초  all    0.67    0.00    1.33    0.00    0.17    0.00    0.00    0.00    0.00   97.84
17시 07분 18초    0    1.98    0.00    0.99    0.00    0.00    0.00    0.00    0.00    0.00   97.03
17시 07분 18초    1    1.01    0.00    0.00    0.00    0.00    0.00    0.00    0.00    0.00   98.99
17시 07분 18초    2    0.00    0.00    1.00    0.00    0.00    0.00    0.00    0.00    0.00   99.00
17시 07분 18초    3    0.00    0.00    3.00    0.00    1.00    0.00    0.00    0.00    0.00   96.00
17시 07분 18초    4    0.00    0.00    0.00    0.00    0.00    0.00    0.00    0.00    0.00  100.00
17시 07분 18초    5    0.99    0.00    2.97    0.00    0.00    0.00    0.00    0.00    0.00   96.04

17시 07분 17초  CPU    intr/s
17시 07분 18초  all    426.00
17시 07분 18초    0     76.00
17시 07분 18초    1    169.00
17시 07분 18초    2     55.00
17시 07분 18초    3     79.00
17시 07분 18초    4     78.00
17시 07분 18초    5     60.00

17시 07분 17초  CPU        9/s       11/s       12/s       13/s       18/s       20/s       21/s       22/s       23/s       24/s       25/s       26/s       27/s       28/s       29/s       30/s       31/s       32/s       33/s       34/s       35/s       36/s       37/s       38/s       39/s       40/s       41/s       42/s       43/s       44/s       45/s       46/s       47/s       48/s       49/s       50/s       51/s       52/s       53/s       54/s       55/s       57/s       59/s       61/s       65/s       66/s       67/s       68/s       69/s       70/s       71/s       72/s       73/s       74/s       75/s       76/s       77/s       79/s       80/s       81/s       82/s       83/s       84/s       85/s       86/s       87/s       88/s       89/s       90/s       91/s       92/s       93/s       94/s       95/s       96/s       97/s       98/s      112/s      113/s      114/s      115/s      116/s      117/s      118/s      119/s      120/s      121/s      122/s      123/s      124/s      125/s      126/s      127/s      128/s      129/s      130/s      131/s      132/s      133/s      134/s      135/s      136/s      137/s      138/s      150/s      154/s      162/s      167/s      171/s      224/s      228/s      229/s      230/s      231/s      232/s      233/s      234/s      235/s      236/s      237/s      245/s      246/s      247/s      249/s      250/s      252/s      253/s      262/s      263/s      294/s      296/s      297/s      298/s      299/s      301/s      302/s     IPI0/s     IPI1/s     IPI2/s     IPI3/s     IPI4/s     IPI5/s     IPI6/s      Err/s
17시 07분 18초    0       0.00       0.00       0.00      49.00       0.00       0.00       0.00       0.00       0.00       0.00       0.00       0.00       0.00       0.00       0.00       0.00       0.00       0.00       0.00       0.00       0.00       0.00       0.00       0.00       0.00       0.00       0.00       0.00       0.00       0.00       0.00       0.00       0.00       0.00       0.00       0.00       0.00       0.00       0.00       0.00       0.00       0.00       0.00       0.00       0.00       0.00       0.00       0.00       0.00       0.00       0.00       0.00       0.00       0.00       0.00       0.00       0.00       0.00       0.00       0.00       0.00       0.00       0.00       0.00       0.00       0.00       0.00       0.00       0.00       0.00       0.00       0.00       0.00       0.00       0.00       0.00       0.00       0.00       0.00       0.00       0.00       0.00       0.00       0.00       0.00       0.00       0.00       0.00       0.00       0.00       0.00       0.00       0.00       0.00       0.00       0.00       0.00       0.00       0.00       0.00       0.00       0.00       0.00       0.00       0.00      20.00       0.00       0.00       0.00       0.00       0.00       0.00       0.00       0.00       0.00       0.00       0.00       0.00       0.00       0.00       0.00       0.00       0.00       0.00       0.00       0.00       0.00       0.00       0.00       0.00       0.00       0.00       0.00       0.00      12.00       0.00       2.00       5.00       0.00       0.00       0.00       2.00       0.00       0.00
17시 07분 18초    1       0.00       0.00       0.00      71.00       0.00       0.00       0.00       0.00       0.00       0.00       0.00       0.00       0.00       0.00       0.00       0.00       0.00       0.00       0.00       0.00       0.00       0.00       0.00       0.00       0.00       0.00       0.00       0.00       0.00       0.00       0.00       0.00       0.00       0.00       0.00       0.00       0.00       0.00       0.00       0.00       0.00       0.00       0.00       0.00       0.00       0.00       0.00       0.00       0.00       0.00       0.00       0.00       0.00       0.00       0.00       0.00       0.00       0.00       0.00       0.00       0.00       0.00       0.00       0.00       0.00       0.00       0.00       0.00       0.00       0.00       0.00       0.00       0.00       0.00       0.00       0.00       0.00       0.00       0.00       0.00       0.00       0.00       0.00       0.00       0.00       0.00       0.00       0.00       0.00       0.00       0.00       0.00       0.00       0.00       0.00       0.00       0.00       0.00       0.00       0.00       0.00       0.00       0.00       0.00       0.00       0.00       0.00       0.00       0.00       0.00       0.00       0.00       0.00       0.00       0.00       0.00       0.00       0.00       0.00       0.00       0.00       0.00       0.00       0.00       0.00       0.00       0.00       0.00       0.00       0.00       0.00       0.00       0.00       0.00       0.00       0.00       3.00       1.00       0.00       0.00       0.00       0.00       0.00       0.00
17시 07분 18초    2       0.00       0.00       0.00      44.00       0.00       0.00       0.00       0.00       0.00       0.00       0.00       0.00       0.00       0.00       0.00       0.00       0.00       0.00       0.00       0.00       0.00       0.00       0.00       0.00       0.00       0.00       0.00       0.00       0.00       0.00       0.00       0.00       0.00       0.00       0.00       0.00       0.00       0.00       0.00       0.00       0.00       0.00       0.00       0.00       0.00       0.00       0.00       0.00       0.00       0.00       0.00       0.00       0.00       0.00       0.00       0.00       0.00       0.00       0.00       0.00       0.00       0.00       0.00       0.00       0.00       0.00       0.00       0.00       0.00       0.00       0.00       0.00       0.00       0.00       0.00       0.00       0.00       0.00       0.00       0.00       0.00       0.00       0.00       0.00       0.00       0.00       0.00       0.00       0.00       0.00       0.00       0.00       0.00       0.00       0.00       0.00       0.00       0.00       0.00       0.00       0.00       0.00       0.00       0.00       0.00       0.00       0.00       0.00       0.00       0.00       0.00       0.00       0.00       0.00       0.00       0.00       0.00       0.00       0.00       0.00       0.00       0.00       0.00       0.00       0.00       0.00       0.00       0.00       0.00       0.00       0.00       0.00       0.00       0.00       0.00       0.00       1.00       1.00       0.00       0.00       0.00       2.00       0.00       0.00
17시 07분 18초    3       0.00       0.00       0.00      60.00       0.00       0.00       0.00       0.00       0.00       0.00       0.00       0.00       0.00       0.00       0.00       0.00       0.00       0.00       0.00       0.00       0.00       0.00       0.00       0.00       0.00       0.00       0.00       0.00       0.00       0.00       0.00       0.00       0.00       0.00       0.00       0.00       0.00       0.00       0.00       0.00       0.00       0.00       0.00       0.00       0.00       0.00       0.00       0.00       0.00       0.00       0.00       0.00       0.00       0.00       0.00       0.00       0.00       0.00       0.00       0.00       0.00       0.00       0.00       0.00       0.00       0.00       0.00       0.00       0.00       0.00       0.00       0.00       0.00       0.00       0.00       0.00       0.00       0.00       0.00       0.00       0.00       0.00       0.00       0.00       0.00       0.00       0.00       0.00       0.00       0.00       0.00       0.00       0.00       0.00       0.00       0.00       0.00       0.00       0.00       0.00       0.00       0.00       0.00       0.00       0.00       0.00       0.00       0.00       0.00       0.00       0.00       0.00       0.00       0.00       0.00       0.00       0.00       0.00       0.00       0.00       0.00       0.00       0.00       0.00       0.00       0.00       0.00       0.00       0.00       0.00       0.00       0.00       0.00       0.00       0.00       0.00       3.00       0.00       0.00       0.00       0.00       0.00       0.00       0.00
17시 07분 18초    4       0.00       0.00       0.00      70.00       0.00       0.00       0.00       0.00       0.00       0.00       0.00       0.00       0.00       0.00       0.00       0.00       0.00       0.00       0.00       0.00       0.00       0.00       0.00       0.00       0.00       0.00       0.00       0.00       0.00       0.00       0.00       0.00       0.00       0.00       0.00       0.00       0.00       0.00       0.00       0.00       0.00       0.00       0.00       0.00       0.00       0.00       0.00       0.00       0.00       0.00       0.00       0.00       0.00       0.00       0.00       0.00       0.00       0.00       0.00       0.00       0.00       0.00       0.00       0.00       0.00       0.00       0.00       0.00       0.00       0.00       0.00       0.00       0.00       0.00       0.00       0.00       0.00       0.00       0.00       0.00       0.00       0.00       0.00       0.00       0.00       0.00       0.00       0.00       0.00       0.00       0.00       0.00       0.00       0.00       0.00       0.00       0.00       0.00       0.00       0.00       0.00       0.00       0.00       0.00       0.00       0.00       0.00       0.00       0.00       0.00       0.00       0.00       0.00       0.00       0.00       0.00       0.00       0.00       0.00       0.00       0.00       0.00       0.00       0.00       0.00       0.00       0.00       0.00       0.00       0.00       0.00       0.00       0.00       0.00       0.00       0.00      14.00       0.00       0.00       0.00       0.00       0.00       0.00       0.00
17시 07분 18초    5       0.00       0.00       0.00      66.00       0.00       0.00       0.00       0.00       0.00       0.00       0.00       0.00       0.00       0.00       0.00       0.00       0.00       0.00       0.00       0.00       0.00       0.00       0.00       0.00       0.00       0.00       0.00       0.00       0.00       0.00       0.00       0.00       0.00       0.00       0.00       0.00       0.00       0.00       0.00       0.00       0.00       0.00       0.00       0.00       0.00       0.00       0.00       0.00       0.00       0.00       0.00       0.00       0.00       0.00       0.00       0.00       0.00       0.00       0.00       0.00       0.00       0.00       0.00       0.00       0.00       0.00       0.00       0.00       0.00       0.00       0.00       0.00       0.00       0.00       0.00       0.00       0.00       0.00       0.00       0.00       0.00       0.00       0.00       0.00       0.00       0.00       0.00       0.00       0.00       0.00       0.00       0.00       0.00       0.00       0.00       0.00       0.00       0.00       0.00       0.00       0.00       0.00       0.00       0.00       0.00       0.00       0.00       0.00       0.00       0.00       0.00       0.00       0.00       0.00       0.00       0.00       0.00       0.00       0.00       0.00       0.00       0.00       0.00       0.00       0.00       0.00       0.00       0.00       0.00       0.00       0.00       0.00       0.00       0.00       0.00       0.00       0.00       0.00       0.00       0.00       0.00       0.00       0.00       0.00

17시 07분 17초  CPU       HI/s    TIMER/s   NET_TX/s   NET_RX/s    BLOCK/s IRQ_POLL/s  TASKLET/s    SCHED/s  HRTIMER/s      RCU/s
17시 07분 18초    0       0.00      11.00       0.00      11.00       0.00       0.00       0.00      31.00       0.00      23.00
17시 07분 18초    1       0.00      29.00       0.00       0.00       0.00       0.00       0.00      37.00       0.00     103.00
17시 07분 18초    2       0.00      13.00       0.00       0.00       0.00       0.00       0.00      22.00       0.00      20.00
17시 07분 18초    3       0.00      20.00       0.00       0.00       0.00       0.00       0.00      29.00       0.00      30.00
17시 07분 18초    4       0.00      29.00       0.00       0.00       0.00       0.00       0.00      29.00       0.00      20.00
17시 07분 18초    5       0.00       4.00       0.00       0.00       0.00       0.00       0.00      23.00       0.00      33.00

17시 07분 18초  CPU    %usr   %nice    %sys %iowait    %irq   %soft  %steal  %guest  %gnice   %idle
17시 07분 19초  all    0.67    0.00    1.34    0.00    0.00    0.17    0.00    0.00    0.00   97.83
17시 07분 19초    0    0.00    0.00    2.02    0.00    0.00    0.00    0.00    0.00    0.00   97.98
17시 07분 19초    1    1.00    0.00    2.00    0.00    0.00    0.00    0.00    0.00    0.00   97.00
17시 07분 19초    2    0.99    0.00    0.99    0.00    0.00    0.00    0.00    0.00    0.00   98.02
17시 07분 19초    3    2.02    0.00    1.01    0.00    0.00    0.00    0.00    0.00    0.00   96.97
17시 07분 19초    4    0.00    0.00    0.00    0.00    0.00    0.99    0.00    0.00    0.00   99.01
17시 07분 19초    5    0.00    0.00    2.04    0.00    0.00    0.00    0.00    0.00    0.00   97.96

17시 07분 18초  CPU    intr/s
17시 07분 19초  all    281.00
17시 07분 19초    0     66.00
17시 07분 19초    1     80.00
17시 07분 19초    2     42.00
17시 07분 19초    3     85.00
17시 07분 19초    4     58.00
17시 07분 19초    5     32.00

17시 07분 18초  CPU        9/s       11/s       12/s       13/s       18/s       20/s       21/s       22/s       23/s       24/s       25/s       26/s       27/s       28/s       29/s       30/s       31/s       32/s       33/s       34/s       35/s       36/s       37/s       38/s       39/s       40/s       41/s       42/s       43/s       44/s       45/s       46/s       47/s       48/s       49/s       50/s       51/s       52/s       53/s       54/s       55/s       57/s       59/s       61/s       65/s       66/s       67/s       68/s       69/s       70/s       71/s       72/s       73/s       74/s       75/s       76/s       77/s       79/s       80/s       81/s       82/s       83/s       84/s       85/s       86/s       87/s       88/s       89/s       90/s       91/s       92/s       93/s       94/s       95/s       96/s       97/s       98/s      112/s      113/s      114/s      115/s      116/s      117/s      118/s      119/s      120/s      121/s      122/s      123/s      124/s      125/s      126/s      127/s      128/s      129/s      130/s      131/s      132/s      133/s      134/s      135/s      136/s      137/s      138/s      150/s      154/s      162/s      167/s      171/s      224/s      228/s      229/s      230/s      231/s      232/s      233/s      234/s      235/s      236/s      237/s      245/s      246/s      247/s      249/s      250/s      252/s      253/s      262/s      263/s      294/s      296/s      297/s      298/s      299/s      301/s      302/s     IPI0/s     IPI1/s     IPI2/s     IPI3/s     IPI4/s     IPI5/s     IPI6/s      Err/s
17시 07분 19초    0       0.00       0.00       0.00      34.00       0.00       0.00       0.00       0.00       0.00       0.00       0.00       0.00       0.00       0.00       0.00       0.00       0.00       0.00       0.00       0.00       0.00       0.00       0.00       0.00       0.00       0.00       0.00       0.00       0.00       0.00       0.00       0.00       0.00       0.00       0.00       0.00       0.00       0.00       0.00       0.00       0.00       0.00       0.00       0.00       0.00       0.00       0.00       0.00       0.00       0.00       0.00       0.00       0.00       0.00       0.00       0.00       0.00       0.00       0.00       0.00       0.00       0.00       0.00       0.00       0.00       0.00       0.00       0.00       0.00       0.00       0.00       0.00       0.00       0.00       0.00       0.00       0.00       0.00       0.00       0.00       0.00       0.00       0.00       0.00       0.00       0.00       0.00       0.00       0.00       0.00       0.00       0.00       0.00       0.00       0.00       0.00       0.00       0.00       0.00       0.00       0.00       0.00       0.00       0.00       0.00       5.00       0.00       0.00       0.00       0.00       0.00       0.00       0.00       0.00       0.00       0.00       0.00       0.00       0.00       0.00       0.00       0.00       0.00       0.00       0.00       0.00       0.00       0.00       0.00       0.00       0.00       0.00       0.00       0.00      12.00       0.00       0.00       2.00       0.00       0.00       0.00       0.00       0.00       0.00
17시 07분 19초    1       0.00       0.00       0.00      58.00       0.00       0.00       0.00       0.00       0.00       0.00       0.00       0.00       0.00       0.00       0.00       0.00       0.00       0.00       0.00       0.00       0.00       0.00       0.00       0.00       0.00       0.00       0.00       0.00       0.00       0.00       0.00       0.00       0.00       0.00       0.00       0.00       0.00       0.00       0.00       0.00       0.00       0.00       0.00       0.00       0.00       0.00       0.00       0.00       0.00       0.00       0.00       0.00       0.00       0.00       0.00       0.00       0.00       0.00       0.00       0.00       0.00       0.00       0.00       0.00       0.00       0.00       0.00       0.00       0.00       0.00       0.00       0.00       0.00       0.00       0.00       0.00       0.00       0.00       0.00       0.00       0.00       0.00       0.00       0.00       0.00       0.00       0.00       0.00       0.00       0.00       0.00       0.00       0.00       0.00       0.00       0.00       0.00       0.00       0.00       0.00       0.00       0.00       0.00       0.00       0.00       0.00       0.00       0.00       0.00       0.00       0.00       0.00       0.00       0.00       0.00       0.00       0.00       0.00       0.00       0.00       0.00       0.00       0.00       0.00       0.00       0.00       0.00       0.00       0.00       0.00       0.00       0.00       0.00       0.00       0.00       0.00       5.00       1.00       0.00       0.00       0.00       0.00       0.00       0.00
17시 07분 19초    2       0.00       0.00       0.00      25.00       0.00       0.00       0.00       0.00       0.00       0.00       0.00       0.00       0.00       0.00       0.00       0.00       0.00       0.00       0.00       0.00       0.00       0.00       0.00       0.00       0.00       0.00       0.00       0.00       0.00       0.00       0.00       0.00       0.00       0.00       0.00       0.00       0.00       0.00       0.00       0.00       0.00       0.00       0.00       0.00       0.00       0.00       0.00       0.00       0.00       0.00       0.00       0.00       0.00       0.00       0.00       0.00       0.00       0.00       0.00       0.00       0.00       0.00       0.00       0.00       0.00       0.00       0.00       0.00       0.00       0.00       0.00       0.00       0.00       0.00       0.00       0.00       0.00       0.00       0.00       0.00       0.00       0.00       0.00       0.00       0.00       0.00       0.00       0.00       0.00       0.00       0.00       0.00       0.00       0.00       0.00       0.00       0.00       0.00       0.00       0.00       0.00       0.00       0.00       0.00       0.00       0.00       0.00       0.00       0.00       0.00       0.00       0.00       0.00       0.00       0.00       0.00       0.00       0.00       0.00       0.00       0.00       0.00       0.00       0.00       0.00       0.00       0.00       0.00       0.00       0.00       0.00       0.00       0.00       0.00       0.00       0.00       0.00       1.00       0.00       0.00       0.00       0.00       0.00       0.00
17시 07분 19초    3       0.00       0.00       0.00      59.00       0.00       0.00       0.00       0.00       0.00       0.00       0.00       0.00       0.00       0.00       0.00       0.00       0.00       0.00       0.00       0.00       0.00       0.00       0.00       0.00       0.00       0.00       0.00       0.00       0.00       0.00       0.00       0.00       0.00       0.00       0.00       0.00       0.00       0.00       0.00       0.00       0.00       0.00       0.00       0.00       0.00       0.00       0.00       0.00       0.00       0.00       0.00       0.00       0.00       0.00       0.00       0.00       0.00       0.00       0.00       0.00       0.00       0.00       0.00       0.00       0.00       0.00       0.00       0.00       0.00       0.00       0.00       0.00       0.00       0.00       0.00       0.00       0.00       0.00       0.00       0.00       0.00       0.00       0.00       0.00       0.00       0.00       0.00       0.00       0.00       0.00       0.00       0.00       0.00       0.00       0.00       0.00       0.00       0.00       0.00       0.00       0.00       0.00       0.00       0.00       0.00       0.00       0.00       0.00       0.00       0.00       0.00       0.00       0.00       0.00       0.00       0.00       0.00       0.00       0.00       0.00       0.00       0.00       0.00       0.00       0.00       0.00       0.00       0.00       0.00       0.00       0.00       0.00       0.00       0.00       0.00       0.00       4.00       0.00       0.00       0.00       0.00       0.00       0.00       0.00
17시 07분 19초    4       0.00       0.00       0.00      24.00       0.00       0.00       0.00       0.00       0.00       0.00       0.00       0.00       0.00       0.00       0.00       0.00       0.00       0.00       0.00       0.00       0.00       0.00       0.00       0.00       0.00       0.00       0.00       0.00       0.00       0.00       0.00       0.00       0.00       0.00       0.00       0.00       0.00       0.00       0.00       0.00       0.00       0.00       0.00       0.00       0.00       0.00       0.00       0.00       0.00       0.00       0.00       0.00       0.00       0.00       0.00       0.00       0.00       0.00       0.00       0.00       0.00       0.00       0.00       0.00       0.00       0.00       0.00       0.00       0.00       0.00       0.00       0.00       0.00       0.00       0.00       0.00       0.00       0.00       0.00       0.00       0.00       0.00       0.00       0.00       0.00       0.00       0.00       0.00       0.00       0.00       0.00       0.00       0.00       0.00       0.00       0.00       0.00       0.00       0.00       0.00       0.00       0.00       0.00       0.00       0.00       0.00       0.00       0.00       0.00       0.00       0.00       0.00       0.00       0.00       0.00       0.00       0.00       0.00       0.00       0.00       0.00       0.00       0.00       0.00       0.00       0.00       0.00       0.00       0.00       0.00       0.00       0.00       0.00       0.00       0.00       0.00      18.00       0.00       0.00       0.00       0.00       0.00       0.00       0.00
17시 07분 19초    5       0.00       0.00       0.00      32.00       0.00       0.00       0.00       0.00       0.00       0.00       0.00       0.00       0.00       0.00       0.00       0.00       0.00       0.00       0.00       0.00       0.00       0.00       0.00       0.00       0.00       0.00       0.00       0.00       0.00       0.00       0.00       0.00       0.00       0.00       0.00       0.00       0.00       0.00       0.00       0.00       0.00       0.00       0.00       0.00       0.00       0.00       0.00       0.00       0.00       0.00       0.00       0.00       0.00       0.00       0.00       0.00       0.00       0.00       0.00       0.00       0.00       0.00       0.00       0.00       0.00       0.00       0.00       0.00       0.00       0.00       0.00       0.00       0.00       0.00       0.00       0.00       0.00       0.00       0.00       0.00       0.00       0.00       0.00       0.00       0.00       0.00       0.00       0.00       0.00       0.00       0.00       0.00       0.00       0.00       0.00       0.00       0.00       0.00       0.00       0.00       0.00       0.00       0.00       0.00       0.00       0.00       0.00       0.00       0.00       0.00       0.00       0.00       0.00       0.00       0.00       0.00       0.00       0.00       0.00       0.00       0.00       0.00       0.00       0.00       0.00       0.00       0.00       0.00       0.00       0.00       0.00       0.00       0.00       0.00       0.00       0.00       1.00       0.00       0.00       0.00       0.00       0.00       0.00       0.00

17시 07분 18초  CPU       HI/s    TIMER/s   NET_TX/s   NET_RX/s    BLOCK/s IRQ_POLL/s  TASKLET/s    SCHED/s  HRTIMER/s      RCU/s
17시 07분 19초    0       0.00      13.00       1.00      11.00       0.00       0.00       0.00      19.00       0.00      22.00
17시 07분 19초    1       0.00      23.00       0.00       0.00       0.00       0.00       0.00      29.00       0.00      28.00
17시 07분 19초    2       0.00      11.00       0.00       0.00       0.00       0.00       0.00      16.00       0.00      15.00
17시 07분 19초    3       0.00      24.00       0.00       0.00       0.00       0.00       0.00      34.00       0.00      27.00
17시 07분 19초    4       0.00      21.00       0.00       0.00       0.00       0.00       0.00      18.00       0.00      19.00
17시 07분 19초    5       0.00       2.00       0.00       0.00       0.00       0.00       0.00      11.00       0.00      19.00

17시 07분 19초  CPU    %usr   %nice    %sys %iowait    %irq   %soft  %steal  %guest  %gnice   %idle
17시 07분 20초  all    0.34    0.00    1.34    0.00    0.00    0.00    0.00    0.00    0.00   98.32
17시 07분 20초    0    1.00    0.00    2.00    0.00    0.00    0.00    0.00    0.00    0.00   97.00
17시 07분 20초    1    0.00    0.00    1.02    0.00    0.00    0.00    0.00    0.00    0.00   98.98
17시 07분 20초    2    0.00    0.00    0.00    0.00    0.00    0.00    0.00    0.00    0.00  100.00
17시 07분 20초    3    0.00    0.00    2.02    0.00    0.00    0.00    0.00    0.00    0.00   97.98
17시 07분 20초    4    0.00    0.00    0.00    0.00    0.00    0.00    0.00    0.00    0.00  100.00
17시 07분 20초    5    0.99    0.00    2.97    0.00    0.00    0.00    0.00    0.00    0.00   96.04

17시 07분 19초  CPU    intr/s
17시 07분 20초  all    445.00
17시 07분 20초    0     67.00
17시 07분 20초    1     94.00
17시 07분 20초    2     47.00
17시 07분 20초    3     52.00
17시 07분 20초    4     51.00
17시 07분 20초    5     46.00

17시 07분 19초  CPU        9/s       11/s       12/s       13/s       18/s       20/s       21/s       22/s       23/s       24/s       25/s       26/s       27/s       28/s       29/s       30/s       31/s       32/s       33/s       34/s       35/s       36/s       37/s       38/s       39/s       40/s       41/s       42/s       43/s       44/s       45/s       46/s       47/s       48/s       49/s       50/s       51/s       52/s       53/s       54/s       55/s       57/s       59/s       61/s       65/s       66/s       67/s       68/s       69/s       70/s       71/s       72/s       73/s       74/s       75/s       76/s       77/s       79/s       80/s       81/s       82/s       83/s       84/s       85/s       86/s       87/s       88/s       89/s       90/s       91/s       92/s       93/s       94/s       95/s       96/s       97/s       98/s      112/s      113/s      114/s      115/s      116/s      117/s      118/s      119/s      120/s      121/s      122/s      123/s      124/s      125/s      126/s      127/s      128/s      129/s      130/s      131/s      132/s      133/s      134/s      135/s      136/s      137/s      138/s      150/s      154/s      162/s      167/s      171/s      224/s      228/s      229/s      230/s      231/s      232/s      233/s      234/s      235/s      236/s      237/s      245/s      246/s      247/s      249/s      250/s      252/s      253/s      262/s      263/s      294/s      296/s      297/s      298/s      299/s      301/s      302/s     IPI0/s     IPI1/s     IPI2/s     IPI3/s     IPI4/s     IPI5/s     IPI6/s      Err/s
17시 07분 20초    0       0.00       0.00       0.00      50.00       0.00       0.00       0.00       0.00       0.00       0.00       0.00       0.00       0.00       0.00       0.00       0.00       0.00       0.00       0.00       0.00       0.00       0.00       0.00       0.00       0.00       0.00       0.00       0.00       0.00       0.00       0.00       0.00       0.00       0.00       0.00       0.00       0.00       0.00       0.00       0.00       0.00       0.00       0.00       0.00       0.00       0.00       0.00       0.00       0.00       0.00       0.00       0.00       0.00       0.00       0.00       0.00       0.00       0.00       0.00       0.00       0.00       0.00       0.00       0.00       0.00       0.00       0.00       0.00       0.00       0.00       0.00       0.00       0.00       0.00       0.00       0.00       0.00      73.00       0.00       0.00       0.00       0.00       0.00       0.00       0.00       0.00       0.00       0.00       0.00       0.00       0.00       0.00       0.00       0.00       0.00       0.00       0.00       0.00       0.00       0.00       0.00       0.00       0.00       0.00       0.00       5.00       0.00       0.00       0.00       0.00       0.00       0.00       0.00       0.00       0.00       0.00       0.00       0.00       0.00       0.00       0.00       0.00       0.00       0.00       0.00       0.00       0.00       0.00       0.00       0.00       0.00       0.00       0.00       0.00      12.00       0.00       0.00       3.00       0.00       0.00       0.00       0.00       0.00       0.00
17시 07분 20초    1       0.00       0.00       0.00      57.00       0.00       0.00       0.00       0.00       0.00       0.00       0.00       0.00       0.00       0.00       0.00       0.00       0.00       0.00       0.00       0.00       0.00       0.00       0.00       0.00       0.00       0.00       0.00       0.00       0.00       0.00       0.00       0.00       0.00       0.00       0.00       0.00       0.00       0.00       0.00       0.00       0.00       0.00       0.00       0.00       0.00       0.00       0.00       0.00       0.00       0.00       0.00       0.00       0.00       0.00       0.00       0.00       0.00       0.00       0.00       0.00       0.00       0.00       0.00       0.00       0.00       0.00       0.00       0.00       0.00       0.00       0.00       0.00       0.00       0.00       0.00       0.00       0.00       0.00       0.00       0.00       0.00       0.00       0.00       0.00       0.00       0.00       0.00       0.00       0.00       0.00       0.00       0.00       0.00       0.00       0.00       0.00       0.00       0.00       0.00       0.00       0.00       0.00       0.00       0.00       0.00       0.00       0.00       0.00       0.00       0.00       0.00       0.00       0.00       0.00       0.00       0.00       0.00       0.00       0.00       0.00       0.00       0.00       0.00       0.00       0.00       0.00       0.00       0.00       0.00       0.00       0.00       0.00       0.00       0.00       0.00       0.00       2.00       2.00       0.00       0.00       0.00       0.00       0.00       0.00
17시 07분 20초    2       0.00       0.00       0.00      34.00       0.00       0.00       0.00       0.00       0.00       0.00       0.00       0.00       0.00       0.00       0.00       0.00       0.00       0.00       0.00       0.00       0.00       0.00       0.00       0.00       0.00       0.00       0.00       0.00       0.00       0.00       0.00       0.00       0.00       0.00       0.00       0.00       0.00       0.00       0.00       0.00       0.00       0.00       0.00       0.00       0.00       0.00       0.00       0.00       0.00       0.00       0.00       0.00       0.00       0.00       0.00       0.00       0.00       0.00       0.00       0.00       0.00       0.00       0.00       0.00       0.00       0.00       0.00       0.00       0.00       0.00       0.00       0.00       0.00       0.00       0.00       0.00       0.00       0.00       0.00       0.00       0.00       0.00       0.00       0.00       0.00       0.00       0.00       0.00       0.00       0.00       0.00       0.00       0.00       0.00       0.00       0.00       0.00       0.00       0.00       0.00       0.00       0.00       0.00       0.00       0.00       0.00       0.00       0.00       0.00       0.00       0.00       0.00       0.00       0.00       0.00       0.00       0.00       0.00       0.00       0.00       0.00       0.00       0.00       0.00       0.00       0.00       0.00       0.00       0.00       0.00       0.00       0.00       0.00       0.00       0.00       0.00       1.00       1.00       0.00       0.00       0.00       0.00       0.00       0.00
17시 07분 20초    3       0.00       0.00       0.00      44.00       0.00       0.00       0.00       0.00       0.00       0.00       0.00       0.00       0.00       0.00       0.00       0.00       0.00       0.00       0.00       0.00       0.00       0.00       0.00       0.00       0.00       0.00       0.00       0.00       0.00       0.00       0.00       0.00       0.00       0.00       0.00       0.00       0.00       0.00       0.00       0.00       0.00       0.00       0.00       0.00       0.00       0.00       0.00       0.00       0.00       0.00       0.00       0.00       0.00       0.00       0.00       0.00       0.00       0.00       0.00       0.00       0.00       0.00       0.00       0.00       0.00       0.00       0.00       0.00       0.00       0.00       0.00       0.00       0.00       0.00       0.00       0.00       0.00       0.00       0.00       0.00       0.00       0.00       0.00       0.00       0.00       0.00       0.00       0.00       0.00       0.00       0.00       0.00       0.00       0.00       0.00       0.00       0.00       0.00       0.00       0.00       0.00       0.00       0.00       0.00       0.00       0.00       0.00       0.00       0.00       0.00       0.00       0.00       0.00       0.00       0.00       0.00       0.00       0.00       0.00       0.00       0.00       0.00       0.00       0.00       0.00       0.00       0.00       0.00       0.00       0.00       0.00       0.00       0.00       0.00       0.00       0.00       2.00       0.00       0.00       0.00       0.00       0.00       0.00       0.00
17시 07분 20초    4       0.00       0.00       0.00      23.00       0.00       0.00       0.00       0.00       0.00       0.00       0.00       0.00       0.00       0.00       0.00       0.00       0.00       0.00       0.00       0.00       0.00       0.00       0.00       0.00       0.00       0.00       0.00       0.00       0.00       0.00       0.00       0.00       0.00       0.00       0.00       0.00       0.00       0.00       0.00       0.00       0.00       0.00       0.00       0.00       0.00       0.00       0.00       0.00       0.00       0.00       0.00       0.00       0.00       0.00       0.00       0.00       0.00       0.00       0.00       0.00       0.00       0.00       0.00       0.00       0.00       0.00       0.00       0.00       0.00       0.00       0.00       0.00       0.00       0.00       0.00       0.00       0.00       0.00       0.00       0.00       0.00       0.00       0.00       0.00       0.00       0.00       0.00       0.00       0.00       0.00       0.00       0.00       0.00       0.00       0.00       0.00       0.00       0.00       0.00       0.00       0.00       0.00       0.00       0.00       0.00       0.00       0.00       0.00       0.00       0.00       0.00       0.00       0.00       0.00       0.00       0.00       0.00       0.00       0.00       0.00       0.00       0.00       0.00       0.00       0.00       0.00       0.00       0.00       0.00       0.00       0.00       0.00       0.00       0.00       0.00       0.00      17.00       0.00       0.00       0.00       0.00       0.00       0.00       0.00
17시 07분 20초    5       0.00       0.00       0.00      47.00       0.00       0.00       0.00       0.00       0.00       0.00       0.00       0.00       0.00       0.00       0.00       0.00       0.00       0.00       0.00       0.00       0.00       0.00       0.00       0.00       0.00       0.00       0.00       0.00       0.00       0.00       0.00       0.00       0.00       0.00       0.00       0.00       0.00       0.00       0.00       0.00       0.00       0.00       0.00       0.00       0.00       0.00       0.00       0.00       0.00       0.00       0.00       0.00       0.00       0.00       0.00       0.00       0.00       0.00       0.00       0.00       0.00       0.00       0.00       0.00       0.00       0.00       0.00       0.00       0.00       0.00       0.00       0.00       0.00       0.00       0.00       0.00       0.00       0.00       0.00       0.00       0.00       0.00       0.00       0.00       0.00       0.00       0.00       0.00       0.00       0.00       0.00       0.00       0.00       0.00       0.00       0.00       0.00       0.00       0.00       0.00       0.00       0.00       0.00       0.00       0.00       0.00       0.00       0.00       0.00       0.00       0.00       0.00       0.00       0.00       0.00       0.00       0.00       0.00       0.00       0.00       0.00       0.00       0.00       0.00       0.00       0.00       0.00       0.00       0.00       0.00       0.00       0.00       0.00       0.00       0.00       0.00      72.00       0.00       0.00       0.00       0.00       0.00       0.00       0.00

17시 07분 19초  CPU       HI/s    TIMER/s   NET_TX/s   NET_RX/s    BLOCK/s IRQ_POLL/s  TASKLET/s    SCHED/s  HRTIMER/s      RCU/s
17시 07분 20초    0       0.00      10.00       0.00      11.00       0.00       0.00       0.00      26.00       0.00      20.00
17시 07분 20초    1       0.00      36.00       0.00       0.00       0.00       0.00       0.00      38.00       0.00      20.00
17시 07분 20초    2       0.00      12.00       0.00       0.00       0.00       0.00       0.00      18.00       0.00      17.00
17시 07분 20초    3       0.00      12.00       0.00       0.00       0.00       0.00       0.00      18.00       0.00      22.00
17시 07분 20초    4       0.00      20.00       0.00       0.00       0.00       0.00       0.00      15.00       0.00      16.00
17시 07분 20초    5       0.00       4.00       0.00       0.00       0.00       0.00       0.00      17.00       0.00      25.00

17시 07분 20초  CPU    %usr   %nice    %sys %iowait    %irq   %soft  %steal  %guest  %gnice   %idle
17시 07분 21초  all    0.50    0.00    1.18    0.00    0.00    0.00    0.00    0.00    0.00   98.32
17시 07분 21초    0    0.00    0.00    1.02    0.00    0.00    0.00    0.00    0.00    0.00   98.98
17시 07분 21초    1    0.00    0.00    1.01    0.00    0.00    0.00    0.00    0.00    0.00   98.99
17시 07분 21초    2    0.00    0.00    1.00    0.00    0.00    0.00    0.00    0.00    0.00   99.00
17시 07분 21초    3    1.01    0.00    2.02    0.00    0.00    0.00    0.00    0.00    0.00   96.97
17시 07분 21초    4    0.00    0.00    0.00    0.00    0.00    0.00    0.00    0.00    0.00  100.00
17시 07분 21초    5    2.00    0.00    2.00    0.00    0.00    0.00    0.00    0.00    0.00   96.00

17시 07분 20초  CPU    intr/s
17시 07분 21초  all    322.00
17시 07분 21초    0     84.00
17시 07분 21초    1     65.00
17시 07분 21초    2     48.00
17시 07분 21초    3     96.00
17시 07분 21초    4     56.00
17시 07분 21초    5     36.00

17시 07분 20초  CPU        9/s       11/s       12/s       13/s       18/s       20/s       21/s       22/s       23/s       24/s       25/s       26/s       27/s       28/s       29/s       30/s       31/s       32/s       33/s       34/s       35/s       36/s       37/s       38/s       39/s       40/s       41/s       42/s       43/s       44/s       45/s       46/s       47/s       48/s       49/s       50/s       51/s       52/s       53/s       54/s       55/s       57/s       59/s       61/s       65/s       66/s       67/s       68/s       69/s       70/s       71/s       72/s       73/s       74/s       75/s       76/s       77/s       79/s       80/s       81/s       82/s       83/s       84/s       85/s       86/s       87/s       88/s       89/s       90/s       91/s       92/s       93/s       94/s       95/s       96/s       97/s       98/s      112/s      113/s      114/s      115/s      116/s      117/s      118/s      119/s      120/s      121/s      122/s      123/s      124/s      125/s      126/s      127/s      128/s      129/s      130/s      131/s      132/s      133/s      134/s      135/s      136/s      137/s      138/s      150/s      154/s      162/s      167/s      171/s      224/s      228/s      229/s      230/s      231/s      232/s      233/s      234/s      235/s      236/s      237/s      245/s      246/s      247/s      249/s      250/s      252/s      253/s      262/s      263/s      294/s      296/s      297/s      298/s      299/s      301/s      302/s     IPI0/s     IPI1/s     IPI2/s     IPI3/s     IPI4/s     IPI5/s     IPI6/s      Err/s
17시 07분 21초    0       0.00       0.00       0.00      43.00       0.00       0.00       0.00       0.00       0.00       0.00       0.00       0.00       0.00       0.00       0.00       0.00       0.00       0.00       0.00       0.00       0.00       0.00       0.00       0.00       0.00       0.00       0.00       0.00       0.00       0.00       0.00       0.00       0.00       0.00       0.00       0.00       0.00       0.00       0.00       0.00       0.00       0.00       0.00       0.00       0.00       0.00       0.00       0.00       0.00       0.00       0.00       0.00       0.00       0.00       0.00       0.00       0.00       0.00       0.00       0.00       0.00       0.00       0.00       0.00       0.00       0.00       0.00       0.00       0.00       0.00       0.00       0.00       0.00       0.00       0.00       0.00       0.00       2.00       0.00       0.00       0.00       0.00       0.00       0.00       0.00       0.00       0.00       0.00       0.00       0.00       0.00       0.00       0.00       0.00       0.00       0.00       0.00       0.00       0.00       0.00       0.00       0.00       0.00       0.00       0.00      10.00       0.00       0.00       0.00       0.00       0.00       0.00       0.00       0.00       0.00       0.00       0.00       0.00       0.00       0.00       0.00       0.00       0.00       0.00       0.00       0.00       0.00       0.00       0.00       0.00       0.00       0.00       0.00       0.00      36.00       0.00       1.00       3.00       0.00       0.00       0.00       0.00       0.00       0.00
17시 07분 21초    1       0.00       0.00       0.00      44.00       0.00       0.00       0.00       0.00       0.00       0.00       0.00       0.00       0.00       0.00       0.00       0.00       0.00       0.00       0.00       0.00       0.00       0.00       0.00       0.00       0.00       0.00       0.00       0.00       0.00       0.00       0.00       0.00       0.00       0.00       0.00       0.00       0.00       0.00       0.00       0.00       0.00       0.00       0.00       0.00       0.00       0.00       0.00       0.00       0.00       0.00       0.00       0.00       0.00       0.00       0.00       0.00       0.00       0.00       0.00       0.00       0.00       0.00       0.00       0.00       0.00       0.00       0.00       0.00       0.00       0.00       0.00       0.00       0.00       0.00       0.00       0.00       0.00       0.00       0.00       0.00       0.00       0.00       0.00       0.00       0.00       0.00       0.00       0.00       0.00       0.00       0.00       0.00       0.00       0.00       0.00       0.00       0.00       0.00       0.00       0.00       0.00       0.00       0.00       0.00       0.00       0.00       0.00       0.00       0.00       0.00       0.00       0.00       0.00       0.00       0.00       0.00       0.00       0.00       0.00       0.00       0.00       0.00       0.00       0.00       0.00       0.00       0.00       0.00       0.00       0.00       0.00       0.00       0.00       0.00       0.00       0.00       5.00       2.00       0.00       0.00       0.00       0.00       0.00       0.00
17시 07분 21초    2       0.00       0.00       0.00      28.00       0.00       0.00       0.00       0.00       0.00       0.00       0.00       0.00       0.00       0.00       0.00       0.00       0.00       0.00       0.00       0.00       0.00       0.00       0.00       0.00       0.00       0.00       0.00       0.00       0.00       0.00       0.00       0.00       0.00       0.00       0.00       0.00       0.00       0.00       0.00       0.00       0.00       0.00       0.00       0.00       0.00       0.00       0.00       0.00       0.00       0.00       0.00       0.00       0.00       0.00       0.00       0.00       0.00       0.00       0.00       0.00       0.00       0.00       0.00       0.00       0.00       0.00       0.00       0.00       0.00       0.00       0.00       0.00       0.00       0.00       0.00       0.00       0.00       0.00       0.00       0.00       0.00       0.00       0.00       0.00       0.00       0.00       0.00       0.00       0.00       0.00       0.00       0.00       0.00       0.00       0.00       0.00       0.00       0.00       0.00       0.00       0.00       0.00       0.00       0.00       0.00       0.00       0.00       0.00       0.00       0.00       0.00       0.00       0.00       0.00       0.00       0.00       0.00       0.00       0.00       0.00       0.00       0.00       0.00       0.00       0.00       0.00       0.00       0.00       0.00       0.00       0.00       0.00       0.00       0.00       0.00       0.00       1.00       1.00       0.00       0.00       0.00       0.00       0.00       0.00
17시 07분 21초    3       0.00       0.00       0.00      59.00       0.00       0.00       0.00       0.00       0.00       0.00       0.00       0.00       0.00       0.00       0.00       0.00       0.00       0.00       0.00       0.00       0.00       0.00       0.00       0.00       0.00       0.00       0.00       0.00       0.00       0.00       0.00       0.00       0.00       0.00       0.00       0.00       0.00       0.00       0.00       0.00       0.00       0.00       0.00       0.00       0.00       0.00       0.00       0.00       0.00       0.00       0.00       0.00       0.00       0.00       0.00       0.00       0.00       0.00       0.00       0.00       0.00       0.00       0.00       0.00       0.00       0.00       0.00       0.00       0.00       0.00       0.00       0.00       0.00       0.00       0.00       0.00       0.00       0.00       0.00       0.00       0.00       0.00       0.00       0.00       0.00       0.00       0.00       0.00       0.00       0.00       0.00       0.00       0.00       0.00       0.00       0.00       0.00       0.00       0.00       0.00       0.00       0.00       0.00       0.00       0.00       0.00       0.00       0.00       0.00       0.00       0.00       0.00       0.00       0.00       0.00       0.00       0.00       0.00       0.00       0.00       0.00       0.00       0.00       0.00       0.00       0.00       0.00       0.00       0.00       0.00       0.00       0.00       0.00       0.00       0.00       0.00       2.00       0.00       0.00       0.00       0.00       0.00       0.00       0.00
17시 07분 21초    4       0.00       0.00       0.00      27.00       0.00       0.00       0.00       0.00       0.00       0.00       0.00       0.00       0.00       0.00       0.00       0.00       0.00       0.00       0.00       0.00       0.00       0.00       0.00       0.00       0.00       0.00       0.00       0.00       0.00       0.00       0.00       0.00       0.00       0.00       0.00       0.00       0.00       0.00       0.00       0.00       0.00       0.00       0.00       0.00       0.00       0.00       0.00       0.00       0.00       0.00       0.00       0.00       0.00       0.00       0.00       0.00       0.00       0.00       0.00       0.00       0.00       0.00       0.00       0.00       0.00       0.00       0.00       0.00       0.00       0.00       0.00       0.00       0.00       0.00       0.00       0.00       0.00       0.00       0.00       0.00       0.00       0.00       0.00       0.00       0.00       0.00       0.00       0.00       0.00       0.00       0.00       0.00       0.00       0.00       0.00       0.00       0.00       0.00       0.00       0.00       0.00       0.00       0.00       0.00       0.00       0.00       0.00       0.00       0.00       0.00       0.00       0.00       0.00       0.00       0.00       0.00       0.00       0.00       0.00       0.00       0.00       0.00       0.00       0.00       0.00       0.00       0.00       0.00       0.00       0.00       0.00       0.00       0.00       0.00       0.00       0.00      14.00       1.00       0.00       0.00       0.00       0.00       0.00       0.00
17시 07분 21초    5       0.00       0.00       0.00      36.00       0.00       0.00       0.00       0.00       0.00       0.00       0.00       0.00       0.00       0.00       0.00       0.00       0.00       0.00       0.00       0.00       0.00       0.00       0.00       0.00       0.00       0.00       0.00       0.00       0.00       0.00       0.00       0.00       0.00       0.00       0.00       0.00       0.00       0.00       0.00       0.00       0.00       0.00       0.00       0.00       0.00       0.00       0.00       0.00       0.00       0.00       0.00       0.00       0.00       0.00       0.00       0.00       0.00       0.00       0.00       0.00       0.00       0.00       0.00       0.00       0.00       0.00       0.00       0.00       0.00       0.00       0.00       0.00       0.00       0.00       0.00       0.00       0.00       0.00       0.00       0.00       0.00       0.00       0.00       0.00       0.00       0.00       0.00       0.00       0.00       0.00       0.00       0.00       0.00       0.00       0.00       0.00       0.00       0.00       0.00       0.00       0.00       0.00       0.00       0.00       0.00       0.00       0.00       0.00       0.00       0.00       0.00       0.00       0.00       0.00       0.00       0.00       0.00       0.00       0.00       0.00       0.00       0.00       0.00       0.00       0.00       0.00       0.00       0.00       0.00       0.00       0.00       0.00       0.00       0.00       0.00       0.00       7.00       0.00       0.00       0.00       0.00       0.00       0.00       0.00

17시 07분 20초  CPU       HI/s    TIMER/s   NET_TX/s   NET_RX/s    BLOCK/s IRQ_POLL/s  TASKLET/s    SCHED/s  HRTIMER/s      RCU/s
17시 07분 21초    0       0.00       9.00       0.00      33.00       0.00       0.00       0.00      22.00       0.00      20.00
17시 07분 21초    1       0.00      18.00       0.00       0.00       0.00       0.00       0.00      27.00       0.00      20.00
17시 07분 21초    2       0.00      14.00       0.00       0.00       0.00       0.00       0.00      18.00       0.00      16.00
17시 07분 21초    3       0.00      31.00       0.00       0.00       0.00       0.00       0.00      36.00       0.00      29.00
17시 07분 21초    4       0.00      20.00       0.00       0.00       0.00       0.00       0.00      17.00       0.00      19.00
17시 07분 21초    5       0.00       3.00       0.00       0.00       0.00       0.00       0.00      14.00       0.00      19.00

17시 07분 21초  CPU    %usr   %nice    %sys %iowait    %irq   %soft  %steal  %guest  %gnice   %idle
17시 07분 22초  all    0.66    0.00    3.65    1.16    0.00    0.17    0.00    0.00    0.00   94.35
17시 07분 22초    0    0.98    0.00    1.96    0.00    0.00    0.98    0.00    0.00    0.00   96.08
17시 07분 22초    1    1.00    0.00    2.00    4.00    0.00    0.00    0.00    0.00    0.00   93.00
17시 07분 22초    2    1.00    0.00   13.00    3.00    0.00    0.00    0.00    0.00    0.00   83.00
17시 07분 22초    3    0.00    0.00    2.02    0.00    0.00    0.00    0.00    0.00    0.00   97.98
17시 07분 22초    4    0.00    0.00    0.00    0.00    0.00    0.00    0.00    0.00    0.00  100.00
17시 07분 22초    5    0.99    0.00    2.97    0.00    0.00    0.00    0.00    0.00    0.00   96.04

17시 07분 21초  CPU    intr/s
17시 07분 22초  all    704.00
17시 07분 22초    0    100.00
17시 07분 22초    1     78.00
17시 07분 22초    2     92.00
17시 07분 22초    3     84.00
17시 07분 22초    4     24.00
17시 07분 22초    5     35.00

17시 07분 21초  CPU        9/s       11/s       12/s       13/s       18/s       20/s       21/s       22/s       23/s       24/s       25/s       26/s       27/s       28/s       29/s       30/s       31/s       32/s       33/s       34/s       35/s       36/s       37/s       38/s       39/s       40/s       41/s       42/s       43/s       44/s       45/s       46/s       47/s       48/s       49/s       50/s       51/s       52/s       53/s       54/s       55/s       57/s       59/s       61/s       65/s       66/s       67/s       68/s       69/s       70/s       71/s       72/s       73/s       74/s       75/s       76/s       77/s       79/s       80/s       81/s       82/s       83/s       84/s       85/s       86/s       87/s       88/s       89/s       90/s       91/s       92/s       93/s       94/s       95/s       96/s       97/s       98/s      112/s      113/s      114/s      115/s      116/s      117/s      118/s      119/s      120/s      121/s      122/s      123/s      124/s      125/s      126/s      127/s      128/s      129/s      130/s      131/s      132/s      133/s      134/s      135/s      136/s      137/s      138/s      150/s      154/s      162/s      167/s      171/s      224/s      228/s      229/s      230/s      231/s      232/s      233/s      234/s      235/s      236/s      237/s      245/s      246/s      247/s      249/s      250/s      252/s      253/s      262/s      263/s      294/s      296/s      297/s      298/s      299/s      301/s      302/s     IPI0/s     IPI1/s     IPI2/s     IPI3/s     IPI4/s     IPI5/s     IPI6/s      Err/s
17시 07분 22초    0       0.00       0.00       0.00      93.00       0.00       0.00       0.00       0.00       0.00       0.00       0.00       0.00       0.00       0.00       0.00       0.00       0.00       0.00       0.00       0.00       0.00       0.00       0.00       0.00       0.00       0.00       0.00       0.00       0.00       0.00       0.00       0.00       0.00       0.00       0.00       0.00       0.00       0.00       0.00       0.00       0.00       0.00       0.00       0.00       0.00       0.00     134.00       0.00       0.00       0.00       0.00       0.00       0.00       0.00       0.00       0.00       0.00       0.00       0.00       0.00       0.00       0.00       0.00       0.00       0.00       0.00       0.00       0.00       0.00       0.00       0.00       0.00       0.00       0.00       0.00       0.00       0.00       0.00       0.00       0.00       0.00       0.00       0.00       0.00       0.00       0.00       0.00       0.00       0.00       0.00       0.00       0.00       0.00       0.00       0.00       0.00       0.00       0.00       0.00       0.00       0.00       0.00       0.00       0.00       0.00      38.00       0.00       0.00       0.00       0.00       0.00       0.00       0.00       0.00       0.00       0.00       0.00       0.00       0.00       0.00       0.00       0.00       0.00       0.00       0.00       0.00       0.00       0.00       0.00       0.00       0.00       0.00       0.00       0.00      24.00       0.00       7.00       6.00       0.00       0.00       0.00       9.00       0.00       0.00
17시 07분 22초    1       0.00       0.00       0.00      47.00       0.00       0.00       0.00       0.00       0.00       0.00       0.00       0.00       0.00       0.00       0.00       0.00       0.00       0.00       0.00       0.00       0.00       0.00       0.00       0.00       0.00       0.00       0.00       0.00       0.00       0.00       0.00       0.00       0.00       0.00       0.00       0.00       0.00       0.00       0.00       0.00       0.00       0.00       0.00       0.00       0.00       0.00       0.00       0.00       0.00       0.00       0.00       0.00       0.00       0.00       0.00       0.00       0.00       0.00       0.00       0.00       0.00       0.00       0.00       0.00       0.00       0.00       0.00       0.00       0.00       0.00       0.00       0.00       0.00       0.00       0.00       0.00       0.00       0.00       0.00       0.00       0.00       0.00       0.00       0.00       0.00       0.00       0.00       0.00       0.00       0.00       0.00       0.00       0.00       0.00       0.00       0.00       0.00       0.00       0.00       0.00       0.00       0.00       0.00       0.00       0.00       0.00       0.00       0.00       0.00       0.00       0.00       0.00       0.00       0.00       0.00       0.00       0.00       0.00       0.00       0.00       0.00       0.00       0.00       0.00       0.00       0.00       0.00       0.00       0.00       0.00       0.00       0.00       0.00       0.00       0.00       0.00       4.00       2.00       0.00       0.00       0.00       0.00       0.00       0.00
17시 07분 22초    2       0.00       0.00       0.00      67.00       0.00       0.00       0.00       0.00       0.00       0.00       0.00       0.00       0.00       0.00       0.00       0.00       0.00       0.00       0.00       0.00       0.00       0.00       0.00       0.00       0.00       0.00       0.00       0.00       0.00       0.00       0.00       0.00       0.00       0.00       0.00       0.00       0.00       0.00       0.00       0.00       0.00       0.00       0.00       0.00       0.00       0.00       0.00       0.00       0.00       0.00       0.00       0.00       0.00       0.00       0.00       0.00       0.00       0.00       0.00       0.00       0.00       0.00       0.00       0.00       0.00       0.00       0.00       0.00       0.00       0.00       0.00       0.00       0.00       0.00       0.00       0.00       0.00       0.00       0.00       0.00       0.00       0.00       0.00       0.00       0.00       0.00       0.00       0.00       0.00       0.00       0.00       0.00       0.00       0.00       0.00       0.00       0.00       0.00       0.00       0.00       0.00       0.00       0.00       0.00       0.00       0.00       0.00       0.00       0.00       0.00       0.00       0.00       0.00       0.00       0.00       0.00       0.00       0.00       0.00       0.00       0.00       0.00       0.00       0.00       0.00       0.00       0.00       0.00       0.00       0.00       0.00       0.00       0.00       0.00       0.00       0.00     149.00       2.00       0.00       0.00       0.00       2.00       0.00       0.00
17시 07분 22초    3       0.00       0.00       0.00      54.00       0.00       0.00       0.00       0.00       0.00       0.00       0.00       0.00       0.00       0.00       0.00       0.00       0.00       0.00       0.00       0.00       0.00       0.00       0.00       0.00       0.00       0.00       0.00       0.00       0.00       0.00       0.00       0.00       0.00       0.00       0.00       0.00       0.00       0.00       0.00       0.00       0.00       0.00       0.00       0.00       0.00       0.00       0.00       0.00       0.00       0.00       0.00       0.00       0.00       0.00       0.00       0.00       0.00       0.00       0.00       0.00       0.00       0.00       0.00       0.00       0.00       0.00       0.00       0.00       0.00       0.00       0.00       0.00       0.00       0.00       0.00       0.00       0.00       0.00       0.00       0.00       0.00       0.00       0.00       0.00       0.00       0.00       0.00       0.00       0.00       0.00       0.00       0.00       0.00       0.00       0.00       0.00       0.00       0.00       0.00       0.00       0.00       0.00       0.00       0.00       0.00       0.00       0.00       0.00       0.00       0.00       0.00       0.00       0.00       0.00       0.00       0.00       0.00       0.00       0.00       0.00       0.00       0.00       0.00       0.00       0.00       0.00       0.00       0.00       0.00       0.00       0.00       0.00       0.00       0.00       0.00       0.00      10.00       0.00       0.00       0.00       0.00       2.00       0.00       0.00
17시 07분 22초    4       0.00       0.00       0.00      13.00       0.00       0.00       0.00       0.00       0.00       0.00       0.00       0.00       0.00       0.00       0.00       0.00       0.00       0.00       0.00       0.00       0.00       0.00       0.00       0.00       0.00       0.00       0.00       0.00       0.00       0.00       0.00       0.00       0.00       0.00       0.00       0.00       0.00       0.00       0.00       0.00       0.00       0.00       0.00       0.00       0.00       0.00       0.00       0.00       0.00       0.00       0.00       0.00       0.00       0.00       0.00       0.00       0.00       0.00       0.00       0.00       0.00       0.00       0.00       0.00       0.00       0.00       0.00       0.00       0.00       0.00       0.00       0.00       0.00       0.00       0.00       0.00       0.00       0.00       0.00       0.00       0.00       0.00       0.00       0.00       0.00       0.00       0.00       0.00       0.00       0.00       0.00       0.00       0.00       0.00       0.00       0.00       0.00       0.00       0.00       0.00       0.00       0.00       0.00       0.00       0.00       0.00       0.00       0.00       0.00       0.00       0.00       0.00       0.00       0.00       0.00       0.00       0.00       0.00       0.00       0.00       0.00       0.00       0.00       0.00       0.00       0.00       0.00       0.00       0.00       0.00       0.00       0.00       0.00       0.00       0.00       0.00       8.00       0.00       0.00       0.00       0.00       0.00       0.00       0.00
17시 07분 22초    5       0.00       0.00       0.00      32.00       0.00       0.00       0.00       0.00       0.00       0.00       0.00       0.00       0.00       0.00       0.00       0.00       0.00       0.00       0.00       0.00       0.00       0.00       0.00       0.00       0.00       0.00       0.00       0.00       0.00       0.00       0.00       0.00       0.00       0.00       0.00       0.00       0.00       0.00       0.00       0.00       0.00       0.00       0.00       0.00       0.00       0.00       0.00       0.00       0.00       0.00       0.00       0.00       0.00       0.00       0.00       0.00       0.00       0.00       0.00       0.00       0.00       0.00       0.00       0.00       0.00       0.00       0.00       0.00       0.00       0.00       0.00       0.00       0.00       0.00       0.00       0.00       0.00       0.00       0.00       0.00       0.00       0.00       0.00       0.00       0.00       0.00       0.00       0.00       0.00       0.00       0.00       0.00       0.00       0.00       0.00       0.00       0.00       0.00       0.00       0.00       0.00       0.00       0.00       0.00       0.00       0.00       0.00       0.00       0.00       0.00       0.00       0.00       0.00       0.00       0.00       0.00       0.00       0.00       0.00       0.00       0.00       0.00       0.00       0.00       0.00       0.00       0.00       0.00       0.00       0.00       0.00       0.00       0.00       0.00       0.00       0.00       1.00       0.00       0.00       0.00       0.00       0.00       0.00       0.00

17시 07분 21초  CPU       HI/s    TIMER/s   NET_TX/s   NET_RX/s    BLOCK/s IRQ_POLL/s  TASKLET/s    SCHED/s  HRTIMER/s      RCU/s
17시 07분 22초    0       0.00      11.00       0.00      22.00       2.00       0.00       0.00      41.00       0.00      24.00
17시 07분 22초    1       0.00      24.00       0.00       0.00       0.00       0.00       0.00      30.00       0.00      24.00
17시 07분 22초    2       0.00      18.00       0.00       0.00       0.00       0.00       0.00      55.00       0.00      19.00
17시 07분 22초    3       0.00      28.00       0.00       0.00       0.00       0.00       0.00      29.00       0.00      27.00
17시 07분 22초    4       0.00       9.00       0.00       0.00       0.00       0.00       0.00       8.00       0.00       7.00
17시 07분 22초    5       0.00       3.00       0.00       0.00       0.00       0.00       0.00      13.00       0.00      19.00

17시 07분 22초  CPU    %usr   %nice    %sys %iowait    %irq   %soft  %steal  %guest  %gnice   %idle
17시 07분 23초  all    0.67    0.00    1.50    0.00    0.00    0.00    0.00    0.00    0.00   97.83
17시 07분 23초    0    1.00    0.00    2.00    0.00    0.00    0.00    0.00    0.00    0.00   97.00
17시 07분 23초    1    1.00    0.00    1.00    0.00    0.00    0.00    0.00    0.00    0.00   98.00
17시 07분 23초    2    0.00    0.00    1.00    0.00    0.00    0.00    0.00    0.00    0.00   99.00
17시 07분 23초    3    2.00    0.00    2.00    0.00    0.00    0.00    0.00    0.00    0.00   96.00
17시 07분 23초    4    0.00    0.00    0.00    0.00    0.00    0.00    0.00    0.00    0.00  100.00
17시 07분 23초    5    0.00    0.00    3.03    0.00    0.00    0.00    0.00    0.00    0.00   96.97

17시 07분 22초  CPU    intr/s
17시 07분 23초  all    364.00
17시 07분 23초    0    115.00
17시 07분 23초    1     68.00
17시 07분 23초    2     79.00
17시 07분 23초    3     66.00
17시 07분 23초    4     56.00
17시 07분 23초    5     27.00

17시 07분 22초  CPU        9/s       11/s       12/s       13/s       18/s       20/s       21/s       22/s       23/s       24/s       25/s       26/s       27/s       28/s       29/s       30/s       31/s       32/s       33/s       34/s       35/s       36/s       37/s       38/s       39/s       40/s       41/s       42/s       43/s       44/s       45/s       46/s       47/s       48/s       49/s       50/s       51/s       52/s       53/s       54/s       55/s       57/s       59/s       61/s       65/s       66/s       67/s       68/s       69/s       70/s       71/s       72/s       73/s       74/s       75/s       76/s       77/s       79/s       80/s       81/s       82/s       83/s       84/s       85/s       86/s       87/s       88/s       89/s       90/s       91/s       92/s       93/s       94/s       95/s       96/s       97/s       98/s      112/s      113/s      114/s      115/s      116/s      117/s      118/s      119/s      120/s      121/s      122/s      123/s      124/s      125/s      126/s      127/s      128/s      129/s      130/s      131/s      132/s      133/s      134/s      135/s      136/s      137/s      138/s      150/s      154/s      162/s      167/s      171/s      224/s      228/s      229/s      230/s      231/s      232/s      233/s      234/s      235/s      236/s      237/s      245/s      246/s      247/s      249/s      250/s      252/s      253/s      262/s      263/s      294/s      296/s      297/s      298/s      299/s      301/s      302/s     IPI0/s     IPI1/s     IPI2/s     IPI3/s     IPI4/s     IPI5/s     IPI6/s      Err/s
17시 07분 23초    0       0.00       0.00       0.00      65.00       0.00       0.00       0.00       0.00       0.00       0.00       0.00       0.00       0.00       0.00       0.00       0.00       0.00       0.00       0.00       0.00       0.00       0.00       0.00       0.00       0.00       0.00       0.00       0.00       0.00       0.00       0.00       0.00       0.00       0.00       0.00       0.00       0.00       0.00       0.00       0.00       0.00       0.00       0.00       0.00       0.00       0.00       0.00       0.00       0.00       0.00       0.00       0.00       0.00       0.00       0.00       0.00       0.00       0.00       0.00       0.00       0.00       0.00       0.00       0.00       0.00       0.00       0.00       0.00       0.00       0.00       0.00       0.00       0.00       0.00       0.00       0.00       0.00       0.00       0.00       0.00       0.00       0.00       0.00       0.00       0.00       0.00       0.00       0.00       0.00       0.00       0.00       0.00       0.00       0.00       0.00       0.00       0.00       0.00       0.00       0.00       0.00       0.00       0.00       0.00       0.00       5.00       0.00       0.00       0.00       0.00       0.00       0.00       0.00       0.00       0.00       0.00       0.00       0.00       0.00       0.00       0.00       0.00       0.00       0.00       0.00       0.00       0.00       0.00       0.00       0.00       0.00       0.00       0.00       0.00      52.00       0.00       3.00       4.00       0.00       0.00       0.00       0.00       0.00       0.00
17시 07분 23초    1       0.00       0.00       0.00      43.00       0.00       0.00       0.00       0.00       0.00       0.00       0.00       0.00       0.00       0.00       0.00       0.00       0.00       0.00       0.00       0.00       0.00       0.00       0.00       0.00       0.00       0.00       0.00       0.00       0.00       0.00       0.00       0.00       0.00       0.00       0.00       0.00       0.00       0.00       0.00       0.00       0.00       0.00       0.00       0.00       0.00       0.00       0.00       0.00       0.00       0.00       0.00       0.00       0.00       0.00       0.00       0.00       0.00       0.00       0.00       0.00       0.00       0.00       0.00       0.00       0.00       0.00       0.00       0.00       0.00       0.00       0.00       0.00       0.00       0.00       0.00       0.00       0.00       0.00       0.00       0.00       0.00       0.00       0.00       0.00       0.00       0.00       0.00       0.00       0.00       0.00       0.00       0.00       0.00       0.00       0.00       0.00       0.00       0.00       0.00       0.00       0.00       0.00       0.00       0.00       0.00       0.00       0.00       0.00       0.00       0.00       0.00       0.00       0.00       0.00       0.00       0.00       0.00       0.00       0.00       0.00       0.00       0.00       0.00       0.00       0.00       0.00       0.00       0.00       0.00       0.00       0.00       0.00       0.00       0.00       0.00       0.00       7.00       1.00       0.00       0.00       0.00       0.00       0.00       0.00
17시 07분 23초    2       0.00       0.00       0.00      50.00       0.00       0.00       0.00       0.00       0.00       0.00       0.00       0.00       0.00       0.00       0.00       0.00       0.00       0.00       0.00       0.00       0.00       0.00       0.00       0.00       0.00       0.00       0.00       0.00       0.00       0.00       0.00       0.00       0.00       0.00       0.00       0.00       0.00       0.00       0.00       0.00       0.00       0.00       0.00       0.00       0.00       0.00       0.00       0.00       0.00       0.00       0.00       0.00       0.00       0.00       0.00       0.00       0.00       0.00       0.00       0.00       0.00       0.00       0.00       0.00       0.00       0.00       0.00       0.00       0.00       0.00       0.00       0.00       0.00       0.00       0.00       0.00       0.00       0.00       0.00       0.00       0.00       0.00       0.00       0.00       0.00       0.00       0.00       0.00       0.00       0.00       0.00       0.00       0.00       0.00       0.00       0.00       0.00       0.00       0.00       0.00       0.00       0.00       0.00       0.00       0.00       0.00       0.00       0.00       0.00       0.00       0.00       0.00       0.00       0.00       0.00       0.00       0.00       0.00       0.00       0.00       0.00       0.00       0.00       0.00       0.00       0.00       0.00       0.00       0.00       0.00       0.00       0.00       0.00       0.00       0.00       0.00       3.00       2.00       0.00       0.00       0.00       0.00       0.00       0.00
17시 07분 23초    3       0.00       0.00       0.00      53.00       0.00       0.00       0.00       0.00       0.00       0.00       0.00       0.00       0.00       0.00       0.00       0.00       0.00       0.00       0.00       0.00       0.00       0.00       0.00       0.00       0.00       0.00       0.00       0.00       0.00       0.00       0.00       0.00       0.00       0.00       0.00       0.00       0.00       0.00       0.00       0.00       0.00       0.00       0.00       0.00       0.00       0.00       0.00       0.00       0.00       0.00       0.00       0.00       0.00       0.00       0.00       0.00       0.00       0.00       0.00       0.00       0.00       0.00       0.00       0.00       0.00       0.00       0.00       0.00       0.00       0.00       0.00       0.00       0.00       0.00       0.00       0.00       0.00       0.00       0.00       0.00       0.00       0.00       0.00       0.00       0.00       0.00       0.00       0.00       0.00       0.00       0.00       0.00       0.00       0.00       0.00       0.00       0.00       0.00       0.00       0.00       0.00       0.00       0.00       0.00       0.00       0.00       0.00       0.00       0.00       0.00       0.00       0.00       0.00       0.00       0.00       0.00       0.00       0.00       0.00       0.00       0.00       0.00       0.00       0.00       0.00       0.00       0.00       0.00       0.00       0.00       0.00       0.00       0.00       0.00       0.00       0.00       5.00       0.00       0.00       0.00       0.00       0.00       0.00       0.00
17시 07분 23초    4       0.00       0.00       0.00      25.00       0.00       0.00       0.00       0.00       0.00       0.00       0.00       0.00       0.00       0.00       0.00       0.00       0.00       0.00       0.00       0.00       0.00       0.00       0.00       0.00       0.00       0.00       0.00       0.00       0.00       0.00       0.00       0.00       0.00       0.00       0.00       0.00       0.00       0.00       0.00       0.00       0.00       0.00       0.00       0.00       0.00       0.00       0.00       0.00       0.00       0.00       0.00       0.00       0.00       0.00       0.00       0.00       0.00       0.00       0.00       0.00       0.00       0.00       0.00       0.00       0.00       0.00       0.00       0.00       0.00       0.00       0.00       0.00       0.00       0.00       0.00       0.00       0.00       0.00       0.00       0.00       0.00       0.00       0.00       0.00       0.00       0.00       0.00       0.00       0.00       0.00       0.00       0.00       0.00       0.00       0.00       0.00       0.00       0.00       0.00       0.00       0.00       0.00       0.00       0.00       0.00       0.00       0.00       0.00       0.00       0.00       0.00       0.00       0.00       0.00       0.00       0.00       0.00       0.00       0.00       0.00       0.00       0.00       0.00       0.00       0.00       0.00       0.00       0.00       0.00       0.00       0.00       0.00       0.00       0.00       0.00       0.00      17.00       0.00       0.00       0.00       0.00       0.00       0.00       0.00
17시 07분 23초    5       0.00       0.00       0.00      28.00       0.00       0.00       0.00       0.00       0.00       0.00       0.00       0.00       0.00       0.00       0.00       0.00       0.00       0.00       0.00       0.00       0.00       0.00       0.00       0.00       0.00       0.00       0.00       0.00       0.00       0.00       0.00       0.00       0.00       0.00       0.00       0.00       0.00       0.00       0.00       0.00       0.00       0.00       0.00       0.00       0.00       0.00       0.00       0.00       0.00       0.00       0.00       0.00       0.00       0.00       0.00       0.00       0.00       0.00       0.00       0.00       0.00       0.00       0.00       0.00       0.00       0.00       0.00       0.00       0.00       0.00       0.00       0.00       0.00       0.00       0.00       0.00       0.00       0.00       0.00       0.00       0.00       0.00       0.00       0.00       0.00       0.00       0.00       0.00       0.00       0.00       0.00       0.00       0.00       0.00       0.00       0.00       0.00       0.00       0.00       0.00       0.00       0.00       0.00       0.00       0.00       0.00       0.00       0.00       0.00       0.00       0.00       0.00       0.00       0.00       0.00       0.00       0.00       0.00       0.00       0.00       0.00       0.00       0.00       0.00       0.00       0.00       0.00       0.00       0.00       0.00       0.00       0.00       0.00       0.00       0.00       0.00       1.00       0.00       0.00       0.00       0.00       0.00       0.00       0.00

17시 07분 22초  CPU       HI/s    TIMER/s   NET_TX/s   NET_RX/s    BLOCK/s IRQ_POLL/s  TASKLET/s    SCHED/s  HRTIMER/s      RCU/s
17시 07분 23초    0       0.00      13.00       0.00      48.00       0.00       0.00       0.00      33.00       0.00      21.00
17시 07분 23초    1       0.00      18.00       0.00       0.00       0.00       0.00       0.00      27.00       0.00      23.00
17시 07분 23초    2       0.00      25.00       0.00       0.00       0.00       0.00       0.00      31.00       0.00      23.00
17시 07분 23초    3       0.00      18.00       0.00       0.00       0.00       0.00       0.00      25.00       0.00      23.00
17시 07분 23초    4       0.00      22.00       0.00       0.00       0.00       0.00       0.00      16.00       0.00      18.00
17시 07분 23초    5       0.00       2.00       0.00       0.00       0.00       0.00       0.00      10.00       0.00      15.00

17시 07분 23초  CPU    %usr   %nice    %sys %iowait    %irq   %soft  %steal  %guest  %gnice   %idle
17시 07분 24초  all    0.50    0.00    1.34    0.00    0.17    0.00    0.00    0.00    0.00   97.99
17시 07분 24초    0    0.00    0.00    2.00    0.00    1.00    0.00    0.00    0.00    0.00   97.00
17시 07분 24초    1    1.00    0.00    2.00    0.00    0.00    0.00    0.00    0.00    0.00   97.00
17시 07분 24초    2    1.00    0.00    0.00    0.00    0.00    0.00    0.00    0.00    0.00   99.00
17시 07분 24초    3    1.02    0.00    1.02    0.00    0.00    0.00    0.00    0.00    0.00   97.96
17시 07분 24초    4    0.00    0.00    0.00    0.00    0.00    0.00    0.00    0.00    0.00  100.00
17시 07분 24초    5    0.00    0.00    3.00    0.00    0.00    0.00    0.00    0.00    0.00   97.00

17시 07분 23초  CPU    intr/s
17시 07분 24초  all    262.00
17시 07분 24초    0     77.00
17시 07분 24초    1     63.00
17시 07분 24초    2     34.00
17시 07분 24초    3     97.00
17시 07분 24초    4     46.00
17시 07분 24초    5     29.00

17시 07분 23초  CPU        9/s       11/s       12/s       13/s       18/s       20/s       21/s       22/s       23/s       24/s       25/s       26/s       27/s       28/s       29/s       30/s       31/s       32/s       33/s       34/s       35/s       36/s       37/s       38/s       39/s       40/s       41/s       42/s       43/s       44/s       45/s       46/s       47/s       48/s       49/s       50/s       51/s       52/s       53/s       54/s       55/s       57/s       59/s       61/s       65/s       66/s       67/s       68/s       69/s       70/s       71/s       72/s       73/s       74/s       75/s       76/s       77/s       79/s       80/s       81/s       82/s       83/s       84/s       85/s       86/s       87/s       88/s       89/s       90/s       91/s       92/s       93/s       94/s       95/s       96/s       97/s       98/s      112/s      113/s      114/s      115/s      116/s      117/s      118/s      119/s      120/s      121/s      122/s      123/s      124/s      125/s      126/s      127/s      128/s      129/s      130/s      131/s      132/s      133/s      134/s      135/s      136/s      137/s      138/s      150/s      154/s      162/s      167/s      171/s      224/s      228/s      229/s      230/s      231/s      232/s      233/s      234/s      235/s      236/s      237/s      245/s      246/s      247/s      249/s      250/s      252/s      253/s      262/s      263/s      294/s      296/s      297/s      298/s      299/s      301/s      302/s     IPI0/s     IPI1/s     IPI2/s     IPI3/s     IPI4/s     IPI5/s     IPI6/s      Err/s
17시 07분 24초    0       0.00       0.00       0.00      40.00       0.00       0.00       0.00       0.00       0.00       0.00       0.00       0.00       0.00       0.00       0.00       0.00       0.00       0.00       0.00       0.00       0.00       0.00       0.00       0.00       0.00       0.00       0.00       0.00       0.00       0.00       0.00       0.00       0.00       0.00       0.00       0.00       0.00       0.00       0.00       0.00       0.00       0.00       0.00       0.00       0.00       0.00       0.00       0.00       0.00       0.00       0.00       0.00       0.00       0.00       0.00       0.00       0.00       0.00       0.00       0.00       0.00       0.00       0.00       0.00       0.00       0.00       0.00       0.00       0.00       0.00       0.00       0.00       0.00       0.00       0.00       0.00       0.00       0.00       0.00       0.00       0.00       0.00       0.00       0.00       0.00       0.00       0.00       0.00       0.00       0.00       0.00       0.00       0.00       0.00       0.00       0.00       0.00       0.00       0.00       0.00       0.00       0.00       0.00       0.00       0.00       0.00       0.00       0.00       0.00       0.00       0.00       0.00       0.00       0.00       0.00       0.00       0.00       0.00       0.00       0.00       0.00       0.00       0.00       0.00       0.00       0.00       0.00       0.00       0.00       0.00       0.00       0.00       0.00       0.00      24.00       0.00       0.00       3.00       0.00       0.00       0.00       0.00       0.00       0.00
17시 07분 24초    1       0.00       0.00       0.00      37.00       0.00       0.00       0.00       0.00       0.00       0.00       0.00       0.00       0.00       0.00       0.00       0.00       0.00       0.00       0.00       0.00       0.00       0.00       0.00       0.00       0.00       0.00       0.00       0.00       0.00       0.00       0.00       0.00       0.00       0.00       0.00       0.00       0.00       0.00       0.00       0.00       0.00       0.00       0.00       0.00       0.00       0.00       0.00       0.00       0.00       0.00       0.00       0.00       0.00       0.00       0.00       0.00       0.00       0.00       0.00       0.00       0.00       0.00       0.00       0.00       0.00       0.00       0.00       0.00       0.00       0.00       0.00       0.00       0.00       0.00       0.00       0.00       0.00       0.00       0.00       0.00       0.00       0.00       0.00       0.00       0.00       0.00       0.00       0.00       0.00       0.00       0.00       0.00       0.00       0.00       0.00       0.00       0.00       0.00       0.00       0.00       0.00       0.00       0.00       0.00       0.00       0.00       0.00       0.00       0.00       0.00       0.00       0.00       0.00       0.00       0.00       0.00       0.00       0.00       0.00       0.00       0.00       0.00       0.00       0.00       0.00       0.00       0.00       0.00       0.00       0.00       0.00       0.00       0.00       0.00       0.00       0.00       1.00       2.00       0.00       0.00       0.00       0.00       0.00       0.00
17시 07분 24초    2       0.00       0.00       0.00      23.00       0.00       0.00       0.00       0.00       0.00       0.00       0.00       0.00       0.00       0.00       0.00       0.00       0.00       0.00       0.00       0.00       0.00       0.00       0.00       0.00       0.00       0.00       0.00       0.00       0.00       0.00       0.00       0.00       0.00       0.00       0.00       0.00       0.00       0.00       0.00       0.00       0.00       0.00       0.00       0.00       0.00       0.00       0.00       0.00       0.00       0.00       0.00       0.00       0.00       0.00       0.00       0.00       0.00       0.00       0.00       0.00       0.00       0.00       0.00       0.00       0.00       0.00       0.00       0.00       0.00       0.00       0.00       0.00       0.00       0.00       0.00       0.00       0.00       0.00       0.00       0.00       0.00       0.00       0.00       0.00       0.00       0.00       0.00       0.00       0.00       0.00       0.00       0.00       0.00       0.00       0.00       0.00       0.00       0.00       0.00       0.00       0.00       0.00       0.00       0.00       0.00       0.00       0.00       0.00       0.00       0.00       0.00       0.00       0.00       0.00       0.00       0.00       0.00       0.00       0.00       0.00       0.00       0.00       0.00       0.00       0.00       0.00       0.00       0.00       0.00       0.00       0.00       0.00       0.00       0.00       0.00       0.00       2.00       1.00       0.00       0.00       0.00       0.00       0.00       0.00
17시 07분 24초    3       0.00       0.00       0.00      60.00       0.00       0.00       0.00       0.00       0.00       0.00       0.00       0.00       0.00       0.00       0.00       0.00       0.00       0.00       0.00       0.00       0.00       0.00       0.00       0.00       0.00       0.00       0.00       0.00       0.00       0.00       0.00       0.00       0.00       0.00       0.00       0.00       0.00       0.00       0.00       0.00       0.00       0.00       0.00       0.00       0.00       0.00       0.00       0.00       0.00       0.00       0.00       0.00       0.00       0.00       0.00       0.00       0.00       0.00       0.00       0.00       0.00       0.00       0.00       0.00       0.00       0.00       0.00       0.00       0.00       0.00       0.00       0.00       0.00       0.00       0.00       0.00       0.00       0.00       0.00       0.00       0.00       0.00       0.00       0.00       0.00       0.00       0.00       0.00       0.00       0.00       0.00       0.00       0.00       0.00       0.00       0.00       0.00       0.00       0.00       0.00       0.00       0.00       0.00       0.00       0.00       0.00       0.00       0.00       0.00       0.00       0.00       0.00       0.00       0.00       0.00       0.00       0.00       0.00       0.00       0.00       0.00       0.00       0.00       0.00       0.00       0.00       0.00       0.00       0.00       0.00       0.00       0.00       0.00       0.00       0.00       0.00       3.00       0.00       0.00       0.00       0.00       0.00       0.00       0.00
17시 07분 24초    4       0.00       0.00       0.00      22.00       0.00       0.00       0.00       0.00       0.00       0.00       0.00       0.00       0.00       0.00       0.00       0.00       0.00       0.00       0.00       0.00       0.00       0.00       0.00       0.00       0.00       0.00       0.00       0.00       0.00       0.00       0.00       0.00       0.00       0.00       0.00       0.00       0.00       0.00       0.00       0.00       0.00       0.00       0.00       0.00       0.00       0.00       0.00       0.00       0.00       0.00       0.00       0.00       0.00       0.00       0.00       0.00       0.00       0.00       0.00       0.00       0.00       0.00       0.00       0.00       0.00       0.00       0.00       0.00       0.00       0.00       0.00       0.00       0.00       0.00       0.00       0.00       0.00       0.00       0.00       0.00       0.00       0.00       0.00       0.00       0.00       0.00       0.00       0.00       0.00       0.00       0.00       0.00       0.00       0.00       0.00       0.00       0.00       0.00       0.00       0.00       0.00       0.00       0.00       0.00       0.00       0.00       0.00       0.00       0.00       0.00       0.00       0.00       0.00       0.00       0.00       0.00       0.00       0.00       0.00       0.00       0.00       0.00       0.00       0.00       0.00       0.00       0.00       0.00       0.00       0.00       0.00       0.00       0.00       0.00       0.00       0.00      16.00       0.00       0.00       0.00       0.00       0.00       0.00       0.00
17시 07분 24초    5       0.00       0.00       0.00      28.00       0.00       0.00       0.00       0.00       0.00       0.00       0.00       0.00       0.00       0.00       0.00       0.00       0.00       0.00       0.00       0.00       0.00       0.00       0.00       0.00       0.00       0.00       0.00       0.00       0.00       0.00       0.00       0.00       0.00       0.00       0.00       0.00       0.00       0.00       0.00       0.00       0.00       0.00       0.00       0.00       0.00       0.00       0.00       0.00       0.00       0.00       0.00       0.00       0.00       0.00       0.00       0.00       0.00       0.00       0.00       0.00       0.00       0.00       0.00       0.00       0.00       0.00       0.00       0.00       0.00       0.00       0.00       0.00       0.00       0.00       0.00       0.00       0.00       0.00       0.00       0.00       0.00       0.00       0.00       0.00       0.00       0.00       0.00       0.00       0.00       0.00       0.00       0.00       0.00       0.00       0.00       0.00       0.00       0.00       0.00       0.00       0.00       0.00       0.00       0.00       0.00       0.00       0.00       0.00       0.00       0.00       0.00       0.00       0.00       0.00       0.00       0.00       0.00       0.00       0.00       0.00       0.00       0.00       0.00       0.00       0.00       0.00       0.00       0.00       0.00       0.00       0.00       0.00       0.00       0.00       0.00       0.00       0.00       0.00       0.00       0.00       0.00       0.00       0.00       0.00

17시 07분 23초  CPU       HI/s    TIMER/s   NET_TX/s   NET_RX/s    BLOCK/s IRQ_POLL/s  TASKLET/s    SCHED/s  HRTIMER/s      RCU/s
17시 07분 24초    0       0.00      11.00       0.00      22.00       0.00       0.00       0.00      22.00       0.00      22.00
17시 07분 24초    1       0.00      18.00       0.00       0.00       0.00       0.00       0.00      26.00       0.00      19.00
17시 07분 24초    2       0.00       9.00       0.00       0.00       0.00       0.00       0.00      13.00       0.00      12.00
17시 07분 24초    3       0.00      31.00       0.00       0.00       0.00       0.00       0.00      38.00       0.00      28.00
17시 07분 24초    4       0.00      17.00       0.00       0.00       0.00       0.00       0.00      13.00       0.00      16.00
17시 07분 24초    5       0.00       3.00       0.00       0.00       0.00       0.00       0.00       9.00       0.00      17.00

17시 07분 24초  CPU    %usr   %nice    %sys %iowait    %irq   %soft  %steal  %guest  %gnice   %idle
17시 07분 25초  all    0.50    0.00    1.66    0.00    0.00    0.00    0.00    0.00    0.00   97.84
17시 07분 25초    0    0.00    0.00    2.02    0.00    0.00    0.00    0.00    0.00    0.00   97.98
17시 07분 25초    1    0.00    0.00    2.00    0.00    0.00    0.00    0.00    0.00    0.00   98.00
17시 07분 25초    2    0.00    0.00    1.00    0.00    0.00    0.00    0.00    0.00    0.00   99.00
17시 07분 25초    3    1.98    0.00    1.98    0.00    0.00    0.00    0.00    0.00    0.00   96.04
17시 07분 25초    4    0.00    0.00    0.00    0.00    0.00    0.00    0.00    0.00    0.00  100.00
17시 07분 25초    5    0.99    0.00    2.97    0.00    0.00    0.00    0.00    0.00    0.00   96.04

17시 07분 24초  CPU    intr/s
17시 07분 25초  all    328.00
17시 07분 25초    0     96.00
17시 07분 25초    1     64.00
17시 07분 25초    2     41.00
17시 07분 25초    3     70.00
17시 07분 25초    4     84.00
17시 07분 25초    5     45.00

17시 07분 24초  CPU        9/s       11/s       12/s       13/s       18/s       20/s       21/s       22/s       23/s       24/s       25/s       26/s       27/s       28/s       29/s       30/s       31/s       32/s       33/s       34/s       35/s       36/s       37/s       38/s       39/s       40/s       41/s       42/s       43/s       44/s       45/s       46/s       47/s       48/s       49/s       50/s       51/s       52/s       53/s       54/s       55/s       57/s       59/s       61/s       65/s       66/s       67/s       68/s       69/s       70/s       71/s       72/s       73/s       74/s       75/s       76/s       77/s       79/s       80/s       81/s       82/s       83/s       84/s       85/s       86/s       87/s       88/s       89/s       90/s       91/s       92/s       93/s       94/s       95/s       96/s       97/s       98/s      112/s      113/s      114/s      115/s      116/s      117/s      118/s      119/s      120/s      121/s      122/s      123/s      124/s      125/s      126/s      127/s      128/s      129/s      130/s      131/s      132/s      133/s      134/s      135/s      136/s      137/s      138/s      150/s      154/s      162/s      167/s      171/s      224/s      228/s      229/s      230/s      231/s      232/s      233/s      234/s      235/s      236/s      237/s      245/s      246/s      247/s      249/s      250/s      252/s      253/s      262/s      263/s      294/s      296/s      297/s      298/s      299/s      301/s      302/s     IPI0/s     IPI1/s     IPI2/s     IPI3/s     IPI4/s     IPI5/s     IPI6/s      Err/s
17시 07분 25초    0       0.00       0.00       0.00      58.00       0.00       0.00       0.00       0.00       0.00       0.00       0.00       0.00       0.00       0.00       0.00       0.00       0.00       0.00       0.00       0.00       0.00       0.00       0.00       0.00       0.00       0.00       0.00       0.00       0.00       0.00       0.00       0.00       0.00       0.00       0.00       0.00       0.00       0.00       0.00       0.00       0.00       0.00       0.00       0.00       0.00       0.00       0.00       0.00       0.00       0.00       0.00       0.00       0.00       0.00       0.00       0.00       0.00       0.00       0.00       0.00       0.00       0.00       0.00       0.00       0.00       0.00       0.00       0.00       0.00       0.00       0.00       0.00       0.00       0.00       0.00       0.00       0.00       0.00       0.00       0.00       0.00       0.00       0.00       0.00       0.00       0.00       0.00       0.00       0.00       0.00       0.00       0.00       0.00       0.00       0.00       0.00       0.00       0.00       0.00       0.00       0.00       0.00       0.00       0.00       0.00       5.00       0.00       0.00       0.00       0.00       0.00       0.00       0.00       0.00       0.00       0.00       0.00       0.00       0.00       0.00       0.00       0.00       0.00       0.00       0.00       0.00       0.00       0.00       0.00       0.00       0.00       0.00       0.00       0.00      24.00       0.00       3.00       6.00       0.00       0.00       0.00       0.00       0.00       0.00
17시 07분 25초    1       0.00       0.00       0.00      38.00       0.00       0.00       0.00       0.00       0.00       0.00       0.00       0.00       0.00       0.00       0.00       0.00       0.00       0.00       0.00       0.00       0.00       0.00       0.00       0.00       0.00       0.00       0.00       0.00       0.00       0.00       0.00       0.00       0.00       0.00       0.00       0.00       0.00       0.00       0.00       0.00       0.00       0.00       0.00       0.00       0.00       0.00       0.00       0.00       0.00       0.00       0.00       0.00       0.00       0.00       0.00       0.00       0.00       0.00       0.00       0.00       0.00       0.00       0.00       0.00       0.00       0.00       0.00       0.00       0.00       0.00       0.00       0.00       0.00       0.00       0.00       0.00       0.00       0.00       0.00       0.00       0.00       0.00       0.00       0.00       0.00       0.00       0.00       0.00       0.00       0.00       0.00       0.00       0.00       0.00       0.00       0.00       0.00       0.00       0.00       0.00       0.00       0.00       0.00       0.00       0.00       0.00       0.00       0.00       0.00       0.00       0.00       0.00       0.00       0.00       0.00       0.00       0.00       0.00       0.00       0.00       0.00       0.00       0.00       0.00       0.00       0.00       0.00       0.00       0.00       0.00       0.00       0.00       0.00       0.00       0.00       0.00       5.00       1.00       0.00       0.00       0.00       0.00       0.00       0.00
17시 07분 25초    2       0.00       0.00       0.00      21.00       0.00       0.00       0.00       0.00       0.00       0.00       0.00       0.00       0.00       0.00       0.00       0.00       0.00       0.00       0.00       0.00       0.00       0.00       0.00       0.00       0.00       0.00       0.00       0.00       0.00       0.00       0.00       0.00       0.00       0.00       0.00       0.00       0.00       0.00       0.00       0.00       0.00       0.00       0.00       0.00       0.00       0.00       0.00       0.00       0.00       0.00       0.00       0.00       0.00       0.00       0.00       0.00       0.00       0.00       0.00       0.00       0.00       0.00       0.00       0.00       0.00       0.00       0.00       0.00       0.00       0.00       0.00       0.00       0.00       0.00       0.00       0.00       0.00       0.00       0.00       0.00       0.00       0.00       0.00       0.00       0.00       0.00       0.00       0.00       0.00       0.00       0.00       0.00       0.00       0.00       0.00       0.00       0.00       0.00       0.00       0.00       0.00       0.00       0.00       0.00       0.00       0.00       0.00       0.00       0.00       0.00       0.00       0.00       0.00       0.00       0.00       0.00       0.00       0.00       0.00       0.00       0.00       0.00       0.00       0.00       0.00       0.00       0.00       0.00       0.00       0.00       0.00       0.00       0.00       0.00       0.00       0.00       0.00       1.00       0.00       0.00       0.00       0.00       0.00       0.00
17시 07분 25초    3       0.00       0.00       0.00      55.00       0.00       0.00       0.00       0.00       0.00       0.00       0.00       0.00       0.00       0.00       0.00       0.00       0.00       0.00       0.00       0.00       0.00       0.00       0.00       0.00       0.00       0.00       0.00       0.00       0.00       0.00       0.00       0.00       0.00       0.00       0.00       0.00       0.00       0.00       0.00       0.00       0.00       0.00       0.00       0.00       0.00       0.00       0.00       0.00       0.00       0.00       0.00       0.00       0.00       0.00       0.00       0.00       0.00       0.00       0.00       0.00       0.00       0.00       0.00       0.00       0.00       0.00       0.00       0.00       0.00       0.00       0.00       0.00       0.00       0.00       0.00       0.00       0.00       0.00       0.00       0.00       0.00       0.00       0.00       0.00       0.00       0.00       0.00       0.00       0.00       0.00       0.00       0.00       0.00       0.00       0.00       0.00       0.00       0.00       0.00       0.00       0.00       0.00       0.00       0.00       0.00       0.00       0.00       0.00       0.00       0.00       0.00       0.00       0.00       0.00       0.00       0.00       0.00       0.00       0.00       0.00       0.00       0.00       0.00       0.00       0.00       0.00       0.00       0.00       0.00       0.00       0.00       0.00       0.00       0.00       0.00       0.00      13.00       0.00       0.00       0.00       0.00       0.00       0.00       0.00
17시 07분 25초    4       0.00       0.00       0.00      43.00       0.00       0.00       0.00       0.00       0.00       0.00       0.00       0.00       0.00       0.00       0.00       0.00       0.00       0.00       0.00       0.00       0.00       0.00       0.00       0.00       0.00       0.00       0.00       0.00       0.00       0.00       0.00       0.00       0.00       0.00       0.00       0.00       0.00       0.00       0.00       0.00       0.00       0.00       0.00       0.00       0.00       0.00       0.00       0.00       0.00       0.00       0.00       0.00       0.00       0.00       0.00       0.00       0.00       0.00       0.00       0.00       0.00       0.00       0.00       0.00       0.00       0.00       0.00       0.00       0.00       0.00       0.00       0.00       0.00       0.00       0.00       0.00       0.00       0.00       0.00       0.00       0.00       0.00       0.00       0.00       0.00       0.00       0.00       0.00       0.00       0.00       0.00       0.00       0.00       0.00       0.00       0.00       0.00       0.00       0.00       0.00       0.00       0.00       0.00       0.00       0.00       0.00       0.00       0.00       0.00       0.00       0.00       0.00       0.00       0.00       0.00       0.00       0.00       0.00       0.00       0.00       0.00       0.00       0.00       0.00       0.00       0.00       0.00       0.00       0.00       0.00       0.00       0.00       0.00       0.00       0.00       0.00       2.00       0.00       0.00       0.00       0.00       0.00       0.00       0.00
17시 07분 25초    5       0.00       0.00       0.00      51.00       0.00       0.00       0.00       0.00       0.00       0.00       0.00       0.00       0.00       0.00       0.00       0.00       0.00       0.00       0.00       0.00       0.00       0.00       0.00       0.00       0.00       0.00       0.00       0.00       0.00       0.00       0.00       0.00       0.00       0.00       0.00       0.00       0.00       0.00       0.00       0.00       0.00       0.00       0.00       0.00       0.00       0.00       0.00       0.00       0.00       0.00       0.00       0.00       0.00       0.00       0.00       0.00       0.00       0.00       0.00       0.00       0.00       0.00       0.00       0.00       0.00       0.00       0.00       0.00       0.00       0.00       0.00       0.00       0.00       0.00       0.00       0.00       0.00       0.00       0.00       0.00       0.00       0.00       0.00       0.00       0.00       0.00       0.00       0.00       0.00       0.00       0.00       0.00       0.00       0.00       0.00       0.00       0.00       0.00       0.00       0.00       0.00       0.00       0.00       0.00       0.00       0.00       0.00       0.00       0.00       0.00       0.00       0.00       0.00       0.00       0.00       0.00       0.00       0.00       0.00       0.00       0.00       0.00       0.00       0.00       0.00       0.00       0.00       0.00       0.00       0.00       0.00       0.00       0.00       0.00       0.00       0.00       2.00       0.00       0.00       0.00       0.00       0.00       0.00       0.00

17시 07분 24초  CPU       HI/s    TIMER/s   NET_TX/s   NET_RX/s    BLOCK/s IRQ_POLL/s  TASKLET/s    SCHED/s  HRTIMER/s      RCU/s
17시 07분 25초    0       0.00      14.00       1.00      22.00       0.00       0.00       0.00      33.00       0.00      26.00
17시 07분 25초    1       0.00      17.00       0.00       0.00       0.00       0.00       0.00      22.00       0.00      25.00
17시 07분 25초    2       0.00      13.00       0.00       0.00       0.00       0.00       0.00      15.00       0.00      13.00
17시 07분 25초    3       0.00      18.00       0.00       0.00       0.00       0.00       0.00      24.00       0.00      28.00
17시 07분 25초    4       0.00      33.00       0.00       0.00       0.00       0.00       0.00      31.00       0.00      20.00
17시 07분 25초    5       0.00       4.00       0.00       0.00       0.00       0.00       0.00      18.00       0.00      23.00

17시 07분 25초  CPU    %usr   %nice    %sys %iowait    %irq   %soft  %steal  %guest  %gnice   %idle
17시 07분 26초  all    0.50    0.00    3.84    2.67    0.17    0.17    0.00    0.00    0.00   92.65
17시 07분 26초    0    1.01    0.00    1.01    0.00    0.00    0.00    0.00    0.00    0.00   97.98
17시 07분 26초    1    0.00    0.00    2.00    0.00    0.00    1.00    0.00    0.00    0.00   97.00
17시 07분 26초    2    0.00    0.00   15.00   16.00    0.00    0.00    0.00    0.00    0.00   69.00
17시 07분 26초    3    1.00    0.00    2.00    0.00    0.00    0.00    0.00    0.00    0.00   97.00
17시 07분 26초    4    0.00    0.00    0.00    0.00    0.00    0.00    0.00    0.00    0.00  100.00
17시 07분 26초    5    0.99    0.00    2.97    0.00    0.99    0.00    0.00    0.00    0.00   95.05

17시 07분 25초  CPU    intr/s
17시 07분 26초  all   1091.00
17시 07분 26초    0    121.00
17시 07분 26초    1     65.00
17시 07분 26초    2    138.00
17시 07분 26초    3     51.00
17시 07분 26초    4     63.00
17시 07분 26초    5     55.00

17시 07분 25초  CPU        9/s       11/s       12/s       13/s       18/s       20/s       21/s       22/s       23/s       24/s       25/s       26/s       27/s       28/s       29/s       30/s       31/s       32/s       33/s       34/s       35/s       36/s       37/s       38/s       39/s       40/s       41/s       42/s       43/s       44/s       45/s       46/s       47/s       48/s       49/s       50/s       51/s       52/s       53/s       54/s       55/s       57/s       59/s       61/s       65/s       66/s       67/s       68/s       69/s       70/s       71/s       72/s       73/s       74/s       75/s       76/s       77/s       79/s       80/s       81/s       82/s       83/s       84/s       85/s       86/s       87/s       88/s       89/s       90/s       91/s       92/s       93/s       94/s       95/s       96/s       97/s       98/s      112/s      113/s      114/s      115/s      116/s      117/s      118/s      119/s      120/s      121/s      122/s      123/s      124/s      125/s      126/s      127/s      128/s      129/s      130/s      131/s      132/s      133/s      134/s      135/s      136/s      137/s      138/s      150/s      154/s      162/s      167/s      171/s      224/s      228/s      229/s      230/s      231/s      232/s      233/s      234/s      235/s      236/s      237/s      245/s      246/s      247/s      249/s      250/s      252/s      253/s      262/s      263/s      294/s      296/s      297/s      298/s      299/s      301/s      302/s     IPI0/s     IPI1/s     IPI2/s     IPI3/s     IPI4/s     IPI5/s     IPI6/s      Err/s
17시 07분 26초    0       0.00       0.00       0.00      87.00       0.00       0.00       0.00       0.00       0.00       0.00       0.00       0.00       0.00       0.00       0.00       0.00       0.00       0.00       0.00       0.00       0.00       0.00       0.00       0.00       0.00       0.00       0.00       0.00       0.00       0.00       0.00       0.00       0.00       0.00       0.00       0.00       0.00       0.00       0.00       0.00       0.00       0.00       0.00       0.00       0.00       0.00     188.00       0.00       0.00       0.00       0.00       0.00       0.00       0.00       0.00       0.00       0.00       0.00       0.00       0.00       0.00       0.00       0.00       0.00       0.00       0.00       0.00       0.00       0.00       0.00       0.00       0.00       0.00       0.00       0.00       0.00       0.00      82.00       0.00       0.00       0.00       0.00       0.00       0.00       0.00       0.00       0.00       0.00       0.00       0.00       0.00       0.00       0.00       0.00       0.00       0.00       0.00       0.00       0.00       0.00       0.00       0.00       0.00       0.00       0.00      57.00       0.00       0.00       0.00       0.00       0.00       0.00       0.00       0.00       0.00       0.00       0.00       0.00       0.00       0.00       0.00       0.00       0.00       0.00       0.00       0.00       0.00       0.00       0.00       0.00       0.00       0.00       0.00       0.00      36.00       0.00      21.00      13.00       0.00       0.00       0.00       4.00       0.00       0.00
17시 07분 26초    1       0.00       0.00       0.00      40.00       0.00       0.00       0.00       0.00       0.00       0.00       0.00       0.00       0.00       0.00       0.00       0.00       0.00       0.00       0.00       0.00       0.00       0.00       0.00       0.00       0.00       0.00       0.00       0.00       0.00       0.00       0.00       0.00       0.00       0.00       0.00       0.00       0.00       0.00       0.00       0.00       0.00       0.00       0.00       0.00       0.00       0.00       0.00       0.00       0.00       0.00       0.00       0.00       0.00       0.00       0.00       0.00       0.00       0.00       0.00       0.00       0.00       0.00       0.00       0.00       0.00       0.00       0.00       0.00       0.00       0.00       0.00       0.00       0.00       0.00       0.00       0.00       0.00       0.00       0.00       0.00       0.00       0.00       0.00       0.00       0.00       0.00       0.00       0.00       0.00       0.00       0.00       0.00       0.00       0.00       0.00       0.00       0.00       0.00       0.00       0.00       0.00       0.00       0.00       0.00       0.00       0.00       0.00       0.00       0.00       0.00       0.00       0.00       0.00       0.00       0.00       0.00       0.00       0.00       0.00       0.00       0.00       0.00       0.00       0.00       0.00       0.00       0.00       0.00       0.00       0.00       0.00       0.00       0.00       0.00       0.00       0.00       4.00       3.00       0.00       0.00       0.00       0.00       0.00       0.00
17시 07분 26초    2       0.00       0.00       0.00     105.00       0.00       0.00       0.00       0.00       0.00       0.00       0.00       0.00       0.00       0.00       0.00       0.00       0.00       0.00       0.00       0.00       0.00       0.00       0.00       0.00       0.00       0.00       0.00       0.00       0.00       0.00       0.00       0.00       0.00       0.00       0.00       0.00       0.00       0.00       0.00       0.00       0.00       0.00       0.00       0.00       0.00       0.00       0.00       0.00       0.00       0.00       0.00       0.00       0.00       0.00       0.00       0.00       0.00       0.00       0.00       0.00       0.00       0.00       0.00       0.00       0.00       0.00       0.00       0.00       0.00       0.00       0.00       0.00       0.00       0.00       0.00       0.00       0.00       0.00       0.00       0.00       0.00       0.00       0.00       0.00       0.00       0.00       0.00       0.00       0.00       0.00       0.00       0.00       0.00       0.00       0.00       0.00       0.00       0.00       0.00       0.00       0.00       0.00       0.00       0.00       0.00       0.00       0.00       0.00       0.00       0.00       0.00       0.00       0.00       0.00       0.00       0.00       0.00       0.00       0.00       0.00       0.00       0.00       0.00       0.00       0.00       0.00       0.00       0.00       0.00       0.00       0.00       0.00       0.00       0.00       0.00       0.00     185.00       2.00       0.00       0.00       0.00      14.00       0.00       0.00
17시 07분 26초    3       0.00       0.00       0.00      38.00       0.00       0.00       0.00       0.00       0.00       0.00       0.00       0.00       0.00       0.00       0.00       0.00       0.00       0.00       0.00       0.00       0.00       0.00       0.00       0.00       0.00       0.00       0.00       0.00       0.00       0.00       0.00       0.00       0.00       0.00       0.00       0.00       0.00       0.00       0.00       0.00       0.00       0.00       0.00       0.00       0.00       0.00       0.00       0.00       0.00       0.00       0.00       0.00       0.00       0.00       0.00       0.00       0.00       0.00       0.00       0.00       0.00       0.00       0.00       0.00       0.00       0.00       0.00       0.00       0.00       0.00       0.00       0.00       0.00       0.00       0.00       0.00       0.00       0.00       0.00       0.00       0.00       0.00       0.00       0.00       0.00       0.00       0.00       0.00       0.00       0.00       0.00       0.00       0.00       0.00       0.00       0.00       0.00       0.00       0.00       0.00       0.00       0.00       0.00       0.00       0.00       0.00       0.00       0.00       0.00       0.00       0.00       0.00       0.00       0.00       0.00       0.00       0.00       0.00       0.00       0.00       0.00       0.00       0.00       0.00       0.00       0.00       0.00       0.00       0.00       0.00       0.00       0.00       0.00       0.00       0.00       0.00       2.00       0.00       0.00       0.00       0.00       0.00       0.00       0.00
17시 07분 26초    4       0.00       0.00       0.00      37.00       0.00       0.00       0.00       0.00       0.00       0.00       0.00       0.00       0.00       0.00       0.00       0.00       0.00       0.00       0.00       0.00       0.00       0.00       0.00       0.00       0.00       0.00       0.00       0.00       0.00       0.00       0.00       0.00       0.00       0.00       0.00       0.00       0.00       0.00       0.00       0.00       0.00       0.00       0.00       0.00       0.00       0.00       0.00       0.00       0.00       0.00       0.00       0.00       0.00       0.00       0.00       0.00       0.00       0.00       0.00       0.00       0.00       0.00       0.00       0.00       0.00       0.00       0.00       0.00       0.00       0.00       0.00       0.00       0.00       0.00       0.00       0.00       0.00       0.00       0.00       0.00       0.00       0.00       0.00       0.00       0.00       0.00       0.00       0.00       0.00       0.00       0.00       0.00       0.00       0.00       0.00       0.00       0.00       0.00       0.00       0.00       0.00       0.00       0.00       0.00       0.00       0.00       0.00       0.00       0.00       0.00       0.00       0.00       0.00       0.00       0.00       0.00       0.00       0.00       0.00       0.00       0.00       0.00       0.00       0.00       0.00       0.00       0.00       0.00       0.00       0.00       0.00       0.00       0.00       0.00       0.00       0.00      31.00       0.00       0.00       0.00       0.00       3.00       0.00       0.00
17시 07분 26초    5       0.00       0.00       0.00      48.00       0.00       0.00       0.00       0.00       0.00       0.00       0.00       0.00       0.00       0.00       0.00       0.00       0.00       0.00       0.00       0.00       0.00       0.00       0.00       0.00       0.00       0.00       0.00       0.00       0.00       0.00       0.00       0.00       0.00       0.00       0.00       0.00       0.00       0.00       0.00       0.00       0.00       0.00       0.00       0.00       0.00       0.00       0.00       0.00       0.00       0.00       0.00       0.00       0.00       0.00       0.00       0.00       0.00       0.00       0.00       0.00       0.00       0.00       0.00       0.00       0.00       0.00       0.00       0.00       0.00       0.00       0.00       0.00       0.00       0.00       0.00       0.00       0.00       0.00       0.00       0.00       0.00       0.00       0.00       0.00       0.00       0.00       0.00       0.00       0.00       0.00       0.00       0.00       0.00       0.00       0.00       0.00       0.00       0.00       0.00       0.00       0.00       0.00       0.00       0.00       0.00       0.00       0.00       0.00       0.00       0.00       0.00       0.00       0.00       0.00       0.00       0.00       0.00       0.00       0.00       0.00       0.00       0.00       0.00       0.00       0.00       0.00       0.00       0.00       0.00       0.00       0.00       0.00       0.00       0.00       0.00       0.00      89.00       0.00       0.00       0.00       0.00       2.00       0.00       0.00

17시 07분 25초  CPU       HI/s    TIMER/s   NET_TX/s   NET_RX/s    BLOCK/s IRQ_POLL/s  TASKLET/s    SCHED/s  HRTIMER/s      RCU/s
17시 07분 26초    0       0.00      13.00       0.00      33.00       2.00       0.00       0.00      48.00       0.00      25.00
17시 07분 26초    1       0.00      18.00       0.00       0.00       0.00       0.00       0.00      26.00       0.00      21.00
17시 07분 26초    2       0.00      18.00       0.00       0.00      18.00       0.00       0.00      69.00       0.00      33.00
17시 07분 26초    3       0.00       8.00       0.00       0.00       0.00       0.00       0.00      17.00       0.00      26.00
17시 07분 26초    4       0.00      26.00       0.00       0.00       0.00       0.00       0.00      20.00       0.00      17.00
17시 07분 26초    5       0.00      13.00       0.00       0.00       0.00       0.00       0.00      21.00       0.00      21.00

17시 07분 26초  CPU    %usr   %nice    %sys %iowait    %irq   %soft  %steal  %guest  %gnice   %idle
17시 07분 27초  all    1.17    0.00    2.67    1.34    0.17    0.00    0.00    0.00    0.00   94.66
17시 07분 27초    0    0.99    0.00    1.98    0.00    0.99    0.00    0.00    0.00    0.00   96.04
17시 07분 27초    1    2.00    0.00    0.00    5.00    0.00    0.00    0.00    0.00    0.00   93.00
17시 07분 27초    2    1.02    0.00   11.22    3.06    0.00    0.00    0.00    0.00    0.00   84.69
17시 07분 27초    3    2.00    0.00    1.00    0.00    0.00    0.00    0.00    0.00    0.00   97.00
17시 07분 27초    4    0.00    0.00    0.00    0.00    0.00    0.00    0.00    0.00    0.00  100.00
17시 07분 27초    5    1.00    0.00    2.00    0.00    0.00    0.00    0.00    0.00    0.00   97.00

17시 07분 26초  CPU    intr/s
17시 07분 27초  all    746.00
17시 07분 27초    0    115.00
17시 07분 27초    1     69.00
17시 07분 27초    2     51.00
17시 07분 27초    3     56.00
17시 07분 27초    4     97.00
17시 07분 27초    5     32.00

17시 07분 26초  CPU        9/s       11/s       12/s       13/s       18/s       20/s       21/s       22/s       23/s       24/s       25/s       26/s       27/s       28/s       29/s       30/s       31/s       32/s       33/s       34/s       35/s       36/s       37/s       38/s       39/s       40/s       41/s       42/s       43/s       44/s       45/s       46/s       47/s       48/s       49/s       50/s       51/s       52/s       53/s       54/s       55/s       57/s       59/s       61/s       65/s       66/s       67/s       68/s       69/s       70/s       71/s       72/s       73/s       74/s       75/s       76/s       77/s       79/s       80/s       81/s       82/s       83/s       84/s       85/s       86/s       87/s       88/s       89/s       90/s       91/s       92/s       93/s       94/s       95/s       96/s       97/s       98/s      112/s      113/s      114/s      115/s      116/s      117/s      118/s      119/s      120/s      121/s      122/s      123/s      124/s      125/s      126/s      127/s      128/s      129/s      130/s      131/s      132/s      133/s      134/s      135/s      136/s      137/s      138/s      150/s      154/s      162/s      167/s      171/s      224/s      228/s      229/s      230/s      231/s      232/s      233/s      234/s      235/s      236/s      237/s      245/s      246/s      247/s      249/s      250/s      252/s      253/s      262/s      263/s      294/s      296/s      297/s      298/s      299/s      301/s      302/s     IPI0/s     IPI1/s     IPI2/s     IPI3/s     IPI4/s     IPI5/s     IPI6/s      Err/s
17시 07분 27초    0       0.00       0.00       0.00      77.00       0.00       0.00       0.00       0.00       0.00       0.00       0.00       0.00       0.00       0.00       0.00       0.00       0.00       0.00       0.00       0.00       0.00       0.00       0.00       0.00       0.00       0.00       0.00       0.00       0.00       0.00       0.00       0.00       0.00       0.00       0.00       0.00       0.00       0.00       0.00       0.00       0.00       0.00       0.00       0.00       0.00       0.00     134.00       0.00       0.00       0.00       0.00       0.00       0.00       0.00       0.00       0.00       0.00       0.00       0.00       0.00       0.00       0.00       0.00       0.00       0.00       0.00       0.00       0.00       0.00       0.00       0.00       0.00       0.00       0.00       0.00       0.00       0.00       2.00       0.00       0.00       0.00       0.00       0.00       0.00       0.00       0.00       0.00       0.00       0.00       0.00       0.00       0.00       0.00       0.00       0.00       0.00       0.00       0.00       0.00       0.00       0.00       0.00       0.00       0.00       0.00      38.00       0.00       0.00       0.00       0.00       0.00       0.00       0.00       0.00       0.00       0.00       0.00       0.00       0.00       0.00       0.00       0.00       0.00       0.00       0.00       0.00       0.00       0.00       0.00       0.00       0.00       0.00       0.00       0.00      48.00       0.00      11.00       2.00       0.00       0.00       0.00       1.00       0.00       0.00
17시 07분 27초    1       0.00       0.00       0.00      44.00       0.00       0.00       0.00       0.00       0.00       0.00       0.00       0.00       0.00       0.00       0.00       0.00       0.00       0.00       0.00       0.00       0.00       0.00       0.00       0.00       0.00       0.00       0.00       0.00       0.00       0.00       0.00       0.00       0.00       0.00       0.00       0.00       0.00       0.00       0.00       0.00       0.00       0.00       0.00       0.00       0.00       0.00       0.00       0.00       0.00       0.00       0.00       0.00       0.00       0.00       0.00       0.00       0.00       0.00       0.00       0.00       0.00       0.00       0.00       0.00       0.00       0.00       0.00       0.00       0.00       0.00       0.00       0.00       0.00       0.00       0.00       0.00       0.00       0.00       0.00       0.00       0.00       0.00       0.00       0.00       0.00       0.00       0.00       0.00       0.00       0.00       0.00       0.00       0.00       0.00       0.00       0.00       0.00       0.00       0.00       0.00       0.00       0.00       0.00       0.00       0.00       0.00       0.00       0.00       0.00       0.00       0.00       0.00       0.00       0.00       0.00       0.00       0.00       0.00       0.00       0.00       0.00       0.00       0.00       0.00       0.00       0.00       0.00       0.00       0.00       0.00       0.00       0.00       0.00       0.00       0.00       0.00       6.00       4.00       0.00       0.00       0.00       1.00       0.00       0.00
17시 07분 27초    2       0.00       0.00       0.00      41.00       0.00       0.00       0.00       0.00       0.00       0.00       0.00       0.00       0.00       0.00       0.00       0.00       0.00       0.00       0.00       0.00       0.00       0.00       0.00       0.00       0.00       0.00       0.00       0.00       0.00       0.00       0.00       0.00       0.00       0.00       0.00       0.00       0.00       0.00       0.00       0.00       0.00       0.00       0.00       0.00       0.00       0.00       0.00       0.00       0.00       0.00       0.00       0.00       0.00       0.00       0.00       0.00       0.00       0.00       0.00       0.00       0.00       0.00       0.00       0.00       0.00       0.00       0.00       0.00       0.00       0.00       0.00       0.00       0.00       0.00       0.00       0.00       0.00       0.00       0.00       0.00       0.00       0.00       0.00       0.00       0.00       0.00       0.00       0.00       0.00       0.00       0.00       0.00       0.00       0.00       0.00       0.00       0.00       0.00       0.00       0.00       0.00       0.00       0.00       0.00       0.00       0.00       0.00       0.00       0.00       0.00       0.00       0.00       0.00       0.00       0.00       0.00       0.00       0.00       0.00       0.00       0.00       0.00       0.00       0.00       0.00       0.00       0.00       0.00       0.00       0.00       0.00       0.00       0.00       0.00       0.00       0.00     143.00       2.00       0.00       0.00       0.00       9.00       0.00       0.00
17시 07분 27초    3       0.00       0.00       0.00      45.00       0.00       0.00       0.00       0.00       0.00       0.00       0.00       0.00       0.00       0.00       0.00       0.00       0.00       0.00       0.00       0.00       0.00       0.00       0.00       0.00       0.00       0.00       0.00       0.00       0.00       0.00       0.00       0.00       0.00       0.00       0.00       0.00       0.00       0.00       0.00       0.00       0.00       0.00       0.00       0.00       0.00       0.00       0.00       0.00       0.00       0.00       0.00       0.00       0.00       0.00       0.00       0.00       0.00       0.00       0.00       0.00       0.00       0.00       0.00       0.00       0.00       0.00       0.00       0.00       0.00       0.00       0.00       0.00       0.00       0.00       0.00       0.00       0.00       0.00       0.00       0.00       0.00       0.00       0.00       0.00       0.00       0.00       0.00       0.00       0.00       0.00       0.00       0.00       0.00       0.00       0.00       0.00       0.00       0.00       0.00       0.00       0.00       0.00       0.00       0.00       0.00       0.00       0.00       0.00       0.00       0.00       0.00       0.00       0.00       0.00       0.00       0.00       0.00       0.00       0.00       0.00       0.00       0.00       0.00       0.00       0.00       0.00       0.00       0.00       0.00       0.00       0.00       0.00       0.00       0.00       0.00       0.00       4.00       0.00       0.00       0.00       0.00       0.00       0.00       0.00
17시 07분 27초    4       0.00       0.00       0.00      73.00       0.00       0.00       0.00       0.00       0.00       0.00       0.00       0.00       0.00       0.00       0.00       0.00       0.00       0.00       0.00       0.00       0.00       0.00       0.00       0.00       0.00       0.00       0.00       0.00       0.00       0.00       0.00       0.00       0.00       0.00       0.00       0.00       0.00       0.00       0.00       0.00       0.00       0.00       0.00       0.00       0.00       0.00       0.00       0.00       0.00       0.00       0.00       0.00       0.00       0.00       0.00       0.00       0.00       0.00       0.00       0.00       0.00       0.00       0.00       0.00       0.00       0.00       0.00       0.00       0.00       0.00       0.00       0.00       0.00       0.00       0.00       0.00       0.00       0.00       0.00       0.00       0.00       0.00       0.00       0.00       0.00       0.00       0.00       0.00       0.00       0.00       0.00       0.00       0.00       0.00       0.00       0.00       0.00       0.00       0.00       0.00       0.00       0.00       0.00       0.00       0.00       0.00       0.00       0.00       0.00       0.00       0.00       0.00       0.00       0.00       0.00       0.00       0.00       0.00       0.00       0.00       0.00       0.00       0.00       0.00       0.00       0.00       0.00       0.00       0.00       0.00       0.00       0.00       0.00       0.00       0.00       0.00      20.00       1.00       0.00       0.00       0.00       0.00       0.00       0.00
17시 07분 27초    5       0.00       0.00       0.00      32.00       0.00       0.00       0.00       0.00       0.00       0.00       0.00       0.00       0.00       0.00       0.00       0.00       0.00       0.00       0.00       0.00       0.00       0.00       0.00       0.00       0.00       0.00       0.00       0.00       0.00       0.00       0.00       0.00       0.00       0.00       0.00       0.00       0.00       0.00       0.00       0.00       0.00       0.00       0.00       0.00       0.00       0.00       0.00       0.00       0.00       0.00       0.00       0.00       0.00       0.00       0.00       0.00       0.00       0.00       0.00       0.00       0.00       0.00       0.00       0.00       0.00       0.00       0.00       0.00       0.00       0.00       0.00       0.00       0.00       0.00       0.00       0.00       0.00       0.00       0.00       0.00       0.00       0.00       0.00       0.00       0.00       0.00       0.00       0.00       0.00       0.00       0.00       0.00       0.00       0.00       0.00       0.00       0.00       0.00       0.00       0.00       0.00       0.00       0.00       0.00       0.00       0.00       0.00       0.00       0.00       0.00       0.00       0.00       0.00       0.00       0.00       0.00       0.00       0.00       0.00       0.00       0.00       0.00       0.00       0.00       0.00       0.00       0.00       0.00       0.00       0.00       0.00       0.00       0.00       0.00       0.00       0.00       8.00       0.00       0.00       0.00       0.00       0.00       0.00       0.00

17시 07분 26초  CPU       HI/s    TIMER/s   NET_TX/s   NET_RX/s    BLOCK/s IRQ_POLL/s  TASKLET/s    SCHED/s  HRTIMER/s      RCU/s
17시 07분 27초    0       0.00      11.00       0.00      44.00       2.00       0.00       0.00      33.00       0.00      25.00
17시 07분 27초    1       0.00      18.00       0.00       0.00       0.00       0.00       0.00      28.00       0.00      23.00
17시 07분 27초    2       0.00       6.00       0.00       0.00       0.00       0.00       0.00      31.00       0.00      14.00
17시 07분 27초    3       0.00      12.00       0.00       0.00       0.00       0.00       0.00      22.00       0.00      22.00
17시 07분 27초    4       0.00      44.00       0.00       0.00       0.00       0.00       0.00      38.00       0.00      15.00
17시 07분 27초    5       0.00       3.00       0.00       0.00       0.00       0.00       0.00      11.00       0.00      18.00

17시 07분 27초  CPU    %usr   %nice    %sys %iowait    %irq   %soft  %steal  %guest  %gnice   %idle
17시 07분 28초  all    2.67    0.00    2.67    0.00    0.00    0.17    0.00    0.00    0.00   94.50
17시 07분 28초    0    2.00    0.00    2.00    0.00    0.00    0.00    0.00    0.00    0.00   96.00
17시 07분 28초    1    2.00    0.00    3.00    0.00    0.00    0.00    0.00    0.00    0.00   95.00
17시 07분 28초    2    6.86    0.00    3.92    0.00    0.00    0.98    0.00    0.00    0.00   88.24
17시 07분 28초    3    2.02    0.00    2.02    0.00    0.00    0.00    0.00    0.00    0.00   95.96
17시 07분 28초    4    1.00    0.00    1.00    0.00    0.00    0.00    0.00    0.00    0.00   98.00
17시 07분 28초    5    2.02    0.00    4.04    0.00    0.00    0.00    0.00    0.00    0.00   93.94

17시 07분 27초  CPU    intr/s
17시 07분 28초  all   1359.00
17시 07분 28초    0    114.00
17시 07분 28초    1    199.00
17시 07분 28초    2    122.00
17시 07분 28초    3     90.00
17시 07분 28초    4     66.00
17시 07분 28초    5     60.00

17시 07분 27초  CPU        9/s       11/s       12/s       13/s       18/s       20/s       21/s       22/s       23/s       24/s       25/s       26/s       27/s       28/s       29/s       30/s       31/s       32/s       33/s       34/s       35/s       36/s       37/s       38/s       39/s       40/s       41/s       42/s       43/s       44/s       45/s       46/s       47/s       48/s       49/s       50/s       51/s       52/s       53/s       54/s       55/s       57/s       59/s       61/s       65/s       66/s       67/s       68/s       69/s       70/s       71/s       72/s       73/s       74/s       75/s       76/s       77/s       79/s       80/s       81/s       82/s       83/s       84/s       85/s       86/s       87/s       88/s       89/s       90/s       91/s       92/s       93/s       94/s       95/s       96/s       97/s       98/s      112/s      113/s      114/s      115/s      116/s      117/s      118/s      119/s      120/s      121/s      122/s      123/s      124/s      125/s      126/s      127/s      128/s      129/s      130/s      131/s      132/s      133/s      134/s      135/s      136/s      137/s      138/s      150/s      154/s      162/s      167/s      171/s      224/s      228/s      229/s      230/s      231/s      232/s      233/s      234/s      235/s      236/s      237/s      245/s      246/s      247/s      249/s      250/s      252/s      253/s      262/s      263/s      294/s      296/s      297/s      298/s      299/s      301/s      302/s     IPI0/s     IPI1/s     IPI2/s     IPI3/s     IPI4/s     IPI5/s     IPI6/s      Err/s
17시 07분 28초    0       0.00       0.00       0.00     143.00       0.00       0.00       0.00       0.00       0.00       0.00       0.00       0.00       0.00       0.00       0.00       0.00       0.00       0.00       0.00       0.00       0.00       0.00       0.00       0.00       0.00       0.00       0.00       0.00       0.00       0.00       0.00       0.00       0.00       0.00       0.00       0.00       0.00       0.00       0.00       0.00       0.00       0.00       0.00       0.00       0.00       0.00       0.00       0.00       0.00       0.00       0.00       0.00       0.00       0.00       0.00       0.00       0.00       0.00       0.00       0.00       0.00       0.00       0.00       0.00       0.00       0.00       0.00       0.00       0.00       0.00       0.00       0.00       0.00       0.00       0.00       0.00       0.00       0.00       0.00       0.00       0.00       0.00       0.00       0.00       0.00       0.00       0.00       0.00       0.00       0.00       0.00       0.00       0.00       0.00       0.00       0.00       0.00       0.00       0.00       0.00       0.00       0.00       0.00       0.00       0.00      40.00       0.00       0.00       0.00       0.00       0.00       0.00       0.00       0.00       0.00       0.00       0.00       0.00       0.00       0.00       0.00       0.00       0.00       0.00       0.00       0.00       0.00       0.00       0.00       0.00       0.00       0.00       0.00       0.00      12.00       0.00      86.00      18.00       0.00       0.00       0.00       1.00       0.00       0.00
17시 07분 28초    1       0.00       0.00       0.00      95.00       0.00       0.00       0.00       0.00       0.00       0.00       0.00       0.00       0.00       0.00       0.00       0.00       0.00       0.00       0.00       0.00       0.00       0.00       0.00       0.00       0.00       0.00       0.00       0.00       0.00       0.00       0.00       0.00       0.00       0.00       0.00       0.00       0.00       0.00       0.00       0.00       0.00       0.00       0.00       0.00       0.00       0.00       0.00       0.00       0.00       0.00       0.00       0.00       0.00       0.00       0.00       0.00       0.00       0.00       0.00       0.00       0.00       0.00       0.00       0.00       0.00       0.00       0.00       0.00       0.00       0.00       0.00       0.00       0.00       0.00       0.00       0.00       0.00       0.00       0.00       0.00       0.00       0.00       0.00       0.00       0.00       0.00       0.00       0.00       0.00       0.00       0.00       0.00       0.00       0.00       0.00       0.00       0.00       0.00       0.00       0.00       0.00       0.00       0.00       0.00       0.00       0.00       0.00       0.00       0.00       0.00       0.00       0.00       0.00       0.00       0.00       0.00       0.00       0.00       0.00       0.00       0.00       0.00       0.00       0.00       0.00       0.00       0.00       0.00       0.00       0.00       0.00       0.00       0.00       0.00       0.00       0.00     115.00       5.00       0.00       0.00       0.00       6.00       0.00       0.00
17시 07분 28초    2       0.00       0.00       0.00      92.00       0.00       0.00       0.00       0.00       0.00       0.00       0.00       0.00       0.00       0.00       0.00       0.00       0.00       0.00       0.00       0.00       0.00       0.00       0.00       0.00       0.00       0.00       0.00       0.00       0.00       0.00       0.00       0.00       0.00       0.00       0.00       0.00       0.00       0.00       0.00       0.00       0.00       0.00       0.00       0.00       0.00       0.00       0.00       0.00       0.00       0.00       0.00       0.00       0.00       0.00       0.00       0.00       0.00       0.00       0.00       0.00       0.00       0.00       0.00       0.00       0.00       0.00       0.00       0.00       0.00       0.00       0.00       0.00       0.00       0.00       0.00       0.00       0.00       0.00       0.00       0.00       0.00       0.00       0.00       0.00       0.00       0.00       0.00       0.00       0.00       0.00       0.00       0.00       0.00       0.00       0.00       0.00       0.00       0.00       0.00       0.00       0.00       0.00       0.00       0.00       0.00       0.00       0.00       0.00       0.00       0.00       0.00       0.00       0.00       0.00       0.00       0.00       0.00       0.00       0.00       0.00       0.00       0.00       0.00       0.00       0.00       0.00       0.00       0.00       0.00       0.00       0.00       0.00       0.00       0.00       0.00       0.00     182.00      13.00       0.00       0.00       0.00       3.00       0.00       0.00
17시 07분 28초    3       0.00       0.00       0.00      81.00       0.00       0.00       0.00       0.00       0.00       0.00       0.00       0.00       0.00       0.00       0.00       0.00       0.00       0.00       0.00       0.00       0.00       0.00       0.00       0.00       0.00       0.00       0.00       0.00       0.00       0.00       0.00       0.00       0.00       0.00       0.00       0.00       0.00       0.00       0.00       0.00       0.00       0.00       0.00       0.00       0.00       0.00       0.00       0.00       0.00       0.00       0.00       0.00       0.00       0.00       0.00       0.00       0.00       0.00       0.00       0.00       0.00       0.00       0.00       0.00       0.00       0.00       0.00       0.00       0.00       0.00       0.00       0.00       0.00       0.00       0.00       0.00       0.00       0.00       0.00       0.00       0.00       0.00       0.00       0.00       0.00       0.00       0.00       0.00       0.00       0.00       0.00       0.00       0.00       0.00       0.00       0.00       0.00       0.00       0.00       0.00       0.00       0.00       0.00       0.00       0.00       0.00       0.00       0.00       0.00       0.00       0.00       0.00       0.00       0.00       0.00       0.00       0.00       0.00       0.00       0.00       0.00       0.00       0.00       0.00       0.00       0.00       0.00       0.00       0.00       0.00       0.00       0.00       0.00       0.00       0.00       0.00     126.00       4.00       0.00       0.00       0.00       2.00       0.00       0.00
17시 07분 28초    4       0.00       0.00       0.00      62.00       0.00       0.00       0.00       0.00       0.00       0.00       0.00       0.00       0.00       0.00       0.00       0.00       0.00       0.00       0.00       0.00       0.00       0.00       0.00       0.00       0.00       0.00       0.00       0.00       0.00       0.00       0.00       0.00       0.00       0.00       0.00       0.00       0.00       0.00       0.00       0.00       0.00       0.00       0.00       0.00       0.00       0.00       0.00       0.00       0.00       0.00       0.00       0.00       0.00       0.00       0.00       0.00       0.00       0.00       0.00       0.00       0.00       0.00       0.00       0.00       0.00       0.00       0.00       0.00       0.00       0.00       0.00       0.00       0.00       0.00       0.00       0.00       0.00       0.00       0.00       0.00       0.00       0.00       0.00       0.00       0.00       0.00       0.00       0.00       0.00       0.00       0.00       0.00       0.00       0.00       0.00       0.00       0.00       0.00       0.00       0.00       0.00       0.00       0.00       0.00       0.00       0.00       0.00       0.00       0.00       0.00       0.00       0.00       0.00       0.00       0.00       0.00       0.00       0.00       0.00       0.00       0.00       0.00       0.00       0.00       0.00       0.00       0.00       0.00       0.00       0.00       0.00       0.00       0.00       0.00       0.00       0.00     124.00       0.00       0.00       0.00       0.00       5.00       0.00       0.00
17시 07분 28초    5       0.00       0.00       0.00      67.00       0.00       0.00       0.00       0.00       0.00       0.00       0.00       0.00       0.00       0.00       0.00       0.00       0.00       0.00       0.00       0.00       0.00       0.00       0.00       0.00       0.00       0.00       0.00       0.00       0.00       0.00       0.00       0.00       0.00       0.00       0.00       0.00       0.00       0.00       0.00       0.00       0.00       0.00       0.00       0.00       0.00       0.00       0.00       0.00       0.00       0.00       0.00       0.00       0.00       0.00       0.00       0.00       0.00       0.00       0.00       0.00       0.00       0.00       0.00       0.00       0.00       0.00       0.00       0.00       0.00       0.00       0.00       0.00       0.00       0.00       0.00       0.00       0.00       0.00       0.00       0.00       0.00       0.00       0.00       0.00       0.00       0.00       0.00       0.00       0.00       0.00       0.00       0.00       0.00       0.00       0.00       0.00       0.00       0.00       0.00       0.00       0.00       0.00       0.00       0.00       0.00       0.00       0.00       0.00       0.00       0.00       0.00       0.00       0.00       0.00       0.00       0.00       0.00       0.00       0.00       0.00       0.00       0.00       0.00       0.00       0.00       0.00       0.00       0.00       0.00       0.00       0.00       0.00       0.00       0.00       0.00       0.00      68.00       2.00       0.00       0.00       0.00       7.00       0.00       0.00

17시 07분 27초  CPU       HI/s    TIMER/s   NET_TX/s   NET_RX/s    BLOCK/s IRQ_POLL/s  TASKLET/s    SCHED/s  HRTIMER/s      RCU/s
17시 07분 28초    0       0.00      11.00       0.00      11.00       0.00       0.00       0.00      49.00       0.00      43.00
17시 07분 28초    1       0.00      31.00       0.00       0.00       0.00       0.00       0.00      42.00       0.00     126.00
17시 07분 28초    2       0.00      26.00       0.00       0.00       0.00       0.00       0.00      54.00       0.00      42.00
17시 07분 28초    3       0.00      28.00       0.00       0.00       0.00       0.00       0.00      29.00       0.00      33.00
17시 07분 28초    4       0.00      15.00       0.00       0.00       0.00       0.00       0.00      23.00       0.00      28.00
17시 07분 28초    5       0.00       3.00       0.00       0.00       0.00       0.00       0.00      22.00       0.00      35.00

17시 07분 28초  CPU    %usr   %nice    %sys %iowait    %irq   %soft  %steal  %guest  %gnice   %idle
17시 07분 29초  all    0.66    0.00    1.33    0.00    0.17    0.17    0.00    0.00    0.00   97.67
17시 07분 29초    0    0.99    0.00    0.99    0.00    0.00    0.99    0.00    0.00    0.00   97.03
17시 07분 29초    1    0.00    0.00    1.01    0.00    0.00    0.00    0.00    0.00    0.00   98.99
17시 07분 29초    2    0.00    0.00    0.99    0.00    0.99    0.00    0.00    0.00    0.00   98.02
17시 07분 29초    3    2.00    0.00    2.00    0.00    0.00    0.00    0.00    0.00    0.00   96.00
17시 07분 29초    4    0.00    0.00    0.00    0.00    0.00    0.00    0.00    0.00    0.00  100.00
17시 07분 29초    5    0.99    0.00    2.97    0.00    0.00    0.00    0.00    0.00    0.00   96.04

17시 07분 28초  CPU    intr/s
17시 07분 29초  all    296.00
17시 07분 29초    0     86.00
17시 07분 29초    1     94.00
17시 07분 29초    2     85.00
17시 07분 29초    3     46.00
17시 07분 29초    4     37.00
17시 07분 29초    5     43.00

17시 07분 28초  CPU        9/s       11/s       12/s       13/s       18/s       20/s       21/s       22/s       23/s       24/s       25/s       26/s       27/s       28/s       29/s       30/s       31/s       32/s       33/s       34/s       35/s       36/s       37/s       38/s       39/s       40/s       41/s       42/s       43/s       44/s       45/s       46/s       47/s       48/s       49/s       50/s       51/s       52/s       53/s       54/s       55/s       57/s       59/s       61/s       65/s       66/s       67/s       68/s       69/s       70/s       71/s       72/s       73/s       74/s       75/s       76/s       77/s       79/s       80/s       81/s       82/s       83/s       84/s       85/s       86/s       87/s       88/s       89/s       90/s       91/s       92/s       93/s       94/s       95/s       96/s       97/s       98/s      112/s      113/s      114/s      115/s      116/s      117/s      118/s      119/s      120/s      121/s      122/s      123/s      124/s      125/s      126/s      127/s      128/s      129/s      130/s      131/s      132/s      133/s      134/s      135/s      136/s      137/s      138/s      150/s      154/s      162/s      167/s      171/s      224/s      228/s      229/s      230/s      231/s      232/s      233/s      234/s      235/s      236/s      237/s      245/s      246/s      247/s      249/s      250/s      252/s      253/s      262/s      263/s      294/s      296/s      297/s      298/s      299/s      301/s      302/s     IPI0/s     IPI1/s     IPI2/s     IPI3/s     IPI4/s     IPI5/s     IPI6/s      Err/s
17시 07분 29초    0       0.00       0.00       0.00      40.00       0.00       0.00       0.00       0.00       0.00       0.00       0.00       0.00       0.00       0.00       0.00       0.00       0.00       0.00       0.00       0.00       0.00       0.00       0.00       0.00       0.00       0.00       0.00       0.00       0.00       0.00       0.00       0.00       0.00       0.00       0.00       0.00       0.00       0.00       0.00       0.00       0.00       0.00       0.00       0.00       0.00       0.00       0.00       0.00       0.00       0.00       0.00       0.00       0.00       0.00       0.00       0.00       0.00       0.00       0.00       0.00       0.00       0.00       0.00       0.00       0.00       0.00       0.00       0.00       0.00       0.00       0.00       0.00       0.00       0.00       0.00       0.00       0.00       0.00       0.00       0.00       0.00       0.00       0.00       0.00       0.00       0.00       0.00       0.00       0.00       0.00       0.00       0.00       0.00       0.00       0.00       0.00       0.00       0.00       0.00       0.00       0.00       0.00       0.00       0.00       0.00       5.00       0.00       0.00       0.00       0.00       0.00       0.00       0.00       0.00       0.00       0.00       0.00       0.00       0.00       0.00       0.00       0.00       0.00       0.00       0.00       0.00       0.00       0.00       0.00       0.00       0.00       0.00       0.00       0.00      24.00       0.00       0.00       3.00       0.00       0.00       0.00       0.00       0.00       0.00
17시 07분 29초    1       0.00       0.00       0.00      56.00       0.00       0.00       0.00       0.00       0.00       0.00       0.00       0.00       0.00       0.00       0.00       0.00       0.00       0.00       0.00       0.00       0.00       0.00       0.00       0.00       0.00       0.00       0.00       0.00       0.00       0.00       0.00       0.00       0.00       0.00       0.00       0.00       0.00       0.00       0.00       0.00       0.00       0.00       0.00       0.00       0.00       0.00       0.00       0.00       0.00       0.00       0.00       0.00       0.00       0.00       0.00       0.00       0.00       0.00       0.00       0.00       0.00       0.00       0.00       0.00       0.00       0.00       0.00       0.00       0.00       0.00       0.00       0.00       0.00       0.00       0.00       0.00       0.00       0.00       0.00       0.00       0.00       0.00       0.00       0.00       0.00       0.00       0.00       0.00       0.00       0.00       0.00       0.00       0.00       0.00       0.00       0.00       0.00       0.00       0.00       0.00       0.00       0.00       0.00       0.00       0.00       0.00       0.00       0.00       0.00       0.00       0.00       0.00       0.00       0.00       0.00       0.00       0.00       0.00       0.00       0.00       0.00       0.00       0.00       0.00       0.00       0.00       0.00       0.00       0.00       0.00       0.00       0.00       0.00       0.00       0.00       0.00      14.00       4.00       0.00       0.00       0.00       0.00       0.00       0.00
17시 07분 29초    2       0.00       0.00       0.00      45.00       0.00       0.00       0.00       0.00       0.00       0.00       0.00       0.00       0.00       0.00       0.00       0.00       0.00       0.00       0.00       0.00       0.00       0.00       0.00       0.00       0.00       0.00       0.00       0.00       0.00       0.00       0.00       0.00       0.00       0.00       0.00       0.00       0.00       0.00       0.00       0.00       0.00       0.00       0.00       0.00       0.00       0.00       0.00       0.00       0.00       0.00       0.00       0.00       0.00       0.00       0.00       0.00       0.00       0.00       0.00       0.00       0.00       0.00       0.00       0.00       0.00       0.00       0.00       0.00       0.00       0.00       0.00       0.00       0.00       0.00       0.00       0.00       0.00       0.00       0.00       0.00       0.00       0.00       0.00       0.00       0.00       0.00       0.00       0.00       0.00       0.00       0.00       0.00       0.00       0.00       0.00       0.00       0.00       0.00       0.00       0.00       0.00       0.00       0.00       0.00       0.00       0.00       0.00       0.00       0.00       0.00       0.00       0.00       0.00       0.00       0.00       0.00       0.00       0.00       0.00       0.00       0.00       0.00       0.00       0.00       0.00       0.00       0.00       0.00       0.00       0.00       0.00       0.00       0.00       0.00       0.00       0.00       0.00       1.00       0.00       0.00       0.00       0.00       0.00       0.00
17시 07분 29초    3       0.00       0.00       0.00      41.00       0.00       0.00       0.00       0.00       0.00       0.00       0.00       0.00       0.00       0.00       0.00       0.00       0.00       0.00       0.00       0.00       0.00       0.00       0.00       0.00       0.00       0.00       0.00       0.00       0.00       0.00       0.00       0.00       0.00       0.00       0.00       0.00       0.00       0.00       0.00       0.00       0.00       0.00       0.00       0.00       0.00       0.00       0.00       0.00       0.00       0.00       0.00       0.00       0.00       0.00       0.00       0.00       0.00       0.00       0.00       0.00       0.00       0.00       0.00       0.00       0.00       0.00       0.00       0.00       0.00       0.00       0.00       0.00       0.00       0.00       0.00       0.00       0.00       0.00       0.00       0.00       0.00       0.00       0.00       0.00       0.00       0.00       0.00       0.00       0.00       0.00       0.00       0.00       0.00       0.00       0.00       0.00       0.00       0.00       0.00       0.00       0.00       0.00       0.00       0.00       0.00       0.00       0.00       0.00       0.00       0.00       0.00       0.00       0.00       0.00       0.00       0.00       0.00       0.00       0.00       0.00       0.00       0.00       0.00       0.00       0.00       0.00       0.00       0.00       0.00       0.00       0.00       0.00       0.00       0.00       0.00       0.00       5.00       0.00       0.00       0.00       0.00       0.00       0.00       0.00
17시 07분 29초    4       0.00       0.00       0.00      20.00       0.00       0.00       0.00       0.00       0.00       0.00       0.00       0.00       0.00       0.00       0.00       0.00       0.00       0.00       0.00       0.00       0.00       0.00       0.00       0.00       0.00       0.00       0.00       0.00       0.00       0.00       0.00       0.00       0.00       0.00       0.00       0.00       0.00       0.00       0.00       0.00       0.00       0.00       0.00       0.00       0.00       0.00       0.00       0.00       0.00       0.00       0.00       0.00       0.00       0.00       0.00       0.00       0.00       0.00       0.00       0.00       0.00       0.00       0.00       0.00       0.00       0.00       0.00       0.00       0.00       0.00       0.00       0.00       0.00       0.00       0.00       0.00       0.00       0.00       0.00       0.00       0.00       0.00       0.00       0.00       0.00       0.00       0.00       0.00       0.00       0.00       0.00       0.00       0.00       0.00       0.00       0.00       0.00       0.00       0.00       0.00       0.00       0.00       0.00       0.00       0.00       0.00       0.00       0.00       0.00       0.00       0.00       0.00       0.00       0.00       0.00       0.00       0.00       0.00       0.00       0.00       0.00       0.00       0.00       0.00       0.00       0.00       0.00       0.00       0.00       0.00       0.00       0.00       0.00       0.00       0.00       0.00       1.00       0.00       0.00       0.00       0.00       0.00       0.00       0.00
17시 07분 29초    5       0.00       0.00       0.00      31.00       0.00       0.00       0.00       0.00       0.00       0.00       0.00       0.00       0.00       0.00       0.00       0.00       0.00       0.00       0.00       0.00       0.00       0.00       0.00       0.00       0.00       0.00       0.00       0.00       0.00       0.00       0.00       0.00       0.00       0.00       0.00       0.00       0.00       0.00       0.00       0.00       0.00       0.00       0.00       0.00       0.00       0.00       0.00       0.00       0.00       0.00       0.00       0.00       0.00       0.00       0.00       0.00       0.00       0.00       0.00       0.00       0.00       0.00       0.00       0.00       0.00       0.00       0.00       0.00       0.00       0.00       0.00       0.00       0.00       0.00       0.00       0.00       0.00       0.00       0.00       0.00       0.00       0.00       0.00       0.00       0.00       0.00       0.00       0.00       0.00       0.00       0.00       0.00       0.00       0.00       0.00       0.00       0.00       0.00       0.00       0.00       0.00       0.00       0.00       0.00       0.00       0.00       0.00       0.00       0.00       0.00       0.00       0.00       0.00       0.00       0.00       0.00       0.00       0.00       0.00       0.00       0.00       0.00       0.00       0.00       0.00       0.00       0.00       0.00       0.00       0.00       0.00       0.00       0.00       0.00       0.00       0.00       6.00       0.00       0.00       0.00       0.00       0.00       0.00       0.00

17시 07분 28초  CPU       HI/s    TIMER/s   NET_TX/s   NET_RX/s    BLOCK/s IRQ_POLL/s  TASKLET/s    SCHED/s  HRTIMER/s      RCU/s
17시 07분 29초    0       0.00      13.00       0.00      22.00       0.00       0.00       0.00      23.00       0.00      28.00
17시 07분 29초    1       0.00      27.00       0.00       0.00       0.00       0.00       0.00      34.00       0.00      33.00
17시 07분 29초    2       0.00      32.00       0.00       0.00       0.00       0.00       0.00      34.00       0.00      19.00
17시 07분 29초    3       0.00       5.00       0.00       0.00       0.00       0.00       0.00      17.00       0.00      24.00
17시 07분 29초    4       0.00      11.00       0.00       0.00       0.00       0.00       0.00      14.00       0.00      12.00
17시 07분 29초    5       0.00       9.00       0.00       0.00       0.00       0.00       0.00      13.00       0.00      21.00

17시 07분 29초  CPU    %usr   %nice    %sys %iowait    %irq   %soft  %steal  %guest  %gnice   %idle
17시 07분 30초  all    0.33    0.00    2.00    0.00    0.17    0.17    0.00    0.00    0.00   97.34
17시 07분 30초    0    0.00    0.00    3.00    0.00    0.00    0.00    0.00    0.00    0.00   97.00
17시 07분 30초    1    0.99    0.00    1.98    0.00    0.99    0.00    0.00    0.00    0.00   96.04
17시 07분 30초    2    0.00    0.00    1.00    0.00    0.00    0.00    0.00    0.00    0.00   99.00
17시 07분 30초    3    1.00    0.00    3.00    0.00    0.00    0.00    0.00    0.00    0.00   96.00
17시 07분 30초    4    0.00    0.00    0.00    0.00    0.00    0.00    0.00    0.00    0.00  100.00
17시 07분 30초    5    0.00    0.00    3.00    0.00    0.00    1.00    0.00    0.00    0.00   96.00

17시 07분 29초  CPU    intr/s
17시 07분 30초  all    354.00
17시 07분 30초    0    114.00
17시 07분 30초    1     82.00
17시 07분 30초    2     84.00
17시 07분 30초    3     58.00
17시 07분 30초    4     31.00
17시 07분 30초    5     49.00

17시 07분 29초  CPU        9/s       11/s       12/s       13/s       18/s       20/s       21/s       22/s       23/s       24/s       25/s       26/s       27/s       28/s       29/s       30/s       31/s       32/s       33/s       34/s       35/s       36/s       37/s       38/s       39/s       40/s       41/s       42/s       43/s       44/s       45/s       46/s       47/s       48/s       49/s       50/s       51/s       52/s       53/s       54/s       55/s       57/s       59/s       61/s       65/s       66/s       67/s       68/s       69/s       70/s       71/s       72/s       73/s       74/s       75/s       76/s       77/s       79/s       80/s       81/s       82/s       83/s       84/s       85/s       86/s       87/s       88/s       89/s       90/s       91/s       92/s       93/s       94/s       95/s       96/s       97/s       98/s      112/s      113/s      114/s      115/s      116/s      117/s      118/s      119/s      120/s      121/s      122/s      123/s      124/s      125/s      126/s      127/s      128/s      129/s      130/s      131/s      132/s      133/s      134/s      135/s      136/s      137/s      138/s      150/s      154/s      162/s      167/s      171/s      224/s      228/s      229/s      230/s      231/s      232/s      233/s      234/s      235/s      236/s      237/s      245/s      246/s      247/s      249/s      250/s      252/s      253/s      262/s      263/s      294/s      296/s      297/s      298/s      299/s      301/s      302/s     IPI0/s     IPI1/s     IPI2/s     IPI3/s     IPI4/s     IPI5/s     IPI6/s      Err/s
17시 07분 30초    0       0.00       0.00       0.00      37.00       0.00       0.00       0.00       0.00       0.00       0.00       0.00       0.00       0.00       0.00       0.00       0.00       0.00       0.00       0.00       0.00       0.00       0.00       0.00       0.00       0.00       0.00       0.00       0.00       0.00       0.00       0.00       0.00       0.00       0.00       0.00       0.00       0.00       0.00       0.00       0.00       0.00       0.00       0.00       0.00       0.00       0.00       0.00       0.00       0.00       0.00       0.00       0.00       0.00       0.00       0.00       0.00       0.00       0.00       0.00       0.00       0.00       0.00       0.00       0.00       0.00       0.00       0.00       0.00       0.00       0.00       0.00       0.00       0.00       0.00       0.00       0.00       0.00       0.00       0.00       0.00       0.00       0.00       0.00       0.00       0.00       0.00       0.00       0.00       0.00       0.00       0.00       0.00       0.00       0.00       0.00       0.00       0.00       0.00       0.00       0.00       0.00       0.00       0.00       0.00       0.00       0.00       0.00       0.00       0.00       0.00       0.00       0.00       0.00       0.00       0.00       0.00       0.00       0.00       0.00       0.00       0.00       0.00       0.00       0.00       0.00       0.00       0.00       0.00       0.00       0.00       0.00       0.00       0.00       0.00      70.00       0.00       2.00       4.00       0.00       0.00       0.00       0.00       0.00       0.00
17시 07분 30초    1       0.00       0.00       0.00      48.00       0.00       0.00       0.00       0.00       0.00       0.00       0.00       0.00       0.00       0.00       0.00       0.00       0.00       0.00       0.00       0.00       0.00       0.00       0.00       0.00       0.00       0.00       0.00       0.00       0.00       0.00       0.00       0.00       0.00       0.00       0.00       0.00       0.00       0.00       0.00       0.00       0.00       0.00       0.00       0.00       0.00       0.00       0.00       0.00       0.00       0.00       0.00       0.00       0.00       0.00       0.00       0.00       0.00       0.00       0.00       0.00       0.00       0.00       0.00       0.00       0.00       0.00       0.00       0.00       0.00       0.00       0.00       0.00       0.00       0.00       0.00       0.00       0.00       0.00       0.00       0.00       0.00       0.00       0.00       0.00       0.00       0.00       0.00       0.00       0.00       0.00       0.00       0.00       0.00       0.00       0.00       0.00       0.00       0.00       0.00       0.00       0.00       0.00       0.00       0.00       0.00       0.00       0.00       0.00       0.00       0.00       0.00       0.00       0.00       0.00       0.00       0.00       0.00       0.00       0.00       0.00       0.00       0.00       0.00       0.00       0.00       0.00       0.00       0.00       0.00       0.00       0.00       0.00       0.00       0.00       0.00       0.00       1.00       4.00       0.00       0.00       0.00       0.00       0.00       0.00
17시 07분 30초    2       0.00       0.00       0.00      56.00       0.00       0.00       0.00       0.00       0.00       0.00       0.00       0.00       0.00       0.00       0.00       0.00       0.00       0.00       0.00       0.00       0.00       0.00       0.00       0.00       0.00       0.00       0.00       0.00       0.00       0.00       0.00       0.00       0.00       0.00       0.00       0.00       0.00       0.00       0.00       0.00       0.00       0.00       0.00       0.00       0.00       0.00       0.00       0.00       0.00       0.00       0.00       0.00       0.00       0.00       0.00       0.00       0.00       0.00       0.00       0.00       0.00       0.00       0.00       0.00       0.00       0.00       0.00       0.00       0.00       0.00       0.00       0.00       0.00       0.00       0.00       0.00       0.00       0.00       0.00       0.00       0.00       0.00       0.00       0.00       0.00       0.00       0.00       0.00       0.00       0.00       0.00       0.00       0.00       0.00       0.00       0.00       0.00       0.00       0.00       0.00       0.00       0.00       0.00       0.00       0.00       0.00       0.00       0.00       0.00       0.00       0.00       0.00       0.00       0.00       0.00       0.00       0.00       0.00       0.00       0.00       0.00       0.00       0.00       0.00       0.00       0.00       0.00       0.00       0.00       0.00       0.00       0.00       0.00       0.00       0.00       0.00       5.00       1.00       0.00       0.00       0.00       0.00       0.00       0.00
17시 07분 30초    3       0.00       0.00       0.00      47.00       0.00       0.00       0.00       0.00       0.00       0.00       0.00       0.00       0.00       0.00       0.00       0.00       0.00       0.00       0.00       0.00       0.00       0.00       0.00       0.00       0.00       0.00       0.00       0.00       0.00       0.00       0.00       0.00       0.00       0.00       0.00       0.00       0.00       0.00       0.00       0.00       0.00       0.00       0.00       0.00       0.00       0.00       0.00       0.00       0.00       0.00       0.00       0.00       0.00       0.00       0.00       0.00       0.00       0.00       0.00       0.00       0.00       0.00       0.00       0.00       0.00       0.00       0.00       0.00       0.00       0.00       0.00       0.00       0.00       0.00       0.00       0.00       0.00       0.00       0.00       0.00       0.00       0.00       0.00       0.00       0.00       0.00       0.00       0.00       0.00       0.00       0.00       0.00       0.00       0.00       0.00       0.00       0.00       0.00       0.00       0.00       0.00       0.00       0.00       0.00       0.00       0.00       0.00       0.00       0.00       0.00       0.00       0.00       0.00       0.00       0.00       0.00       0.00       0.00       0.00       0.00       0.00       0.00       0.00       0.00       0.00       0.00       0.00       0.00       0.00       0.00       0.00       0.00       0.00       0.00       0.00       0.00      14.00       0.00       0.00       0.00       0.00       0.00       0.00       0.00
17시 07분 30초    4       0.00       0.00       0.00      15.00       0.00       0.00       0.00       0.00       0.00       0.00       0.00       0.00       0.00       0.00       0.00       0.00       0.00       0.00       0.00       0.00       0.00       0.00       0.00       0.00       0.00       0.00       0.00       0.00       0.00       0.00       0.00       0.00       0.00       0.00       0.00       0.00       0.00       0.00       0.00       0.00       0.00       0.00       0.00       0.00       0.00       0.00       0.00       0.00       0.00       0.00       0.00       0.00       0.00       0.00       0.00       0.00       0.00       0.00       0.00       0.00       0.00       0.00       0.00       0.00       0.00       0.00       0.00       0.00       0.00       0.00       0.00       0.00       0.00       0.00       0.00       0.00       0.00       0.00       0.00       0.00       0.00       0.00       0.00       0.00       0.00       0.00       0.00       0.00       0.00       0.00       0.00       0.00       0.00       0.00       0.00       0.00       0.00       0.00       0.00       0.00       0.00       0.00       0.00       0.00       0.00       0.00       0.00       0.00       0.00       0.00       0.00       0.00       0.00       0.00       0.00       0.00       0.00       0.00       0.00       0.00       0.00       0.00       0.00       0.00       0.00       0.00       0.00       0.00       0.00       0.00       0.00       0.00       0.00       0.00       0.00       0.00       4.00       0.00       0.00       0.00       0.00       0.00       0.00       0.00
17시 07분 30초    5       0.00       0.00       0.00      40.00       0.00       0.00       0.00       0.00       0.00       0.00       0.00       0.00       0.00       0.00       0.00       0.00       0.00       0.00       0.00       0.00       0.00       0.00       0.00       0.00       0.00       0.00       0.00       0.00       0.00       0.00       0.00       0.00       0.00       0.00       0.00       0.00       0.00       0.00       0.00       0.00       0.00       0.00       0.00       0.00       0.00       0.00       0.00       0.00       0.00       0.00       0.00       0.00       0.00       0.00       0.00       0.00       0.00       0.00       0.00       0.00       0.00       0.00       0.00       0.00       0.00       0.00       0.00       0.00       0.00       0.00       0.00       0.00       0.00       0.00       0.00       0.00       0.00       0.00       0.00       0.00       0.00       0.00       0.00       0.00       0.00       0.00       0.00       0.00       0.00       0.00       0.00       0.00       0.00       0.00       0.00       0.00       0.00       0.00       0.00       0.00       0.00       0.00       0.00       0.00       0.00       0.00       0.00       0.00       0.00       0.00       0.00       0.00       0.00       0.00       0.00       0.00       0.00       0.00       0.00       0.00       0.00       0.00       0.00       0.00       0.00       0.00       0.00       0.00       0.00       0.00       0.00       0.00       0.00       0.00       0.00       0.00       6.00       0.00       0.00       0.00       0.00       0.00       0.00       0.00

17시 07분 29초  CPU       HI/s    TIMER/s   NET_TX/s   NET_RX/s    BLOCK/s IRQ_POLL/s  TASKLET/s    SCHED/s  HRTIMER/s      RCU/s
17시 07분 30초    0       0.00       9.00       2.00      65.00       0.00       0.00       0.00      17.00       0.00      21.00
17시 07분 30초    1       0.00      27.00       0.00       0.00       0.00       0.00       0.00      34.00       0.00      21.00
17시 07분 30초    2       0.00      31.00       0.00       0.00       0.00       0.00       0.00      33.00       0.00      20.00
17시 07분 30초    3       0.00      13.00       0.00       0.00       0.00       0.00       0.00      20.00       0.00      25.00
17시 07분 30초    4       0.00      11.00       0.00       0.00       0.00       0.00       0.00      10.00       0.00      10.00
17시 07분 30초    5       0.00      11.00       0.00       0.00       0.00       0.00       0.00      17.00       0.00      21.00

17시 07분 30초  CPU    %usr   %nice    %sys %iowait    %irq   %soft  %steal  %guest  %gnice   %idle
17시 07분 31초  all    0.34    0.00    1.68    0.00    0.00    0.00    0.00    0.00    0.00   97.99
17시 07분 31초    0    0.00    0.00    2.02    0.00    0.00    0.00    0.00    0.00    0.00   97.98
17시 07분 31초    1    1.00    0.00    2.00    0.00    0.00    0.00    0.00    0.00    0.00   97.00
17시 07분 31초    2    0.00    0.00    0.00    0.00    0.00    0.00    0.00    0.00    0.00  100.00
17시 07분 31초    3    0.99    0.00    2.97    0.00    0.00    0.00    0.00    0.00    0.00   96.04
17시 07분 31초    4    0.00    0.00    0.00    0.00    0.00    0.00    0.00    0.00    0.00  100.00
17시 07분 31초    5    0.00    0.00    3.00    0.00    0.00    0.00    0.00    0.00    0.00   97.00

17시 07분 30초  CPU    intr/s
17시 07분 31초  all    327.00
17시 07분 31초    0    106.00
17시 07분 31초    1     83.00
17시 07분 31초    2     84.00
17시 07분 31초    3     59.00
17시 07분 31초    4     35.00
17시 07분 31초    5     28.00

17시 07분 30초  CPU        9/s       11/s       12/s       13/s       18/s       20/s       21/s       22/s       23/s       24/s       25/s       26/s       27/s       28/s       29/s       30/s       31/s       32/s       33/s       34/s       35/s       36/s       37/s       38/s       39/s       40/s       41/s       42/s       43/s       44/s       45/s       46/s       47/s       48/s       49/s       50/s       51/s       52/s       53/s       54/s       55/s       57/s       59/s       61/s       65/s       66/s       67/s       68/s       69/s       70/s       71/s       72/s       73/s       74/s       75/s       76/s       77/s       79/s       80/s       81/s       82/s       83/s       84/s       85/s       86/s       87/s       88/s       89/s       90/s       91/s       92/s       93/s       94/s       95/s       96/s       97/s       98/s      112/s      113/s      114/s      115/s      116/s      117/s      118/s      119/s      120/s      121/s      122/s      123/s      124/s      125/s      126/s      127/s      128/s      129/s      130/s      131/s      132/s      133/s      134/s      135/s      136/s      137/s      138/s      150/s      154/s      162/s      167/s      171/s      224/s      228/s      229/s      230/s      231/s      232/s      233/s      234/s      235/s      236/s      237/s      245/s      246/s      247/s      249/s      250/s      252/s      253/s      262/s      263/s      294/s      296/s      297/s      298/s      299/s      301/s      302/s     IPI0/s     IPI1/s     IPI2/s     IPI3/s     IPI4/s     IPI5/s     IPI6/s      Err/s
17시 07분 31초    0       0.00       0.00       0.00      49.00       0.00       0.00       0.00       0.00       0.00       0.00       0.00       0.00       0.00       0.00       0.00       0.00       0.00       0.00       0.00       0.00       0.00       0.00       0.00       0.00       0.00       0.00       0.00       0.00       0.00       0.00       0.00       0.00       0.00       0.00       0.00       0.00       0.00       0.00       0.00       0.00       0.00       0.00       0.00       0.00       0.00       0.00       0.00       0.00       0.00       0.00       0.00       0.00       0.00       0.00       0.00       0.00       0.00       0.00       0.00       0.00       0.00       0.00       0.00       0.00       0.00       0.00       0.00       0.00       0.00       0.00       0.00       0.00       0.00       0.00       0.00       0.00       0.00       0.00       0.00       0.00       0.00       0.00       0.00       0.00       0.00       0.00       0.00       0.00       0.00       0.00       0.00       0.00       0.00       0.00       0.00       0.00       0.00       0.00       0.00       0.00       0.00       0.00       0.00       0.00       0.00       7.00       0.00       0.00       0.00       0.00       0.00       0.00       0.00       0.00       0.00       0.00       0.00       0.00       0.00       0.00       0.00       0.00       0.00       0.00       0.00       0.00       0.00       0.00       0.00       0.00       0.00       0.00       0.00       0.00      36.00       0.00       9.00       6.00       0.00       0.00       0.00       0.00       0.00       0.00
17시 07분 31초    1       0.00       0.00       0.00      50.00       0.00       0.00       0.00       0.00       0.00       0.00       0.00       0.00       0.00       0.00       0.00       0.00       0.00       0.00       0.00       0.00       0.00       0.00       0.00       0.00       0.00       0.00       0.00       0.00       0.00       0.00       0.00       0.00       0.00       0.00       0.00       0.00       0.00       0.00       0.00       0.00       0.00       0.00       0.00       0.00       0.00       0.00       0.00       0.00       0.00       0.00       0.00       0.00       0.00       0.00       0.00       0.00       0.00       0.00       0.00       0.00       0.00       0.00       0.00       0.00       0.00       0.00       0.00       0.00       0.00       0.00       0.00       0.00       0.00       0.00       0.00       0.00       0.00       0.00       0.00       0.00       0.00       0.00       0.00       0.00       0.00       0.00       0.00       0.00       0.00       0.00       0.00       0.00       0.00       0.00       0.00       0.00       0.00       0.00       0.00       0.00       0.00       0.00       0.00       0.00       0.00       0.00       0.00       0.00       0.00       0.00       0.00       0.00       0.00       0.00       0.00       0.00       0.00       0.00       0.00       0.00       0.00       0.00       0.00       0.00       0.00       0.00       0.00       0.00       0.00       0.00       0.00       0.00       0.00       0.00       0.00       0.00       5.00       6.00       0.00       0.00       0.00       0.00       0.00       0.00
17시 07분 31초    2       0.00       0.00       0.00      39.00       0.00       0.00       0.00       0.00       0.00       0.00       0.00       0.00       0.00       0.00       0.00       0.00       0.00       0.00       0.00       0.00       0.00       0.00       0.00       0.00       0.00       0.00       0.00       0.00       0.00       0.00       0.00       0.00       0.00       0.00       0.00       0.00       0.00       0.00       0.00       0.00       0.00       0.00       0.00       0.00       0.00       0.00       0.00       0.00       0.00       0.00       0.00       0.00       0.00       0.00       0.00       0.00       0.00       0.00       0.00       0.00       0.00       0.00       0.00       0.00       0.00       0.00       0.00       0.00       0.00       0.00       0.00       0.00       0.00       0.00       0.00       0.00       0.00       0.00       0.00       0.00       0.00       0.00       0.00       0.00       0.00       0.00       0.00       0.00       0.00       0.00       0.00       0.00       0.00       0.00       0.00       0.00       0.00       0.00       0.00       0.00       0.00       0.00       0.00       0.00       0.00       0.00       0.00       0.00       0.00       0.00       0.00       0.00       0.00       0.00       0.00       0.00       0.00       0.00       0.00       0.00       0.00       0.00       0.00       0.00       0.00       0.00       0.00       0.00       0.00       0.00       0.00       0.00       0.00       0.00       0.00       0.00       2.00       2.00       0.00       0.00       0.00       0.00       0.00       0.00
17시 07분 31초    3       0.00       0.00       0.00      47.00       0.00       0.00       0.00       0.00       0.00       0.00       0.00       0.00       0.00       0.00       0.00       0.00       0.00       0.00       0.00       0.00       0.00       0.00       0.00       0.00       0.00       0.00       0.00       0.00       0.00       0.00       0.00       0.00       0.00       0.00       0.00       0.00       0.00       0.00       0.00       0.00       0.00       0.00       0.00       0.00       0.00       0.00       0.00       0.00       0.00       0.00       0.00       0.00       0.00       0.00       0.00       0.00       0.00       0.00       0.00       0.00       0.00       0.00       0.00       0.00       0.00       0.00       0.00       0.00       0.00       0.00       0.00       0.00       0.00       0.00       0.00       0.00       0.00       0.00       0.00       0.00       0.00       0.00       0.00       0.00       0.00       0.00       0.00       0.00       0.00       0.00       0.00       0.00       0.00       0.00       0.00       0.00       0.00       0.00       0.00       0.00       0.00       0.00       0.00       0.00       0.00       0.00       0.00       0.00       0.00       0.00       0.00       0.00       0.00       0.00       0.00       0.00       0.00       0.00       0.00       0.00       0.00       0.00       0.00       0.00       0.00       0.00       0.00       0.00       0.00       0.00       0.00       0.00       0.00       0.00       0.00       0.00       9.00       0.00       0.00       0.00       0.00       0.00       0.00       0.00
17시 07분 31초    4       0.00       0.00       0.00      27.00       0.00       0.00       0.00       0.00       0.00       0.00       0.00       0.00       0.00       0.00       0.00       0.00       0.00       0.00       0.00       0.00       0.00       0.00       0.00       0.00       0.00       0.00       0.00       0.00       0.00       0.00       0.00       0.00       0.00       0.00       0.00       0.00       0.00       0.00       0.00       0.00       0.00       0.00       0.00       0.00       0.00       0.00       0.00       0.00       0.00       0.00       0.00       0.00       0.00       0.00       0.00       0.00       0.00       0.00       0.00       0.00       0.00       0.00       0.00       0.00       0.00       0.00       0.00       0.00       0.00       0.00       0.00       0.00       0.00       0.00       0.00       0.00       0.00       0.00       0.00       0.00       0.00       0.00       0.00       0.00       0.00       0.00       0.00       0.00       0.00       0.00       0.00       0.00       0.00       0.00       0.00       0.00       0.00       0.00       0.00       0.00       0.00       0.00       0.00       0.00       0.00       0.00       0.00       0.00       0.00       0.00       0.00       0.00       0.00       0.00       0.00       0.00       0.00       0.00       0.00       0.00       0.00       0.00       0.00       0.00       0.00       0.00       0.00       0.00       0.00       0.00       0.00       0.00       0.00       0.00       0.00       0.00       5.00       0.00       0.00       0.00       0.00       0.00       0.00       0.00
17시 07분 31초    5       0.00       0.00       0.00      28.00       0.00       0.00       0.00       0.00       0.00       0.00       0.00       0.00       0.00       0.00       0.00       0.00       0.00       0.00       0.00       0.00       0.00       0.00       0.00       0.00       0.00       0.00       0.00       0.00       0.00       0.00       0.00       0.00       0.00       0.00       0.00       0.00       0.00       0.00       0.00       0.00       0.00       0.00       0.00       0.00       0.00       0.00       0.00       0.00       0.00       0.00       0.00       0.00       0.00       0.00       0.00       0.00       0.00       0.00       0.00       0.00       0.00       0.00       0.00       0.00       0.00       0.00       0.00       0.00       0.00       0.00       0.00       0.00       0.00       0.00       0.00       0.00       0.00       0.00       0.00       0.00       0.00       0.00       0.00       0.00       0.00       0.00       0.00       0.00       0.00       0.00       0.00       0.00       0.00       0.00       0.00       0.00       0.00       0.00       0.00       0.00       0.00       0.00       0.00       0.00       0.00       0.00       0.00       0.00       0.00       0.00       0.00       0.00       0.00       0.00       0.00       0.00       0.00       0.00       0.00       0.00       0.00       0.00       0.00       0.00       0.00       0.00       0.00       0.00       0.00       0.00       0.00       0.00       0.00       0.00       0.00       0.00       1.00       0.00       0.00       0.00       0.00       1.00       0.00       0.00

17시 07분 30초  CPU       HI/s    TIMER/s   NET_TX/s   NET_RX/s    BLOCK/s IRQ_POLL/s  TASKLET/s    SCHED/s  HRTIMER/s      RCU/s
17시 07분 31초    0       0.00      19.00       2.00      33.00       0.00       0.00       0.00      25.00       0.00      27.00
17시 07분 31초    1       0.00      27.00       0.00       0.00       0.00       0.00       0.00      33.00       0.00      23.00
17시 07분 31초    2       0.00      33.00       0.00       0.00       0.00       0.00       0.00      33.00       0.00      18.00
17시 07분 31초    3       0.00      11.00       0.00       0.00       0.00       0.00       0.00      21.00       0.00      27.00
17시 07분 31초    4       0.00      10.00       0.00       0.00       0.00       0.00       0.00      14.00       0.00      11.00
17시 07분 31초    5       0.00       2.00       0.00       0.00       0.00       0.00       0.00      10.00       0.00      16.00

17시 07분 31초  CPU    %usr   %nice    %sys %iowait    %irq   %soft  %steal  %guest  %gnice   %idle
17시 07분 32초  all    1.16    0.00    3.83    1.16    0.17    0.00    0.00    0.00    0.00   93.68
17시 07분 32초    0    1.00    0.00    1.00    0.00    1.00    0.00    0.00    0.00    0.00   97.00
17시 07분 32초    1    0.00    0.00    1.00    4.00    0.00    0.00    0.00    0.00    0.00   95.00
17시 07분 32초    2    0.00    0.00   14.00    3.00    0.00    0.00    0.00    0.00    0.00   83.00
17시 07분 32초    3    2.00    0.00    2.00    0.00    0.00    0.00    0.00    0.00    0.00   96.00
17시 07분 32초    4    0.00    0.00    0.99    0.00    0.00    0.00    0.00    0.00    0.00   99.01
17시 07분 32초    5    4.00    0.00    4.00    0.00    0.00    0.00    0.00    0.00    0.00   92.00

17시 07분 31초  CPU    intr/s
17시 07분 32초  all   1063.00
17시 07분 32초    0    203.00
17시 07분 32초    1     77.00
17시 07분 32초    2     98.00
17시 07분 32초    3     74.00
17시 07분 32초    4     44.00
17시 07분 32초    5     53.00

17시 07분 31초  CPU        9/s       11/s       12/s       13/s       18/s       20/s       21/s       22/s       23/s       24/s       25/s       26/s       27/s       28/s       29/s       30/s       31/s       32/s       33/s       34/s       35/s       36/s       37/s       38/s       39/s       40/s       41/s       42/s       43/s       44/s       45/s       46/s       47/s       48/s       49/s       50/s       51/s       52/s       53/s       54/s       55/s       57/s       59/s       61/s       65/s       66/s       67/s       68/s       69/s       70/s       71/s       72/s       73/s       74/s       75/s       76/s       77/s       79/s       80/s       81/s       82/s       83/s       84/s       85/s       86/s       87/s       88/s       89/s       90/s       91/s       92/s       93/s       94/s       95/s       96/s       97/s       98/s      112/s      113/s      114/s      115/s      116/s      117/s      118/s      119/s      120/s      121/s      122/s      123/s      124/s      125/s      126/s      127/s      128/s      129/s      130/s      131/s      132/s      133/s      134/s      135/s      136/s      137/s      138/s      150/s      154/s      162/s      167/s      171/s      224/s      228/s      229/s      230/s      231/s      232/s      233/s      234/s      235/s      236/s      237/s      245/s      246/s      247/s      249/s      250/s      252/s      253/s      262/s      263/s      294/s      296/s      297/s      298/s      299/s      301/s      302/s     IPI0/s     IPI1/s     IPI2/s     IPI3/s     IPI4/s     IPI5/s     IPI6/s      Err/s
17시 07분 32초    0       0.00       0.00       0.00     116.00       0.00       0.00       0.00       0.00       0.00       0.00       0.00       0.00       0.00       0.00       0.00       0.00       0.00       0.00       0.00       0.00       0.00       0.00       0.00       0.00       0.00       0.00       0.00       0.00       0.00       0.00       0.00       0.00       0.00       0.00       0.00       0.00       0.00       0.00       0.00       0.00       0.00       0.00       0.00       0.00       0.00       0.00     134.00       0.00       0.00       0.00       0.00       0.00       0.00       0.00       0.00       0.00       0.00       0.00       0.00       0.00       0.00       0.00       0.00       0.00       0.00       0.00       0.00       0.00       0.00       0.00       0.00       0.00       0.00       0.00       0.00       0.00       0.00      78.00       0.00       0.00       0.00       0.00       0.00       0.00       0.00       0.00       0.00       0.00       0.00       0.00       0.00       0.00       0.00       0.00       0.00       0.00       0.00       0.00       0.00       0.00       0.00       0.00       0.00       0.00       0.00      51.00       0.00       0.00       0.00       0.00       0.00       0.00       0.00       0.00       0.00       0.00       0.00       0.00       0.00       0.00       0.00       0.00       0.00       0.00       0.00       0.00       0.00       0.00       0.00       0.00       0.00       0.00       0.00       0.00     103.00       0.00      16.00       7.00       0.00       0.00       0.00       7.00       0.00       0.00
17시 07분 32초    1       0.00       0.00       0.00      50.00       0.00       0.00       0.00       0.00       0.00       0.00       0.00       0.00       0.00       0.00       0.00       0.00       0.00       0.00       0.00       0.00       0.00       0.00       0.00       0.00       0.00       0.00       0.00       0.00       0.00       0.00       0.00       0.00       0.00       0.00       0.00       0.00       0.00       0.00       0.00       0.00       0.00       0.00       0.00       0.00       0.00       0.00       0.00       0.00       0.00       0.00       0.00       0.00       0.00       0.00       0.00       0.00       0.00       0.00       0.00       0.00       0.00       0.00       0.00       0.00       0.00       0.00       0.00       0.00       0.00       0.00       0.00       0.00       0.00       0.00       0.00       0.00       0.00       0.00       0.00       0.00       0.00       0.00       0.00       0.00       0.00       0.00       0.00       0.00       0.00       0.00       0.00       0.00       0.00       0.00       0.00       0.00       0.00       0.00       0.00       0.00       0.00       0.00       0.00       0.00       0.00       0.00       0.00       0.00       0.00       0.00       0.00       0.00       0.00       0.00       0.00       0.00       0.00       0.00       0.00       0.00       0.00       0.00       0.00       0.00       0.00       0.00       0.00       0.00       0.00       0.00       0.00       0.00       0.00       0.00       0.00       0.00       3.00       3.00       0.00       0.00       0.00       1.00       0.00       0.00
17시 07분 32초    2       0.00       0.00       0.00      74.00       0.00       0.00       0.00       0.00       0.00       0.00       0.00       0.00       0.00       0.00       0.00       0.00       0.00       0.00       0.00       0.00       0.00       0.00       0.00       0.00       0.00       0.00       0.00       0.00       0.00       0.00       0.00       0.00       0.00       0.00       0.00       0.00       0.00       0.00       0.00       0.00       0.00       0.00       0.00       0.00       0.00       0.00       0.00       0.00       0.00       0.00       0.00       0.00       0.00       0.00       0.00       0.00       0.00       0.00       0.00       0.00       0.00       0.00       0.00       0.00       0.00       0.00       0.00       0.00       0.00       0.00       0.00       0.00       0.00       0.00       0.00       0.00       0.00       0.00       0.00       0.00       0.00       0.00       0.00       0.00       0.00       0.00       0.00       0.00       0.00       0.00       0.00       0.00       0.00       0.00       0.00       0.00       0.00       0.00       0.00       0.00       0.00       0.00       0.00       0.00       0.00       0.00       0.00       0.00       0.00       0.00       0.00       0.00       0.00       0.00       0.00       0.00       0.00       0.00       0.00       0.00       0.00       0.00       0.00       0.00       0.00       0.00       0.00       0.00       0.00       0.00       0.00       0.00       0.00       0.00       0.00       0.00     155.00       2.00       0.00       0.00       0.00       5.00       0.00       0.00
17시 07분 32초    3       0.00       0.00       0.00      61.00       0.00       0.00       0.00       0.00       0.00       0.00       0.00       0.00       0.00       0.00       0.00       0.00       0.00       0.00       0.00       0.00       0.00       0.00       0.00       0.00       0.00       0.00       0.00       0.00       0.00       0.00       0.00       0.00       0.00       0.00       0.00       0.00       0.00       0.00       0.00       0.00       0.00       0.00       0.00       0.00       0.00       0.00       0.00       0.00       0.00       0.00       0.00       0.00       0.00       0.00       0.00       0.00       0.00       0.00       0.00       0.00       0.00       0.00       0.00       0.00       0.00       0.00       0.00       0.00       0.00       0.00       0.00       0.00       0.00       0.00       0.00       0.00       0.00       0.00       0.00       0.00       0.00       0.00       0.00       0.00       0.00       0.00       0.00       0.00       0.00       0.00       0.00       0.00       0.00       0.00       0.00       0.00       0.00       0.00       0.00       0.00       0.00       0.00       0.00       0.00       0.00       0.00       0.00       0.00       0.00       0.00       0.00       0.00       0.00       0.00       0.00       0.00       0.00       0.00       0.00       0.00       0.00       0.00       0.00       0.00       0.00       0.00       0.00       0.00       0.00       0.00       0.00       0.00       0.00       0.00       0.00       0.00       8.00       0.00       0.00       0.00       0.00       1.00       0.00       0.00
17시 07분 32초    4       0.00       0.00       0.00      31.00       0.00       0.00       0.00       0.00       0.00       0.00       0.00       0.00       0.00       0.00       0.00       0.00       0.00       0.00       0.00       0.00       0.00       0.00       0.00       0.00       0.00       0.00       0.00       0.00       0.00       0.00       0.00       0.00       0.00       0.00       0.00       0.00       0.00       0.00       0.00       0.00       0.00       0.00       0.00       0.00       0.00       0.00       0.00       0.00       0.00       0.00       0.00       0.00       0.00       0.00       0.00       0.00       0.00       0.00       0.00       0.00       0.00       0.00       0.00       0.00       0.00       0.00       0.00       0.00       0.00       0.00       0.00       0.00       0.00       0.00       0.00       0.00       0.00       0.00       0.00       0.00       0.00       0.00       0.00       0.00       0.00       0.00       0.00       0.00       0.00       0.00       0.00       0.00       0.00       0.00       0.00       0.00       0.00       0.00       0.00       0.00       0.00       0.00       0.00       0.00       0.00       0.00       0.00       0.00       0.00       0.00       0.00       0.00       0.00       0.00       0.00       0.00       0.00       0.00       0.00       0.00       0.00       0.00       0.00       0.00       0.00       0.00       0.00       0.00       0.00       0.00       0.00       0.00       0.00       0.00       0.00       0.00      19.00       0.00       0.00       0.00       0.00       1.00       0.00       0.00
17시 07분 32초    5       0.00       0.00       0.00      59.00       0.00       0.00       0.00       0.00       0.00       0.00       0.00       0.00       0.00       0.00       0.00       0.00       0.00       0.00       0.00       0.00       0.00       0.00       0.00       0.00       0.00       0.00       0.00       0.00       0.00       0.00       0.00       0.00       0.00       0.00       0.00       0.00       0.00       0.00       0.00       0.00       0.00       0.00       0.00       0.00       0.00       0.00       0.00       0.00       0.00       0.00       0.00       0.00       0.00       0.00       0.00       0.00       0.00       0.00       0.00       0.00       0.00       0.00       0.00       0.00       0.00       0.00       0.00       0.00       0.00       0.00       0.00       0.00       0.00       0.00       0.00       0.00       0.00       0.00       0.00       0.00       0.00       0.00       0.00       0.00       0.00       0.00       0.00       0.00       0.00       0.00       0.00       0.00       0.00       0.00       0.00       0.00       0.00       0.00       0.00       0.00       0.00       0.00       0.00       0.00       0.00       0.00       0.00       0.00       0.00       0.00       0.00       0.00       0.00       0.00       0.00       0.00       0.00       0.00       0.00       0.00       0.00       0.00       0.00       0.00       0.00       0.00       0.00       0.00       0.00       0.00       0.00       0.00       0.00       0.00       0.00       0.00      73.00       0.00       0.00       0.00       0.00       3.00       0.00       0.00

17시 07분 31초  CPU       HI/s    TIMER/s   NET_TX/s   NET_RX/s    BLOCK/s IRQ_POLL/s  TASKLET/s    SCHED/s  HRTIMER/s      RCU/s
17시 07분 32초    0       0.00      24.00       6.00      96.00       2.00       0.00       0.00      47.00       0.00      28.00
17시 07분 32초    1       0.00      25.00       0.00       0.00       0.00       0.00       0.00      32.00       0.00      20.00
17시 07분 32초    2       0.00      22.00       0.00       0.00       0.00       0.00       0.00      56.00       0.00      20.00
17시 07분 32초    3       0.00      19.00       0.00       0.00       0.00       0.00       0.00      27.00       0.00      28.00
17시 07분 32초    4       0.00      12.00       0.00       0.00       0.00       0.00       0.00      17.00       0.00      15.00
17시 07분 32초    5       0.00       4.00       0.00       0.00       0.00       0.00       0.00      20.00       0.00      29.00

17시 07분 32초  CPU    %usr   %nice    %sys %iowait    %irq   %soft  %steal  %guest  %gnice   %idle
17시 07분 33초  all    0.67    0.00    1.51    0.00    0.00    0.00    0.00    0.00    0.00   97.83
17시 07분 33초    0    1.01    0.00    2.02    0.00    0.00    0.00    0.00    0.00    0.00   96.97
17시 07분 33초    1    1.00    0.00    2.00    0.00    0.00    0.00    0.00    0.00    0.00   97.00
17시 07분 33초    2    0.00    0.00    1.00    0.00    0.00    0.00    0.00    0.00    0.00   99.00
17시 07분 33초    3    1.00    0.00    2.00    0.00    0.00    0.00    0.00    0.00    0.00   97.00
17시 07분 33초    4    0.99    0.00    0.00    0.00    0.00    0.00    0.00    0.00    0.00   99.01
17시 07분 33초    5    0.00    0.00    2.04    0.00    0.00    0.00    0.00    0.00    0.00   97.96

17시 07분 32초  CPU    intr/s
17시 07분 33초  all    517.00
17시 07분 33초    0    250.00
17시 07분 33초    1     89.00
17시 07분 33초    2     56.00
17시 07분 33초    3     64.00
17시 07분 33초    4     44.00
17시 07분 33초    5     34.00

17시 07분 32초  CPU        9/s       11/s       12/s       13/s       18/s       20/s       21/s       22/s       23/s       24/s       25/s       26/s       27/s       28/s       29/s       30/s       31/s       32/s       33/s       34/s       35/s       36/s       37/s       38/s       39/s       40/s       41/s       42/s       43/s       44/s       45/s       46/s       47/s       48/s       49/s       50/s       51/s       52/s       53/s       54/s       55/s       57/s       59/s       61/s       65/s       66/s       67/s       68/s       69/s       70/s       71/s       72/s       73/s       74/s       75/s       76/s       77/s       79/s       80/s       81/s       82/s       83/s       84/s       85/s       86/s       87/s       88/s       89/s       90/s       91/s       92/s       93/s       94/s       95/s       96/s       97/s       98/s      112/s      113/s      114/s      115/s      116/s      117/s      118/s      119/s      120/s      121/s      122/s      123/s      124/s      125/s      126/s      127/s      128/s      129/s      130/s      131/s      132/s      133/s      134/s      135/s      136/s      137/s      138/s      150/s      154/s      162/s      167/s      171/s      224/s      228/s      229/s      230/s      231/s      232/s      233/s      234/s      235/s      236/s      237/s      245/s      246/s      247/s      249/s      250/s      252/s      253/s      262/s      263/s      294/s      296/s      297/s      298/s      299/s      301/s      302/s     IPI0/s     IPI1/s     IPI2/s     IPI3/s     IPI4/s     IPI5/s     IPI6/s      Err/s
17시 07분 33초    0       0.00       0.00       0.00      76.00       0.00       0.00       0.00       0.00       0.00       0.00       0.00       0.00       0.00       0.00       0.00       0.00       0.00       0.00       0.00       0.00       0.00       0.00       0.00       0.00       0.00       0.00       0.00       0.00       0.00       0.00       0.00       0.00       0.00       0.00       0.00       0.00       0.00       0.00       0.00       0.00       0.00       0.00       0.00       0.00       0.00       0.00       0.00       0.00       0.00       0.00       0.00       0.00       0.00       0.00       0.00       0.00       0.00       0.00       0.00       0.00       0.00       0.00       0.00       0.00       0.00       0.00       0.00       0.00       0.00       0.00       0.00       0.00       0.00       0.00       0.00       0.00       0.00       2.00       0.00       0.00       0.00       0.00       0.00       0.00       0.00       0.00       0.00       0.00       0.00       0.00       0.00       0.00       0.00       0.00       0.00       0.00       0.00       0.00       0.00       0.00       0.00       0.00       0.00       0.00       0.00      10.00       0.00       0.00       0.00       0.00       0.00       0.00       0.00       0.00       0.00       0.00       0.00       0.00       0.00       0.00       0.00       0.00       0.00       0.00       0.00       0.00       0.00       0.00       0.00       0.00       0.00       0.00       0.00       0.00     153.00       0.00      20.00       1.00       0.00       0.00       0.00       1.00       0.00       0.00
17시 07분 33초    1       0.00       0.00       0.00      52.00       0.00       0.00       0.00       0.00       0.00       0.00       0.00       0.00       0.00       0.00       0.00       0.00       0.00       0.00       0.00       0.00       0.00       0.00       0.00       0.00       0.00       0.00       0.00       0.00       0.00       0.00       0.00       0.00       0.00       0.00       0.00       0.00       0.00       0.00       0.00       0.00       0.00       0.00       0.00       0.00       0.00       0.00       0.00       0.00       0.00       0.00       0.00       0.00       0.00       0.00       0.00       0.00       0.00       0.00       0.00       0.00       0.00       0.00       0.00       0.00       0.00       0.00       0.00       0.00       0.00       0.00       0.00       0.00       0.00       0.00       0.00       0.00       0.00       0.00       0.00       0.00       0.00       0.00       0.00       0.00       0.00       0.00       0.00       0.00       0.00       0.00       0.00       0.00       0.00       0.00       0.00       0.00       0.00       0.00       0.00       0.00       0.00       0.00       0.00       0.00       0.00       0.00       0.00       0.00       0.00       0.00       0.00       0.00       0.00       0.00       0.00       0.00       0.00       0.00       0.00       0.00       0.00       0.00       0.00       0.00       0.00       0.00       0.00       0.00       0.00       0.00       0.00       0.00       0.00       0.00       0.00       0.00       7.00       4.00       0.00       0.00       0.00       0.00       0.00       0.00
17시 07분 33초    2       0.00       0.00       0.00      40.00       0.00       0.00       0.00       0.00       0.00       0.00       0.00       0.00       0.00       0.00       0.00       0.00       0.00       0.00       0.00       0.00       0.00       0.00       0.00       0.00       0.00       0.00       0.00       0.00       0.00       0.00       0.00       0.00       0.00       0.00       0.00       0.00       0.00       0.00       0.00       0.00       0.00       0.00       0.00       0.00       0.00       0.00       0.00       0.00       0.00       0.00       0.00       0.00       0.00       0.00       0.00       0.00       0.00       0.00       0.00       0.00       0.00       0.00       0.00       0.00       0.00       0.00       0.00       0.00       0.00       0.00       0.00       0.00       0.00       0.00       0.00       0.00       0.00       0.00       0.00       0.00       0.00       0.00       0.00       0.00       0.00       0.00       0.00       0.00       0.00       0.00       0.00       0.00       0.00       0.00       0.00       0.00       0.00       0.00       0.00       0.00       0.00       0.00       0.00       0.00       0.00       0.00       0.00       0.00       0.00       0.00       0.00       0.00       0.00       0.00       0.00       0.00       0.00       0.00       0.00       0.00       0.00       0.00       0.00       0.00       0.00       0.00       0.00       0.00       0.00       0.00       0.00       0.00       0.00       0.00       0.00       0.00       7.00       1.00       0.00       0.00       0.00       1.00       0.00       0.00
17시 07분 33초    3       0.00       0.00       0.00      53.00       0.00       0.00       0.00       0.00       0.00       0.00       0.00       0.00       0.00       0.00       0.00       0.00       0.00       0.00       0.00       0.00       0.00       0.00       0.00       0.00       0.00       0.00       0.00       0.00       0.00       0.00       0.00       0.00       0.00       0.00       0.00       0.00       0.00       0.00       0.00       0.00       0.00       0.00       0.00       0.00       0.00       0.00       0.00       0.00       0.00       0.00       0.00       0.00       0.00       0.00       0.00       0.00       0.00       0.00       0.00       0.00       0.00       0.00       0.00       0.00       0.00       0.00       0.00       0.00       0.00       0.00       0.00       0.00       0.00       0.00       0.00       0.00       0.00       0.00       0.00       0.00       0.00       0.00       0.00       0.00       0.00       0.00       0.00       0.00       0.00       0.00       0.00       0.00       0.00       0.00       0.00       0.00       0.00       0.00       0.00       0.00       0.00       0.00       0.00       0.00       0.00       0.00       0.00       0.00       0.00       0.00       0.00       0.00       0.00       0.00       0.00       0.00       0.00       0.00       0.00       0.00       0.00       0.00       0.00       0.00       0.00       0.00       0.00       0.00       0.00       0.00       0.00       0.00       0.00       0.00       0.00       0.00      11.00       0.00       0.00       0.00       0.00       0.00       0.00       0.00
17시 07분 33초    4       0.00       0.00       0.00      24.00       0.00       0.00       0.00       0.00       0.00       0.00       0.00       0.00       0.00       0.00       0.00       0.00       0.00       0.00       0.00       0.00       0.00       0.00       0.00       0.00       0.00       0.00       0.00       0.00       0.00       0.00       0.00       0.00       0.00       0.00       0.00       0.00       0.00       0.00       0.00       0.00       0.00       0.00       0.00       0.00       0.00       0.00       0.00       0.00       0.00       0.00       0.00       0.00       0.00       0.00       0.00       0.00       0.00       0.00       0.00       0.00       0.00       0.00       0.00       0.00       0.00       0.00       0.00       0.00       0.00       0.00       0.00       0.00       0.00       0.00       0.00       0.00       0.00       0.00       0.00       0.00       0.00       0.00       0.00       0.00       0.00       0.00       0.00       0.00       0.00       0.00       0.00       0.00       0.00       0.00       0.00       0.00       0.00       0.00       0.00       0.00       0.00       0.00       0.00       0.00       0.00       0.00       0.00       0.00       0.00       0.00       0.00       0.00       0.00       0.00       0.00       0.00       0.00       0.00       0.00       0.00       0.00       0.00       0.00       0.00       0.00       0.00       0.00       0.00       0.00       0.00       0.00       0.00       0.00       0.00       0.00       0.00       9.00       0.00       0.00       0.00       0.00       0.00       0.00       0.00
17시 07분 33초    5       0.00       0.00       0.00      32.00       0.00       0.00       0.00       0.00       0.00       0.00       0.00       0.00       0.00       0.00       0.00       0.00       0.00       0.00       0.00       0.00       0.00       0.00       0.00       0.00       0.00       0.00       0.00       0.00       0.00       0.00       0.00       0.00       0.00       0.00       0.00       0.00       0.00       0.00       0.00       0.00       0.00       0.00       0.00       0.00       0.00       0.00       0.00       0.00       0.00       0.00       0.00       0.00       0.00       0.00       0.00       0.00       0.00       0.00       0.00       0.00       0.00       0.00       0.00       0.00       0.00       0.00       0.00       0.00       0.00       0.00       0.00       0.00       0.00       0.00       0.00       0.00       0.00       0.00       0.00       0.00       0.00       0.00       0.00       0.00       0.00       0.00       0.00       0.00       0.00       0.00       0.00       0.00       0.00       0.00       0.00       0.00       0.00       0.00       0.00       0.00       0.00       0.00       0.00       0.00       0.00       0.00       0.00       0.00       0.00       0.00       0.00       0.00       0.00       0.00       0.00       0.00       0.00       0.00       0.00       0.00       0.00       0.00       0.00       0.00       0.00       0.00       0.00       0.00       0.00       0.00       0.00       0.00       0.00       0.00       0.00       0.00      13.00       0.00       0.00       0.00       0.00       0.00       0.00       0.00

17시 07분 32초  CPU       HI/s    TIMER/s   NET_TX/s   NET_RX/s    BLOCK/s IRQ_POLL/s  TASKLET/s    SCHED/s  HRTIMER/s      RCU/s
17시 07분 33초    0       0.00      31.00       7.00     142.00       0.00       0.00       0.00      39.00       0.00      31.00
17시 07분 33초    1       0.00      27.00       0.00       0.00       0.00       0.00       0.00      34.00       0.00      28.00
17시 07분 33초    2       0.00      16.00       0.00       0.00       0.00       0.00       0.00      20.00       0.00      20.00
17시 07분 33초    3       0.00      13.00       0.00       0.00       0.00       0.00       0.00      23.00       0.00      28.00
17시 07분 33초    4       0.00      13.00       0.00       0.00       0.00       0.00       0.00      17.00       0.00      14.00
17시 07분 33초    5       0.00       3.00       0.00       0.00       0.00       0.00       0.00      12.00       0.00      19.00

17시 07분 33초  CPU    %usr   %nice    %sys %iowait    %irq   %soft  %steal  %guest  %gnice   %idle
17시 07분 34초  all    0.33    0.00    1.83    0.00    0.00    0.17    0.00    0.00    0.00   97.67
17시 07분 34초    0    0.99    0.00    0.99    0.00    0.00    0.99    0.00    0.00    0.00   97.03
17시 07분 34초    1    0.00    0.00    2.02    0.00    0.00    0.00    0.00    0.00    0.00   97.98
17시 07분 34초    2    0.00    0.00    1.00    0.00    0.00    0.00    0.00    0.00    0.00   99.00
17시 07분 34초    3    1.00    0.00    3.00    0.00    0.00    0.00    0.00    0.00    0.00   96.00
17시 07분 34초    4    0.00    0.00    0.00    0.00    0.00    0.00    0.00    0.00    0.00  100.00
17시 07분 34초    5    0.00    0.00    3.96    0.00    0.00    0.00    0.00    0.00    0.00   96.04

17시 07분 33초  CPU    intr/s
17시 07분 34초  all    293.00
17시 07분 34초    0    107.00
17시 07분 34초    1     92.00
17시 07분 34초    2     28.00
17시 07분 34초    3     69.00
17시 07분 34초    4     36.00
17시 07분 34초    5     34.00

17시 07분 33초  CPU        9/s       11/s       12/s       13/s       18/s       20/s       21/s       22/s       23/s       24/s       25/s       26/s       27/s       28/s       29/s       30/s       31/s       32/s       33/s       34/s       35/s       36/s       37/s       38/s       39/s       40/s       41/s       42/s       43/s       44/s       45/s       46/s       47/s       48/s       49/s       50/s       51/s       52/s       53/s       54/s       55/s       57/s       59/s       61/s       65/s       66/s       67/s       68/s       69/s       70/s       71/s       72/s       73/s       74/s       75/s       76/s       77/s       79/s       80/s       81/s       82/s       83/s       84/s       85/s       86/s       87/s       88/s       89/s       90/s       91/s       92/s       93/s       94/s       95/s       96/s       97/s       98/s      112/s      113/s      114/s      115/s      116/s      117/s      118/s      119/s      120/s      121/s      122/s      123/s      124/s      125/s      126/s      127/s      128/s      129/s      130/s      131/s      132/s      133/s      134/s      135/s      136/s      137/s      138/s      150/s      154/s      162/s      167/s      171/s      224/s      228/s      229/s      230/s      231/s      232/s      233/s      234/s      235/s      236/s      237/s      245/s      246/s      247/s      249/s      250/s      252/s      253/s      262/s      263/s      294/s      296/s      297/s      298/s      299/s      301/s      302/s     IPI0/s     IPI1/s     IPI2/s     IPI3/s     IPI4/s     IPI5/s     IPI6/s      Err/s
17시 07분 34초    0       0.00       0.00       0.00      43.00       0.00       0.00       0.00       0.00       0.00       0.00       0.00       0.00       0.00       0.00       0.00       0.00       0.00       0.00       0.00       0.00       0.00       0.00       0.00       0.00       0.00       0.00       0.00       0.00       0.00       0.00       0.00       0.00       0.00       0.00       0.00       0.00       0.00       0.00       0.00       0.00       0.00       0.00       0.00       0.00       0.00       0.00       0.00       0.00       0.00       0.00       0.00       0.00       0.00       0.00       0.00       0.00       0.00       0.00       0.00       0.00       0.00       0.00       0.00       0.00       0.00       0.00       0.00       0.00       0.00       0.00       0.00       0.00       0.00       0.00       0.00       0.00       0.00       0.00       0.00       0.00       0.00       0.00       0.00       0.00       0.00       0.00       0.00       0.00       0.00       0.00       0.00       0.00       0.00       0.00       0.00       0.00       0.00       0.00       0.00       0.00       0.00       0.00       0.00       0.00       0.00       0.00       0.00       0.00       0.00       0.00       0.00       0.00       0.00       0.00       0.00       0.00       0.00       0.00       0.00       0.00       0.00       0.00       0.00       0.00       0.00       0.00       0.00       0.00       0.00       0.00       0.00       0.00       0.00       0.00      48.00       0.00       9.00       2.00       0.00       0.00       0.00       0.00       0.00       0.00
17시 07분 34초    1       0.00       0.00       0.00      51.00       0.00       0.00       0.00       0.00       0.00       0.00       0.00       0.00       0.00       0.00       0.00       0.00       0.00       0.00       0.00       0.00       0.00       0.00       0.00       0.00       0.00       0.00       0.00       0.00       0.00       0.00       0.00       0.00       0.00       0.00       0.00       0.00       0.00       0.00       0.00       0.00       0.00       0.00       0.00       0.00       0.00       0.00       0.00       0.00       0.00       0.00       0.00       0.00       0.00       0.00       0.00       0.00       0.00       0.00       0.00       0.00       0.00       0.00       0.00       0.00       0.00       0.00       0.00       0.00       0.00       0.00       0.00       0.00       0.00       0.00       0.00       0.00       0.00       0.00       0.00       0.00       0.00       0.00       0.00       0.00       0.00       0.00       0.00       0.00       0.00       0.00       0.00       0.00       0.00       0.00       0.00       0.00       0.00       0.00       0.00       0.00       0.00       0.00       0.00       0.00       0.00       0.00       0.00       0.00       0.00       0.00       0.00       0.00       0.00       0.00       0.00       0.00       0.00       0.00       0.00       0.00       0.00       0.00       0.00       0.00       0.00       0.00       0.00       0.00       0.00       0.00       0.00       0.00       0.00       0.00       0.00       0.00       2.00       3.00       0.00       0.00       0.00       0.00       0.00       0.00
17시 07분 34초    2       0.00       0.00       0.00      14.00       0.00       0.00       0.00       0.00       0.00       0.00       0.00       0.00       0.00       0.00       0.00       0.00       0.00       0.00       0.00       0.00       0.00       0.00       0.00       0.00       0.00       0.00       0.00       0.00       0.00       0.00       0.00       0.00       0.00       0.00       0.00       0.00       0.00       0.00       0.00       0.00       0.00       0.00       0.00       0.00       0.00       0.00       0.00       0.00       0.00       0.00       0.00       0.00       0.00       0.00       0.00       0.00       0.00       0.00       0.00       0.00       0.00       0.00       0.00       0.00       0.00       0.00       0.00       0.00       0.00       0.00       0.00       0.00       0.00       0.00       0.00       0.00       0.00       0.00       0.00       0.00       0.00       0.00       0.00       0.00       0.00       0.00       0.00       0.00       0.00       0.00       0.00       0.00       0.00       0.00       0.00       0.00       0.00       0.00       0.00       0.00       0.00       0.00       0.00       0.00       0.00       0.00       0.00       0.00       0.00       0.00       0.00       0.00       0.00       0.00       0.00       0.00       0.00       0.00       0.00       0.00       0.00       0.00       0.00       0.00       0.00       0.00       0.00       0.00       0.00       0.00       0.00       0.00       0.00       0.00       0.00       0.00       3.00       2.00       0.00       0.00       0.00       0.00       0.00       0.00
17시 07분 34초    3       0.00       0.00       0.00      56.00       0.00       0.00       0.00       0.00       0.00       0.00       0.00       0.00       0.00       0.00       0.00       0.00       0.00       0.00       0.00       0.00       0.00       0.00       0.00       0.00       0.00       0.00       0.00       0.00       0.00       0.00       0.00       0.00       0.00       0.00       0.00       0.00       0.00       0.00       0.00       0.00       0.00       0.00       0.00       0.00       0.00       0.00       0.00       0.00       0.00       0.00       0.00       0.00       0.00       0.00       0.00       0.00       0.00       0.00       0.00       0.00       0.00       0.00       0.00       0.00       0.00       0.00       0.00       0.00       0.00       0.00       0.00       0.00       0.00       0.00       0.00       0.00       0.00       0.00       0.00       0.00       0.00       0.00       0.00       0.00       0.00       0.00       0.00       0.00       0.00       0.00       0.00       0.00       0.00       0.00       0.00       0.00       0.00       0.00       0.00       0.00       0.00       0.00       0.00       0.00       0.00       0.00       0.00       0.00       0.00       0.00       0.00       0.00       0.00       0.00       0.00       0.00       0.00       0.00       0.00       0.00       0.00       0.00       0.00       0.00       0.00       0.00       0.00       0.00       0.00       0.00       0.00       0.00       0.00       0.00       0.00       0.00       9.00       0.00       0.00       0.00       0.00       0.00       0.00       0.00
17시 07분 34초    4       0.00       0.00       0.00      17.00       0.00       0.00       0.00       0.00       0.00       0.00       0.00       0.00       0.00       0.00       0.00       0.00       0.00       0.00       0.00       0.00       0.00       0.00       0.00       0.00       0.00       0.00       0.00       0.00       0.00       0.00       0.00       0.00       0.00       0.00       0.00       0.00       0.00       0.00       0.00       0.00       0.00       0.00       0.00       0.00       0.00       0.00       0.00       0.00       0.00       0.00       0.00       0.00       0.00       0.00       0.00       0.00       0.00       0.00       0.00       0.00       0.00       0.00       0.00       0.00       0.00       0.00       0.00       0.00       0.00       0.00       0.00       0.00       0.00       0.00       0.00       0.00       0.00       0.00       0.00       0.00       0.00       0.00       0.00       0.00       0.00       0.00       0.00       0.00       0.00       0.00       0.00       0.00       0.00       0.00       0.00       0.00       0.00       0.00       0.00       0.00       0.00       0.00       0.00       0.00       0.00       0.00       0.00       0.00       0.00       0.00       0.00       0.00       0.00       0.00       0.00       0.00       0.00       0.00       0.00       0.00       0.00       0.00       0.00       0.00       0.00       0.00       0.00       0.00       0.00       0.00       0.00       0.00       0.00       0.00       0.00       0.00       3.00       0.00       0.00       0.00       0.00       0.00       0.00       0.00
17시 07분 34초    5       0.00       0.00       0.00      30.00       0.00       0.00       0.00       0.00       0.00       0.00       0.00       0.00       0.00       0.00       0.00       0.00       0.00       0.00       0.00       0.00       0.00       0.00       0.00       0.00       0.00       0.00       0.00       0.00       0.00       0.00       0.00       0.00       0.00       0.00       0.00       0.00       0.00       0.00       0.00       0.00       0.00       0.00       0.00       0.00       0.00       0.00       0.00       0.00       0.00       0.00       0.00       0.00       0.00       0.00       0.00       0.00       0.00       0.00       0.00       0.00       0.00       0.00       0.00       0.00       0.00       0.00       0.00       0.00       0.00       0.00       0.00       0.00       0.00       0.00       0.00       0.00       0.00       0.00       0.00       0.00       0.00       0.00       0.00       0.00       0.00       0.00       0.00       0.00       0.00       0.00       0.00       0.00       0.00       0.00       0.00       0.00       0.00       0.00       0.00       0.00       0.00       0.00       0.00       0.00       0.00       0.00       0.00       0.00       0.00       0.00       0.00       0.00       0.00       0.00       0.00       0.00       0.00       0.00       0.00       0.00       0.00       0.00       0.00       0.00       0.00       0.00       0.00       0.00       0.00       0.00       0.00       0.00       0.00       0.00       0.00       0.00       1.00       0.00       0.00       0.00       0.00       0.00       0.00       0.00

17시 07분 33초  CPU       HI/s    TIMER/s   NET_TX/s   NET_RX/s    BLOCK/s IRQ_POLL/s  TASKLET/s    SCHED/s  HRTIMER/s      RCU/s
17시 07분 34초    0       0.00      18.00       1.00      44.00       0.00       0.00       0.00      21.00       0.00      23.00
17시 07분 34초    1       0.00      34.00       0.00       0.00       0.00       0.00       0.00      37.00       0.00      21.00
17시 07분 34초    2       0.00       8.00       0.00       0.00       0.00       0.00       0.00      10.00       0.00      10.00
17시 07분 34초    3       0.00      20.00       0.00       0.00       0.00       0.00       0.00      24.00       0.00      25.00
17시 07분 34초    4       0.00      13.00       0.00       0.00       0.00       0.00       0.00      13.00       0.00      10.00
17시 07분 34초    5       0.00       3.00       0.00       0.00       0.00       0.00       0.00      12.00       0.00      19.00

17시 07분 34초  CPU    %usr   %nice    %sys %iowait    %irq   %soft  %steal  %guest  %gnice   %idle
17시 07분 35초  all    0.33    0.00    4.18    0.50    0.17    0.00    0.00    0.00    0.00   94.82
17시 07분 35초    0    0.00    0.00    2.02    0.00    1.01    0.00    0.00    0.00    0.00   96.97
17시 07분 35초    1    0.00    0.00    2.97    0.00    0.00    0.00    0.00    0.00    0.00   97.03
17시 07분 35초    2    0.00    0.00    1.00    1.00    0.00    0.00    0.00    0.00    0.00   98.00
17시 07분 35초    3    0.00    0.00    3.03    0.00    0.00    0.00    0.00    0.00    0.00   96.97
17시 07분 35초    4    0.00    0.00    0.00    0.00    0.00    0.00    0.00    0.00    0.00  100.00
17시 07분 35초    5    2.02    0.00   16.16    2.02    0.00    0.00    0.00    0.00    0.00   79.80

17시 07분 34초  CPU    intr/s
17시 07분 35초  all   1126.00
17시 07분 35초    0    334.00
17시 07분 35초    1     83.00
17시 07분 35초    2     51.00
17시 07분 35초    3    104.00
17시 07분 35초    4     56.00
17시 07분 35초    5    106.00

17시 07분 34초  CPU        9/s       11/s       12/s       13/s       18/s       20/s       21/s       22/s       23/s       24/s       25/s       26/s       27/s       28/s       29/s       30/s       31/s       32/s       33/s       34/s       35/s       36/s       37/s       38/s       39/s       40/s       41/s       42/s       43/s       44/s       45/s       46/s       47/s       48/s       49/s       50/s       51/s       52/s       53/s       54/s       55/s       57/s       59/s       61/s       65/s       66/s       67/s       68/s       69/s       70/s       71/s       72/s       73/s       74/s       75/s       76/s       77/s       79/s       80/s       81/s       82/s       83/s       84/s       85/s       86/s       87/s       88/s       89/s       90/s       91/s       92/s       93/s       94/s       95/s       96/s       97/s       98/s      112/s      113/s      114/s      115/s      116/s      117/s      118/s      119/s      120/s      121/s      122/s      123/s      124/s      125/s      126/s      127/s      128/s      129/s      130/s      131/s      132/s      133/s      134/s      135/s      136/s      137/s      138/s      150/s      154/s      162/s      167/s      171/s      224/s      228/s      229/s      230/s      231/s      232/s      233/s      234/s      235/s      236/s      237/s      245/s      246/s      247/s      249/s      250/s      252/s      253/s      262/s      263/s      294/s      296/s      297/s      298/s      299/s      301/s      302/s     IPI0/s     IPI1/s     IPI2/s     IPI3/s     IPI4/s     IPI5/s     IPI6/s      Err/s
17시 07분 35초    0       0.00       0.00       0.00     105.00       0.00       0.00       0.00       0.00       0.00       0.00       0.00       0.00       0.00       0.00       0.00       0.00       0.00       0.00       0.00       0.00       0.00       0.00       0.00       0.00       0.00       0.00       0.00       0.00       0.00       0.00       0.00       0.00       0.00       0.00       0.00       0.00       0.00       0.00       0.00       0.00       0.00       0.00       0.00       0.00       0.00       0.00     137.00       0.00       0.00       0.00       0.00       0.00       0.00       0.00       0.00       0.00       0.00       0.00       0.00       0.00       0.00       0.00       0.00       0.00       0.00       0.00       0.00       0.00       0.00       0.00       0.00       0.00       0.00       0.00       0.00       0.00       0.00       0.00       0.00       0.00       0.00       0.00       0.00       0.00       0.00       0.00       0.00       0.00       0.00       0.00       0.00       0.00       0.00       0.00       0.00       0.00       0.00       0.00       0.00       0.00       0.00       0.00       0.00       0.00       0.00      45.00       0.00       0.00       0.00       0.00       0.00       0.00       0.00       0.00       0.00       0.00       0.00       0.00       0.00       0.00       0.00       0.00       0.00       0.00       0.00       0.00       0.00       0.00       0.00       0.00       0.00       0.00       0.00       0.00     235.00       0.00       9.00       9.00       0.00       0.00       0.00       0.00       0.00       0.00
17시 07분 35초    1       0.00       0.00       0.00      52.00       0.00       0.00       0.00       0.00       0.00       0.00       0.00       0.00       0.00       0.00       0.00       0.00       0.00       0.00       0.00       0.00       0.00       0.00       0.00       0.00       0.00       0.00       0.00       0.00       0.00       0.00       0.00       0.00       0.00       0.00       0.00       0.00       0.00       0.00       0.00       0.00       0.00       0.00       0.00       0.00       0.00       0.00       0.00       0.00       0.00       0.00       0.00       0.00       0.00       0.00       0.00       0.00       0.00       0.00       0.00       0.00       0.00       0.00       0.00       0.00       0.00       0.00       0.00       0.00       0.00       0.00       0.00       0.00       0.00       0.00       0.00       0.00       0.00       0.00       0.00       0.00       0.00       0.00       0.00       0.00       0.00       0.00       0.00       0.00       0.00       0.00       0.00       0.00       0.00       0.00       0.00       0.00       0.00       0.00       0.00       0.00       0.00       0.00       0.00       0.00       0.00       0.00       0.00       0.00       0.00       0.00       0.00       0.00       0.00       0.00       0.00       0.00       0.00       0.00       0.00       0.00       0.00       0.00       0.00       0.00       0.00       0.00       0.00       0.00       0.00       0.00       0.00       0.00       0.00       0.00       0.00       0.00      12.00       2.00       0.00       0.00       0.00       0.00       0.00       0.00
17시 07분 35초    2       0.00       0.00       0.00      24.00       0.00       0.00       0.00       0.00       0.00       0.00       0.00       0.00       0.00       0.00       0.00       0.00       0.00       0.00       0.00       0.00       0.00       0.00       0.00       0.00       0.00       0.00       0.00       0.00       0.00       0.00       0.00       0.00       0.00       0.00       0.00       0.00       0.00       0.00       0.00       0.00       0.00       0.00       0.00       0.00       0.00       0.00       0.00       0.00       0.00       0.00       0.00       0.00       0.00       0.00       0.00       0.00       0.00       0.00       0.00       0.00       0.00       0.00       0.00       0.00       0.00       0.00       0.00       0.00       0.00       0.00       0.00       0.00       0.00       0.00       0.00       0.00       0.00       0.00       0.00       0.00       0.00       0.00       0.00       0.00       0.00       0.00       0.00       0.00       0.00       0.00       0.00       0.00       0.00       0.00       0.00       0.00       0.00       0.00       0.00       0.00       0.00       0.00       0.00       0.00       0.00       0.00       0.00       0.00       0.00       0.00       0.00       0.00       0.00       0.00       0.00       0.00       0.00       0.00       0.00       0.00       0.00       0.00       0.00       0.00       0.00       0.00       0.00       0.00       0.00       0.00       0.00       0.00       0.00       0.00       0.00       0.00       7.00       2.00       0.00       0.00       0.00       0.00       0.00       0.00
17시 07분 35초    3       0.00       0.00       0.00      85.00       0.00       0.00       0.00       0.00       0.00       0.00       0.00       0.00       0.00       0.00       0.00       0.00       0.00       0.00       0.00       0.00       0.00       0.00       0.00       0.00       0.00       0.00       0.00       0.00       0.00       0.00       0.00       0.00       0.00       0.00       0.00       0.00       0.00       0.00       0.00       0.00       0.00       0.00       0.00       0.00       0.00       0.00       0.00       0.00       0.00       0.00       0.00       0.00       0.00       0.00       0.00       0.00       0.00       0.00       0.00       0.00       0.00       0.00       0.00       0.00       0.00       0.00       0.00       0.00       0.00       0.00       0.00       0.00       0.00       0.00       0.00       0.00       0.00       0.00       0.00       0.00       0.00       0.00       0.00       0.00       0.00       0.00       0.00       0.00       0.00       0.00       0.00       0.00       0.00       0.00       0.00       0.00       0.00       0.00       0.00       0.00       0.00       0.00       0.00       0.00       0.00       0.00       0.00       0.00       0.00       0.00       0.00       0.00       0.00       0.00       0.00       0.00       0.00       0.00       0.00       0.00       0.00       0.00       0.00       0.00       0.00       0.00       0.00       0.00       0.00       0.00       0.00       0.00       0.00       0.00       0.00       0.00      25.00       1.00       0.00       0.00       0.00       0.00       0.00       0.00
17시 07분 35초    4       0.00       0.00       0.00      51.00       0.00       0.00       0.00       0.00       0.00       0.00       0.00       0.00       0.00       0.00       0.00       0.00       0.00       0.00       0.00       0.00       0.00       0.00       0.00       0.00       0.00       0.00       0.00       0.00       0.00       0.00       0.00       0.00       0.00       0.00       0.00       0.00       0.00       0.00       0.00       0.00       0.00       0.00       0.00       0.00       0.00       0.00       0.00       0.00       0.00       0.00       0.00       0.00       0.00       0.00       0.00       0.00       0.00       0.00       0.00       0.00       0.00       0.00       0.00       0.00       0.00       0.00       0.00       0.00       0.00       0.00       0.00       0.00       0.00       0.00       0.00       0.00       0.00       0.00       0.00       0.00       0.00       0.00       0.00       0.00       0.00       0.00       0.00       0.00       0.00       0.00       0.00       0.00       0.00       0.00       0.00       0.00       0.00       0.00       0.00       0.00       0.00       0.00       0.00       0.00       0.00       0.00       0.00       0.00       0.00       0.00       0.00       0.00       0.00       0.00       0.00       0.00       0.00       0.00       0.00       0.00       0.00       0.00       0.00       0.00       0.00       0.00       0.00       0.00       0.00       0.00       0.00       0.00       0.00       0.00       0.00       0.00      58.00       0.00       0.00       0.00       0.00       0.00       0.00       0.00
17시 07분 35초    5       0.00       0.00       0.00      97.00       0.00       0.00       0.00       0.00       0.00       0.00       0.00       0.00       0.00       0.00       0.00       0.00       0.00       0.00       0.00       0.00       0.00       0.00       0.00       0.00       0.00       0.00       0.00       0.00       0.00       0.00       0.00       0.00       0.00       0.00       0.00       0.00       0.00       0.00       0.00       0.00       0.00       0.00       0.00       0.00       0.00       0.00       0.00       0.00       0.00       0.00       0.00       0.00       0.00       0.00       0.00       0.00       0.00       0.00       0.00       0.00       0.00       0.00       0.00       0.00       0.00       0.00       0.00       0.00       0.00       0.00       0.00       0.00       0.00       0.00       0.00       0.00       0.00       0.00       0.00       0.00       0.00       0.00       0.00       0.00       0.00       0.00       0.00       0.00       0.00       0.00       0.00       0.00       0.00       0.00       0.00       0.00       0.00       0.00       0.00       0.00       0.00       0.00       0.00       0.00       0.00       0.00       0.00       0.00       0.00       0.00       0.00       0.00       0.00       0.00       0.00       0.00       0.00       0.00       0.00       0.00       0.00       0.00       0.00       0.00       0.00       0.00       0.00       0.00       0.00       0.00       0.00       0.00       0.00       0.00       0.00       0.00     152.00       0.00       0.00       0.00       0.00      18.00       0.00       0.00

17시 07분 34초  CPU       HI/s    TIMER/s   NET_TX/s   NET_RX/s    BLOCK/s IRQ_POLL/s  TASKLET/s    SCHED/s  HRTIMER/s      RCU/s
17시 07분 35초    0       0.00      19.00      10.00     218.00       3.00       0.00       2.00      49.00       0.00      33.00
17시 07분 35초    1       0.00      24.00       0.00       0.00       0.00       0.00       0.00      30.00       0.00      29.00
17시 07분 35초    2       0.00      15.00       0.00       0.00       0.00       0.00       0.00      19.00       0.00      17.00
17시 07분 35초    3       0.00      29.00       0.00       0.00       0.00       0.00       0.00      38.00       0.00      37.00
17시 07분 35초    4       0.00      13.00       0.00       0.00       0.00       0.00       0.00      26.00       0.00      17.00
17시 07분 35초    5       0.00      10.00       0.00       0.00       0.00       0.00       0.00      60.00       0.00      36.00

17시 07분 35초  CPU    %usr   %nice    %sys %iowait    %irq   %soft  %steal  %guest  %gnice   %idle
17시 07분 36초  all    0.50    0.00    1.34    0.00    0.17    0.00    0.00    0.00    0.00   98.00
17시 07분 36초    0    1.00    0.00    1.00    0.00    0.00    0.00    0.00    0.00    0.00   98.00
17시 07분 36초    1    1.01    0.00    1.01    0.00    0.00    0.00    0.00    0.00    0.00   97.98
17시 07분 36초    2    0.00    0.00    0.00    0.00    0.00    0.00    0.00    0.00    0.00  100.00
17시 07분 36초    3    0.99    0.00    1.98    0.00    0.99    0.00    0.00    0.00    0.00   96.04
17시 07분 36초    4    0.00    0.00    0.00    0.00    0.00    0.00    0.00    0.00    0.00  100.00
17시 07분 36초    5    0.00    0.00    3.96    0.00    0.00    0.00    0.00    0.00    0.00   96.04

17시 07분 35초  CPU    intr/s
17시 07분 36초  all    283.00
17시 07분 36초    0     47.00
17시 07분 36초    1     80.00
17시 07분 36초    2     69.00
17시 07분 36초    3     36.00
17시 07분 36초    4     68.00
17시 07분 36초    5     52.00

17시 07분 35초  CPU        9/s       11/s       12/s       13/s       18/s       20/s       21/s       22/s       23/s       24/s       25/s       26/s       27/s       28/s       29/s       30/s       31/s       32/s       33/s       34/s       35/s       36/s       37/s       38/s       39/s       40/s       41/s       42/s       43/s       44/s       45/s       46/s       47/s       48/s       49/s       50/s       51/s       52/s       53/s       54/s       55/s       57/s       59/s       61/s       65/s       66/s       67/s       68/s       69/s       70/s       71/s       72/s       73/s       74/s       75/s       76/s       77/s       79/s       80/s       81/s       82/s       83/s       84/s       85/s       86/s       87/s       88/s       89/s       90/s       91/s       92/s       93/s       94/s       95/s       96/s       97/s       98/s      112/s      113/s      114/s      115/s      116/s      117/s      118/s      119/s      120/s      121/s      122/s      123/s      124/s      125/s      126/s      127/s      128/s      129/s      130/s      131/s      132/s      133/s      134/s      135/s      136/s      137/s      138/s      150/s      154/s      162/s      167/s      171/s      224/s      228/s      229/s      230/s      231/s      232/s      233/s      234/s      235/s      236/s      237/s      245/s      246/s      247/s      249/s      250/s      252/s      253/s      262/s      263/s      294/s      296/s      297/s      298/s      299/s      301/s      302/s     IPI0/s     IPI1/s     IPI2/s     IPI3/s     IPI4/s     IPI5/s     IPI6/s      Err/s
17시 07분 36초    0       0.00       0.00       0.00      29.00       0.00       0.00       0.00       0.00       0.00       0.00       0.00       0.00       0.00       0.00       0.00       0.00       0.00       0.00       0.00       0.00       0.00       0.00       0.00       0.00       0.00       0.00       0.00       0.00       0.00       0.00       0.00       0.00       0.00       0.00       0.00       0.00       0.00       0.00       0.00       0.00       0.00       0.00       0.00       0.00       0.00       0.00       0.00       0.00       0.00       0.00       0.00       0.00       0.00       0.00       0.00       0.00       0.00       0.00       0.00       0.00       0.00       0.00       0.00       0.00       0.00       0.00       0.00       0.00       0.00       0.00       0.00       0.00       0.00       0.00       0.00       0.00       0.00       0.00       0.00       0.00       0.00       0.00       0.00       0.00       0.00       0.00       0.00       0.00       0.00       0.00       0.00       0.00       0.00       0.00       0.00       0.00       0.00       0.00       0.00       0.00       0.00       0.00       0.00       0.00       0.00       0.00       0.00       0.00       0.00       0.00       0.00       0.00       0.00       0.00       0.00       0.00       0.00       0.00       0.00       0.00       0.00       0.00       0.00       0.00       0.00       0.00       0.00       0.00       0.00       0.00       0.00       0.00       0.00       0.00      12.00       0.00       0.00       5.00       0.00       0.00       0.00       0.00       0.00       0.00
17시 07분 36초    1       0.00       0.00       0.00      50.00       0.00       0.00       0.00       0.00       0.00       0.00       0.00       0.00       0.00       0.00       0.00       0.00       0.00       0.00       0.00       0.00       0.00       0.00       0.00       0.00       0.00       0.00       0.00       0.00       0.00       0.00       0.00       0.00       0.00       0.00       0.00       0.00       0.00       0.00       0.00       0.00       0.00       0.00       0.00       0.00       0.00       0.00       0.00       0.00       0.00       0.00       0.00       0.00       0.00       0.00       0.00       0.00       0.00       0.00       0.00       0.00       0.00       0.00       0.00       0.00       0.00       0.00       0.00       0.00       0.00       0.00       0.00       0.00       0.00       0.00       0.00       0.00       0.00       0.00       0.00       0.00       0.00       0.00       0.00       0.00       0.00       0.00       0.00       0.00       0.00       0.00       0.00       0.00       0.00       0.00       0.00       0.00       0.00       0.00       0.00       0.00       0.00       0.00       0.00       0.00       0.00       0.00       0.00       0.00       0.00       0.00       0.00       0.00       0.00       0.00       0.00       0.00       0.00       0.00       0.00       0.00       0.00       0.00       0.00       0.00       0.00       0.00       0.00       0.00       0.00       0.00       0.00       0.00       0.00       0.00       0.00       0.00       2.00       2.00       0.00       0.00       0.00       0.00       0.00       0.00
17시 07분 36초    2       0.00       0.00       0.00      40.00       0.00       0.00       0.00       0.00       0.00       0.00       0.00       0.00       0.00       0.00       0.00       0.00       0.00       0.00       0.00       0.00       0.00       0.00       0.00       0.00       0.00       0.00       0.00       0.00       0.00       0.00       0.00       0.00       0.00       0.00       0.00       0.00       0.00       0.00       0.00       0.00       0.00       0.00       0.00       0.00       0.00       0.00       0.00       0.00       0.00       0.00       0.00       0.00       0.00       0.00       0.00       0.00       0.00       0.00       0.00       0.00       0.00       0.00       0.00       0.00       0.00       0.00       0.00       0.00       0.00       0.00       0.00       0.00       0.00       0.00       0.00       0.00       0.00       0.00       0.00       0.00       0.00       0.00       0.00       0.00       0.00       0.00       0.00       0.00       0.00       0.00       0.00       0.00       0.00       0.00       0.00       0.00       0.00       0.00       0.00       0.00       0.00       0.00       0.00       0.00       0.00       0.00       0.00       0.00       0.00       0.00       0.00       0.00       0.00       0.00       0.00       0.00       0.00       0.00       0.00       0.00       0.00       0.00       0.00       0.00       0.00       0.00       0.00       0.00       0.00       0.00       0.00       0.00       0.00       0.00       0.00       0.00      15.00       1.00       0.00       0.00       0.00       0.00       0.00       0.00
17시 07분 36초    3       0.00       0.00       0.00      35.00       0.00       0.00       0.00       0.00       0.00       0.00       0.00       0.00       0.00       0.00       0.00       0.00       0.00       0.00       0.00       0.00       0.00       0.00       0.00       0.00       0.00       0.00       0.00       0.00       0.00       0.00       0.00       0.00       0.00       0.00       0.00       0.00       0.00       0.00       0.00       0.00       0.00       0.00       0.00       0.00       0.00       0.00       0.00       0.00       0.00       0.00       0.00       0.00       0.00       0.00       0.00       0.00       0.00       0.00       0.00       0.00       0.00       0.00       0.00       0.00       0.00       0.00       0.00       0.00       0.00       0.00       0.00       0.00       0.00       0.00       0.00       0.00       0.00       0.00       0.00       0.00       0.00       0.00       0.00       0.00       0.00       0.00       0.00       0.00       0.00       0.00       0.00       0.00       0.00       0.00       0.00       0.00       0.00       0.00       0.00       0.00       0.00       0.00       0.00       0.00       0.00       0.00       0.00       0.00       0.00       0.00       0.00       0.00       0.00       0.00       0.00       0.00       0.00       0.00       0.00       0.00       0.00       0.00       0.00       0.00       0.00       0.00       0.00       0.00       0.00       0.00       0.00       0.00       0.00       0.00       0.00       0.00       3.00       0.00       0.00       0.00       0.00       0.00       0.00       0.00
17시 07분 36초    4       0.00       0.00       0.00      36.00       0.00       0.00       0.00       0.00       0.00       0.00       0.00       0.00       0.00       0.00       0.00       0.00       0.00       0.00       0.00       0.00       0.00       0.00       0.00       0.00       0.00       0.00       0.00       0.00       0.00       0.00       0.00       0.00       0.00       0.00       0.00       0.00       0.00       0.00       0.00       0.00       0.00       0.00       0.00       0.00       0.00       0.00       0.00       0.00       0.00       0.00       0.00       0.00       0.00       0.00       0.00       0.00       0.00       0.00       0.00       0.00       0.00       0.00       0.00       0.00       0.00       0.00       0.00       0.00       0.00       0.00       0.00       0.00       0.00       0.00       0.00       0.00       0.00       0.00       0.00       0.00       0.00       0.00       0.00       0.00       0.00       0.00       0.00       0.00       0.00       0.00       0.00       0.00       0.00       0.00       0.00       0.00       0.00       0.00       0.00       0.00       0.00       0.00       0.00       0.00       0.00       0.00       0.00       0.00       0.00       0.00       0.00       0.00       0.00       0.00       0.00       0.00       0.00       0.00       0.00       0.00       0.00       0.00       0.00       0.00       0.00       0.00       0.00       0.00       0.00       0.00       0.00       0.00       0.00       0.00       0.00       0.00       3.00       0.00       0.00       0.00       0.00       0.00       0.00       0.00
17시 07분 36초    5       0.00       0.00       0.00      47.00       0.00       0.00       0.00       0.00       0.00       0.00       0.00       0.00       0.00       0.00       0.00       0.00       0.00       0.00       0.00       0.00       0.00       0.00       0.00       0.00       0.00       0.00       0.00       0.00       0.00       0.00       0.00       0.00       0.00       0.00       0.00       0.00       0.00       0.00       0.00       0.00       0.00       0.00       0.00       0.00       0.00       0.00       0.00       0.00       0.00       0.00       0.00       0.00       0.00       0.00       0.00       0.00       0.00       0.00       0.00       0.00       0.00       0.00       0.00       0.00       0.00       0.00       0.00       0.00       0.00       0.00       0.00       0.00       0.00       0.00       0.00       0.00       0.00       0.00       0.00       0.00       0.00       0.00       0.00       0.00       0.00       0.00       0.00       0.00       0.00       0.00       0.00       0.00       0.00       0.00       0.00       0.00       0.00       0.00       0.00       0.00       0.00       0.00       0.00       0.00       0.00       0.00       0.00       0.00       0.00       0.00       0.00       0.00       0.00       0.00       0.00       0.00       0.00       0.00       0.00       0.00       0.00       0.00       0.00       0.00       0.00       0.00       0.00       0.00       0.00       0.00       0.00       0.00       0.00       0.00       0.00       0.00       3.00       0.00       0.00       0.00       0.00       0.00       0.00       0.00

17시 07분 35초  CPU       HI/s    TIMER/s   NET_TX/s   NET_RX/s    BLOCK/s IRQ_POLL/s  TASKLET/s    SCHED/s  HRTIMER/s      RCU/s
17시 07분 36초    0       0.00       5.00       0.00      11.00       0.00       0.00       0.00      15.00       0.00      16.00
17시 07분 36초    1       0.00      27.00       0.00       0.00       0.00       0.00       0.00      29.00       0.00      24.00
17시 07분 36초    2       0.00      25.00       0.00       0.00       0.00       0.00       0.00      23.00       0.00      21.00
17시 07분 36초    3       0.00       3.00       0.00       0.00       0.00       0.00       0.00      15.00       0.00      18.00
17시 07분 36초    4       0.00      28.00       0.00       0.00       0.00       0.00       0.00      26.00       0.00      14.00
17시 07분 36초    5       0.00      11.00       0.00       0.00       0.00       0.00       0.00      19.00       0.00      22.00

17시 07분 36초  CPU    %usr   %nice    %sys %iowait    %irq   %soft  %steal  %guest  %gnice   %idle
17시 07분 37초  all    0.67    0.00    1.83    0.00    0.00    0.00    0.00    0.00    0.00   97.50
17시 07분 37초    0    1.00    0.00    2.00    0.00    0.00    0.00    0.00    0.00    0.00   97.00
17시 07분 37초    1    0.00    0.00    2.02    0.00    0.00    0.00    0.00    0.00    0.00   97.98
17시 07분 37초    2    0.00    0.00    1.00    0.00    0.00    0.00    0.00    0.00    0.00   99.00
17시 07분 37초    3    1.00    0.00    3.00    0.00    0.00    0.00    0.00    0.00    0.00   96.00
17시 07분 37초    4    0.00    0.00    0.00    0.00    0.00    0.00    0.00    0.00    0.00  100.00
17시 07분 37초    5    1.98    0.00    2.97    0.00    0.00    0.00    0.00    0.00    0.00   95.05

17시 07분 36초  CPU    intr/s
17시 07분 37초  all    306.00
17시 07분 37초    0     59.00
17시 07분 37초    1     86.00
17시 07분 37초    2     44.00
17시 07분 37초    3     49.00
17시 07분 37초    4     48.00
17시 07분 37초    5     68.00

17시 07분 36초  CPU        9/s       11/s       12/s       13/s       18/s       20/s       21/s       22/s       23/s       24/s       25/s       26/s       27/s       28/s       29/s       30/s       31/s       32/s       33/s       34/s       35/s       36/s       37/s       38/s       39/s       40/s       41/s       42/s       43/s       44/s       45/s       46/s       47/s       48/s       49/s       50/s       51/s       52/s       53/s       54/s       55/s       57/s       59/s       61/s       65/s       66/s       67/s       68/s       69/s       70/s       71/s       72/s       73/s       74/s       75/s       76/s       77/s       79/s       80/s       81/s       82/s       83/s       84/s       85/s       86/s       87/s       88/s       89/s       90/s       91/s       92/s       93/s       94/s       95/s       96/s       97/s       98/s      112/s      113/s      114/s      115/s      116/s      117/s      118/s      119/s      120/s      121/s      122/s      123/s      124/s      125/s      126/s      127/s      128/s      129/s      130/s      131/s      132/s      133/s      134/s      135/s      136/s      137/s      138/s      150/s      154/s      162/s      167/s      171/s      224/s      228/s      229/s      230/s      231/s      232/s      233/s      234/s      235/s      236/s      237/s      245/s      246/s      247/s      249/s      250/s      252/s      253/s      262/s      263/s      294/s      296/s      297/s      298/s      299/s      301/s      302/s     IPI0/s     IPI1/s     IPI2/s     IPI3/s     IPI4/s     IPI5/s     IPI6/s      Err/s
17시 07분 37초    0       0.00       0.00       0.00      40.00       0.00       0.00       0.00       0.00       0.00       0.00       0.00       0.00       0.00       0.00       0.00       0.00       0.00       0.00       0.00       0.00       0.00       0.00       0.00       0.00       0.00       0.00       0.00       0.00       0.00       0.00       0.00       0.00       0.00       0.00       0.00       0.00       0.00       0.00       0.00       0.00       0.00       0.00       0.00       0.00       0.00       0.00       0.00       0.00       0.00       0.00       0.00       0.00       0.00       0.00       0.00       0.00       0.00       0.00       0.00       0.00       0.00       0.00       0.00       0.00       0.00       0.00       0.00       0.00       0.00       0.00       0.00       0.00       0.00       0.00       0.00       0.00       0.00       0.00       0.00       0.00       0.00       0.00       0.00       0.00       0.00       0.00       0.00       0.00       0.00       0.00       0.00       0.00       0.00       0.00       0.00       0.00       0.00       0.00       0.00       0.00       0.00       0.00       0.00       0.00       0.00      15.00       0.00       0.00       0.00       1.00       0.00       0.00       0.00       0.00       0.00       0.00       0.00       0.00       0.00       0.00       0.00       0.00       0.00       0.00       0.00       0.00       0.00       0.00       0.00       0.00       0.00       0.00       0.00       0.00      12.00       0.00       3.00       9.00       0.00       0.00       0.00       1.00       0.00       0.00
17시 07분 37초    1       0.00       0.00       0.00      56.00       0.00       0.00       0.00       0.00       0.00       0.00       0.00       0.00       0.00       0.00       0.00       0.00       0.00       0.00       0.00       0.00       0.00       0.00       0.00       0.00       0.00       0.00       0.00       0.00       0.00       0.00       0.00       0.00       0.00       0.00       0.00       0.00       0.00       0.00       0.00       0.00       0.00       0.00       0.00       0.00       0.00       0.00       0.00       0.00       0.00       0.00       0.00       0.00       0.00       0.00       0.00       0.00       0.00       0.00       0.00       0.00       0.00       0.00       0.00       0.00       0.00       0.00       0.00       0.00       0.00       0.00       0.00       0.00       0.00       0.00       0.00       0.00       0.00       0.00       0.00       0.00       0.00       0.00       0.00       0.00       0.00       0.00       0.00       0.00       0.00       0.00       0.00       0.00       0.00       0.00       0.00       0.00       0.00       0.00       0.00       0.00       0.00       0.00       0.00       0.00       0.00       0.00       0.00       0.00       0.00       0.00       0.00       0.00       0.00       0.00       0.00       0.00       0.00       0.00       0.00       0.00       0.00       0.00       0.00       0.00       0.00       0.00       0.00       0.00       0.00       0.00       0.00       0.00       0.00       0.00       0.00       0.00      11.00       2.00       0.00       0.00       0.00       0.00       0.00       0.00
17시 07분 37초    2       0.00       0.00       0.00      24.00       0.00       0.00       0.00       0.00       0.00       0.00       0.00       0.00       0.00       0.00       0.00       0.00       0.00       0.00       0.00       0.00       0.00       0.00       0.00       0.00       0.00       0.00       0.00       0.00       0.00       0.00       0.00       0.00       0.00       0.00       0.00       0.00       0.00       0.00       0.00       0.00       0.00       0.00       0.00       0.00       0.00       0.00       0.00       0.00       0.00       0.00       0.00       0.00       0.00       0.00       0.00       0.00       0.00       0.00       0.00       0.00       0.00       0.00       0.00       0.00       0.00       0.00       0.00       0.00       0.00       0.00       0.00       0.00       0.00       0.00       0.00       0.00       0.00       0.00       0.00       0.00       0.00       0.00       0.00       0.00       0.00       0.00       0.00       0.00       0.00       0.00       0.00       0.00       0.00       0.00       0.00       0.00       0.00       0.00       0.00       0.00       0.00       0.00       0.00       0.00       0.00       0.00       0.00       0.00       0.00       0.00       0.00       0.00       0.00       0.00       0.00       0.00       0.00       0.00       0.00       0.00       0.00       0.00       0.00       0.00       0.00       0.00       0.00       0.00       0.00       0.00       0.00       0.00       0.00       0.00       0.00       0.00       1.00       1.00       0.00       0.00       0.00       1.00       0.00       0.00
17시 07분 37초    3       0.00       0.00       0.00      41.00       0.00       0.00       0.00       0.00       0.00       0.00       0.00       0.00       0.00       0.00       0.00       0.00       0.00       0.00       0.00       0.00       0.00       0.00       0.00       0.00       0.00       0.00       0.00       0.00       0.00       0.00       0.00       0.00       0.00       0.00       0.00       0.00       0.00       0.00       0.00       0.00       0.00       0.00       0.00       0.00       0.00       0.00       0.00       0.00       0.00       0.00       0.00       0.00       0.00       0.00       0.00       0.00       0.00       0.00       0.00       0.00       0.00       0.00       0.00       0.00       0.00       0.00       0.00       0.00       0.00       0.00       0.00       0.00       0.00       0.00       0.00       0.00       0.00       0.00       0.00       0.00       0.00       0.00       0.00       0.00       0.00       0.00       0.00       0.00       0.00       0.00       0.00       0.00       0.00       0.00       0.00       0.00       0.00       0.00       0.00       0.00       0.00       0.00       0.00       0.00       0.00       0.00       0.00       0.00       0.00       0.00       0.00       0.00       0.00       0.00       0.00       0.00       0.00       0.00       0.00       0.00       0.00       0.00       0.00       0.00       0.00       0.00       0.00       0.00       0.00       0.00       0.00       0.00       0.00       0.00       0.00       0.00       9.00       0.00       0.00       0.00       0.00       0.00       0.00       0.00
17시 07분 37초    4       0.00       0.00       0.00      26.00       0.00       0.00       0.00       0.00       0.00       0.00       0.00       0.00       0.00       0.00       0.00       0.00       0.00       0.00       0.00       0.00       0.00       0.00       0.00       0.00       0.00       0.00       0.00       0.00       0.00       0.00       0.00       0.00       0.00       0.00       0.00       0.00       0.00       0.00       0.00       0.00       0.00       0.00       0.00       0.00       0.00       0.00       0.00       0.00       0.00       0.00       0.00       0.00       0.00       0.00       0.00       0.00       0.00       0.00       0.00       0.00       0.00       0.00       0.00       0.00       0.00       0.00       0.00       0.00       0.00       0.00       0.00       0.00       0.00       0.00       0.00       0.00       0.00       0.00       0.00       0.00       0.00       0.00       0.00       0.00       0.00       0.00       0.00       0.00       0.00       0.00       0.00       0.00       0.00       0.00       0.00       0.00       0.00       0.00       0.00       0.00       0.00       0.00       0.00       0.00       0.00       0.00       0.00       0.00       0.00       0.00       0.00       0.00       0.00       0.00       0.00       0.00       0.00       0.00       0.00       0.00       0.00       0.00       0.00       0.00       0.00       0.00       0.00       0.00       0.00       0.00       0.00       0.00       0.00       0.00       0.00       0.00       3.00       0.00       0.00       0.00       0.00       0.00       0.00       0.00
17시 07분 37초    5       0.00       0.00       0.00      47.00       0.00       0.00       0.00       0.00       0.00       0.00       0.00       0.00       0.00       0.00       0.00       0.00       0.00       0.00       0.00       0.00       0.00       0.00       0.00       0.00       0.00       0.00       0.00       0.00       0.00       0.00       0.00       0.00       0.00       0.00       0.00       0.00       0.00       0.00       0.00       0.00       0.00       0.00       0.00       0.00       0.00       0.00       0.00       0.00       0.00       0.00       0.00       0.00       0.00       0.00       0.00       0.00       0.00       0.00       0.00       0.00       0.00       0.00       0.00       0.00       0.00       0.00       0.00       0.00       0.00       0.00       0.00       0.00       0.00       0.00       0.00       0.00       0.00       0.00       0.00       0.00       0.00       0.00       0.00       0.00       0.00       0.00       0.00       0.00       0.00       0.00       0.00       0.00       0.00       0.00       0.00       0.00       0.00       0.00       0.00       0.00       0.00       0.00       0.00       0.00       0.00       0.00       0.00       0.00       0.00       0.00       0.00       0.00       0.00       0.00       0.00       0.00       0.00       0.00       0.00       0.00       0.00       0.00       0.00       0.00       0.00       0.00       0.00       0.00       0.00       0.00       0.00       0.00       0.00       0.00       0.00       0.00       3.00       0.00       0.00       0.00       0.00       0.00       0.00       0.00

17시 07분 36초  CPU       HI/s    TIMER/s   NET_TX/s   NET_RX/s    BLOCK/s IRQ_POLL/s  TASKLET/s    SCHED/s  HRTIMER/s      RCU/s
17시 07분 37초    0       0.00       5.00       1.00      11.00       0.00       0.00       0.00      23.00       0.00      19.00
17시 07분 37초    1       0.00      26.00       0.00       0.00       0.00       0.00       0.00      32.00       0.00      28.00
17시 07분 37초    2       0.00      17.00       0.00       0.00       0.00       0.00       0.00      13.00       0.00      14.00
17시 07분 37초    3       0.00      12.00       0.00       0.00       0.00       0.00       0.00      16.00       0.00      21.00
17시 07분 37초    4       0.00      17.00       0.00       0.00       0.00       0.00       0.00      19.00       0.00      12.00
17시 07분 37초    5       0.00      19.00       0.00       0.00       0.00       0.00       0.00      25.00       0.00      24.00

17시 07분 37초  CPU    %usr   %nice    %sys %iowait    %irq   %soft  %steal  %guest  %gnice   %idle
17시 07분 38초  all    3.15    0.00    2.32    0.00    0.17    0.17    0.00    0.00    0.00   94.20
17시 07분 38초    0    2.97    0.00    2.97    0.00    0.99    0.00    0.00    0.00    0.00   93.07
17시 07분 38초    1    2.97    0.00    2.97    0.00    0.00    0.00    0.00    0.00    0.00   94.06
17시 07분 38초    2    5.00    0.00    1.00    0.00    0.00    0.00    0.00    0.00    0.00   94.00
17시 07분 38초    3    3.00    0.00    4.00    0.00    0.00    1.00    0.00    0.00    0.00   92.00
17시 07분 38초    4    1.98    0.00    0.99    0.00    0.00    0.00    0.00    0.00    0.00   97.03
17시 07분 38초    5    3.00    0.00    2.00    0.00    0.00    0.00    0.00    0.00    0.00   95.00

17시 07분 37초  CPU    intr/s
17시 07분 38초  all   1694.00
17시 07분 38초    0    226.00
17시 07분 38초    1    221.00
17시 07분 38초    2     88.00
17시 07분 38초    3     80.00
17시 07분 38초    4    100.00
17시 07분 38초    5    108.00

17시 07분 37초  CPU        9/s       11/s       12/s       13/s       18/s       20/s       21/s       22/s       23/s       24/s       25/s       26/s       27/s       28/s       29/s       30/s       31/s       32/s       33/s       34/s       35/s       36/s       37/s       38/s       39/s       40/s       41/s       42/s       43/s       44/s       45/s       46/s       47/s       48/s       49/s       50/s       51/s       52/s       53/s       54/s       55/s       57/s       59/s       61/s       65/s       66/s       67/s       68/s       69/s       70/s       71/s       72/s       73/s       74/s       75/s       76/s       77/s       79/s       80/s       81/s       82/s       83/s       84/s       85/s       86/s       87/s       88/s       89/s       90/s       91/s       92/s       93/s       94/s       95/s       96/s       97/s       98/s      112/s      113/s      114/s      115/s      116/s      117/s      118/s      119/s      120/s      121/s      122/s      123/s      124/s      125/s      126/s      127/s      128/s      129/s      130/s      131/s      132/s      133/s      134/s      135/s      136/s      137/s      138/s      150/s      154/s      162/s      167/s      171/s      224/s      228/s      229/s      230/s      231/s      232/s      233/s      234/s      235/s      236/s      237/s      245/s      246/s      247/s      249/s      250/s      252/s      253/s      262/s      263/s      294/s      296/s      297/s      298/s      299/s      301/s      302/s     IPI0/s     IPI1/s     IPI2/s     IPI3/s     IPI4/s     IPI5/s     IPI6/s      Err/s
17시 07분 38초    0       0.00       0.00       0.00     174.00       0.00       0.00       0.00       0.00       0.00       0.00       0.00       0.00       0.00       0.00       0.00       0.00       0.00       0.00       0.00       0.00       0.00       0.00       0.00       0.00       0.00       0.00       0.00       0.00       0.00       0.00       0.00       0.00       0.00       0.00       0.00       0.00       0.00       0.00       0.00       0.00       0.00       0.00       0.00       0.00       0.00       0.00       0.00       0.00       0.00       0.00       0.00       0.00       0.00       0.00       0.00       0.00       0.00       0.00       0.00       0.00       0.00       0.00       0.00       0.00       0.00       0.00       0.00       0.00       0.00       0.00       0.00       0.00       0.00       0.00       0.00       0.00       0.00      66.00       0.00       0.00       0.00       0.00       0.00       0.00       0.00       0.00       0.00       0.00       0.00       0.00       0.00       0.00       0.00       0.00       0.00       0.00       0.00       0.00       0.00       0.00       0.00       0.00       0.00       0.00       0.00      31.00       0.00       0.00       0.00       0.00       0.00       0.00       0.00       0.00       0.00       0.00       0.00       0.00       0.00       0.00       0.00       0.00       0.00       0.00       0.00       0.00       0.00       0.00       0.00       0.00       0.00       0.00       0.00       0.00     132.00       0.00     129.00      12.00       0.00       0.00       0.00       3.00       0.00       0.00
17시 07분 38초    1       0.00       0.00       0.00     117.00       0.00       0.00       0.00       0.00       0.00       0.00       0.00       0.00       0.00       0.00       0.00       0.00       0.00       0.00       0.00       0.00       0.00       0.00       0.00       0.00       0.00       0.00       0.00       0.00       0.00       0.00       0.00       0.00       0.00       0.00       0.00       0.00       0.00       0.00       0.00       0.00       0.00       0.00       0.00       0.00       0.00       0.00       0.00       0.00       0.00       0.00       0.00       0.00       0.00       0.00       0.00       0.00       0.00       0.00       0.00       0.00       0.00       0.00       0.00       0.00       0.00       0.00       0.00       0.00       0.00       0.00       0.00       0.00       0.00       0.00       0.00       0.00       0.00       0.00       0.00       0.00       0.00       0.00       0.00       0.00       0.00       0.00       0.00       0.00       0.00       0.00       0.00       0.00       0.00       0.00       0.00       0.00       0.00       0.00       0.00       0.00       0.00       0.00       0.00       0.00       0.00       0.00       0.00       0.00       0.00       0.00       0.00       0.00       0.00       0.00       0.00       0.00       0.00       0.00       0.00       0.00       0.00       0.00       0.00       0.00       0.00       0.00       0.00       0.00       0.00       0.00       0.00       0.00       0.00       0.00       0.00       0.00      83.00       7.00       0.00       0.00       0.00       3.00       0.00       0.00
17시 07분 38초    2       0.00       0.00       0.00      73.00       0.00       0.00       0.00       0.00       0.00       0.00       0.00       0.00       0.00       0.00       0.00       0.00       0.00       0.00       0.00       0.00       0.00       0.00       0.00       0.00       0.00       0.00       0.00       0.00       0.00       0.00       0.00       0.00       0.00       0.00       0.00       0.00       0.00       0.00       0.00       0.00       0.00       0.00       0.00       0.00       0.00       0.00       0.00       0.00       0.00       0.00       0.00       0.00       0.00       0.00       0.00       0.00       0.00       0.00       0.00       0.00       0.00       0.00       0.00       0.00       0.00       0.00       0.00       0.00       0.00       0.00       0.00       0.00       0.00       0.00       0.00       0.00       0.00       0.00       0.00       0.00       0.00       0.00       0.00       0.00       0.00       0.00       0.00       0.00       0.00       0.00       0.00       0.00       0.00       0.00       0.00       0.00       0.00       0.00       0.00       0.00       0.00       0.00       0.00       0.00       0.00       0.00       0.00       0.00       0.00       0.00       0.00       0.00       0.00       0.00       0.00       0.00       0.00       0.00       0.00       0.00       0.00       0.00       0.00       0.00       0.00       0.00       0.00       0.00       0.00       0.00       0.00       0.00       0.00       0.00       0.00       0.00     125.00      13.00       0.00       0.00       0.00       1.00       0.00       0.00
17시 07분 38초    3       0.00       0.00       0.00      80.00       0.00       0.00       0.00       0.00       0.00       0.00       0.00       0.00       0.00       0.00       0.00       0.00       0.00       0.00       0.00       0.00       0.00       0.00       0.00       0.00       0.00       0.00       0.00       0.00       0.00       0.00       0.00       0.00       0.00       0.00       0.00       0.00       0.00       0.00       0.00       0.00       0.00       0.00       0.00       0.00       0.00       0.00       0.00       0.00       0.00       0.00       0.00       0.00       0.00       0.00       0.00       0.00       0.00       0.00       0.00       0.00       0.00       0.00       0.00       0.00       0.00       0.00       0.00       0.00       0.00       0.00       0.00       0.00       0.00       0.00       0.00       0.00       0.00       0.00       0.00       0.00       0.00       0.00       0.00       0.00       0.00       0.00       0.00       0.00       0.00       0.00       0.00       0.00       0.00       0.00       0.00       0.00       0.00       0.00       0.00       0.00       0.00       0.00       0.00       0.00       0.00       0.00       0.00       0.00       0.00       0.00       0.00       0.00       0.00       0.00       0.00       0.00       0.00       0.00       0.00       0.00       0.00       0.00       0.00       0.00       0.00       0.00       0.00       0.00       0.00       0.00       0.00       0.00       0.00       0.00       0.00       0.00     122.00      11.00       0.00       0.00       0.00       4.00       0.00       0.00
17시 07분 38초    4       0.00       0.00       0.00      88.00       0.00       0.00       0.00       0.00       0.00       0.00       0.00       0.00       0.00       0.00       0.00       0.00       0.00       0.00       0.00       0.00       0.00       0.00       0.00       0.00       0.00       0.00       0.00       0.00       0.00       0.00       0.00       0.00       0.00       0.00       0.00       0.00       0.00       0.00       0.00       0.00       0.00       0.00       0.00       0.00       0.00       0.00       0.00       0.00       0.00       0.00       0.00       0.00       0.00       0.00       0.00       0.00       0.00       0.00       0.00       0.00       0.00       0.00       0.00       0.00       0.00       0.00       0.00       0.00       0.00       0.00       0.00       0.00       0.00       0.00       0.00       0.00       0.00       0.00       0.00       0.00       0.00       0.00       0.00       0.00       0.00       0.00       0.00       0.00       0.00       0.00       0.00       0.00       0.00       0.00       0.00       0.00       0.00       0.00       0.00       0.00       0.00       0.00       0.00       0.00       0.00       0.00       0.00       0.00       0.00       0.00       0.00       0.00       0.00       0.00       0.00       0.00       0.00       0.00       0.00       0.00       0.00       0.00       0.00       0.00       0.00       0.00       0.00       0.00       0.00       0.00       0.00       0.00       0.00       0.00       0.00       0.00     148.00       5.00       0.00       0.00       0.00       5.00       0.00       0.00
17시 07분 38초    5       0.00       0.00       0.00      90.00       0.00       0.00       0.00       0.00       0.00       0.00       0.00       0.00       0.00       0.00       0.00       0.00       0.00       0.00       0.00       0.00       0.00       0.00       0.00       0.00       0.00       0.00       0.00       0.00       0.00       0.00       0.00       0.00       0.00       0.00       0.00       0.00       0.00       0.00       0.00       0.00       0.00       0.00       0.00       0.00       0.00       0.00       0.00       0.00       0.00       0.00       0.00       0.00       0.00       0.00       0.00       0.00       0.00       0.00       0.00       0.00       0.00       0.00       0.00       0.00       0.00       0.00       0.00       0.00       0.00       0.00       0.00       0.00       0.00       0.00       0.00       0.00       0.00       0.00       0.00       0.00       0.00       0.00       0.00       0.00       0.00       0.00       0.00       0.00       0.00       0.00       0.00       0.00       0.00       0.00       0.00       0.00       0.00       0.00       0.00       0.00       0.00       0.00       0.00       0.00       0.00       0.00       0.00       0.00       0.00       0.00       0.00       0.00       0.00       0.00       0.00       0.00       0.00       0.00       0.00       0.00       0.00       0.00       0.00       0.00       0.00       0.00       0.00       0.00       0.00       0.00       0.00       0.00       0.00       0.00       0.00       0.00     162.00       5.00       0.00       0.00       0.00       5.00       0.00       0.00

17시 07분 37초  CPU       HI/s    TIMER/s   NET_TX/s   NET_RX/s    BLOCK/s IRQ_POLL/s  TASKLET/s    SCHED/s  HRTIMER/s      RCU/s
17시 07분 38초    0       0.00       9.00       5.00     123.00       0.00       0.00       0.00      46.00       0.00      43.00
17시 07분 38초    1       0.00      41.00       0.00       0.00       0.00       0.00       0.00      52.00       0.00     128.00
17시 07분 38초    2       0.00      13.00       0.00       0.00       0.00       0.00       0.00      35.00       0.00      40.00
17시 07분 38초    3       0.00       4.00       0.00       0.00       0.00       0.00       0.00      34.00       0.00      42.00
17시 07분 38초    4       0.00      30.00       0.00       0.00       0.00       0.00       0.00      32.00       0.00      38.00
17시 07분 38초    5       0.00      30.00       0.00       0.00       0.00       0.00       0.00      40.00       0.00      38.00

17시 07분 38초  CPU    %usr   %nice    %sys %iowait    %irq   %soft  %steal  %guest  %gnice   %idle
17시 07분 39초  all    0.83    0.00    1.33    0.00    0.00    0.17    0.00    0.00    0.00   97.67
17시 07분 39초    0    1.00    0.00    3.00    0.00    0.00    1.00    0.00    0.00    0.00   95.00
17시 07분 39초    1    1.01    0.00    1.01    0.00    0.00    0.00    0.00    0.00    0.00   97.98
17시 07분 39초    2    0.00    0.00    1.00    0.00    0.00    0.00    0.00    0.00    0.00   99.00
17시 07분 39초    3    2.00    0.00    1.00    0.00    0.00    0.00    0.00    0.00    0.00   97.00
17시 07분 39초    4    0.00    0.00    0.00    0.00    0.00    0.00    0.00    0.00    0.00  100.00
17시 07분 39초    5    0.99    0.00    1.98    0.00    0.00    0.00    0.00    0.00    0.00   97.03

17시 07분 38초  CPU    intr/s
17시 07분 39초  all    533.00
17시 07분 39초    0    224.00
17시 07분 39초    1    101.00
17시 07분 39초    2     51.00
17시 07분 39초    3     42.00
17시 07분 39초    4     84.00
17시 07분 39초    5     72.00

17시 07분 38초  CPU        9/s       11/s       12/s       13/s       18/s       20/s       21/s       22/s       23/s       24/s       25/s       26/s       27/s       28/s       29/s       30/s       31/s       32/s       33/s       34/s       35/s       36/s       37/s       38/s       39/s       40/s       41/s       42/s       43/s       44/s       45/s       46/s       47/s       48/s       49/s       50/s       51/s       52/s       53/s       54/s       55/s       57/s       59/s       61/s       65/s       66/s       67/s       68/s       69/s       70/s       71/s       72/s       73/s       74/s       75/s       76/s       77/s       79/s       80/s       81/s       82/s       83/s       84/s       85/s       86/s       87/s       88/s       89/s       90/s       91/s       92/s       93/s       94/s       95/s       96/s       97/s       98/s      112/s      113/s      114/s      115/s      116/s      117/s      118/s      119/s      120/s      121/s      122/s      123/s      124/s      125/s      126/s      127/s      128/s      129/s      130/s      131/s      132/s      133/s      134/s      135/s      136/s      137/s      138/s      150/s      154/s      162/s      167/s      171/s      224/s      228/s      229/s      230/s      231/s      232/s      233/s      234/s      235/s      236/s      237/s      245/s      246/s      247/s      249/s      250/s      252/s      253/s      262/s      263/s      294/s      296/s      297/s      298/s      299/s      301/s      302/s     IPI0/s     IPI1/s     IPI2/s     IPI3/s     IPI4/s     IPI5/s     IPI6/s      Err/s
17시 07분 39초    0       0.00       0.00       0.00      68.00       0.00       0.00       0.00       0.00       0.00       0.00       0.00       0.00       0.00       0.00       0.00       0.00       0.00       0.00       0.00       0.00       0.00       0.00       0.00       0.00       0.00       0.00       0.00       0.00       0.00       0.00       0.00       0.00       0.00       0.00       0.00       0.00       0.00       0.00       0.00       0.00       0.00       0.00       0.00       0.00       0.00       0.00       0.00       0.00       0.00       0.00       0.00       0.00       0.00       0.00       0.00       0.00       0.00       0.00       0.00       0.00       0.00       0.00       0.00       0.00       0.00       0.00       0.00       0.00       0.00       0.00       0.00       0.00       0.00       0.00       0.00       0.00       0.00       0.00       0.00       0.00       0.00       0.00       0.00       0.00       0.00       0.00       0.00       0.00       0.00       0.00       0.00       0.00       0.00       0.00       0.00       0.00       0.00       0.00       0.00       0.00       0.00       0.00       0.00       0.00       0.00       5.00       0.00       0.00       0.00       0.00       0.00       0.00       0.00       0.00       0.00       0.00       0.00       0.00       0.00       0.00       0.00       0.00       0.00       0.00       0.00       0.00       0.00       0.00       0.00       0.00       0.00       0.00       0.00       0.00     163.00       0.00       2.00       1.00       0.00       0.00       0.00       0.00       0.00       0.00
17시 07분 39초    1       0.00       0.00       0.00      70.00       0.00       0.00       0.00       0.00       0.00       0.00       0.00       0.00       0.00       0.00       0.00       0.00       0.00       0.00       0.00       0.00       0.00       0.00       0.00       0.00       0.00       0.00       0.00       0.00       0.00       0.00       0.00       0.00       0.00       0.00       0.00       0.00       0.00       0.00       0.00       0.00       0.00       0.00       0.00       0.00       0.00       0.00       0.00       0.00       0.00       0.00       0.00       0.00       0.00       0.00       0.00       0.00       0.00       0.00       0.00       0.00       0.00       0.00       0.00       0.00       0.00       0.00       0.00       0.00       0.00       0.00       0.00       0.00       0.00       0.00       0.00       0.00       0.00       0.00       0.00       0.00       0.00       0.00       0.00       0.00       0.00       0.00       0.00       0.00       0.00       0.00       0.00       0.00       0.00       0.00       0.00       0.00       0.00       0.00       0.00       0.00       0.00       0.00       0.00       0.00       0.00       0.00       0.00       0.00       0.00       0.00       0.00       0.00       0.00       0.00       0.00       0.00       0.00       0.00       0.00       0.00       0.00       0.00       0.00       0.00       0.00       0.00       0.00       0.00       0.00       0.00       0.00       0.00       0.00       0.00       0.00       0.00      15.00       7.00       0.00       0.00       0.00       0.00       0.00       0.00
17시 07분 39초    2       0.00       0.00       0.00      29.00       0.00       0.00       0.00       0.00       0.00       0.00       0.00       0.00       0.00       0.00       0.00       0.00       0.00       0.00       0.00       0.00       0.00       0.00       0.00       0.00       0.00       0.00       0.00       0.00       0.00       0.00       0.00       0.00       0.00       0.00       0.00       0.00       0.00       0.00       0.00       0.00       0.00       0.00       0.00       0.00       0.00       0.00       0.00       0.00       0.00       0.00       0.00       0.00       0.00       0.00       0.00       0.00       0.00       0.00       0.00       0.00       0.00       0.00       0.00       0.00       0.00       0.00       0.00       0.00       0.00       0.00       0.00       0.00       0.00       0.00       0.00       0.00       0.00       0.00       0.00       0.00       0.00       0.00       0.00       0.00       0.00       0.00       0.00       0.00       0.00       0.00       0.00       0.00       0.00       0.00       0.00       0.00       0.00       0.00       0.00       0.00       0.00       0.00       0.00       0.00       0.00       0.00       0.00       0.00       0.00       0.00       0.00       0.00       0.00       0.00       0.00       0.00       0.00       0.00       0.00       0.00       0.00       0.00       0.00       0.00       0.00       0.00       0.00       0.00       0.00       0.00       0.00       0.00       0.00       0.00       0.00       0.00       2.00       1.00       0.00       0.00       0.00       0.00       0.00       0.00
17시 07분 39초    3       0.00       0.00       0.00      36.00       0.00       0.00       0.00       0.00       0.00       0.00       0.00       0.00       0.00       0.00       0.00       0.00       0.00       0.00       0.00       0.00       0.00       0.00       0.00       0.00       0.00       0.00       0.00       0.00       0.00       0.00       0.00       0.00       0.00       0.00       0.00       0.00       0.00       0.00       0.00       0.00       0.00       0.00       0.00       0.00       0.00       0.00       0.00       0.00       0.00       0.00       0.00       0.00       0.00       0.00       0.00       0.00       0.00       0.00       0.00       0.00       0.00       0.00       0.00       0.00       0.00       0.00       0.00       0.00       0.00       0.00       0.00       0.00       0.00       0.00       0.00       0.00       0.00       0.00       0.00       0.00       0.00       0.00       0.00       0.00       0.00       0.00       0.00       0.00       0.00       0.00       0.00       0.00       0.00       0.00       0.00       0.00       0.00       0.00       0.00       0.00       0.00       0.00       0.00       0.00       0.00       0.00       0.00       0.00       0.00       0.00       0.00       0.00       0.00       0.00       0.00       0.00       0.00       0.00       0.00       0.00       0.00       0.00       0.00       0.00       0.00       0.00       0.00       0.00       0.00       0.00       0.00       0.00       0.00       0.00       0.00       0.00       0.00       1.00       0.00       0.00       0.00       0.00       0.00       0.00
17시 07분 39초    4       0.00       0.00       0.00      61.00       0.00       0.00       0.00       0.00       0.00       0.00       0.00       0.00       0.00       0.00       0.00       0.00       0.00       0.00       0.00       0.00       0.00       0.00       0.00       0.00       0.00       0.00       0.00       0.00       0.00       0.00       0.00       0.00       0.00       0.00       0.00       0.00       0.00       0.00       0.00       0.00       0.00       0.00       0.00       0.00       0.00       0.00       0.00       0.00       0.00       0.00       0.00       0.00       0.00       0.00       0.00       0.00       0.00       0.00       0.00       0.00       0.00       0.00       0.00       0.00       0.00       0.00       0.00       0.00       0.00       0.00       0.00       0.00       0.00       0.00       0.00       0.00       0.00       0.00       0.00       0.00       0.00       0.00       0.00       0.00       0.00       0.00       0.00       0.00       0.00       0.00       0.00       0.00       0.00       0.00       0.00       0.00       0.00       0.00       0.00       0.00       0.00       0.00       0.00       0.00       0.00       0.00       0.00       0.00       0.00       0.00       0.00       0.00       0.00       0.00       0.00       0.00       0.00       0.00       0.00       0.00       0.00       0.00       0.00       0.00       0.00       0.00       0.00       0.00       0.00       0.00       0.00       0.00       0.00       0.00       0.00       0.00       5.00       0.00       0.00       0.00       0.00       0.00       0.00       0.00
17시 07분 39초    5       0.00       0.00       0.00      52.00       0.00       0.00       0.00       0.00       0.00       0.00       0.00       0.00       0.00       0.00       0.00       0.00       0.00       0.00       0.00       0.00       0.00       0.00       0.00       0.00       0.00       0.00       0.00       0.00       0.00       0.00       0.00       0.00       0.00       0.00       0.00       0.00       0.00       0.00       0.00       0.00       0.00       0.00       0.00       0.00       0.00       0.00       0.00       0.00       0.00       0.00       0.00       0.00       0.00       0.00       0.00       0.00       0.00       0.00       0.00       0.00       0.00       0.00       0.00       0.00       0.00       0.00       0.00       0.00       0.00       0.00       0.00       0.00       0.00       0.00       0.00       0.00       0.00       0.00       0.00       0.00       0.00       0.00       0.00       0.00       0.00       0.00       0.00       0.00       0.00       0.00       0.00       0.00       0.00       0.00       0.00       0.00       0.00       0.00       0.00       0.00       0.00       0.00       0.00       0.00       0.00       0.00       0.00       0.00       0.00       0.00       0.00       0.00       0.00       0.00       0.00       0.00       0.00       0.00       0.00       0.00       0.00       0.00       0.00       0.00       0.00       0.00       0.00       0.00       0.00       0.00       0.00       0.00       0.00       0.00       0.00       0.00      15.00       0.00       0.00       0.00       0.00       0.00       0.00       0.00

17시 07분 38초  CPU       HI/s    TIMER/s   NET_TX/s   NET_RX/s    BLOCK/s IRQ_POLL/s  TASKLET/s    SCHED/s  HRTIMER/s      RCU/s
17시 07분 39초    0       0.00      10.00       5.00     152.00       0.00       0.00       0.00      28.00       0.00      29.00
17시 07분 39초    1       0.00      28.00       0.00       0.00       0.00       0.00       0.00      42.00       0.00      31.00
17시 07분 39초    2       0.00      17.00       0.00       0.00       0.00       0.00       0.00      16.00       0.00      18.00
17시 07분 39초    3       0.00       3.00       0.00       0.00       0.00       0.00       0.00      15.00       0.00      24.00
17시 07분 39초    4       0.00      31.00       0.00       0.00       0.00       0.00       0.00      30.00       0.00      23.00
17시 07분 39초    5       0.00      21.00       0.00       0.00       0.00       0.00       0.00      27.00       0.00      24.00

17시 07분 39초  CPU    %usr   %nice    %sys %iowait    %irq   %soft  %steal  %guest  %gnice   %idle
17시 07분 40초  all    0.67    0.00    3.51    0.50    0.00    0.00    0.00    0.00    0.00   95.33
17시 07분 40초    0    1.98    0.00    1.98    1.98    0.00    0.00    0.00    0.00    0.00   94.06
17시 07분 40초    1    1.00    0.00    2.00    0.00    0.00    0.00    0.00    0.00    0.00   97.00
17시 07분 40초    2    0.00    0.00   13.00    1.00    0.00    0.00    0.00    0.00    0.00   86.00
17시 07분 40초    3    1.00    0.00    3.00    0.00    0.00    0.00    0.00    0.00    0.00   96.00
17시 07분 40초    4    0.00    0.00    0.00    0.00    0.00    0.00    0.00    0.00    0.00  100.00
17시 07분 40초    5    0.00    0.00    1.01    0.00    0.00    0.00    0.00    0.00    0.00   98.99

17시 07분 39초  CPU    intr/s
17시 07분 40초  all    631.00
17시 07분 40초    0     60.00
17시 07분 40초    1     82.00
17시 07분 40초    2     87.00
17시 07분 40초    3     40.00
17시 07분 40초    4     37.00
17시 07분 40초    5     96.00

17시 07분 39초  CPU        9/s       11/s       12/s       13/s       18/s       20/s       21/s       22/s       23/s       24/s       25/s       26/s       27/s       28/s       29/s       30/s       31/s       32/s       33/s       34/s       35/s       36/s       37/s       38/s       39/s       40/s       41/s       42/s       43/s       44/s       45/s       46/s       47/s       48/s       49/s       50/s       51/s       52/s       53/s       54/s       55/s       57/s       59/s       61/s       65/s       66/s       67/s       68/s       69/s       70/s       71/s       72/s       73/s       74/s       75/s       76/s       77/s       79/s       80/s       81/s       82/s       83/s       84/s       85/s       86/s       87/s       88/s       89/s       90/s       91/s       92/s       93/s       94/s       95/s       96/s       97/s       98/s      112/s      113/s      114/s      115/s      116/s      117/s      118/s      119/s      120/s      121/s      122/s      123/s      124/s      125/s      126/s      127/s      128/s      129/s      130/s      131/s      132/s      133/s      134/s      135/s      136/s      137/s      138/s      150/s      154/s      162/s      167/s      171/s      224/s      228/s      229/s      230/s      231/s      232/s      233/s      234/s      235/s      236/s      237/s      245/s      246/s      247/s      249/s      250/s      252/s      253/s      262/s      263/s      294/s      296/s      297/s      298/s      299/s      301/s      302/s     IPI0/s     IPI1/s     IPI2/s     IPI3/s     IPI4/s     IPI5/s     IPI6/s      Err/s
17시 07분 40초    0       0.00       0.00       0.00      42.00       0.00       0.00       0.00       0.00       0.00       0.00       0.00       0.00       0.00       0.00       0.00       0.00       0.00       0.00       0.00       0.00       0.00       0.00       0.00       0.00       0.00       0.00       0.00       0.00       0.00       0.00       0.00       0.00       0.00       0.00       0.00       0.00       0.00       0.00       0.00       0.00       0.00       0.00       0.00       0.00       0.00       0.00     113.00       0.00       0.00       0.00       0.00       0.00       0.00       0.00       0.00       0.00       0.00       0.00       0.00       0.00       0.00       0.00       0.00       0.00       0.00       0.00       0.00       0.00       0.00       0.00       0.00       0.00       0.00       0.00       0.00       0.00       0.00       2.00       0.00       0.00       0.00       0.00       0.00       0.00       0.00       0.00       0.00       0.00       0.00       0.00       0.00       0.00       0.00       0.00       0.00       0.00       0.00       0.00       0.00       0.00       0.00       0.00       0.00       0.00       0.00      25.00       0.00       0.00       0.00       0.00       0.00       0.00       0.00       0.00       0.00       0.00       0.00       0.00       0.00       0.00       0.00       0.00       0.00       0.00       0.00       0.00       0.00       0.00       0.00       0.00       0.00       0.00       0.00       0.00      12.00       0.00      10.00       6.00       0.00       0.00       0.00       2.00       0.00       0.00
17시 07분 40초    1       0.00       0.00       0.00      48.00       0.00       0.00       0.00       0.00       0.00       0.00       0.00       0.00       0.00       0.00       0.00       0.00       0.00       0.00       0.00       0.00       0.00       0.00       0.00       0.00       0.00       0.00       0.00       0.00       0.00       0.00       0.00       0.00       0.00       0.00       0.00       0.00       0.00       0.00       0.00       0.00       0.00       0.00       0.00       0.00       0.00       0.00       0.00       0.00       0.00       0.00       0.00       0.00       0.00       0.00       0.00       0.00       0.00       0.00       0.00       0.00       0.00       0.00       0.00       0.00       0.00       0.00       0.00       0.00       0.00       0.00       0.00       0.00       0.00       0.00       0.00       0.00       0.00       0.00       0.00       0.00       0.00       0.00       0.00       0.00       0.00       0.00       0.00       0.00       0.00       0.00       0.00       0.00       0.00       0.00       0.00       0.00       0.00       0.00       0.00       0.00       0.00       0.00       0.00       0.00       0.00       0.00       0.00       0.00       0.00       0.00       0.00       0.00       0.00       0.00       0.00       0.00       0.00       0.00       0.00       0.00       0.00       0.00       0.00       0.00       0.00       0.00       0.00       0.00       0.00       0.00       0.00       0.00       0.00       0.00       0.00       0.00       7.00       6.00       0.00       0.00       0.00       0.00       0.00       0.00
17시 07분 40초    2       0.00       0.00       0.00      71.00       0.00       0.00       0.00       0.00       0.00       0.00       0.00       0.00       0.00       0.00       0.00       0.00       0.00       0.00       0.00       0.00       0.00       0.00       0.00       0.00       0.00       0.00       0.00       0.00       0.00       0.00       0.00       0.00       0.00       0.00       0.00       0.00       0.00       0.00       0.00       0.00       0.00       0.00       0.00       0.00       0.00       0.00       0.00       0.00       0.00       0.00       0.00       0.00       0.00       0.00       0.00       0.00       0.00       0.00       0.00       0.00       0.00       0.00       0.00       0.00       0.00       0.00       0.00       0.00       0.00       0.00       0.00       0.00       0.00       0.00       0.00       0.00       0.00       0.00       0.00       0.00       0.00       0.00       0.00       0.00       0.00       0.00       0.00       0.00       0.00       0.00       0.00       0.00       0.00       0.00       0.00       0.00       0.00       0.00       0.00       0.00       0.00       0.00       0.00       0.00       0.00       0.00       0.00       0.00       0.00       0.00       0.00       0.00       0.00       0.00       0.00       0.00       0.00       0.00       0.00       0.00       0.00       0.00       0.00       0.00       0.00       0.00       0.00       0.00       0.00       0.00       0.00       0.00       0.00       0.00       0.00       0.00     128.00       1.00       0.00       0.00       0.00      10.00       0.00       0.00
17시 07분 40초    3       0.00       0.00       0.00      34.00       0.00       0.00       0.00       0.00       0.00       0.00       0.00       0.00       0.00       0.00       0.00       0.00       0.00       0.00       0.00       0.00       0.00       0.00       0.00       0.00       0.00       0.00       0.00       0.00       0.00       0.00       0.00       0.00       0.00       0.00       0.00       0.00       0.00       0.00       0.00       0.00       0.00       0.00       0.00       0.00       0.00       0.00       0.00       0.00       0.00       0.00       0.00       0.00       0.00       0.00       0.00       0.00       0.00       0.00       0.00       0.00       0.00       0.00       0.00       0.00       0.00       0.00       0.00       0.00       0.00       0.00       0.00       0.00       0.00       0.00       0.00       0.00       0.00       0.00       0.00       0.00       0.00       0.00       0.00       0.00       0.00       0.00       0.00       0.00       0.00       0.00       0.00       0.00       0.00       0.00       0.00       0.00       0.00       0.00       0.00       0.00       0.00       0.00       0.00       0.00       0.00       0.00       0.00       0.00       0.00       0.00       0.00       0.00       0.00       0.00       0.00       0.00       0.00       0.00       0.00       0.00       0.00       0.00       0.00       0.00       0.00       0.00       0.00       0.00       0.00       0.00       0.00       0.00       0.00       0.00       0.00       0.00       2.00       0.00       0.00       0.00       0.00       0.00       0.00       0.00
17시 07분 40초    4       0.00       0.00       0.00      19.00       0.00       0.00       0.00       0.00       0.00       0.00       0.00       0.00       0.00       0.00       0.00       0.00       0.00       0.00       0.00       0.00       0.00       0.00       0.00       0.00       0.00       0.00       0.00       0.00       0.00       0.00       0.00       0.00       0.00       0.00       0.00       0.00       0.00       0.00       0.00       0.00       0.00       0.00       0.00       0.00       0.00       0.00       0.00       0.00       0.00       0.00       0.00       0.00       0.00       0.00       0.00       0.00       0.00       0.00       0.00       0.00       0.00       0.00       0.00       0.00       0.00       0.00       0.00       0.00       0.00       0.00       0.00       0.00       0.00       0.00       0.00       0.00       0.00       0.00       0.00       0.00       0.00       0.00       0.00       0.00       0.00       0.00       0.00       0.00       0.00       0.00       0.00       0.00       0.00       0.00       0.00       0.00       0.00       0.00       0.00       0.00       0.00       0.00       0.00       0.00       0.00       0.00       0.00       0.00       0.00       0.00       0.00       0.00       0.00       0.00       0.00       0.00       0.00       0.00       0.00       0.00       0.00       0.00       0.00       0.00       0.00       0.00       0.00       0.00       0.00       0.00       0.00       0.00       0.00       0.00       0.00       0.00       2.00       0.00       0.00       0.00       0.00       0.00       0.00       0.00
17시 07분 40초    5       0.00       0.00       0.00      72.00       0.00       0.00       0.00       0.00       0.00       0.00       0.00       0.00       0.00       0.00       0.00       0.00       0.00       0.00       0.00       0.00       0.00       0.00       0.00       0.00       0.00       0.00       0.00       0.00       0.00       0.00       0.00       0.00       0.00       0.00       0.00       0.00       0.00       0.00       0.00       0.00       0.00       0.00       0.00       0.00       0.00       0.00       0.00       0.00       0.00       0.00       0.00       0.00       0.00       0.00       0.00       0.00       0.00       0.00       0.00       0.00       0.00       0.00       0.00       0.00       0.00       0.00       0.00       0.00       0.00       0.00       0.00       0.00       0.00       0.00       0.00       0.00       0.00       0.00       0.00       0.00       0.00       0.00       0.00       0.00       0.00       0.00       0.00       0.00       0.00       0.00       0.00       0.00       0.00       0.00       0.00       0.00       0.00       0.00       0.00       0.00       0.00       0.00       0.00       0.00       0.00       0.00       0.00       0.00       0.00       0.00       0.00       0.00       0.00       0.00       0.00       0.00       0.00       0.00       0.00       0.00       0.00       0.00       0.00       0.00       0.00       0.00       0.00       0.00       0.00       0.00       0.00       0.00       0.00       0.00       0.00       0.00      20.00       0.00       0.00       0.00       0.00       0.00       0.00       0.00

17시 07분 39초  CPU       HI/s    TIMER/s   NET_TX/s   NET_RX/s    BLOCK/s IRQ_POLL/s  TASKLET/s    SCHED/s  HRTIMER/s      RCU/s
17시 07분 40초    0       0.00       4.00       0.00      11.00       0.00       0.00       0.00      23.00       0.00      22.00
17시 07분 40초    1       0.00      24.00       0.00       0.00       0.00       0.00       0.00      34.00       0.00      24.00
17시 07분 40초    2       0.00      18.00       0.00       0.00       0.00       0.00       0.00      48.00       0.00      21.00
17시 07분 40초    3       0.00       3.00       0.00       0.00       0.00       0.00       0.00      14.00       0.00      23.00
17시 07분 40초    4       0.00      16.00       0.00       0.00       0.00       0.00       0.00      14.00       0.00       7.00
17시 07분 40초    5       0.00      34.00       0.00       0.00       0.00       0.00       0.00      32.00       0.00      30.00

17시 07분 40초  CPU    %usr   %nice    %sys %iowait    %irq   %soft  %steal  %guest  %gnice   %idle
17시 07분 41초  all    0.67    0.00    1.50    0.67    0.17    0.00    0.00    0.00    0.00   96.99
17시 07분 41초    0    1.01    0.00    2.02    2.02    1.01    0.00    0.00    0.00    0.00   93.94
17시 07분 41초    1    1.00    0.00    1.00    0.00    0.00    0.00    0.00    0.00    0.00   98.00
17시 07분 41초    2    0.00    0.00    1.98    0.99    0.00    0.00    0.00    0.00    0.00   97.03
17시 07분 41초    3    1.01    0.00    3.03    1.01    0.00    0.00    0.00    0.00    0.00   94.95
17시 07분 41초    4    1.00    0.00    0.00    0.00    0.00    0.00    0.00    0.00    0.00   99.00
17시 07분 41초    5    0.00    0.00    1.00    0.00    0.00    0.00    0.00    0.00    0.00   99.00

17시 07분 40초  CPU    intr/s
17시 07분 41초  all    544.00
17시 07분 41초    0    157.00
17시 07분 41초    1     94.00
17시 07분 41초    2     28.00
17시 07분 41초    3     41.00
17시 07분 41초    4     99.00
17시 07분 41초    5     61.00

17시 07분 40초  CPU        9/s       11/s       12/s       13/s       18/s       20/s       21/s       22/s       23/s       24/s       25/s       26/s       27/s       28/s       29/s       30/s       31/s       32/s       33/s       34/s       35/s       36/s       37/s       38/s       39/s       40/s       41/s       42/s       43/s       44/s       45/s       46/s       47/s       48/s       49/s       50/s       51/s       52/s       53/s       54/s       55/s       57/s       59/s       61/s       65/s       66/s       67/s       68/s       69/s       70/s       71/s       72/s       73/s       74/s       75/s       76/s       77/s       79/s       80/s       81/s       82/s       83/s       84/s       85/s       86/s       87/s       88/s       89/s       90/s       91/s       92/s       93/s       94/s       95/s       96/s       97/s       98/s      112/s      113/s      114/s      115/s      116/s      117/s      118/s      119/s      120/s      121/s      122/s      123/s      124/s      125/s      126/s      127/s      128/s      129/s      130/s      131/s      132/s      133/s      134/s      135/s      136/s      137/s      138/s      150/s      154/s      162/s      167/s      171/s      224/s      228/s      229/s      230/s      231/s      232/s      233/s      234/s      235/s      236/s      237/s      245/s      246/s      247/s      249/s      250/s      252/s      253/s      262/s      263/s      294/s      296/s      297/s      298/s      299/s      301/s      302/s     IPI0/s     IPI1/s     IPI2/s     IPI3/s     IPI4/s     IPI5/s     IPI6/s      Err/s
17시 07분 41초    0       0.00       0.00       0.00      82.00       0.00       0.00       0.00       0.00       0.00       0.00       0.00       0.00       0.00       0.00       0.00       0.00       0.00       0.00       0.00       0.00       0.00       0.00       0.00       0.00       0.00       0.00       0.00       0.00       0.00       0.00       0.00       0.00       0.00       0.00       0.00       0.00       0.00       0.00       0.00       0.00       0.00       0.00       0.00       0.00       0.00       0.00      21.00       0.00       0.00       0.00       0.00       0.00       0.00       0.00       0.00       0.00       0.00       0.00       0.00       0.00       0.00       0.00       0.00       0.00       0.00       0.00       0.00       0.00       0.00       0.00       0.00       0.00       0.00       0.00       0.00       0.00       0.00       0.00       0.00       0.00       0.00       0.00       0.00       0.00       0.00       0.00       0.00       0.00       0.00       0.00       0.00       0.00       0.00       0.00       0.00       0.00       0.00       0.00       0.00       0.00       0.00       0.00       0.00       0.00       0.00      24.00       0.00       0.00       0.00       0.00       0.00       0.00       0.00       0.00       0.00       0.00       0.00       0.00       0.00       0.00       0.00       0.00       0.00       0.00       0.00       0.00       0.00       0.00       0.00       0.00       0.00       0.00       0.00       0.00      80.00       0.00       4.00       5.00       0.00       0.00       0.00       4.00       0.00       0.00
17시 07분 41초    1       0.00       0.00       0.00      63.00       0.00       0.00       0.00       0.00       0.00       0.00       0.00       0.00       0.00       0.00       0.00       0.00       0.00       0.00       0.00       0.00       0.00       0.00       0.00       0.00       0.00       0.00       0.00       0.00       0.00       0.00       0.00       0.00       0.00       0.00       0.00       0.00       0.00       0.00       0.00       0.00       0.00       0.00       0.00       0.00       0.00       0.00       0.00       0.00       0.00       0.00       0.00       0.00       0.00       0.00       0.00       0.00       0.00       0.00       0.00       0.00       0.00       0.00       0.00       0.00       0.00       0.00       0.00       0.00       0.00       0.00       0.00       0.00       0.00       0.00       0.00       0.00       0.00       0.00       0.00       0.00       0.00       0.00       0.00       0.00       0.00       0.00       0.00       0.00       0.00       0.00       0.00       0.00       0.00       0.00       0.00       0.00       0.00       0.00       0.00       0.00       0.00       0.00       0.00       0.00       0.00       0.00       0.00       0.00       0.00       0.00       0.00       0.00       0.00       0.00       0.00       0.00       0.00       0.00       0.00       0.00       0.00       0.00       0.00       0.00       0.00       0.00       0.00       0.00       0.00       0.00       0.00       0.00       0.00       0.00       0.00       0.00       7.00       5.00       0.00       0.00       0.00       1.00       0.00       0.00
17시 07분 41초    2       0.00       0.00       0.00      17.00       0.00       0.00       0.00       0.00       0.00       0.00       0.00       0.00       0.00       0.00       0.00       0.00       0.00       0.00       0.00       0.00       0.00       0.00       0.00       0.00       0.00       0.00       0.00       0.00       0.00       0.00       0.00       0.00       0.00       0.00       0.00       0.00       0.00       0.00       0.00       0.00       0.00       0.00       0.00       0.00       0.00       0.00       0.00       0.00       0.00       0.00       0.00       0.00       0.00       0.00       0.00       0.00       0.00       0.00       0.00       0.00       0.00       0.00       0.00       0.00       0.00       0.00       0.00       0.00       0.00       0.00       0.00       0.00       0.00       0.00       0.00       0.00       0.00       0.00       0.00       0.00       0.00       0.00       0.00       0.00       0.00       0.00       0.00       0.00       0.00       0.00       0.00       0.00       0.00       0.00       0.00       0.00       0.00       0.00       0.00       0.00       0.00       0.00       0.00       0.00       0.00       0.00       0.00       0.00       0.00       0.00       0.00       0.00       0.00       0.00       0.00       0.00       0.00       0.00       0.00       0.00       0.00       0.00       0.00       0.00       0.00       0.00       0.00       0.00       0.00       0.00       0.00       0.00       0.00       0.00       0.00       0.00      25.00       1.00       0.00       0.00       0.00       0.00       0.00       0.00
17시 07분 41초    3       0.00       0.00       0.00      72.00       0.00       0.00       0.00       0.00       0.00       0.00       0.00       0.00       0.00       0.00       0.00       0.00       0.00       0.00       0.00       0.00       0.00       0.00       0.00       0.00       0.00       0.00       0.00       0.00       0.00       0.00       0.00       0.00       0.00       0.00       0.00       0.00       0.00       0.00       0.00       0.00       0.00       0.00       0.00       0.00       0.00       0.00       0.00       0.00       0.00       0.00       0.00       0.00       0.00       0.00       0.00       0.00       0.00       0.00       0.00       0.00       0.00       0.00       0.00       0.00       0.00       0.00       0.00       0.00       0.00       0.00       0.00       0.00       0.00       0.00       0.00       0.00       0.00       0.00       0.00       0.00       0.00       0.00       0.00       0.00       0.00       0.00       0.00       0.00       0.00       0.00       0.00       0.00       0.00       0.00       0.00       0.00       0.00       0.00       0.00       0.00       0.00       0.00       0.00       0.00       0.00       0.00       0.00       0.00       0.00       0.00       0.00       0.00       0.00       0.00       0.00       0.00       0.00       0.00       0.00       0.00       0.00       0.00       0.00       0.00       0.00       0.00       0.00       0.00       0.00       0.00       0.00       0.00       0.00       0.00       0.00       0.00       6.00       0.00       0.00       0.00       0.00       1.00       0.00       0.00
17시 07분 41초    4       0.00       0.00       0.00      70.00       0.00       0.00       0.00       0.00       0.00       0.00       0.00       0.00       0.00       0.00       0.00       0.00       0.00       0.00       0.00       0.00       0.00       0.00       0.00       0.00       0.00       0.00       0.00       0.00       0.00       0.00       0.00       0.00       0.00       0.00       0.00       0.00       0.00       0.00       0.00       0.00       0.00       0.00       0.00       0.00       0.00       0.00       0.00       0.00       0.00       0.00       0.00       0.00       0.00       0.00       0.00       0.00       0.00       0.00       0.00       0.00       0.00       0.00       0.00       0.00       0.00       0.00       0.00       0.00       0.00       0.00       0.00       0.00       0.00       0.00       0.00       0.00       0.00       0.00       0.00       0.00       0.00       0.00       0.00       0.00       0.00       0.00       0.00       0.00       0.00       0.00       0.00       0.00       0.00       0.00       0.00       0.00       0.00       0.00       0.00       0.00       0.00       0.00       0.00       0.00       0.00       0.00       0.00       0.00       0.00       0.00       0.00       0.00       0.00       0.00       0.00       0.00       0.00       0.00       0.00       0.00       0.00       0.00       0.00       0.00       0.00       0.00       0.00       0.00       0.00       0.00       0.00       0.00       0.00       0.00       0.00       0.00      10.00       0.00       0.00       0.00       0.00       0.00       0.00       0.00
17시 07분 41초    5       0.00       0.00       0.00      32.00       0.00       0.00       0.00       0.00       0.00       0.00       0.00       0.00       0.00       0.00       0.00       0.00       0.00       0.00       0.00       0.00       0.00       0.00       0.00       0.00       0.00       0.00       0.00       0.00       0.00       0.00       0.00       0.00       0.00       0.00       0.00       0.00       0.00       0.00       0.00       0.00       0.00       0.00       0.00       0.00       0.00       0.00       0.00       0.00       0.00       0.00       0.00       0.00       0.00       0.00       0.00       0.00       0.00       0.00       0.00       0.00       0.00       0.00       0.00       0.00       0.00       0.00       0.00       0.00       0.00       0.00       0.00       0.00       0.00       0.00       0.00       0.00       0.00       0.00       0.00       0.00       0.00       0.00       0.00       0.00       0.00       0.00       0.00       0.00       0.00       0.00       0.00       0.00       0.00       0.00       0.00       0.00       0.00       0.00       0.00       0.00       0.00       0.00       0.00       0.00       0.00       0.00       0.00       0.00       0.00       0.00       0.00       0.00       0.00       0.00       0.00       0.00       0.00       0.00       0.00       0.00       0.00       0.00       0.00       0.00       0.00       0.00       0.00       0.00       0.00       0.00       0.00       0.00       0.00       0.00       0.00       0.00      13.00       0.00       0.00       0.00       0.00       0.00       0.00       0.00

17시 07분 40초  CPU       HI/s    TIMER/s   NET_TX/s   NET_RX/s    BLOCK/s IRQ_POLL/s  TASKLET/s    SCHED/s  HRTIMER/s      RCU/s
17시 07분 41초    0       0.00       8.00       4.00      74.00       2.00       0.00       0.00      36.00       0.00      33.00
17시 07분 41초    1       0.00      31.00       0.00       0.00       0.00       0.00       0.00      38.00       0.00      25.00
17시 07분 41초    2       0.00       5.00       0.00       0.00       0.00       0.00       0.00      12.00       0.00      11.00
17시 07분 41초    3       0.00       3.00       0.00       0.00       0.00       0.00       0.00      14.00       0.00      24.00
17시 07분 41초    4       0.00      39.00       0.00       0.00       0.00       0.00       0.00      32.00       0.00      28.00
17시 07분 41초    5       0.00      20.00       0.00       0.00       0.00       0.00       0.00      18.00       0.00      23.00

17시 07분 41초  CPU    %usr   %nice    %sys %iowait    %irq   %soft  %steal  %guest  %gnice   %idle
17시 07분 42초  all    0.67    0.00    1.34    0.00    0.00    0.00    0.00    0.00    0.00   97.99
17시 07분 42초    0    2.00    0.00    2.00    0.00    0.00    0.00    0.00    0.00    0.00   96.00
17시 07분 42초    1    1.00    0.00    2.00    0.00    0.00    0.00    0.00    0.00    0.00   97.00
17시 07분 42초    2    0.00    0.00    0.00    0.00    0.00    0.00    0.00    0.00    0.00  100.00
17시 07분 42초    3    1.01    0.00    3.03    0.00    0.00    0.00    0.00    0.00    0.00   95.96
17시 07분 42초    4    0.00    0.00    0.00    0.00    0.00    0.00    0.00    0.00    0.00  100.00
17시 07분 42초    5    0.00    0.00    1.01    0.00    0.00    0.00    0.00    0.00    0.00   98.99

17시 07분 41초  CPU    intr/s
17시 07분 42초  all    407.00
17시 07분 42초    0     97.00
17시 07분 42초    1    101.00
17시 07분 42초    2     47.00
17시 07분 42초    3     30.00
17시 07분 42초    4     11.00
17시 07분 42초    5     66.00

17시 07분 41초  CPU        9/s       11/s       12/s       13/s       18/s       20/s       21/s       22/s       23/s       24/s       25/s       26/s       27/s       28/s       29/s       30/s       31/s       32/s       33/s       34/s       35/s       36/s       37/s       38/s       39/s       40/s       41/s       42/s       43/s       44/s       45/s       46/s       47/s       48/s       49/s       50/s       51/s       52/s       53/s       54/s       55/s       57/s       59/s       61/s       65/s       66/s       67/s       68/s       69/s       70/s       71/s       72/s       73/s       74/s       75/s       76/s       77/s       79/s       80/s       81/s       82/s       83/s       84/s       85/s       86/s       87/s       88/s       89/s       90/s       91/s       92/s       93/s       94/s       95/s       96/s       97/s       98/s      112/s      113/s      114/s      115/s      116/s      117/s      118/s      119/s      120/s      121/s      122/s      123/s      124/s      125/s      126/s      127/s      128/s      129/s      130/s      131/s      132/s      133/s      134/s      135/s      136/s      137/s      138/s      150/s      154/s      162/s      167/s      171/s      224/s      228/s      229/s      230/s      231/s      232/s      233/s      234/s      235/s      236/s      237/s      245/s      246/s      247/s      249/s      250/s      252/s      253/s      262/s      263/s      294/s      296/s      297/s      298/s      299/s      301/s      302/s     IPI0/s     IPI1/s     IPI2/s     IPI3/s     IPI4/s     IPI5/s     IPI6/s      Err/s
17시 07분 42초    0       0.00       0.00       0.00      43.00       0.00       0.00       0.00       0.00       0.00       0.00       0.00       0.00       0.00       0.00       0.00       0.00       0.00       0.00       0.00       0.00       0.00       0.00       0.00       0.00       0.00       0.00       0.00       0.00       0.00       0.00       0.00       0.00       0.00       0.00       0.00       0.00       0.00       0.00       0.00       0.00       0.00       0.00       0.00       0.00       0.00       0.00       0.00       0.00       0.00       0.00       0.00       0.00       0.00       0.00       0.00       0.00       0.00       0.00       0.00       0.00       0.00       0.00       0.00       0.00       0.00       0.00       0.00       0.00       0.00       0.00       0.00       0.00       0.00       0.00       0.00       0.00       0.00       0.00       0.00       0.00       0.00       0.00       0.00       0.00       0.00       0.00       0.00       0.00       0.00       0.00       0.00       0.00       0.00       0.00       0.00       0.00       0.00       0.00       0.00       0.00       0.00       0.00       0.00       0.00       0.00       0.00       0.00       0.00       0.00       0.00       0.00       0.00       0.00       0.00       0.00       0.00       0.00       0.00       0.00       0.00       0.00       0.00       0.00       0.00       0.00       0.00       0.00       0.00       0.00       0.00       0.00       0.00       0.00       0.00      39.00       0.00       8.00       1.00       0.00       0.00       0.00       0.00       0.00       0.00
17시 07분 42초    1       0.00       0.00       0.00      64.00       0.00       0.00       0.00       0.00       0.00       0.00       0.00       0.00       0.00       0.00       0.00       0.00       0.00       0.00       0.00       0.00       0.00       0.00       0.00       0.00       0.00       0.00       0.00       0.00       0.00       0.00       0.00       0.00       0.00       0.00       0.00       0.00       0.00       0.00       0.00       0.00       0.00       0.00       0.00       0.00       0.00       0.00       0.00       0.00       0.00       0.00       0.00       0.00       0.00       0.00       0.00       0.00       0.00       0.00       0.00       0.00       0.00       0.00       0.00       0.00       0.00       0.00       0.00       0.00       0.00       0.00       0.00       0.00       0.00       0.00       0.00       0.00       0.00       0.00       0.00       0.00       0.00       0.00       0.00       0.00       0.00       0.00       0.00       0.00       0.00       0.00       0.00       0.00       0.00       0.00       0.00       0.00       0.00       0.00       0.00       0.00       0.00       0.00       0.00       0.00       0.00       0.00       0.00       0.00       0.00       0.00       0.00       0.00       0.00       0.00       0.00       0.00       0.00       0.00       0.00       0.00       0.00       0.00       0.00       0.00       0.00       0.00       0.00       0.00       0.00       0.00       0.00       0.00       0.00       0.00       0.00       0.00       5.00       3.00       0.00       0.00       0.00       0.00       0.00       0.00
17시 07분 42초    2       0.00       0.00       0.00      25.00       0.00       0.00       0.00       0.00       0.00       0.00       0.00       0.00       0.00       0.00       0.00       0.00       0.00       0.00       0.00       0.00       0.00       0.00       0.00       0.00       0.00       0.00       0.00       0.00       0.00       0.00       0.00       0.00       0.00       0.00       0.00       0.00       0.00       0.00       0.00       0.00       0.00       0.00       0.00       0.00       0.00       0.00       0.00       0.00       0.00       0.00       0.00       0.00       0.00       0.00       0.00       0.00       0.00       0.00       0.00       0.00       0.00       0.00       0.00       0.00       0.00       0.00       0.00       0.00       0.00       0.00       0.00       0.00       0.00       0.00       0.00       0.00       0.00       0.00       0.00       0.00       0.00       0.00       0.00       0.00       0.00       0.00       0.00       0.00       0.00       0.00       0.00       0.00       0.00       0.00       0.00       0.00       0.00       0.00       0.00       0.00       0.00       0.00       0.00       0.00       0.00       0.00       0.00       0.00       0.00       0.00       0.00       0.00       0.00       0.00       0.00       0.00       0.00       0.00       0.00       0.00       0.00       0.00       0.00       0.00       0.00       0.00       0.00       0.00       0.00       0.00       0.00       0.00       0.00       0.00       0.00       0.00       0.00       1.00       0.00       0.00       0.00       0.00       0.00       0.00
17시 07분 42초    3       0.00       0.00       0.00      28.00       0.00       0.00       0.00       0.00       0.00       0.00       0.00       0.00       0.00       0.00       0.00       0.00       0.00       0.00       0.00       0.00       0.00       0.00       0.00       0.00       0.00       0.00       0.00       0.00       0.00       0.00       0.00       0.00       0.00       0.00       0.00       0.00       0.00       0.00       0.00       0.00       0.00       0.00       0.00       0.00       0.00       0.00       0.00       0.00       0.00       0.00       0.00       0.00       0.00       0.00       0.00       0.00       0.00       0.00       0.00       0.00       0.00       0.00       0.00       0.00       0.00       0.00       0.00       0.00       0.00       0.00       0.00       0.00       0.00       0.00       0.00       0.00       0.00       0.00       0.00       0.00       0.00       0.00       0.00       0.00       0.00       0.00       0.00       0.00       0.00       0.00       0.00       0.00       0.00       0.00       0.00       0.00       0.00       0.00       0.00       0.00       0.00       0.00       0.00       0.00       0.00       0.00       0.00       0.00       0.00       0.00       0.00       0.00       0.00       0.00       0.00       0.00       0.00       0.00       0.00       0.00       0.00       0.00       0.00       0.00       0.00       0.00       0.00       0.00       0.00       0.00       0.00       0.00       0.00       0.00       0.00       0.00       2.00       0.00       0.00       0.00       0.00       0.00       0.00       0.00
17시 07분 42초    4       0.00       0.00       0.00     141.00       0.00       0.00       0.00       0.00       0.00       0.00       0.00       0.00       0.00       0.00       0.00       0.00       0.00       0.00       0.00       0.00       0.00       0.00       0.00       0.00       0.00       0.00       0.00       0.00       0.00       0.00       0.00       0.00       0.00       0.00       0.00       0.00       0.00       0.00       0.00       0.00       0.00       0.00       0.00       0.00       0.00       0.00       0.00       0.00       0.00       0.00       0.00       0.00       0.00       0.00       0.00       0.00       0.00       0.00       0.00       0.00       0.00       0.00       0.00       0.00       0.00       0.00       0.00       0.00       0.00       0.00       0.00       0.00       0.00       0.00       0.00       0.00       0.00       0.00       0.00       0.00       0.00       0.00       0.00       0.00       0.00       0.00       0.00       0.00       0.00       0.00       0.00       0.00       0.00       0.00       0.00       0.00       0.00       0.00       0.00       0.00       0.00       0.00       0.00       0.00       0.00       0.00       0.00       0.00       0.00       0.00       0.00       0.00       0.00       0.00       0.00       0.00       0.00       0.00       0.00       0.00       0.00       0.00       0.00       0.00       0.00       0.00       0.00       0.00       0.00       0.00       0.00       0.00       0.00       0.00       0.00       0.00       1.00       0.00       0.00       0.00       0.00       0.00       0.00       0.00
17시 07분 42초    5       0.00       0.00       0.00      40.00       0.00       0.00       0.00       0.00       0.00       0.00       0.00       0.00       0.00       0.00       0.00       0.00       0.00       0.00       0.00       0.00       0.00       0.00       0.00       0.00       0.00       0.00       0.00       0.00       0.00       0.00       0.00       0.00       0.00       0.00       0.00       0.00       0.00       0.00       0.00       0.00       0.00       0.00       0.00       0.00       0.00       0.00       0.00       0.00       0.00       0.00       0.00       0.00       0.00       0.00       0.00       0.00       0.00       0.00       0.00       0.00       0.00       0.00       0.00       0.00       0.00       0.00       0.00       0.00       0.00       0.00       0.00       0.00       0.00       0.00       0.00       0.00       0.00       0.00       0.00       0.00       0.00       0.00       0.00       0.00       0.00       0.00       0.00       0.00       0.00       0.00       0.00       0.00       0.00       0.00       0.00       0.00       0.00       0.00       0.00       0.00       0.00       0.00       0.00       0.00       0.00       0.00       0.00       0.00       0.00       0.00       0.00       0.00       0.00       0.00       0.00       0.00       0.00       0.00       0.00       0.00       0.00       0.00       0.00       0.00       0.00       0.00       0.00       0.00       0.00       0.00       0.00       0.00       0.00       0.00       0.00       0.00       5.00       1.00       0.00       0.00       0.00       0.00       0.00       0.00

17시 07분 41초  CPU       HI/s    TIMER/s   NET_TX/s   NET_RX/s    BLOCK/s IRQ_POLL/s  TASKLET/s    SCHED/s  HRTIMER/s      RCU/s
17시 07분 42초    0       0.00      12.00       2.00      36.00       0.00       0.00       0.00      20.00       0.00      27.00
17시 07분 42초    1       0.00      37.00       0.00       0.00       0.00       0.00       0.00      37.00       0.00      27.00
17시 07분 42초    2       0.00      21.00       0.00       0.00       0.00       0.00       0.00      14.00       0.00      12.00
17시 07분 42초    3       0.00       0.00       0.00       0.00       0.00       0.00       0.00      10.00       0.00      20.00
17시 07분 42초    4       0.00       2.00       0.00       0.00       0.00       0.00       0.00       4.00       0.00       5.00
17시 07분 42초    5       0.00      22.00       0.00       0.00       0.00       0.00       0.00      25.00       0.00      19.00

17시 07분 42초  CPU    %usr   %nice    %sys %iowait    %irq   %soft  %steal  %guest  %gnice   %idle
17시 07분 43초  all    1.00    0.00    1.33    0.00    0.00    0.33    0.00    0.00    0.00   97.33
17시 07분 43초    0    0.00    0.00    3.00    0.00    0.00    1.00    0.00    0.00    0.00   96.00
17시 07분 43초    1    0.00    0.00    2.00    0.00    0.00    1.00    0.00    0.00    0.00   97.00
17시 07분 43초    2    0.00    0.00    0.00    0.00    0.00    0.00    0.00    0.00    0.00  100.00
17시 07분 43초    3    2.00    0.00    2.00    0.00    0.00    0.00    0.00    0.00    0.00   96.00
17시 07분 43초    4    0.00    0.00    0.00    0.00    0.00    0.00    0.00    0.00    0.00  100.00
17시 07분 43초    5    4.00    0.00    1.00    0.00    0.00    0.00    0.00    0.00    0.00   95.00

17시 07분 42초  CPU    intr/s
17시 07분 43초  all    301.00
17시 07분 43초    0    129.00
17시 07분 43초    1     72.00
17시 07분 43초    2     46.00
17시 07분 43초    3     33.00
17시 07분 43초    4      0.00
17시 07분 43초    5     55.00

17시 07분 42초  CPU        9/s       11/s       12/s       13/s       18/s       20/s       21/s       22/s       23/s       24/s       25/s       26/s       27/s       28/s       29/s       30/s       31/s       32/s       33/s       34/s       35/s       36/s       37/s       38/s       39/s       40/s       41/s       42/s       43/s       44/s       45/s       46/s       47/s       48/s       49/s       50/s       51/s       52/s       53/s       54/s       55/s       57/s       59/s       61/s       65/s       66/s       67/s       68/s       69/s       70/s       71/s       72/s       73/s       74/s       75/s       76/s       77/s       79/s       80/s       81/s       82/s       83/s       84/s       85/s       86/s       87/s       88/s       89/s       90/s       91/s       92/s       93/s       94/s       95/s       96/s       97/s       98/s      112/s      113/s      114/s      115/s      116/s      117/s      118/s      119/s      120/s      121/s      122/s      123/s      124/s      125/s      126/s      127/s      128/s      129/s      130/s      131/s      132/s      133/s      134/s      135/s      136/s      137/s      138/s      150/s      154/s      162/s      167/s      171/s      224/s      228/s      229/s      230/s      231/s      232/s      233/s      234/s      235/s      236/s      237/s      245/s      246/s      247/s      249/s      2