Linux 5.10.120-tegra (orin-desktop) 	2024년 09월 30일 	_aarch64_	(6 CPU)

17시 08분 26초  CPU    %usr   %nice    %sys %iowait    %irq   %soft  %steal  %guest  %gnice   %idle
17시 08분 27초  all   12.42    0.00    1.85    0.00    0.17    0.00    0.00    0.00    0.00   85.57
17시 08분 27초    0    0.00    0.00    0.00    0.00    1.02    0.00    0.00    0.00    0.00   98.98
17시 08분 27초    1    0.00    0.00    1.01    0.00    0.00    0.00    0.00    0.00    0.00   98.99
17시 08분 27초    2    1.00    0.00    1.00    0.00    0.00    0.00    0.00    0.00    0.00   98.00
17시 08분 27초    3   35.35    0.00    0.00    0.00    0.00    0.00    0.00    0.00    0.00   64.65
17시 08분 27초    4    1.00    0.00    7.00    0.00    0.00    0.00    0.00    0.00    0.00   92.00
17시 08분 27초    5   37.00    0.00    2.00    0.00    0.00    0.00    0.00    0.00    0.00   61.00

17시 08분 26초  CPU    intr/s
17시 08분 27초  all   3182.00
17시 08분 27초    0    450.00
17시 08분 27초    1    125.00
17시 08분 27초    2    112.00
17시 08분 27초    3    132.00
17시 08분 27초    4     87.00
17시 08분 27초    5    144.00

17시 08분 26초  CPU        9/s       11/s       12/s       13/s       18/s       20/s       21/s       22/s       23/s       24/s       25/s       26/s       27/s       28/s       29/s       30/s       31/s       32/s       33/s       34/s       35/s       36/s       37/s       38/s       39/s       40/s       41/s       42/s       43/s       44/s       45/s       46/s       47/s       48/s       49/s       50/s       51/s       52/s       53/s       54/s       55/s       57/s       59/s       61/s       65/s       66/s       67/s       68/s       69/s       70/s       71/s       72/s       73/s       74/s       75/s       76/s       77/s       79/s       80/s       81/s       82/s       83/s       84/s       85/s       86/s       87/s       88/s       89/s       90/s       91/s       92/s       93/s       94/s       95/s       96/s       97/s       98/s      112/s      113/s      114/s      115/s      116/s      117/s      118/s      119/s      120/s      121/s      122/s      123/s      124/s      125/s      126/s      127/s      128/s      129/s      130/s      131/s      132/s      133/s      134/s      135/s      136/s      137/s      138/s      150/s      154/s      162/s      167/s      171/s      224/s      228/s      229/s      230/s      231/s      232/s      233/s      234/s      235/s      236/s      237/s      245/s      246/s      247/s      249/s      250/s      252/s      253/s      262/s      263/s      294/s      296/s      297/s      298/s      299/s      301/s      302/s     IPI0/s     IPI1/s     IPI2/s     IPI3/s     IPI4/s     IPI5/s     IPI6/s      Err/s
17시 08분 27초    0       0.00       0.00       0.00     120.00       0.00       0.00       0.00       0.00       0.00       0.00       0.00       0.00       0.00       0.00       0.00       0.00       0.00       0.00       0.00       0.00       0.00       0.00       0.00       0.00       0.00       0.00       0.00       0.00       0.00       0.00       0.00       0.00       0.00       0.00       0.00       0.00       0.00       0.00       0.00       0.00       0.00       0.00       0.00       0.00       0.00       0.00       0.00       0.00       0.00       0.00       0.00       0.00       0.00       0.00       0.00       0.00       0.00       0.00       0.00       0.00       0.00       0.00       0.00       0.00       0.00       0.00       0.00       0.00       0.00       0.00       0.00       0.00       0.00       0.00       0.00       0.00       0.00       0.00       0.00       7.00       0.00       0.00       0.00       0.00       0.00       0.00       0.00       0.00       0.00       0.00       0.00       0.00       0.00      76.00       0.00       0.00       0.00       0.00       0.00       0.00       0.00       0.00       0.00       0.00       0.00     207.00       0.00       0.00       0.00       0.00       0.00       0.00       0.00       0.00       0.00       0.00       0.00       0.00       0.00       0.00       0.00       0.00       0.00       0.00       0.00       0.00       0.00       0.00       0.00       0.00       0.00       0.00       0.00       0.00     304.00       0.00     187.00      51.00       0.00       0.00       0.00      58.00       0.00       0.00
17시 08분 27초    1       0.00       0.00       0.00     787.00       0.00       0.00       0.00       0.00       0.00       0.00       0.00       0.00       0.00       0.00       0.00       0.00       0.00       0.00       0.00       0.00       0.00       0.00       0.00       0.00       0.00       0.00       0.00       0.00       0.00       0.00       0.00       0.00       0.00       0.00       0.00       0.00       0.00       0.00       0.00       0.00       0.00       0.00       0.00       0.00       0.00       0.00       0.00       0.00       0.00       0.00       0.00       0.00       0.00       0.00       0.00       0.00       0.00       0.00       0.00       0.00       0.00       0.00       0.00       0.00       0.00       0.00       0.00       0.00       0.00       0.00       0.00       0.00       0.00       0.00       0.00       0.00       0.00       0.00       0.00       0.00       0.00       0.00       0.00       0.00       0.00       0.00       0.00       0.00       0.00       0.00       0.00       0.00       0.00       0.00       0.00       0.00       0.00       0.00       0.00       0.00       0.00       0.00       0.00       0.00       0.00       0.00       0.00       0.00       0.00       0.00       0.00       0.00       0.00       0.00       0.00       0.00       0.00       0.00       0.00       0.00       0.00       0.00       0.00       0.00       0.00       0.00       0.00       0.00       0.00       0.00       0.00       0.00       0.00       0.00       0.00       0.00     178.00      17.00       0.00       0.00       0.00      20.00       0.00       0.00
17시 08분 27초    2       0.00       0.00       0.00     134.00       0.00       0.00       0.00       0.00       0.00       0.00       0.00       0.00       0.00       0.00       0.00       0.00       0.00       0.00       0.00       0.00       0.00       0.00       0.00       0.00       0.00       0.00       0.00       0.00       0.00       0.00       0.00       0.00       0.00       0.00       0.00       0.00       0.00       0.00       0.00       0.00       0.00       0.00       0.00       0.00       0.00       0.00       0.00       0.00       0.00       0.00       0.00       0.00       0.00       0.00       0.00       0.00       0.00       0.00       0.00       0.00       0.00       0.00       0.00       0.00       0.00       0.00       0.00       0.00       0.00       0.00       0.00       0.00       0.00       0.00       0.00       0.00       0.00       0.00       0.00       0.00       0.00       0.00       0.00       0.00       0.00       0.00       0.00       0.00       0.00       0.00       0.00       0.00       0.00       0.00       0.00       0.00       0.00       0.00       0.00       0.00       0.00       0.00       0.00       0.00       0.00       0.00       0.00       0.00       0.00       0.00       0.00       0.00       0.00       0.00       0.00       0.00       0.00       0.00       0.00       0.00       0.00       0.00       0.00       0.00       0.00       0.00       0.00       0.00       0.00       0.00       0.00       0.00       0.00       0.00       0.00       0.00     130.00       2.00       0.00       0.00       0.00      19.00       0.00       0.00
17시 08분 27초    3       0.00       0.00       0.00     189.00       0.00       0.00       0.00       0.00       0.00       0.00       0.00       0.00       0.00       0.00       0.00       0.00       0.00       0.00       0.00       0.00       0.00       0.00       0.00       0.00       0.00       0.00       0.00       0.00       0.00       0.00       0.00       0.00       0.00       0.00       0.00       0.00       0.00       0.00       0.00       0.00       0.00       0.00       0.00       0.00       0.00       0.00       0.00       0.00       0.00       0.00       0.00       0.00       0.00       0.00       0.00       0.00       0.00       0.00       0.00       0.00       0.00       0.00       0.00       0.00       0.00       0.00       0.00       0.00       0.00       0.00       0.00       0.00       0.00       0.00       0.00       0.00       0.00       0.00       0.00       0.00       0.00       0.00       0.00       0.00       0.00       0.00       0.00       0.00       0.00       0.00       0.00       0.00       0.00       0.00       0.00       0.00       0.00       0.00       0.00       0.00       0.00       0.00       0.00       0.00       0.00       0.00       0.00       0.00       0.00       0.00       0.00       0.00       0.00       0.00       0.00       0.00       0.00       0.00       0.00       0.00       0.00       0.00       0.00       0.00       0.00       0.00       0.00       0.00       0.00       0.00       0.00       0.00       0.00       0.00       0.00       0.00     121.00       3.00       0.00       0.00       0.00      94.00       0.00       0.00
17시 08분 27초    4       0.00       0.00       0.00     109.00       0.00       0.00       0.00       0.00       0.00       0.00       0.00       0.00       0.00       0.00       0.00       0.00       0.00       0.00       0.00       0.00       0.00       0.00       0.00       0.00       0.00       0.00       0.00       0.00       0.00       0.00       0.00       0.00       0.00       0.00       0.00       0.00       0.00       0.00       0.00       0.00       0.00       0.00       0.00       0.00       0.00       0.00       0.00       0.00       0.00       0.00       0.00       0.00       0.00       0.00       0.00       0.00       0.00       0.00       0.00       0.00       0.00       0.00       0.00       0.00       0.00       0.00       0.00       0.00       0.00       0.00       0.00       0.00       0.00       0.00       0.00       0.00       0.00       0.00       0.00       0.00       0.00       0.00       0.00       0.00       0.00       0.00       0.00       0.00       0.00       0.00       0.00       0.00       0.00       0.00       0.00       0.00       0.00       0.00       0.00       0.00       0.00       0.00       0.00       0.00       0.00       0.00       0.00       0.00       0.00       0.00       0.00       0.00       0.00       0.00       0.00       0.00       0.00       0.00       0.00       0.00       0.00       0.00       0.00       0.00       0.00       0.00       0.00       0.00       0.00       0.00       0.00       0.00       0.00       0.00       0.00       0.00      56.00       1.00       0.00       0.00       0.00       2.00       0.00       0.00
17시 08분 27초    5       0.00       0.00       0.00     155.00       0.00       0.00       0.00       0.00       0.00       0.00       0.00       0.00       0.00       0.00       0.00       0.00       0.00       0.00       0.00       0.00       0.00       0.00       0.00       0.00       0.00       0.00       0.00       0.00       0.00       0.00       0.00       0.00       0.00       0.00       0.00       0.00       0.00       0.00       0.00       0.00       0.00       0.00       0.00       0.00       0.00       0.00       0.00       0.00       0.00       0.00       0.00       0.00       0.00       0.00       0.00       0.00       0.00       0.00       0.00       0.00       0.00       0.00       0.00       0.00       0.00       0.00       0.00       0.00       0.00       0.00       0.00       0.00       0.00       0.00       0.00       0.00       0.00       0.00       0.00       0.00       0.00       0.00       0.00       0.00       0.00       0.00       0.00       0.00       0.00       0.00       0.00       0.00       0.00       0.00       0.00       0.00       0.00       0.00       0.00       0.00       0.00       0.00       0.00       0.00       0.00       0.00       0.00       0.00       0.00       0.00       0.00       0.00       0.00       0.00       0.00       0.00       0.00       0.00       0.00       0.00       0.00       0.00       0.00       0.00       0.00       0.00       0.00       0.00       0.00       0.00       0.00       0.00       0.00       0.00       0.00       0.00     148.00       0.00       0.00       0.00       0.00       7.00       0.00       0.00

17시 08분 26초  CPU       HI/s    TIMER/s   NET_TX/s   NET_RX/s    BLOCK/s IRQ_POLL/s  TASKLET/s    SCHED/s  HRTIMER/s      RCU/s
17시 08분 27초    0       0.00      23.00      14.00     279.00       0.00       0.00       0.00      91.00       0.00      43.00
17시 08분 27초    1       0.00      28.00       0.00       0.00       0.00       0.00       0.00      57.00       0.00      40.00
17시 08분 27초    2       0.00      30.00       0.00       0.00       0.00       0.00       0.00      44.00       0.00      38.00
17시 08분 27초    3       0.00       9.00       0.00       0.00       0.00       0.00       0.00      79.00       0.00      44.00
17시 08분 27초    4       0.00       5.00       0.00       0.00       0.00       0.00       0.00      37.00       0.00      45.00
17시 08분 27초    5       0.00      11.00       0.00       0.00       0.00       0.00       0.00      59.00       0.00      74.00

17시 08분 27초  CPU    %usr   %nice    %sys %iowait    %irq   %soft  %steal  %guest  %gnice   %idle
17시 08분 28초  all   11.22    0.00    4.19    0.00    0.00    0.00    0.00    0.00    0.00   84.59
17시 08분 28초    0    8.00    0.00   15.00    0.00    0.00    0.00    0.00    0.00    0.00   77.00
17시 08분 28초    1    0.00    0.00    0.00    0.00    0.00    0.00    0.00    0.00    0.00  100.00
17시 08분 28초    2    1.00    0.00    3.00    0.00    0.00    0.00    0.00    0.00    0.00   96.00
17시 08분 28초    3   23.23    0.00    1.01    0.00    0.00    0.00    0.00    0.00    0.00   75.76
17시 08분 28초    4    1.00    0.00    6.00    0.00    0.00    0.00    0.00    0.00    0.00   93.00
17시 08분 28초    5   33.66    0.00    0.00    0.00    0.00    0.00    0.00    0.00    0.00   66.34

17시 08분 27초  CPU    intr/s
17시 08분 28초  all   4781.00
17시 08분 28초    0    561.00
17시 08분 28초    1    193.00
17시 08분 28초    2    126.00
17시 08분 28초    3    118.00
17시 08분 28초    4    124.00
17시 08분 28초    5    134.00

17시 08분 27초  CPU        9/s       11/s       12/s       13/s       18/s       20/s       21/s       22/s       23/s       24/s       25/s       26/s       27/s       28/s       29/s       30/s       31/s       32/s       33/s       34/s       35/s       36/s       37/s       38/s       39/s       40/s       41/s       42/s       43/s       44/s       45/s       46/s       47/s       48/s       49/s       50/s       51/s       52/s       53/s       54/s       55/s       57/s       59/s       61/s       65/s       66/s       67/s       68/s       69/s       70/s       71/s       72/s       73/s       74/s       75/s       76/s       77/s       79/s       80/s       81/s       82/s       83/s       84/s       85/s       86/s       87/s       88/s       89/s       90/s       91/s       92/s       93/s       94/s       95/s       96/s       97/s       98/s      112/s      113/s      114/s      115/s      116/s      117/s      118/s      119/s      120/s      121/s      122/s      123/s      124/s      125/s      126/s      127/s      128/s      129/s      130/s      131/s      132/s      133/s      134/s      135/s      136/s      137/s      138/s      150/s      154/s      162/s      167/s      171/s      224/s      228/s      229/s      230/s      231/s      232/s      233/s      234/s      235/s      236/s      237/s      245/s      246/s      247/s      249/s      250/s      252/s      253/s      262/s      263/s      294/s      296/s      297/s      298/s      299/s      301/s      302/s     IPI0/s     IPI1/s     IPI2/s     IPI3/s     IPI4/s     IPI5/s     IPI6/s      Err/s
17시 08분 28초    0       0.00       0.00       0.00     231.00       0.00       0.00       0.00       0.00       0.00       0.00       0.00       0.00       0.00       0.00       0.00       0.00       0.00       0.00       0.00       0.00       0.00       0.00       0.00       0.00       0.00       0.00       0.00       0.00       0.00       0.00       0.00       0.00       0.00       0.00       0.00       0.00       0.00       0.00       0.00       0.00       0.00       0.00       0.00       0.00       0.00       0.00     140.00       0.00       0.00       0.00       0.00       0.00       0.00       0.00       0.00       0.00       0.00       0.00       0.00       0.00       0.00       0.00       0.00       0.00       0.00       0.00       0.00       0.00       0.00       0.00       0.00       0.00       0.00       0.00       0.00       0.00       0.00       0.00       0.00       5.00       0.00       0.00       0.00       0.00       0.00       0.00       0.00       0.00       0.00       0.00       0.00       0.00       0.00      81.00       0.00       0.00       0.00       0.00       0.00       0.00       0.00       0.00       0.00       0.00       0.00     252.00       0.00       0.00       0.00       0.00       0.00       0.00       0.00       0.00       0.00       0.00       0.00       0.00       0.00       0.00       0.00       0.00       0.00       0.00       0.00       0.00       0.00       0.00       0.00       0.00       0.00       0.00       0.00       0.00     385.00       0.00     148.00      13.00       0.00       0.00       0.00      68.00       0.00       0.00
17시 08분 28초    1       0.00       0.00       0.00     885.00       0.00       0.00       0.00       0.00       0.00       0.00       0.00       0.00       0.00       0.00       0.00       0.00       0.00       0.00       0.00       0.00       0.00       0.00       0.00       0.00       0.00       0.00       0.00       0.00       0.00       0.00       0.00       0.00       0.00       0.00       0.00       0.00       0.00       0.00       0.00       0.00       0.00       0.00       0.00       0.00       0.00       0.00       0.00       0.00       0.00       0.00       0.00       0.00       0.00       0.00       0.00       0.00       0.00       0.00       0.00       0.00       0.00       0.00       0.00       0.00       0.00       0.00       0.00       0.00       0.00       0.00       0.00       0.00       0.00       0.00       0.00       0.00       0.00       0.00       0.00       0.00       0.00       0.00       0.00       0.00       0.00       0.00       0.00       0.00       0.00       0.00       0.00       0.00       0.00       0.00       0.00       0.00       0.00       0.00       0.00       0.00       0.00       0.00       0.00       0.00       0.00       0.00       0.00       0.00       0.00       0.00       0.00       0.00       0.00       0.00       0.00       0.00       0.00       0.00       0.00       0.00       0.00       0.00       0.00       0.00       0.00       0.00       0.00       0.00       0.00       0.00       0.00       0.00       0.00       0.00       0.00       0.00     164.00      97.00       0.00       0.00       0.00      25.00       0.00       0.00
17시 08분 28초    2       0.00       0.00       0.00     984.00       0.00       0.00       0.00       0.00       0.00       0.00       0.00       0.00       0.00       0.00       0.00       0.00       0.00       0.00       0.00       0.00       0.00       0.00       0.00       0.00       0.00       0.00       0.00       0.00       0.00       0.00       0.00       0.00       0.00       0.00       0.00       0.00       0.00       0.00       0.00       0.00       0.00       0.00       0.00       0.00       0.00       0.00       0.00       0.00       0.00       0.00       0.00       0.00       0.00       0.00       0.00       0.00       0.00       0.00       0.00       0.00       0.00       0.00       0.00       0.00       0.00       0.00       0.00       0.00       0.00       0.00       0.00       0.00       0.00       0.00       0.00       0.00       0.00       0.00       0.00       0.00       0.00       0.00       0.00       0.00       0.00       0.00       0.00       0.00       0.00       0.00       0.00       0.00       0.00       0.00       0.00       0.00       0.00       0.00       0.00       0.00       0.00       0.00       0.00       0.00       0.00       0.00       0.00       0.00       0.00       0.00       0.00       0.00       0.00       0.00       0.00       0.00       0.00       0.00       0.00       0.00       0.00       0.00       0.00       0.00       0.00       0.00       0.00       0.00       0.00       0.00       0.00       0.00       0.00       0.00       0.00       0.00     189.00      12.00       0.00       0.00       0.00      17.00       0.00       0.00
17시 08분 28초    3       0.00       0.00       0.00     139.00       0.00       0.00       0.00       0.00       0.00       0.00       0.00       0.00       0.00       0.00       0.00       0.00       0.00       0.00       0.00       0.00       0.00       0.00       0.00       0.00       0.00       0.00       0.00       0.00       0.00       0.00       0.00       0.00       0.00       0.00       0.00       0.00       0.00       0.00       0.00       0.00       0.00       0.00       0.00       0.00       0.00       0.00       0.00       0.00       0.00       0.00       0.00       0.00       0.00       0.00       0.00       0.00       0.00       0.00       0.00       0.00       0.00       0.00       0.00       0.00       0.00       0.00       0.00       0.00       0.00       0.00       0.00       0.00       0.00       0.00       0.00       0.00       0.00       0.00       0.00       0.00       0.00       0.00       0.00       0.00       0.00       0.00       0.00       0.00       0.00       0.00       0.00       0.00       0.00       0.00       0.00       0.00       0.00       0.00       0.00       0.00       0.00       0.00       0.00       0.00       0.00       0.00       0.00       0.00       0.00       0.00       0.00       0.00       0.00       0.00       0.00       0.00       0.00       0.00       0.00       0.00       0.00       0.00       0.00       0.00       0.00       0.00       0.00       0.00       0.00       0.00       0.00       0.00       0.00       0.00       0.00       0.00     161.00       5.00       0.00       0.00       0.00      39.00       0.00       0.00
17시 08분 28초    4       0.00       0.00       0.00     158.00       0.00       0.00       0.00       0.00       0.00       0.00       0.00       0.00       0.00       0.00       0.00       0.00       0.00       0.00       0.00       0.00       0.00       0.00       0.00       0.00       0.00       0.00       0.00       0.00       0.00       0.00       0.00       0.00       0.00       0.00       0.00       0.00       0.00       0.00       0.00       0.00       0.00       0.00       0.00       0.00       0.00       0.00       0.00       0.00       0.00       0.00       0.00       0.00       0.00       0.00       0.00       0.00       0.00       0.00       0.00       0.00       0.00       0.00       0.00       0.00       0.00       0.00       0.00       0.00       0.00       0.00       0.00       0.00       0.00       0.00       0.00       0.00       0.00       0.00       0.00       0.00       0.00       0.00       0.00       0.00       0.00       0.00       0.00       0.00       0.00       0.00       0.00       0.00       0.00       0.00       0.00       0.00       0.00       0.00       0.00       0.00       0.00       0.00       0.00       0.00       0.00       0.00       0.00       0.00       0.00       0.00       0.00       0.00       0.00       0.00       0.00       0.00       0.00       0.00       0.00       0.00       0.00       0.00       0.00       0.00       0.00       0.00       0.00       0.00       0.00       0.00       0.00       0.00       0.00       0.00       0.00       0.00     174.00       0.00       0.00       0.00       0.00      15.00       0.00       0.00
17시 08분 28초    5       0.00       0.00       0.00     186.00       0.00       0.00       0.00       0.00       0.00       0.00       0.00       0.00       0.00       0.00       0.00       0.00       0.00       0.00       0.00       0.00       0.00       0.00       0.00       0.00       0.00       0.00       0.00       0.00       0.00       0.00       0.00       0.00       0.00       0.00       0.00       0.00       0.00       0.00       0.00       0.00       0.00       0.00       0.00       0.00       0.00       0.00       0.00       0.00       0.00       0.00       0.00       0.00       0.00       0.00       0.00       0.00       0.00       0.00       0.00       0.00       0.00       0.00       0.00       0.00       0.00       0.00       0.00       0.00       0.00       0.00       0.00       0.00       0.00       0.00       0.00       0.00       0.00       0.00       0.00       0.00       0.00       0.00       0.00       0.00       0.00       0.00       0.00       0.00       0.00       0.00       0.00       0.00       0.00       0.00       0.00       0.00       0.00       0.00       0.00       0.00       0.00       0.00       0.00       0.00       0.00       0.00       0.00       0.00       0.00       0.00       0.00       0.00       0.00       0.00       0.00       0.00       0.00       0.00       0.00       0.00       0.00       0.00       0.00       0.00       0.00       0.00       0.00       0.00       0.00       0.00       0.00       0.00       0.00       0.00       0.00       0.00     143.00       3.00       0.00       0.00       0.00      62.00       0.00       0.00

17시 08분 27초  CPU       HI/s    TIMER/s   NET_TX/s   NET_RX/s    BLOCK/s IRQ_POLL/s  TASKLET/s    SCHED/s  HRTIMER/s      RCU/s
17시 08분 28초    0       0.00      11.00      17.00     353.00       4.00       0.00       0.00     119.00       0.00      57.00
17시 08분 28초    1       0.00      27.00       0.00       0.00       0.00       0.00       0.00     132.00       0.00      34.00
17시 08분 28초    2       0.00      30.00       0.00       0.00       0.00       0.00       0.00      56.00       0.00      40.00
17시 08분 28초    3       0.00      16.00       0.00       0.00       0.00       0.00       0.00      60.00       0.00      42.00
17시 08분 28초    4       0.00      15.00       0.00       0.00       0.00       0.00       0.00      51.00       0.00      58.00
17시 08분 28초    5       0.00      15.00       0.00       0.00       0.00       0.00       0.00      78.00       0.00      41.00

17시 08분 28초  CPU    %usr   %nice    %sys %iowait    %irq   %soft  %steal  %guest  %gnice   %idle
17시 08분 29초  all   11.60    0.00    2.35    0.00    0.84    0.17    0.00    0.00    0.00   85.04
17시 08분 29초    0    4.00    0.00    2.00    0.00    1.00    0.00    0.00    0.00    0.00   93.00
17시 08분 29초    1   35.00    0.00    1.00    0.00    1.00    0.00    0.00    0.00    0.00   63.00
17시 08분 29초    2    4.04    0.00    2.02    0.00    1.01    1.01    0.00    0.00    0.00   91.92
17시 08분 29초    3    5.05    0.00    2.02    0.00    1.01    0.00    0.00    0.00    0.00   91.92
17시 08분 29초    4    4.04    0.00    6.06    0.00    0.00    0.00    0.00    0.00    0.00   89.90
17시 08분 29초    5   17.35    0.00    1.02    0.00    1.02    0.00    0.00    0.00    0.00   80.61

17시 08분 28초  CPU    intr/s
17시 08분 29초  all   6433.00
17시 08분 29초    0    565.00
17시 08분 29초    1    258.00
17시 08분 29초    2    141.00
17시 08분 29초    3    137.00
17시 08분 29초    4    142.00
17시 08분 29초    5    146.00

17시 08분 28초  CPU        9/s       11/s       12/s       13/s       18/s       20/s       21/s       22/s       23/s       24/s       25/s       26/s       27/s       28/s       29/s       30/s       31/s       32/s       33/s       34/s       35/s       36/s       37/s       38/s       39/s       40/s       41/s       42/s       43/s       44/s       45/s       46/s       47/s       48/s       49/s       50/s       51/s       52/s       53/s       54/s       55/s       57/s       59/s       61/s       65/s       66/s       67/s       68/s       69/s       70/s       71/s       72/s       73/s       74/s       75/s       76/s       77/s       79/s       80/s       81/s       82/s       83/s       84/s       85/s       86/s       87/s       88/s       89/s       90/s       91/s       92/s       93/s       94/s       95/s       96/s       97/s       98/s      112/s      113/s      114/s      115/s      116/s      117/s      118/s      119/s      120/s      121/s      122/s      123/s      124/s      125/s      126/s      127/s      128/s      129/s      130/s      131/s      132/s      133/s      134/s      135/s      136/s      137/s      138/s      150/s      154/s      162/s      167/s      171/s      224/s      228/s      229/s      230/s      231/s      232/s      233/s      234/s      235/s      236/s      237/s      245/s      246/s      247/s      249/s      250/s      252/s      253/s      262/s      263/s      294/s      296/s      297/s      298/s      299/s      301/s      302/s     IPI0/s     IPI1/s     IPI2/s     IPI3/s     IPI4/s     IPI5/s     IPI6/s      Err/s
17시 08분 29초    0       0.00       0.00       0.00     780.00       0.00       0.00       0.00       0.00       0.00       0.00       0.00       0.00       0.00       0.00       0.00       0.00       0.00       0.00       0.00       0.00       0.00       0.00       0.00       0.00       0.00       0.00       0.00       0.00       0.00       0.00       0.00       0.00       0.00       0.00       0.00       0.00       0.00       0.00       0.00       0.00       0.00       0.00       0.00       0.00       0.00       0.00       0.00       0.00       0.00       0.00       0.00       0.00       0.00       0.00       0.00       0.00       0.00       0.00       0.00       0.00       0.00       0.00       0.00       0.00       0.00       0.00       0.00       0.00       0.00       0.00       0.00       0.00       0.00       0.00       0.00       0.00       0.00      79.00       0.00       2.00       0.00       0.00       0.00       0.00       0.00       0.00       0.00       0.00       0.00       0.00       0.00       0.00       0.00      66.00       0.00       0.00       0.00       0.00       0.00       0.00       0.00       0.00       0.00       0.00       0.00     249.00       0.00       0.00       0.00       0.00       0.00       0.00       0.00       0.00       0.00       0.00       0.00       0.00       0.00       0.00       0.00       0.00       0.00       0.00       0.00       0.00       0.00       0.00       0.00       0.00       0.00       0.00       0.00       0.00     392.00       0.00     270.00      50.00       0.00       0.00       0.00      73.00       0.00       0.00
17시 08분 29초    1       0.00       0.00       0.00     301.00       0.00       0.00       0.00       0.00       0.00       0.00       0.00       0.00       0.00       0.00       0.00       0.00       0.00       0.00       0.00       0.00       0.00       0.00       0.00       0.00       0.00       0.00       0.00       0.00       0.00       0.00       0.00       0.00       0.00       0.00       0.00       0.00       0.00       0.00       0.00       0.00       0.00       0.00       0.00       0.00       0.00       0.00       0.00       0.00       0.00       0.00       0.00       0.00       0.00       0.00       0.00       0.00       0.00       0.00       0.00       0.00       0.00       0.00       0.00       0.00       0.00       0.00       0.00       0.00       0.00       0.00       0.00       0.00       0.00       0.00       0.00       0.00       0.00       0.00       0.00       0.00       0.00       0.00       0.00       0.00       0.00       0.00       0.00       0.00       0.00       0.00       0.00       0.00       0.00       0.00       0.00       0.00       0.00       0.00       0.00       0.00       0.00       0.00       0.00       0.00       0.00       0.00       0.00       0.00       0.00       0.00       0.00       0.00       0.00       0.00       0.00       0.00       0.00       0.00       0.00       0.00       0.00       0.00       0.00       0.00       0.00       0.00       0.00       0.00       0.00       0.00       0.00       0.00       0.00       0.00       0.00       0.00     237.00      13.00       0.00       0.00       0.00      94.00       0.00       0.00
17시 08분 29초    2       0.00       0.00       0.00     353.00       0.00       0.00       0.00       0.00       0.00       0.00       0.00       0.00       0.00       0.00       0.00       0.00       0.00       0.00       0.00       0.00       0.00       0.00       0.00       0.00       0.00       0.00       0.00       0.00       0.00       0.00       0.00       0.00       0.00       0.00       0.00       0.00       0.00       0.00       0.00       0.00       0.00       0.00       0.00       0.00       0.00       0.00       0.00       0.00       0.00       0.00       0.00       0.00       0.00       0.00       0.00       0.00       0.00       0.00       0.00       0.00       0.00       0.00       0.00       0.00       0.00       0.00       0.00       0.00       0.00       0.00       0.00       0.00       0.00       0.00       0.00       0.00       0.00       0.00       0.00       0.00       0.00       0.00       0.00       0.00       0.00       0.00       0.00       0.00       0.00       0.00       0.00       0.00       0.00       0.00       0.00       0.00       0.00       0.00       0.00       0.00       0.00       0.00       0.00       0.00       0.00       0.00       0.00       0.00       0.00       0.00       0.00       0.00       0.00       0.00       0.00       0.00       0.00       0.00       0.00       0.00       0.00       0.00       0.00       0.00       0.00       0.00       0.00       0.00       0.00       0.00       0.00       0.00       0.00       0.00       0.00       0.00     239.00      29.00       0.00       0.00       0.00      10.00       0.00       0.00
17시 08분 29초    3       0.00       0.00       0.00     665.00       0.00       0.00       0.00       0.00       0.00       0.00       0.00       0.00       0.00       0.00       0.00       0.00       0.00       0.00       0.00       0.00       0.00       0.00       0.00       0.00       0.00       0.00       0.00       0.00       0.00       0.00       0.00       0.00       0.00       0.00       0.00       0.00       0.00       0.00       0.00       0.00       0.00       0.00       0.00       0.00       0.00       0.00       0.00       0.00       0.00       0.00       0.00       0.00       0.00       0.00       0.00       0.00       0.00       0.00       0.00       0.00       0.00       0.00       0.00       0.00       0.00       0.00       0.00       0.00       0.00       0.00       0.00       0.00       0.00       0.00       0.00       0.00       0.00       0.00       0.00       0.00       0.00       0.00       0.00       0.00       0.00       0.00       0.00       0.00       0.00       0.00       0.00       0.00       0.00       0.00       0.00       0.00       0.00       0.00       0.00       0.00       0.00       0.00       0.00       0.00       0.00       0.00       0.00       0.00       0.00       0.00       0.00       0.00       0.00       0.00       0.00       0.00       0.00       0.00       0.00       0.00       0.00       0.00       0.00       0.00       0.00       0.00       0.00       0.00       0.00       0.00       0.00       0.00       0.00       0.00       0.00       0.00     325.00      14.00       0.00       0.00       0.00      12.00       0.00       0.00
17시 08분 29초    4       0.00       0.00       0.00    1207.00       0.00       0.00       0.00       0.00       0.00       0.00       0.00       0.00       0.00       0.00       0.00       0.00       0.00       0.00       0.00       0.00       0.00       0.00       0.00       0.00       0.00       0.00       0.00       0.00       0.00       0.00       0.00       0.00       0.00       0.00       0.00       0.00       0.00       0.00       0.00       0.00       0.00       0.00       0.00       0.00       0.00       0.00       0.00       0.00       0.00       0.00       0.00       0.00       0.00       0.00       0.00       0.00       0.00       0.00       0.00       0.00       0.00       0.00       0.00       0.00       0.00       0.00       0.00       0.00       0.00       0.00       0.00       0.00       0.00       0.00       0.00       0.00       0.00       0.00       0.00       0.00       0.00       0.00       0.00       0.00       0.00       0.00       0.00       0.00       0.00       0.00       0.00       0.00       0.00       0.00       0.00       0.00       0.00       0.00       0.00       0.00       0.00       0.00       0.00       0.00       0.00       0.00       0.00       0.00       0.00       0.00       0.00       0.00       0.00       0.00       0.00       0.00       0.00       0.00       0.00       0.00       0.00       0.00       0.00       0.00       0.00       0.00       0.00       0.00       0.00       0.00       0.00       0.00       0.00       0.00       0.00       0.00     383.00       5.00       0.00       0.00       0.00      17.00       0.00       0.00
17시 08분 29초    5       0.00       0.00       0.00     235.00       0.00       0.00       0.00       0.00       0.00       0.00       0.00       0.00       0.00       0.00       0.00       0.00       0.00       0.00       0.00       0.00       0.00       0.00       0.00       0.00       0.00       0.00       0.00       0.00       0.00       0.00       0.00       0.00       0.00       0.00       0.00       0.00       0.00       0.00       0.00       0.00       0.00       0.00       0.00       0.00       0.00       0.00       0.00       0.00       0.00       0.00       0.00       0.00       0.00       0.00       0.00       0.00       0.00       0.00       0.00       0.00       0.00       0.00       0.00       0.00       0.00       0.00       0.00       0.00       0.00       0.00       0.00       0.00       0.00       0.00       0.00       0.00       0.00       0.00       0.00       0.00       0.00       0.00       0.00       0.00       0.00       0.00       0.00       0.00       0.00       0.00       0.00       0.00       0.00       0.00       0.00       0.00       0.00       0.00       0.00       0.00       0.00       0.00       0.00       0.00       0.00       0.00       0.00       0.00       0.00       0.00       0.00       0.00       0.00       0.00       0.00       0.00       0.00       0.00       0.00       0.00       0.00       0.00       0.00       0.00       0.00       0.00       0.00       0.00       0.00       0.00       0.00       0.00       0.00       0.00       0.00       0.00     289.00      10.00       0.00       0.00       0.00      34.00       0.00       0.00

17시 08분 28초  CPU       HI/s    TIMER/s   NET_TX/s   NET_RX/s    BLOCK/s IRQ_POLL/s  TASKLET/s    SCHED/s  HRTIMER/s      RCU/s
17시 08분 29초    0       0.00      18.00      16.00     360.00       0.00       0.00       0.00     108.00       0.00      63.00
17시 08분 29초    1       0.00      21.00       0.00       0.00       0.00       0.00       0.00      87.00       0.00     150.00
17시 08분 29초    2       0.00      22.00       0.00       0.00       0.00       0.00       0.00      64.00       0.00      55.00
17시 08분 29초    3       0.00      33.00       0.00       0.00       0.00       0.00       0.00      68.00       0.00      36.00
17시 08분 29초    4       0.00      14.00       0.00       0.00       0.00       0.00       0.00      62.00       0.00      66.00
17시 08분 29초    5       0.00      16.00       0.00       0.00       0.00       0.00       0.00      65.00       0.00      65.00

17시 08분 29초  CPU    %usr   %nice    %sys %iowait    %irq   %soft  %steal  %guest  %gnice   %idle
17시 08분 30초  all   10.05    0.00    4.19    0.67    0.17    0.34    0.00    0.00    0.00   84.59
17시 08분 30초    0    8.08    0.00    1.01    0.00    1.01    1.01    0.00    0.00    0.00   88.89
17시 08분 30초    1   38.24    0.00   13.73    0.98    0.00    0.00    0.00    0.00    0.00   47.06
17시 08분 30초    2    1.00    0.00    3.00    0.00    0.00    0.00    0.00    0.00    0.00   96.00
17시 08분 30초    3   10.31    0.00    1.03    0.00    0.00    1.03    0.00    0.00    0.00   87.63
17시 08분 30초    4    1.01    0.00    5.05    1.01    0.00    0.00    0.00    0.00    0.00   92.93
17시 08분 30초    5    1.00    0.00    1.00    2.00    0.00    0.00    0.00    0.00    0.00   96.00

17시 08분 29초  CPU    intr/s
17시 08분 30초  all   5781.00
17시 08분 30초    0    580.00
17시 08분 30초    1    189.00
17시 08분 30초    2    154.00
17시 08분 30초    3    102.00
17시 08분 30초    4     94.00
17시 08분 30초    5    111.00

17시 08분 29초  CPU        9/s       11/s       12/s       13/s       18/s       20/s       21/s       22/s       23/s       24/s       25/s       26/s       27/s       28/s       29/s       30/s       31/s       32/s       33/s       34/s       35/s       36/s       37/s       38/s       39/s       40/s       41/s       42/s       43/s       44/s       45/s       46/s       47/s       48/s       49/s       50/s       51/s       52/s       53/s       54/s       55/s       57/s       59/s       61/s       65/s       66/s       67/s       68/s       69/s       70/s       71/s       72/s       73/s       74/s       75/s       76/s       77/s       79/s       80/s       81/s       82/s       83/s       84/s       85/s       86/s       87/s       88/s       89/s       90/s       91/s       92/s       93/s       94/s       95/s       96/s       97/s       98/s      112/s      113/s      114/s      115/s      116/s      117/s      118/s      119/s      120/s      121/s      122/s      123/s      124/s      125/s      126/s      127/s      128/s      129/s      130/s      131/s      132/s      133/s      134/s      135/s      136/s      137/s      138/s      150/s      154/s      162/s      167/s      171/s      224/s      228/s      229/s      230/s      231/s      232/s      233/s      234/s      235/s      236/s      237/s      245/s      246/s      247/s      249/s      250/s      252/s      253/s      262/s      263/s      294/s      296/s      297/s      298/s      299/s      301/s      302/s     IPI0/s     IPI1/s     IPI2/s     IPI3/s     IPI4/s     IPI5/s     IPI6/s      Err/s
17시 08분 30초    0       0.00       0.00       0.00     516.00       0.00       0.00       0.00       0.00       0.00       0.00       0.00       0.00       0.00       0.00       0.00       0.00       0.00       0.00       0.00       0.00       0.00       0.00       0.00       0.00       0.00       0.00       0.00       0.00       0.00       0.00       0.00       0.00       0.00       0.00       0.00       0.00       0.00       0.00       0.00       0.00       0.00       0.00       0.00       0.00       0.00       0.00     134.00       0.00       0.00       0.00       0.00       0.00       0.00       0.00       0.00       0.00       0.00       0.00       0.00       0.00       0.00       0.00       0.00       0.00       0.00       0.00       0.00       0.00       0.00       0.00       0.00       0.00       0.00       0.00       0.00       0.00       0.00       2.00       0.00       1.00       0.00       0.00       0.00       0.00       0.00       0.00       0.00       0.00       0.00       0.00       0.00       0.00       0.00      57.00       0.00       0.00       0.00       0.00       0.00       0.00       0.00       0.00       0.00       0.00       0.00     233.00       0.00       0.00       0.00       0.00       0.00       0.00       0.00       0.00       0.00       0.00       0.00       0.00       0.00       0.00       0.00       0.00       0.00       0.00       0.00       0.00       0.00       0.00       0.00       0.00       0.00       0.00       0.00       0.00     429.00       0.00     284.00      29.00       0.00       0.00       0.00      55.00       0.00       0.00
17시 08분 30초    1       0.00       0.00       0.00     245.00       0.00       0.00       0.00       0.00       0.00       0.00       0.00       0.00       0.00       0.00       0.00       0.00       0.00       0.00       0.00       0.00       0.00       0.00       0.00       0.00       0.00       0.00       0.00       0.00       0.00       0.00       0.00       0.00       0.00       0.00       0.00       0.00       0.00       0.00       0.00       0.00       0.00       0.00       0.00       0.00       0.00       0.00       0.00       0.00       0.00       0.00       0.00       0.00       0.00       0.00       0.00       0.00       0.00       0.00       0.00       0.00       0.00       0.00       0.00       0.00       0.00       0.00       0.00       0.00       0.00       0.00       0.00       0.00       0.00       0.00       0.00       0.00       0.00       0.00       0.00       0.00       0.00       0.00       0.00       0.00       0.00       0.00       0.00       0.00       0.00       0.00       0.00       0.00       0.00       0.00       0.00       0.00       0.00       0.00       0.00       0.00       0.00       0.00       0.00       0.00       0.00       0.00       0.00       0.00       0.00       0.00       0.00       0.00       0.00       0.00       0.00       0.00       0.00       0.00       0.00       0.00       0.00       0.00       0.00       0.00       0.00       0.00       0.00       0.00       0.00       0.00       0.00       0.00       0.00       0.00       0.00       0.00     276.00      10.00       0.00       0.00       0.00      95.00       0.00       0.00
17시 08분 30초    2       0.00       0.00       0.00    2284.00       0.00       0.00       0.00       0.00       0.00       0.00       0.00       0.00       0.00       0.00       0.00       0.00       0.00       0.00       0.00       0.00       0.00       0.00       0.00       0.00       0.00       0.00       0.00       0.00       0.00       0.00       0.00       0.00       0.00       0.00       0.00       0.00       0.00       0.00       0.00       0.00       0.00       0.00       0.00       0.00       0.00       0.00       0.00       0.00       0.00       0.00       0.00       0.00       0.00       0.00       0.00       0.00       0.00       0.00       0.00       0.00       0.00       0.00       0.00       0.00       0.00       0.00       0.00       0.00       0.00       0.00       0.00       0.00       0.00       0.00       0.00       0.00       0.00       0.00       0.00       0.00       0.00       0.00       0.00       0.00       0.00       0.00       0.00       0.00       0.00       0.00       0.00       0.00       0.00       0.00       0.00       0.00       0.00       0.00       0.00       0.00       0.00       0.00       0.00       0.00       0.00       0.00       0.00       0.00       0.00       0.00       0.00       0.00       0.00       0.00       0.00       0.00       0.00       0.00       0.00       0.00       0.00       0.00       0.00       0.00       0.00       0.00       0.00       0.00       0.00       0.00       0.00       0.00       0.00       0.00       0.00       0.00     167.00      46.00       0.00       0.00       0.00      37.00       0.00       0.00
17시 08분 30초    3       0.00       0.00       0.00     143.00       0.00       0.00       0.00       0.00       0.00       0.00       0.00       0.00       0.00       0.00       0.00       0.00       0.00       0.00       0.00       0.00       0.00       0.00       0.00       0.00       0.00       0.00       0.00       0.00       0.00       0.00       0.00       0.00       0.00       0.00       0.00       0.00       0.00       0.00       0.00       0.00       0.00       0.00       0.00       0.00       0.00       0.00       0.00       0.00       0.00       0.00       0.00       0.00       0.00       0.00       0.00       0.00       0.00       0.00       0.00       0.00       0.00       0.00       0.00       0.00       0.00       0.00       0.00       0.00       0.00       0.00       0.00       0.00       0.00       0.00       0.00       0.00       0.00       0.00       0.00       0.00       0.00       0.00       0.00       0.00       0.00       0.00       0.00       0.00       0.00       0.00       0.00       0.00       0.00       0.00       0.00       0.00       0.00       0.00       0.00       0.00       0.00       0.00       0.00       0.00       0.00       0.00       0.00       0.00       0.00       0.00       0.00       0.00       0.00       0.00       0.00       0.00       0.00       0.00       0.00       0.00       0.00       0.00       0.00       0.00       0.00       0.00       0.00       0.00       0.00       0.00       0.00       0.00       0.00       0.00       0.00       0.00     191.00      27.00       0.00       0.00       0.00      15.00       0.00       0.00
17시 08분 30초    4       0.00       0.00       0.00      96.00       0.00       0.00       0.00       0.00       0.00       0.00       0.00       0.00       0.00       0.00       0.00       0.00       0.00       0.00       0.00       0.00       0.00       0.00       0.00       0.00       0.00       0.00       0.00       0.00       0.00       0.00       0.00       0.00       0.00       0.00       0.00       0.00       0.00       0.00       0.00       0.00       0.00       0.00       0.00       0.00       0.00       0.00       0.00       0.00       0.00       0.00       0.00       0.00       0.00       0.00       0.00       0.00       0.00       0.00       0.00       0.00       0.00       0.00       0.00       0.00       0.00       0.00       0.00       0.00       0.00       0.00       0.00       0.00       0.00       0.00       0.00       0.00       0.00       0.00       0.00       0.00       0.00       0.00       0.00       0.00       0.00       0.00       0.00       0.00       0.00       0.00       0.00       0.00       0.00       0.00       0.00       0.00       0.00       0.00       0.00       0.00       0.00       0.00       0.00       0.00       0.00       0.00       0.00       0.00       0.00       0.00       0.00       0.00       0.00       0.00       0.00       0.00       0.00       0.00       0.00       0.00       0.00       0.00       0.00       0.00       0.00       0.00       0.00       0.00       0.00       0.00       0.00       0.00       0.00       0.00       0.00       0.00      50.00       0.00       0.00       0.00       0.00       1.00       0.00       0.00
17시 08분 30초    5       0.00       0.00       0.00     206.00       0.00       0.00       0.00       0.00       0.00       0.00       0.00       0.00       0.00       0.00       0.00       0.00       0.00       0.00       0.00       0.00       0.00       0.00       0.00       0.00       0.00       0.00       0.00       0.00       0.00       0.00       0.00       0.00       0.00       0.00       0.00       0.00       0.00       0.00       0.00       0.00       0.00       0.00       0.00       0.00       0.00       0.00       0.00       0.00       0.00       0.00       0.00       0.00       0.00       0.00       0.00       0.00       0.00       0.00       0.00       0.00       0.00       0.00       0.00       0.00       0.00       0.00       0.00       0.00       0.00       0.00       0.00       0.00       0.00       0.00       0.00       0.00       0.00       0.00       0.00       0.00       0.00       0.00       0.00       0.00       0.00       0.00       0.00       0.00       0.00       0.00       0.00       0.00       0.00       0.00       0.00       0.00       0.00       0.00       0.00       0.00       0.00       0.00       0.00       0.00       0.00       0.00       0.00       0.00       0.00       0.00       0.00       0.00       0.00       0.00       0.00       0.00       0.00       0.00       0.00       0.00       0.00       0.00       0.00       0.00       0.00       0.00       0.00       0.00       0.00       0.00       0.00       0.00       0.00       0.00       0.00       0.00     148.00       3.00       0.00       0.00       0.00       1.00       0.00       0.00

17시 08분 29초  CPU       HI/s    TIMER/s   NET_TX/s   NET_RX/s    BLOCK/s IRQ_POLL/s  TASKLET/s    SCHED/s  HRTIMER/s      RCU/s
17시 08분 30초    0       0.00      12.00      18.00     394.00       2.00       0.00       0.00      97.00       0.00      57.00
17시 08분 30초    1       0.00      19.00       0.00       0.00       0.00       0.00       0.00     115.00       0.00      55.00
17시 08분 30초    2       0.00      29.00       0.00       0.00       0.00       0.00       0.00      87.00       0.00      38.00
17시 08분 30초    3       0.00      16.00       0.00       0.00       0.00       0.00       0.00      48.00       0.00      38.00
17시 08분 30초    4       0.00       9.00       0.00       0.00       0.00       0.00       0.00      35.00       0.00      50.00
17시 08분 30초    5       0.00      30.00       0.00       0.00       0.00       0.00       0.00      40.00       0.00      41.00

17시 08분 30초  CPU    %usr   %nice    %sys %iowait    %irq   %soft  %steal  %guest  %gnice   %idle
17시 08분 31초  all   10.10    0.00    1.85    0.00    0.34    0.00    0.00    0.00    0.00   87.71
17시 08분 31초    0    1.00    0.00    1.00    0.00    1.00    0.00    0.00    0.00    0.00   97.00
17시 08분 31초    1    1.01    0.00    1.01    0.00    0.00    0.00    0.00    0.00    0.00   97.98
17시 08분 31초    2   22.68    0.00    2.06    0.00    0.00    0.00    0.00    0.00    0.00   75.26
17시 08분 31초    3   14.14    0.00    0.00    0.00    0.00    0.00    0.00    0.00    0.00   85.86
17시 08분 31초    4    0.99    0.00    5.94    0.00    0.99    0.00    0.00    0.00    0.00   92.08
17시 08분 31초    5   21.43    0.00    1.02    0.00    0.00    0.00    0.00    0.00    0.00   77.55

17시 08분 30초  CPU    intr/s
17시 08분 31초  all   5505.00
17시 08분 31초    0    591.00
17시 08분 31초    1    126.00
17시 08분 31초    2    129.00
17시 08분 31초    3    103.00
17시 08분 31초    4    107.00
17시 08분 31초    5    130.00

17시 08분 30초  CPU        9/s       11/s       12/s       13/s       18/s       20/s       21/s       22/s       23/s       24/s       25/s       26/s       27/s       28/s       29/s       30/s       31/s       32/s       33/s       34/s       35/s       36/s       37/s       38/s       39/s       40/s       41/s       42/s       43/s       44/s       45/s       46/s       47/s       48/s       49/s       50/s       51/s       52/s       53/s       54/s       55/s       57/s       59/s       61/s       65/s       66/s       67/s       68/s       69/s       70/s       71/s       72/s       73/s       74/s       75/s       76/s       77/s       79/s       80/s       81/s       82/s       83/s       84/s       85/s       86/s       87/s       88/s       89/s       90/s       91/s       92/s       93/s       94/s       95/s       96/s       97/s       98/s      112/s      113/s      114/s      115/s      116/s      117/s      118/s      119/s      120/s      121/s      122/s      123/s      124/s      125/s      126/s      127/s      128/s      129/s      130/s      131/s      132/s      133/s      134/s      135/s      136/s      137/s      138/s      150/s      154/s      162/s      167/s      171/s      224/s      228/s      229/s      230/s      231/s      232/s      233/s      234/s      235/s      236/s      237/s      245/s      246/s      247/s      249/s      250/s      252/s      253/s      262/s      263/s      294/s      296/s      297/s      298/s      299/s      301/s      302/s     IPI0/s     IPI1/s     IPI2/s     IPI3/s     IPI4/s     IPI5/s     IPI6/s      Err/s
17시 08분 31초    0       0.00       0.00       0.00     393.00       0.00       0.00       0.00       0.00       0.00       0.00       0.00       0.00       0.00       0.00       0.00       0.00       0.00       0.00       0.00       0.00       0.00       0.00       0.00       0.00       0.00       0.00       0.00       0.00       0.00       0.00       0.00       0.00       0.00       0.00       0.00       0.00       0.00       0.00       0.00       0.00       0.00       0.00       0.00       0.00       0.00       0.00       0.00       0.00       0.00       0.00       0.00       0.00       0.00       0.00       0.00       0.00       0.00       0.00       0.00       0.00       0.00       0.00       0.00       0.00       0.00       0.00       0.00       0.00       0.00       0.00       0.00       0.00       0.00       0.00       0.00       0.00       0.00       0.00       0.00       0.00       0.00       0.00       0.00       0.00       0.00       0.00       0.00       0.00       0.00       0.00       0.00       0.00       0.00      59.00       0.00       0.00       0.00       0.00       0.00       0.00       0.00       0.00       0.00       0.00       0.00     252.00       0.00       0.00       0.00       0.00       0.00       0.00       0.00       0.00       0.00       0.00       0.00       0.00       0.00       0.00       0.00       0.00       0.00       0.00       0.00       0.00       0.00       0.00       0.00       0.00       0.00       0.00       0.00       0.00     420.00       0.00     243.00      73.00       0.00       0.00       0.00      62.00       0.00       0.00
17시 08분 31초    1       0.00       0.00       0.00     859.00       0.00       0.00       0.00       0.00       0.00       0.00       0.00       0.00       0.00       0.00       0.00       0.00       0.00       0.00       0.00       0.00       0.00       0.00       0.00       0.00       0.00       0.00       0.00       0.00       0.00       0.00       0.00       0.00       0.00       0.00       0.00       0.00       0.00       0.00       0.00       0.00       0.00       0.00       0.00       0.00       0.00       0.00       0.00       0.00       0.00       0.00       0.00       0.00       0.00       0.00       0.00       0.00       0.00       0.00       0.00       0.00       0.00       0.00       0.00       0.00       0.00       0.00       0.00       0.00       0.00       0.00       0.00       0.00       0.00       0.00       0.00       0.00       0.00       0.00       0.00       0.00       0.00       0.00       0.00       0.00       0.00       0.00       0.00       0.00       0.00       0.00       0.00       0.00       0.00       0.00       0.00       0.00       0.00       0.00       0.00       0.00       0.00       0.00       0.00       0.00       0.00       0.00       0.00       0.00       0.00       0.00       0.00       0.00       0.00       0.00       0.00       0.00       0.00       0.00       0.00       0.00       0.00       0.00       0.00       0.00       0.00       0.00       0.00       0.00       0.00       0.00       0.00       0.00       0.00       0.00       0.00       0.00     110.00      22.00       0.00       0.00       0.00      34.00       0.00       0.00
17시 08분 31초    2       0.00       0.00       0.00     242.00       0.00       0.00       0.00       0.00       0.00       0.00       0.00       0.00       0.00       0.00       0.00       0.00       0.00       0.00       0.00       0.00       0.00       0.00       0.00       0.00       0.00       0.00       0.00       0.00       0.00       0.00       0.00       0.00       0.00       0.00       0.00       0.00       0.00       0.00       0.00       0.00       0.00       0.00       0.00       0.00       0.00       0.00       0.00       0.00       0.00       0.00       0.00       0.00       0.00       0.00       0.00       0.00       0.00       0.00       0.00       0.00       0.00       0.00       0.00       0.00       0.00       0.00       0.00       0.00       0.00       0.00       0.00       0.00       0.00       0.00       0.00       0.00       0.00       0.00       0.00       0.00       0.00       0.00       0.00       0.00       0.00       0.00       0.00       0.00       0.00       0.00       0.00       0.00       0.00       0.00       0.00       0.00       0.00       0.00       0.00       0.00       0.00       0.00       0.00       0.00       0.00       0.00       0.00       0.00       0.00       0.00       0.00       0.00       0.00       0.00       0.00       0.00       0.00       0.00       0.00       0.00       0.00       0.00       0.00       0.00       0.00       0.00       0.00       0.00       0.00       0.00       0.00       0.00       0.00       0.00       0.00       0.00     165.00       1.00       0.00       0.00       0.00      70.00       0.00       0.00
17시 08분 31초    3       0.00       0.00       0.00     229.00       0.00       0.00       0.00       0.00       0.00       0.00       0.00       0.00       0.00       0.00       0.00       0.00       0.00       0.00       0.00       0.00       0.00       0.00       0.00       0.00       0.00       0.00       0.00       0.00       0.00       0.00       0.00       0.00       0.00       0.00       0.00       0.00       0.00       0.00       0.00       0.00       0.00       0.00       0.00       0.00       0.00       0.00       0.00       0.00       0.00       0.00       0.00       0.00       0.00       0.00       0.00       0.00       0.00       0.00       0.00       0.00       0.00       0.00       0.00       0.00       0.00       0.00       0.00       0.00       0.00       0.00       0.00       0.00       0.00       0.00       0.00       0.00       0.00       0.00       0.00       0.00       0.00       0.00       0.00       0.00       0.00       0.00       0.00       0.00       0.00       0.00       0.00       0.00       0.00       0.00       0.00       0.00       0.00       0.00       0.00       0.00       0.00       0.00       0.00       0.00       0.00       0.00       0.00       0.00       0.00       0.00       0.00       0.00       0.00       0.00       0.00       0.00       0.00       0.00       0.00       0.00       0.00       0.00       0.00       0.00       0.00       0.00       0.00       0.00       0.00       0.00       0.00       0.00       0.00       0.00       0.00       0.00     177.00       5.00       0.00       0.00       0.00      13.00       0.00       0.00
17시 08분 31초    4       0.00       0.00       0.00     640.00       0.00       0.00       0.00       0.00       0.00       0.00       0.00       0.00       0.00       0.00       0.00       0.00       0.00       0.00       0.00       0.00       0.00       0.00       0.00       0.00       0.00       0.00       0.00       0.00       0.00       0.00       0.00       0.00       0.00       0.00       0.00       0.00       0.00       0.00       0.00       0.00       0.00       0.00       0.00       0.00       0.00       0.00       0.00       0.00       0.00       0.00       0.00       0.00       0.00       0.00       0.00       0.00       0.00       0.00       0.00       0.00       0.00       0.00       0.00       0.00       0.00       0.00       0.00       0.00       0.00       0.00       0.00       0.00       0.00       0.00       0.00       0.00       0.00       0.00       0.00       0.00       0.00       0.00       0.00       0.00       0.00       0.00       0.00       0.00       0.00       0.00       0.00       0.00       0.00       0.00       0.00       0.00       0.00       0.00       0.00       0.00       0.00       0.00       0.00       0.00       0.00       0.00       0.00       0.00       0.00       0.00       0.00       0.00       0.00       0.00       0.00       0.00       0.00       0.00       0.00       0.00       0.00       0.00       0.00       0.00       0.00       0.00       0.00       0.00       0.00       0.00       0.00       0.00       0.00       0.00       0.00       0.00     188.00       2.00       0.00       0.00       0.00      11.00       0.00       0.00
17시 08분 31초    5       0.00       0.00       0.00    1027.00       0.00       0.00       0.00       0.00       0.00       0.00       0.00       0.00       0.00       0.00       0.00       0.00       0.00       0.00       0.00       0.00       0.00       0.00       0.00       0.00       0.00       0.00       0.00       0.00       0.00       0.00       0.00       0.00       0.00       0.00       0.00       0.00       0.00       0.00       0.00       0.00       0.00       0.00       0.00       0.00       0.00       0.00       0.00       0.00       0.00       0.00       0.00       0.00       0.00       0.00       0.00       0.00       0.00       0.00       0.00       0.00       0.00       0.00       0.00       0.00       0.00       0.00       0.00       0.00       0.00       0.00       0.00       0.00       0.00       0.00       0.00       0.00       0.00       0.00       0.00       0.00       0.00       0.00       0.00       0.00       0.00       0.00       0.00       0.00       0.00       0.00       0.00       0.00       0.00       0.00       0.00       0.00       0.00       0.00       0.00       0.00       0.00       0.00       0.00       0.00       0.00       0.00       0.00       0.00       0.00       0.00       0.00       0.00       0.00       0.00       0.00       0.00       0.00       0.00       0.00       0.00       0.00       0.00       0.00       0.00       0.00       0.00       0.00       0.00       0.00       0.00       0.00       0.00       0.00       0.00       0.00       0.00     147.00       1.00       0.00       0.00       0.00      62.00       0.00       0.00

17시 08분 30초  CPU       HI/s    TIMER/s   NET_TX/s   NET_RX/s    BLOCK/s IRQ_POLL/s  TASKLET/s    SCHED/s  HRTIMER/s      RCU/s
17시 08분 31초    0       0.00      22.00      17.00     385.00       0.00       0.00       0.00     126.00       0.00      41.00
17시 08분 31초    1       0.00      21.00       0.00       0.00       0.00       0.00       0.00      66.00       0.00      39.00
17시 08분 31초    2       0.00       8.00       0.00       0.00       0.00       0.00       0.00      75.00       0.00      46.00
17시 08분 31초    3       0.00      20.00       0.00       0.00       0.00       0.00       0.00      39.00       0.00      44.00
17시 08분 31초    4       0.00       7.00       0.00       0.00       0.00       0.00       0.00      48.00       0.00      52.00
17시 08분 31초    5       0.00      26.00       0.00       0.00       0.00       0.00       0.00      61.00       0.00      43.00

17시 08분 31초  CPU    %usr   %nice    %sys %iowait    %irq   %soft  %steal  %guest  %gnice   %idle
17시 08분 32초  all   11.28    0.00    1.82    0.00    0.17    0.33    0.00    0.00    0.00   86.40
17시 08분 32초    0    0.00    0.00    1.02    0.00    0.00    0.00    0.00    0.00    0.00   98.98
17시 08분 32초    1   45.54    0.00    0.00    0.00    0.00    0.99    0.00    0.00    0.00   53.47
17시 08분 32초    2    3.88    0.00    2.91    0.00    0.97    0.00    0.00    0.00    0.00   92.23
17시 08분 32초    3   13.86    0.00    1.98    0.00    0.00    0.00    0.00    0.00    0.00   84.16
17시 08분 32초    4    2.97    0.00    4.95    0.00    0.00    0.99    0.00    0.00    0.00   91.09
17시 08분 32초    5    1.01    0.00    0.00    0.00    0.00    0.00    0.00    0.00    0.00   98.99

17시 08분 31초  CPU    intr/s
17시 08분 32초  all   5420.00
17시 08분 32초    0    591.00
17시 08분 32초    1    158.00
17시 08분 32초    2    135.00
17시 08분 32초    3     84.00
17시 08분 32초    4     95.00
17시 08분 32초    5     95.00

17시 08분 31초  CPU        9/s       11/s       12/s       13/s       18/s       20/s       21/s       22/s       23/s       24/s       25/s       26/s       27/s       28/s       29/s       30/s       31/s       32/s       33/s       34/s       35/s       36/s       37/s       38/s       39/s       40/s       41/s       42/s       43/s       44/s       45/s       46/s       47/s       48/s       49/s       50/s       51/s       52/s       53/s       54/s       55/s       57/s       59/s       61/s       65/s       66/s       67/s       68/s       69/s       70/s       71/s       72/s       73/s       74/s       75/s       76/s       77/s       79/s       80/s       81/s       82/s       83/s       84/s       85/s       86/s       87/s       88/s       89/s       90/s       91/s       92/s       93/s       94/s       95/s       96/s       97/s       98/s      112/s      113/s      114/s      115/s      116/s      117/s      118/s      119/s      120/s      121/s      122/s      123/s      124/s      125/s      126/s      127/s      128/s      129/s      130/s      131/s      132/s      133/s      134/s      135/s      136/s      137/s      138/s      150/s      154/s      162/s      167/s      171/s      224/s      228/s      229/s      230/s      231/s      232/s      233/s      234/s      235/s      236/s      237/s      245/s      246/s      247/s      249/s      250/s      252/s      253/s      262/s      263/s      294/s      296/s      297/s      298/s      299/s      301/s      302/s     IPI0/s     IPI1/s     IPI2/s     IPI3/s     IPI4/s     IPI5/s     IPI6/s      Err/s
17시 08분 32초    0       0.00       0.00       0.00     603.00       0.00       0.00       0.00       0.00       0.00       0.00       0.00       0.00       0.00       0.00       0.00       0.00       0.00       0.00       0.00       0.00       0.00       0.00       0.00       0.00       0.00       0.00       0.00       0.00       0.00       0.00       0.00       0.00       0.00       0.00       0.00       0.00       0.00       0.00       0.00       0.00       0.00       0.00       0.00       0.00       0.00       0.00       0.00       0.00       0.00       0.00       0.00       0.00       0.00       0.00       0.00       0.00       0.00       0.00       0.00       0.00       0.00       0.00       0.00       0.00       0.00       0.00       0.00       0.00       0.00       0.00       0.00       0.00       0.00       0.00       0.00       0.00       0.00       0.00       0.00       0.00       0.00       0.00       0.00       0.00       0.00       0.00       0.00       0.00       0.00       0.00       0.00       0.00       0.00      58.00       0.00       0.00       0.00       0.00       0.00       0.00       0.00       0.00       0.00       0.00       0.00     257.00       0.00       0.00       0.00       0.00       0.00       0.00       0.00       0.00       0.00       0.00       0.00       0.00       0.00       0.00       0.00       0.00       0.00       0.00       0.00       0.00       0.00       0.00       0.00       0.00       0.00       0.00       0.00       0.00     441.00       0.00     226.00      55.00       0.00       0.00       0.00      60.00       0.00       0.00
17시 08분 32초    1       0.00       0.00       0.00     202.00       0.00       0.00       0.00       0.00       0.00       0.00       0.00       0.00       0.00       0.00       0.00       0.00       0.00       0.00       0.00       0.00       0.00       0.00       0.00       0.00       0.00       0.00       0.00       0.00       0.00       0.00       0.00       0.00       0.00       0.00       0.00       0.00       0.00       0.00       0.00       0.00       0.00       0.00       0.00       0.00       0.00       0.00       0.00       0.00       0.00       0.00       0.00       0.00       0.00       0.00       0.00       0.00       0.00       0.00       0.00       0.00       0.00       0.00       0.00       0.00       0.00       0.00       0.00       0.00       0.00       0.00       0.00       0.00       0.00       0.00       0.00       0.00       0.00       0.00       0.00       0.00       0.00       0.00       0.00       0.00       0.00       0.00       0.00       0.00       0.00       0.00       0.00       0.00       0.00       0.00       0.00       0.00       0.00       0.00       0.00       0.00       0.00       0.00       0.00       0.00       0.00       0.00       0.00       0.00       0.00       0.00       0.00       0.00       0.00       0.00       0.00       0.00       0.00       0.00       0.00       0.00       0.00       0.00       0.00       0.00       0.00       0.00       0.00       0.00       0.00       0.00       0.00       0.00       0.00       0.00       0.00       0.00     155.00       5.00       0.00       0.00       0.00     110.00       0.00       0.00
17시 08분 32초    2       0.00       0.00       0.00    1661.00       0.00       0.00       0.00       0.00       0.00       0.00       0.00       0.00       0.00       0.00       0.00       0.00       0.00       0.00       0.00       0.00       0.00       0.00       0.00       0.00       0.00       0.00       0.00       0.00       0.00       0.00       0.00       0.00       0.00       0.00       0.00       0.00       0.00       0.00       0.00       0.00       0.00       0.00       0.00       0.00       0.00       0.00       0.00       0.00       0.00       0.00       0.00       0.00       0.00       0.00       0.00       0.00       0.00       0.00       0.00       0.00       0.00       0.00       0.00       0.00       0.00       0.00       0.00       0.00       0.00       0.00       0.00       0.00       0.00       0.00       0.00       0.00       0.00       0.00       0.00       0.00       0.00       0.00       0.00       0.00       0.00       0.00       0.00       0.00       0.00       0.00       0.00       0.00       0.00       0.00       0.00       0.00       0.00       0.00       0.00       0.00       0.00       0.00       0.00       0.00       0.00       0.00       0.00       0.00       0.00       0.00       0.00       0.00       0.00       0.00       0.00       0.00       0.00       0.00       0.00       0.00       0.00       0.00       0.00       0.00       0.00       0.00       0.00       0.00       0.00       0.00       0.00       0.00       0.00       0.00       0.00       0.00     209.00      17.00       0.00       0.00       0.00      57.00       0.00       0.00
17시 08분 32초    3       0.00       0.00       0.00     153.00       0.00       0.00       0.00       0.00       0.00       0.00       0.00       0.00       0.00       0.00       0.00       0.00       0.00       0.00       0.00       0.00       0.00       0.00       0.00       0.00       0.00       0.00       0.00       0.00       0.00       0.00       0.00       0.00       0.00       0.00       0.00       0.00       0.00       0.00       0.00       0.00       0.00       0.00       0.00       0.00       0.00       0.00       0.00       0.00       0.00       0.00       0.00       0.00       0.00       0.00       0.00       0.00       0.00       0.00       0.00       0.00       0.00       0.00       0.00       0.00       0.00       0.00       0.00       0.00       0.00       0.00       0.00       0.00       0.00       0.00       0.00       0.00       0.00       0.00       0.00       0.00       0.00       0.00       0.00       0.00       0.00       0.00       0.00       0.00       0.00       0.00       0.00       0.00       0.00       0.00       0.00       0.00       0.00       0.00       0.00       0.00       0.00       0.00       0.00       0.00       0.00       0.00       0.00       0.00       0.00       0.00       0.00       0.00       0.00       0.00       0.00       0.00       0.00       0.00       0.00       0.00       0.00       0.00       0.00       0.00       0.00       0.00       0.00       0.00       0.00       0.00       0.00       0.00       0.00       0.00       0.00       0.00     186.00      13.00       0.00       0.00       0.00      25.00       0.00       0.00
17시 08분 32초    4       0.00       0.00       0.00     105.00       0.00       0.00       0.00       0.00       0.00       0.00       0.00       0.00       0.00       0.00       0.00       0.00       0.00       0.00       0.00       0.00       0.00       0.00       0.00       0.00       0.00       0.00       0.00       0.00       0.00       0.00       0.00       0.00       0.00       0.00       0.00       0.00       0.00       0.00       0.00       0.00       0.00       0.00       0.00       0.00       0.00       0.00       0.00       0.00       0.00       0.00       0.00       0.00       0.00       0.00       0.00       0.00       0.00       0.00       0.00       0.00       0.00       0.00       0.00       0.00       0.00       0.00       0.00       0.00       0.00       0.00       0.00       0.00       0.00       0.00       0.00       0.00       0.00       0.00       0.00       0.00       0.00       0.00       0.00       0.00       0.00       0.00       0.00       0.00       0.00       0.00       0.00       0.00       0.00       0.00       0.00       0.00       0.00       0.00       0.00       0.00       0.00       0.00       0.00       0.00       0.00       0.00       0.00       0.00       0.00       0.00       0.00       0.00       0.00       0.00       0.00       0.00       0.00       0.00       0.00       0.00       0.00       0.00       0.00       0.00       0.00       0.00       0.00       0.00       0.00       0.00       0.00       0.00       0.00       0.00       0.00       0.00      47.00       3.00       0.00       0.00       0.00       0.00       0.00       0.00
17시 08분 32초    5       0.00       0.00       0.00     598.00       0.00       0.00       0.00       0.00       0.00       0.00       0.00       0.00       0.00       0.00       0.00       0.00       0.00       0.00       0.00       0.00       0.00       0.00       0.00       0.00       0.00       0.00       0.00       0.00       0.00       0.00       0.00       0.00       0.00       0.00       0.00       0.00       0.00       0.00       0.00       0.00       0.00       0.00       0.00       0.00       0.00       0.00       0.00       0.00       0.00       0.00       0.00       0.00       0.00       0.00       0.00       0.00       0.00       0.00       0.00       0.00       0.00       0.00       0.00       0.00       0.00       0.00       0.00       0.00       0.00       0.00       0.00       0.00       0.00       0.00       0.00       0.00       0.00       0.00       0.00       0.00       0.00       0.00       0.00       0.00       0.00       0.00       0.00       0.00       0.00       0.00       0.00       0.00       0.00       0.00       0.00       0.00       0.00       0.00       0.00       0.00       0.00       0.00       0.00       0.00       0.00       0.00       0.00       0.00       0.00       0.00       0.00       0.00       0.00       0.00       0.00       0.00       0.00       0.00       0.00       0.00       0.00       0.00       0.00       0.00       0.00       0.00       0.00       0.00       0.00       0.00       0.00       0.00       0.00       0.00       0.00       0.00     170.00       2.00       0.00       0.00       0.00       0.00       0.00       0.00

17시 08분 31초  CPU       HI/s    TIMER/s   NET_TX/s   NET_RX/s    BLOCK/s IRQ_POLL/s  TASKLET/s    SCHED/s  HRTIMER/s      RCU/s
17시 08분 32초    0       0.00      21.00      19.00     405.00       0.00       0.00       0.00     103.00       1.00      42.00
17시 08분 32초    1       0.00      20.00       0.00       0.00       0.00       0.00       0.00      88.00       0.00      50.00
17시 08분 32초    2       0.00      24.00       0.00       0.00       0.00       0.00       0.00      71.00       0.00      40.00
17시 08분 32초    3       0.00       8.00       0.00       0.00       0.00       0.00       0.00      37.00       0.00      39.00
17시 08분 32초    4       0.00       8.00       0.00       0.00       0.00       0.00       0.00      39.00       0.00      48.00
17시 08분 32초    5       0.00      26.00       0.00       0.00       0.00       0.00       0.00      41.00       0.00      28.00

17시 08분 32초  CPU    %usr   %nice    %sys %iowait    %irq   %soft  %steal  %guest  %gnice   %idle
17시 08분 33초  all   11.83    0.00    4.17    0.00    0.50    0.17    0.00    0.00    0.00   83.33
17시 08분 33초    0    0.99    0.00    4.95    0.00    0.99    0.99    0.00    0.00    0.00   92.08
17시 08분 33초    1   32.32    0.00    4.04    0.00    1.01    0.00    0.00    0.00    0.00   62.63
17시 08분 33초    2    1.00    0.00    1.00    0.00    0.00    0.00    0.00    0.00    0.00   98.00
17시 08분 33초    3    0.00    0.00    0.00    0.00    0.00    0.00    0.00    0.00    0.00  100.00
17시 08분 33초    4    3.00    0.00    4.00    0.00    0.00    0.00    0.00    0.00    0.00   93.00
17시 08분 33초    5   33.66    0.00   10.89    0.00    0.99    0.00    0.00    0.00    0.00   54.46

17시 08분 32초  CPU    intr/s
17시 08분 33초  all   2336.00
17시 08분 33초    0    482.00
17시 08분 33초    1    168.00
17시 08분 33초    2    127.00
17시 08분 33초    3     71.00
17시 08분 33초    4    120.00
17시 08분 33초    5    118.00

17시 08분 32초  CPU        9/s       11/s       12/s       13/s       18/s       20/s       21/s       22/s       23/s       24/s       25/s       26/s       27/s       28/s       29/s       30/s       31/s       32/s       33/s       34/s       35/s       36/s       37/s       38/s       39/s       40/s       41/s       42/s       43/s       44/s       45/s       46/s       47/s       48/s       49/s       50/s       51/s       52/s       53/s       54/s       55/s       57/s       59/s       61/s       65/s       66/s       67/s       68/s       69/s       70/s       71/s       72/s       73/s       74/s       75/s       76/s       77/s       79/s       80/s       81/s       82/s       83/s       84/s       85/s       86/s       87/s       88/s       89/s       90/s       91/s       92/s       93/s       94/s       95/s       96/s       97/s       98/s      112/s      113/s      114/s      115/s      116/s      117/s      118/s      119/s      120/s      121/s      122/s      123/s      124/s      125/s      126/s      127/s      128/s      129/s      130/s      131/s      132/s      133/s      134/s      135/s      136/s      137/s      138/s      150/s      154/s      162/s      167/s      171/s      224/s      228/s      229/s      230/s      231/s      232/s      233/s      234/s      235/s      236/s      237/s      245/s      246/s      247/s      249/s      250/s      252/s      253/s      262/s      263/s      294/s      296/s      297/s      298/s      299/s      301/s      302/s     IPI0/s     IPI1/s     IPI2/s     IPI3/s     IPI4/s     IPI5/s     IPI6/s      Err/s
17시 08분 33초    0       0.00       0.00       0.00     184.00       0.00       0.00       0.00       0.00       0.00       0.00       0.00       0.00       0.00       0.00       0.00       0.00       0.00       0.00       0.00       0.00       0.00       0.00       0.00       0.00       0.00       0.00       0.00       0.00       0.00       0.00       0.00       0.00       0.00       0.00       0.00       0.00       0.00       0.00       0.00       0.00       0.00       0.00       0.00       0.00       0.00       0.00       0.00       0.00       0.00       0.00       0.00       0.00       0.00       0.00       0.00       0.00       0.00       0.00       0.00       0.00       0.00       0.00       0.00       0.00       0.00       0.00       0.00       0.00       0.00       0.00       0.00       0.00       0.00       0.00       0.00       0.00       0.00       0.00       0.00       8.00       0.00       0.00       0.00       0.00       0.00       0.00       0.00       0.00       0.00       0.00       0.00       0.00       0.00      43.00       0.00       0.00       0.00       0.00       0.00       0.00       0.00       0.00       0.00       0.00       0.00     156.00       0.00       0.00       0.00       0.00       0.00       0.00       0.00       0.00       0.00       0.00       0.00       0.00       0.00       0.00       0.00       0.00       0.00       0.00       0.00       0.00       0.00       0.00       0.00       0.00       0.00       0.00       0.00       0.00     291.00       0.00     203.00      67.00       0.00       0.00       0.00      43.00       0.00       0.00
17시 08분 33초    1       0.00       0.00       0.00     158.00       0.00       0.00       0.00       0.00       0.00       0.00       0.00       0.00       0.00       0.00       0.00       0.00       0.00       0.00       0.00       0.00       0.00       0.00       0.00       0.00       0.00       0.00       0.00       0.00       0.00       0.00       0.00       0.00       0.00       0.00       0.00       0.00       0.00       0.00       0.00       0.00       0.00       0.00       0.00       0.00       0.00       0.00       0.00       0.00       0.00       0.00       0.00       0.00       0.00       0.00       0.00       0.00       0.00       0.00       0.00       0.00       0.00       0.00       0.00       0.00       0.00       0.00       0.00       0.00       0.00       0.00       0.00       0.00       0.00       0.00       0.00       0.00       0.00       0.00       0.00       0.00       0.00       0.00       0.00       0.00       0.00       0.00       0.00       0.00       0.00       0.00       0.00       0.00       0.00       0.00       0.00       0.00       0.00       0.00       0.00       0.00       0.00       0.00       0.00       0.00       0.00       0.00       0.00       0.00       0.00       0.00       0.00       0.00       0.00       0.00       0.00       0.00       0.00       0.00       0.00       0.00       0.00       0.00       0.00       0.00       0.00       0.00       0.00       0.00       0.00       0.00       0.00       0.00       0.00       0.00       0.00       0.00      77.00      11.00       0.00       0.00       0.00      67.00       0.00       0.00
17시 08분 33초    2       0.00       0.00       0.00      93.00       0.00       0.00       0.00       0.00       0.00       0.00       0.00       0.00       0.00       0.00       0.00       0.00       0.00       0.00       0.00       0.00       0.00       0.00       0.00       0.00       0.00       0.00       0.00       0.00       0.00       0.00       0.00       0.00       0.00       0.00       0.00       0.00       0.00       0.00       0.00       0.00       0.00       0.00       0.00       0.00       0.00       0.00       0.00       0.00       0.00       0.00       0.00       0.00       0.00       0.00       0.00       0.00       0.00       0.00       0.00       0.00       0.00       0.00       0.00       0.00       0.00       0.00       0.00       0.00       0.00       0.00       0.00       0.00       0.00       0.00       0.00       0.00       0.00       0.00       0.00       0.00       0.00       0.00       0.00       0.00       0.00       0.00       0.00       0.00       0.00       0.00       0.00       0.00       0.00       0.00       0.00       0.00       0.00       0.00       0.00       0.00       0.00       0.00       0.00       0.00       0.00       0.00       0.00       0.00       0.00       0.00       0.00       0.00       0.00       0.00       0.00       0.00       0.00       0.00       0.00       0.00       0.00       0.00       0.00       0.00       0.00       0.00       0.00       0.00       0.00       0.00       0.00       0.00       0.00       0.00       0.00       0.00      63.00      22.00       0.00       0.00       0.00       4.00       0.00       0.00
17시 08분 33초    3       0.00       0.00       0.00     266.00       0.00       0.00       0.00       0.00       0.00       0.00       0.00       0.00       0.00       0.00       0.00       0.00       0.00       0.00       0.00       0.00       0.00       0.00       0.00       0.00       0.00       0.00       0.00       0.00       0.00       0.00       0.00       0.00       0.00       0.00       0.00       0.00       0.00       0.00       0.00       0.00       0.00       0.00       0.00       0.00       0.00       0.00       0.00       0.00       0.00       0.00       0.00       0.00       0.00       0.00       0.00       0.00       0.00       0.00       0.00       0.00       0.00       0.00       0.00       0.00       0.00       0.00       0.00       0.00       0.00       0.00       0.00       0.00       0.00       0.00       0.00       0.00       0.00       0.00       0.00       0.00       0.00       0.00       0.00       0.00       0.00       0.00       0.00       0.00       0.00       0.00       0.00       0.00       0.00       0.00       0.00       0.00       0.00       0.00       0.00       0.00       0.00       0.00       0.00       0.00       0.00       0.00       0.00       0.00       0.00       0.00       0.00       0.00       0.00       0.00       0.00       0.00       0.00       0.00       0.00       0.00       0.00       0.00       0.00       0.00       0.00       0.00       0.00       0.00       0.00       0.00       0.00       0.00       0.00       0.00       0.00       0.00      76.00       8.00       0.00       0.00       0.00      13.00       0.00       0.00
17시 08분 33초    4       0.00       0.00       0.00     128.00       0.00       0.00       0.00       0.00       0.00       0.00       0.00       0.00       0.00       0.00       0.00       0.00       0.00       0.00       0.00       0.00       0.00       0.00       0.00       0.00       0.00       0.00       0.00       0.00       0.00       0.00       0.00       0.00       0.00       0.00       0.00       0.00       0.00       0.00       0.00       0.00       0.00       0.00       0.00       0.00       0.00       0.00       0.00       0.00       0.00       0.00       0.00       0.00       0.00       0.00       0.00       0.00       0.00       0.00       0.00       0.00       0.00       0.00       0.00       0.00       0.00       0.00       0.00       0.00       0.00       0.00       0.00       0.00       0.00       0.00       0.00       0.00       0.00       0.00       0.00       0.00       0.00       0.00       0.00       0.00       0.00       0.00       0.00       0.00       0.00       0.00       0.00       0.00       0.00       0.00       0.00       0.00       0.00       0.00       0.00       0.00       0.00       0.00       0.00       0.00       0.00       0.00       0.00       0.00       0.00       0.00       0.00       0.00       0.00       0.00       0.00       0.00       0.00       0.00       0.00       0.00       0.00       0.00       0.00       0.00       0.00       0.00       0.00       0.00       0.00       0.00       0.00       0.00       0.00       0.00       0.00       0.00      54.00       2.00       0.00       0.00       0.00       1.00       0.00       0.00
17시 08분 33초    5       0.00       0.00       0.00     202.00       0.00       0.00       0.00       0.00       0.00       0.00       0.00       0.00       0.00       0.00       0.00       0.00       0.00       0.00       0.00       0.00       0.00       0.00       0.00       0.00       0.00       0.00       0.00       0.00       0.00       0.00       0.00       0.00       0.00       0.00       0.00       0.00       0.00       0.00       0.00       0.00       0.00       0.00       0.00       0.00       0.00       0.00       0.00       0.00       0.00       0.00       0.00       0.00       0.00       0.00       0.00       0.00       0.00       0.00       0.00       0.00       0.00       0.00       0.00       0.00       0.00       0.00       0.00       0.00       0.00       0.00       0.00       0.00       0.00       0.00       0.00       0.00       0.00       0.00       0.00       0.00       0.00       0.00       0.00       0.00       0.00       0.00       0.00       0.00       0.00       0.00       0.00       0.00       0.00       0.00       0.00       0.00       0.00       0.00       0.00       0.00       0.00       0.00       0.00       0.00       0.00       0.00       0.00       0.00       0.00       0.00       0.00       0.00       0.00       0.00       0.00       0.00       0.00       0.00       0.00       0.00       0.00       0.00       0.00       0.00       0.00       0.00       0.00       0.00       0.00       0.00       0.00       0.00       0.00       0.00       0.00       0.00      81.00       3.00       0.00       0.00       0.00      12.00       0.00       0.00

17시 08분 32초  CPU       HI/s    TIMER/s   NET_TX/s   NET_RX/s    BLOCK/s IRQ_POLL/s  TASKLET/s    SCHED/s  HRTIMER/s      RCU/s
17시 08분 33초    0       0.00      27.00      11.00     268.00       0.00       0.00       0.00     119.00       0.00      57.00
17시 08분 33초    1       0.00      27.00       0.00       0.00       0.00       0.00       0.00      54.00       0.00      87.00
17시 08분 33초    2       0.00      32.00       0.00       0.00       0.00       0.00       0.00      49.00       0.00      46.00
17시 08분 33초    3       0.00      10.00       0.00       0.00       0.00       0.00       0.00      22.00       0.00      39.00
17시 08분 33초    4       0.00      19.00       0.00       0.00       0.00       0.00       0.00      47.00       0.00      54.00
17시 08분 33초    5       0.00       2.00       0.00       0.00       0.00       0.00       0.00      51.00       0.00      65.00

17시 08분 33초  CPU    %usr   %nice    %sys %iowait    %irq   %soft  %steal  %guest  %gnice   %idle
17시 08분 34초  all   10.96    0.00    2.19    0.00    0.00    0.00    0.00    0.00    0.00   86.85
17시 08분 34초    0    1.01    0.00    2.02    0.00    0.00    0.00    0.00    0.00    0.00   96.97
17시 08분 34초    1   20.41    0.00    2.04    0.00    0.00    0.00    0.00    0.00    0.00   77.55
17시 08분 34초    2    1.00    0.00    2.00    0.00    0.00    0.00    0.00    0.00    0.00   97.00
17시 08분 34초    3   39.80    0.00    1.02    0.00    0.00    0.00    0.00    0.00    0.00   59.18
17시 08분 34초    4    3.00    0.00    4.00    0.00    0.00    0.00    0.00    0.00    0.00   93.00
17시 08분 34초    5    1.02    0.00    2.04    0.00    0.00    0.00    0.00    0.00    0.00   96.94

17시 08분 33초  CPU    intr/s
17시 08분 34초  all   4915.00
17시 08분 34초    0    521.00
17시 08분 34초    1    145.00
17시 08분 34초    2    128.00
17시 08분 34초    3    147.00
17시 08분 34초    4    141.00
17시 08분 34초    5    108.00

17시 08분 33초  CPU        9/s       11/s       12/s       13/s       18/s       20/s       21/s       22/s       23/s       24/s       25/s       26/s       27/s       28/s       29/s       30/s       31/s       32/s       33/s       34/s       35/s       36/s       37/s       38/s       39/s       40/s       41/s       42/s       43/s       44/s       45/s       46/s       47/s       48/s       49/s       50/s       51/s       52/s       53/s       54/s       55/s       57/s       59/s       61/s       65/s       66/s       67/s       68/s       69/s       70/s       71/s       72/s       73/s       74/s       75/s       76/s       77/s       79/s       80/s       81/s       82/s       83/s       84/s       85/s       86/s       87/s       88/s       89/s       90/s       91/s       92/s       93/s       94/s       95/s       96/s       97/s       98/s      112/s      113/s      114/s      115/s      116/s      117/s      118/s      119/s      120/s      121/s      122/s      123/s      124/s      125/s      126/s      127/s      128/s      129/s      130/s      131/s      132/s      133/s      134/s      135/s      136/s      137/s      138/s      150/s      154/s      162/s      167/s      171/s      224/s      228/s      229/s      230/s      231/s      232/s      233/s      234/s      235/s      236/s      237/s      245/s      246/s      247/s      249/s      250/s      252/s      253/s      262/s      263/s      294/s      296/s      297/s      298/s      299/s      301/s      302/s     IPI0/s     IPI1/s     IPI2/s     IPI3/s     IPI4/s     IPI5/s     IPI6/s      Err/s
17시 08분 34초    0       0.00       0.00       0.00     176.00       0.00       0.00       0.00       0.00       0.00       0.00       0.00       0.00       0.00       0.00       0.00       0.00       0.00       0.00       0.00       0.00       0.00       0.00       0.00       0.00       0.00       0.00       0.00       0.00       0.00       0.00       0.00       0.00       0.00       0.00       0.00       0.00       0.00       0.00       0.00       0.00       0.00       0.00       0.00       0.00       0.00       0.00       0.00       0.00       0.00       0.00       0.00       0.00       0.00       0.00       0.00       0.00       0.00       0.00       0.00       0.00       0.00       0.00       0.00       0.00       0.00       0.00       0.00       0.00       0.00       0.00       0.00       0.00       0.00       0.00       0.00       0.00       0.00       0.00       0.00       7.00       0.00       0.00       0.00       0.00       0.00       0.00       0.00       0.00       0.00       0.00       0.00       0.00       0.00      51.00       0.00       0.00       0.00       0.00       0.00       0.00       0.00       0.00       0.00       0.00       0.00     190.00       0.00       0.00       0.00       0.00       0.00       0.00       0.00       0.00       0.00       0.00       0.00       0.00       0.00       0.00       0.00       0.00       0.00       0.00       0.00       0.00       0.00       0.00       0.00       0.00       0.00       0.00       0.00       0.00     356.00       0.00     209.00      57.00       0.00       0.00       0.00      44.00       0.00       0.00
17시 08분 34초    1       0.00       0.00       0.00     161.00       0.00       0.00       0.00       0.00       0.00       0.00       0.00       0.00       0.00       0.00       0.00       0.00       0.00       0.00       0.00       0.00       0.00       0.00       0.00       0.00       0.00       0.00       0.00       0.00       0.00       0.00       0.00       0.00       0.00       0.00       0.00       0.00       0.00       0.00       0.00       0.00       0.00       0.00       0.00       0.00       0.00       0.00       0.00       0.00       0.00       0.00       0.00       0.00       0.00       0.00       0.00       0.00       0.00       0.00       0.00       0.00       0.00       0.00       0.00       0.00       0.00       0.00       0.00       0.00       0.00       0.00       0.00       0.00       0.00       0.00       0.00       0.00       0.00       0.00       0.00       0.00       0.00       0.00       0.00       0.00       0.00       0.00       0.00       0.00       0.00       0.00       0.00       0.00       0.00       0.00       0.00       0.00       0.00       0.00       0.00       0.00       0.00       0.00       0.00       0.00       0.00       0.00       0.00       0.00       0.00       0.00       0.00       0.00       0.00       0.00       0.00       0.00       0.00       0.00       0.00       0.00       0.00       0.00       0.00       0.00       0.00       0.00       0.00       0.00       0.00       0.00       0.00       0.00       0.00       0.00       0.00       0.00     157.00      13.00       0.00       0.00       0.00       8.00       0.00       0.00
17시 08분 34초    2       0.00       0.00       0.00     139.00       0.00       0.00       0.00       0.00       0.00       0.00       0.00       0.00       0.00       0.00       0.00       0.00       0.00       0.00       0.00       0.00       0.00       0.00       0.00       0.00       0.00       0.00       0.00       0.00       0.00       0.00       0.00       0.00       0.00       0.00       0.00       0.00       0.00       0.00       0.00       0.00       0.00       0.00       0.00       0.00       0.00       0.00       0.00       0.00       0.00       0.00       0.00       0.00       0.00       0.00       0.00       0.00       0.00       0.00       0.00       0.00       0.00       0.00       0.00       0.00       0.00       0.00       0.00       0.00       0.00       0.00       0.00       0.00       0.00       0.00       0.00       0.00       0.00       0.00       0.00       0.00       0.00       0.00       0.00       0.00       0.00       0.00       0.00       0.00       0.00       0.00       0.00       0.00       0.00       0.00       0.00       0.00       0.00       0.00       0.00       0.00       0.00       0.00       0.00       0.00       0.00       0.00       0.00       0.00       0.00       0.00       0.00       0.00       0.00       0.00       0.00       0.00       0.00       0.00       0.00       0.00       0.00       0.00       0.00       0.00       0.00       0.00       0.00       0.00       0.00       0.00       0.00       0.00       0.00       0.00       0.00       0.00     137.00       8.00       0.00       0.00       0.00      37.00       0.00       0.00
17시 08분 34초    3       0.00       0.00       0.00     286.00       0.00       0.00       0.00       0.00       0.00       0.00       0.00       0.00       0.00       0.00       0.00       0.00       0.00       0.00       0.00       0.00       0.00       0.00       0.00       0.00       0.00       0.00       0.00       0.00       0.00       0.00       0.00       0.00       0.00       0.00       0.00       0.00       0.00       0.00       0.00       0.00       0.00       0.00       0.00       0.00       0.00       0.00       0.00       0.00       0.00       0.00       0.00       0.00       0.00       0.00       0.00       0.00       0.00       0.00       0.00       0.00       0.00       0.00       0.00       0.00       0.00       0.00       0.00       0.00       0.00       0.00       0.00       0.00       0.00       0.00       0.00       0.00       0.00       0.00       0.00       0.00       0.00       0.00       0.00       0.00       0.00       0.00       0.00       0.00       0.00       0.00       0.00       0.00       0.00       0.00       0.00       0.00       0.00       0.00       0.00       0.00       0.00       0.00       0.00       0.00       0.00       0.00       0.00       0.00       0.00       0.00       0.00       0.00       0.00       0.00       0.00       0.00       0.00       0.00       0.00       0.00       0.00       0.00       0.00       0.00       0.00       0.00       0.00       0.00       0.00       0.00       0.00       0.00       0.00       0.00       0.00       0.00     152.00       4.00       0.00       0.00       0.00      83.00       0.00       0.00
17시 08분 34초    4       0.00       0.00       0.00     289.00       0.00       0.00       0.00       0.00       0.00       0.00       0.00       0.00       0.00       0.00       0.00       0.00       0.00       0.00       0.00       0.00       0.00       0.00       0.00       0.00       0.00       0.00       0.00       0.00       0.00       0.00       0.00       0.00       0.00       0.00       0.00       0.00       0.00       0.00       0.00       0.00       0.00       0.00       0.00       0.00       0.00       0.00       0.00       0.00       0.00       0.00       0.00       0.00       0.00       0.00       0.00       0.00       0.00       0.00       0.00       0.00       0.00       0.00       0.00       0.00       0.00       0.00       0.00       0.00       0.00       0.00       0.00       0.00       0.00       0.00       0.00       0.00       0.00       0.00       0.00       0.00       0.00       0.00       0.00       0.00       0.00       0.00       0.00       0.00       0.00       0.00       0.00       0.00       0.00       0.00       0.00       0.00       0.00       0.00       0.00       0.00       0.00       0.00       0.00       0.00       0.00       0.00       0.00       0.00       0.00       0.00       0.00       0.00       0.00       0.00       0.00       0.00       0.00       0.00       0.00       0.00       0.00       0.00       0.00       0.00       0.00       0.00       0.00       0.00       0.00       0.00       0.00       0.00       0.00       0.00       0.00       0.00      42.00       0.00       0.00       0.00       0.00       3.00       0.00       0.00
17시 08분 34초    5       0.00       0.00       0.00    2108.00       0.00       0.00       0.00       0.00       0.00       0.00       0.00       0.00       0.00       0.00       0.00       0.00       0.00       0.00       0.00       0.00       0.00       0.00       0.00       0.00       0.00       0.00       0.00       0.00       0.00       0.00       0.00       0.00       0.00       0.00       0.00       0.00       0.00       0.00       0.00       0.00       0.00       0.00       0.00       0.00       0.00       0.00       0.00       0.00       0.00       0.00       0.00       0.00       0.00       0.00       0.00       0.00       0.00       0.00       0.00       0.00       0.00       0.00       0.00       0.00       0.00       0.00       0.00       0.00       0.00       0.00       0.00       0.00       0.00       0.00       0.00       0.00       0.00       0.00       0.00       0.00       0.00       0.00       0.00       0.00       0.00       0.00       0.00       0.00       0.00       0.00       0.00       0.00       0.00       0.00       0.00       0.00       0.00       0.00       0.00       0.00       0.00       0.00       0.00       0.00       0.00       0.00       0.00       0.00       0.00       0.00       0.00       0.00       0.00       0.00       0.00       0.00       0.00       0.00       0.00       0.00       0.00       0.00       0.00       0.00       0.00       0.00       0.00       0.00       0.00       0.00       0.00       0.00       0.00       0.00       0.00       0.00     194.00       1.00       0.00       0.00       0.00       3.00       0.00       0.00

17시 08분 33초  CPU       HI/s    TIMER/s   NET_TX/s   NET_RX/s    BLOCK/s IRQ_POLL/s  TASKLET/s    SCHED/s  HRTIMER/s      RCU/s
17시 08분 34초    0       0.00      11.00      15.00     328.00       0.00       0.00       0.00     115.00       0.00      52.00
17시 08분 34초    1       0.00      21.00       0.00       0.00       0.00       0.00       0.00      67.00       0.00      57.00
17시 08분 34초    2       0.00      16.00       0.00       0.00       0.00       0.00       0.00      57.00       0.00      55.00
17시 08분 34초    3       0.00       5.00       0.00       0.00       0.00       0.00       0.00      85.00       0.00      57.00
17시 08분 34초    4       0.00      35.00       0.00       0.00       0.00       0.00       0.00      47.00       0.00      59.00
17시 08분 34초    5       0.00      23.00       0.00       0.00       0.00       0.00       0.00      52.00       0.00      33.00

17시 08분 34초  CPU    %usr   %nice    %sys %iowait    %irq   %soft  %steal  %guest  %gnice   %idle
17시 08분 35초  all   10.50    0.00    4.33    0.50    0.33    0.00    0.00    0.00    0.00   84.33
17시 08분 35초    0    0.00    0.00    3.00    2.00    1.00    0.00    0.00    0.00    0.00   94.00
17시 08분 35초    1    9.09    0.00    1.01    0.00    0.00    0.00    0.00    0.00    0.00   89.90
17시 08분 35초    2    1.01    0.00    2.02    0.00    0.00    0.00    0.00    0.00    0.00   96.97
17시 08분 35초    3   33.33    0.00    0.95    0.00    0.95    0.00    0.00    0.00    0.00   64.76
17시 08분 35초    4    5.10    0.00    5.10    0.00    0.00    0.00    0.00    0.00    0.00   89.80
17시 08분 35초    5   13.13    0.00   14.14    1.01    0.00    0.00    0.00    0.00    0.00   71.72

17시 08분 34초  CPU    intr/s
17시 08분 35초  all   6117.00
17시 08분 35초    0    616.00
17시 08분 35초    1    144.00
17시 08분 35초    2    119.00
17시 08분 35초    3    150.00
17시 08분 35초    4    126.00
17시 08분 35초    5    149.00

17시 08분 34초  CPU        9/s       11/s       12/s       13/s       18/s       20/s       21/s       22/s       23/s       24/s       25/s       26/s       27/s       28/s       29/s       30/s       31/s       32/s       33/s       34/s       35/s       36/s       37/s       38/s       39/s       40/s       41/s       42/s       43/s       44/s       45/s       46/s       47/s       48/s       49/s       50/s       51/s       52/s       53/s       54/s       55/s       57/s       59/s       61/s       65/s       66/s       67/s       68/s       69/s       70/s       71/s       72/s       73/s       74/s       75/s       76/s       77/s       79/s       80/s       81/s       82/s       83/s       84/s       85/s       86/s       87/s       88/s       89/s       90/s       91/s       92/s       93/s       94/s       95/s       96/s       97/s       98/s      112/s      113/s      114/s      115/s      116/s      117/s      118/s      119/s      120/s      121/s      122/s      123/s      124/s      125/s      126/s      127/s      128/s      129/s      130/s      131/s      132/s      133/s      134/s      135/s      136/s      137/s      138/s      150/s      154/s      162/s      167/s      171/s      224/s      228/s      229/s      230/s      231/s      232/s      233/s      234/s      235/s      236/s      237/s      245/s      246/s      247/s      249/s      250/s      252/s      253/s      262/s      263/s      294/s      296/s      297/s      298/s      299/s      301/s      302/s     IPI0/s     IPI1/s     IPI2/s     IPI3/s     IPI4/s     IPI5/s     IPI6/s      Err/s
17시 08분 35초    0       0.00       0.00       0.00     662.00       0.00       0.00       0.00       0.00       0.00       0.00       0.00       0.00       0.00       0.00       0.00       0.00       0.00       0.00       0.00       0.00       0.00       0.00       0.00       0.00       0.00       0.00       0.00       0.00       0.00       0.00       0.00       0.00       0.00       0.00       0.00       0.00       0.00       0.00       0.00       0.00       0.00       0.00       0.00       0.00       0.00       0.00     134.00       0.00       0.00       0.00       0.00       0.00       0.00       0.00       0.00       0.00       0.00       0.00       0.00       0.00       0.00       0.00       0.00       0.00       0.00       0.00       0.00       0.00       0.00       0.00       0.00       0.00       0.00       0.00       0.00       0.00       0.00      81.00       0.00       2.00       0.00       0.00       0.00       0.00       0.00       0.00       0.00       0.00       0.00       0.00       0.00       0.00       0.00      59.00       0.00       0.00       0.00       0.00       0.00       0.00       0.00       0.00       0.00       0.00       0.00     288.00       0.00       0.00       0.00       0.00       0.00       0.00       0.00       0.00       0.00       0.00       0.00       0.00       0.00       0.00       0.00       0.00       0.00       0.00       0.00       0.00       0.00       0.00       0.00       0.00       0.00       0.00       0.00       0.00     431.00       0.00     211.00      85.00       0.00       0.00       0.00      64.00       0.00       0.00
17시 08분 35초    1       0.00       0.00       0.00    1536.00       0.00       0.00       0.00       0.00       0.00       0.00       0.00       0.00       0.00       0.00       0.00       0.00       0.00       0.00       0.00       0.00       0.00       0.00       0.00       0.00       0.00       0.00       0.00       0.00       0.00       0.00       0.00       0.00       0.00       0.00       0.00       0.00       0.00       0.00       0.00       0.00       0.00       0.00       0.00       0.00       0.00       0.00       0.00       0.00       0.00       0.00       0.00       0.00       0.00       0.00       0.00       0.00       0.00       0.00       0.00       0.00       0.00       0.00       0.00       0.00       0.00       0.00       0.00       0.00       0.00       0.00       0.00       0.00       0.00       0.00       0.00       0.00       0.00       0.00       0.00       0.00       0.00       0.00       0.00       0.00       0.00       0.00       0.00       0.00       0.00       0.00       0.00       0.00       0.00       0.00       0.00       0.00       0.00       0.00       0.00       0.00       0.00       0.00       0.00       0.00       0.00       0.00       0.00       0.00       0.00       0.00       0.00       0.00       0.00       0.00       0.00       0.00       0.00       0.00       0.00       0.00       0.00       0.00       0.00       0.00       0.00       0.00       0.00       0.00       0.00       0.00       0.00       0.00       0.00       0.00       0.00       0.00     177.00      25.00       0.00       0.00       0.00      35.00       0.00       0.00
17시 08분 35초    2       0.00       0.00       0.00     171.00       0.00       0.00       0.00       0.00       0.00       0.00       0.00       0.00       0.00       0.00       0.00       0.00       0.00       0.00       0.00       0.00       0.00       0.00       0.00       0.00       0.00       0.00       0.00       0.00       0.00       0.00       0.00       0.00       0.00       0.00       0.00       0.00       0.00       0.00       0.00       0.00       0.00       0.00       0.00       0.00       0.00       0.00       0.00       0.00       0.00       0.00       0.00       0.00       0.00       0.00       0.00       0.00       0.00       0.00       0.00       0.00       0.00       0.00       0.00       0.00       0.00       0.00       0.00       0.00       0.00       0.00       0.00       0.00       0.00       0.00       0.00       0.00       0.00       0.00       0.00       0.00       0.00       0.00       0.00       0.00       0.00       0.00       0.00       0.00       0.00       0.00       0.00       0.00       0.00       0.00       0.00       0.00       0.00       0.00       0.00       0.00       0.00       0.00       0.00       0.00       0.00       0.00       0.00       0.00       0.00       0.00       0.00       0.00       0.00       0.00       0.00       0.00       0.00       0.00       0.00       0.00       0.00       0.00       0.00       0.00       0.00       0.00       0.00       0.00       0.00       0.00       0.00       0.00       0.00       0.00       0.00       0.00     180.00      10.00       0.00       0.00       0.00      18.00       0.00       0.00
17시 08분 35초    3       0.00       0.00       0.00     493.00       0.00       0.00       0.00       0.00       0.00       0.00       0.00       0.00       0.00       0.00       0.00       0.00       0.00       0.00       0.00       0.00       0.00       0.00       0.00       0.00       0.00       0.00       0.00       0.00       0.00       0.00       0.00       0.00       0.00       0.00       0.00       0.00       0.00       0.00       0.00       0.00       0.00       0.00       0.00       0.00       0.00       0.00       0.00       0.00       0.00       0.00       0.00       0.00       0.00       0.00       0.00       0.00       0.00       0.00       0.00       0.00       0.00       0.00       0.00       0.00       0.00       0.00       0.00       0.00       0.00       0.00       0.00       0.00       0.00       0.00       0.00       0.00       0.00       0.00       0.00       0.00       0.00       0.00       0.00       0.00       0.00       0.00       0.00       0.00       0.00       0.00       0.00       0.00       0.00       0.00       0.00       0.00       0.00       0.00       0.00       0.00       0.00       0.00       0.00       0.00       0.00       0.00       0.00       0.00       0.00       0.00       0.00       0.00       0.00       0.00       0.00       0.00       0.00       0.00       0.00       0.00       0.00       0.00       0.00       0.00       0.00       0.00       0.00       0.00       0.00       0.00       0.00       0.00       0.00       0.00       0.00       0.00     175.00       2.00       0.00       0.00       0.00      71.00       0.00       0.00
17시 08분 35초    4       0.00       0.00       0.00     360.00       0.00       0.00       0.00       0.00       0.00       0.00       0.00       0.00       0.00       0.00       0.00       0.00       0.00       0.00       0.00       0.00       0.00       0.00       0.00       0.00       0.00       0.00       0.00       0.00       0.00       0.00       0.00       0.00       0.00       0.00       0.00       0.00       0.00       0.00       0.00       0.00       0.00       0.00       0.00       0.00       0.00       0.00       0.00       0.00       0.00       0.00       0.00       0.00       0.00       0.00       0.00       0.00       0.00       0.00       0.00       0.00       0.00       0.00       0.00       0.00       0.00       0.00       0.00       0.00       0.00       0.00       0.00       0.00       0.00       0.00       0.00       0.00       0.00       0.00       0.00       0.00       0.00       0.00       0.00       0.00       0.00       0.00       0.00       0.00       0.00       0.00       0.00       0.00       0.00       0.00       0.00       0.00       0.00       0.00       0.00       0.00       0.00       0.00       0.00       0.00       0.00       0.00       0.00       0.00       0.00       0.00       0.00       0.00       0.00       0.00       0.00       0.00       0.00       0.00       0.00       0.00       0.00       0.00       0.00       0.00       0.00       0.00       0.00       0.00       0.00       0.00       0.00       0.00       0.00       0.00       0.00       0.00     206.00       1.00       0.00       0.00       0.00      22.00       0.00       0.00
17시 08분 35초    5       0.00       0.00       0.00     256.00       0.00       0.00       0.00       0.00       0.00       0.00       0.00       0.00       0.00       0.00       0.00       0.00       0.00       0.00       0.00       0.00       0.00       0.00       0.00       0.00       0.00       0.00       0.00       0.00       0.00       0.00       0.00       0.00       0.00       0.00       0.00       0.00       0.00       0.00       0.00       0.00       0.00       0.00       0.00       0.00       0.00       0.00       0.00       0.00       0.00       0.00       0.00       0.00       0.00       0.00       0.00       0.00       0.00       0.00       0.00       0.00       0.00       0.00       0.00       0.00       0.00       0.00       0.00       0.00       0.00       0.00       0.00       0.00       0.00       0.00       0.00       0.00       0.00       0.00       0.00       0.00       0.00       0.00       0.00       0.00       0.00       0.00       0.00       0.00       0.00       0.00       0.00       0.00       0.00       0.00       0.00       0.00       0.00       0.00       0.00       0.00       0.00       0.00       0.00       0.00       0.00       0.00       0.00       0.00       0.00       0.00       0.00       0.00       0.00       0.00       0.00       0.00       0.00       0.00       0.00       0.00       0.00       0.00       0.00       0.00       0.00       0.00       0.00       0.00       0.00       0.00       0.00       0.00       0.00       0.00       0.00       0.00     312.00       1.00       0.00       0.00       0.00      55.00       0.00       0.00

17시 08분 34초  CPU       HI/s    TIMER/s   NET_TX/s   NET_RX/s    BLOCK/s IRQ_POLL/s  TASKLET/s    SCHED/s  HRTIMER/s      RCU/s
17시 08분 35초    0       0.00      34.00      17.00     396.00       2.00       0.00       0.00     119.00       0.00      48.00
17시 08분 35초    1       0.00      22.00       0.00       0.00       0.00       0.00       0.00      78.00       0.00      44.00
17시 08분 35초    2       0.00       5.00       0.00       0.00       0.00       0.00       0.00      63.00       0.00      51.00
17시 08분 35초    3       0.00      12.00       0.00       0.00       0.00       0.00       0.00      87.00       0.00      51.00
17시 08분 35초    4       0.00       9.00       0.00       0.00       0.00       0.00       0.00      55.00       0.00      62.00
17시 08분 35초    5       0.00      23.00       0.00       0.00       0.00       0.00       0.00      83.00       0.00      43.00

17시 08분 35초  CPU    %usr   %nice    %sys %iowait    %irq   %soft  %steal  %guest  %gnice   %idle
17시 08분 36초  all   10.27    0.00    1.68    0.00    0.34    0.34    0.00    0.00    0.00   87.37
17시 08분 36초    0    2.94    0.00    1.96    0.00    0.98    0.98    0.00    0.00    0.00   93.14
17시 08분 36초    1    2.04    0.00    1.02    0.00    0.00    0.00    0.00    0.00    0.00   96.94
17시 08분 36초    2    2.00    0.00    3.00    0.00    0.00    0.00    0.00    0.00    0.00   95.00
17시 08분 36초    3    4.17    0.00    0.00    0.00    0.00    0.00    0.00    0.00    0.00   95.83
17시 08분 36초    4    6.12    0.00    4.08    0.00    0.00    0.00    0.00    0.00    0.00   89.80
17시 08분 36초    5   44.00    0.00    0.00    0.00    1.00    1.00    0.00    0.00    0.00   54.00

17시 08분 35초  CPU    intr/s
17시 08분 36초  all   5238.00
17시 08분 36초    0    576.00
17시 08분 36초    1    121.00
17시 08분 36초    2     94.00
17시 08분 36초    3    112.00
17시 08분 36초    4    144.00
17시 08분 36초    5    154.00

17시 08분 35초  CPU        9/s       11/s       12/s       13/s       18/s       20/s       21/s       22/s       23/s       24/s       25/s       26/s       27/s       28/s       29/s       30/s       31/s       32/s       33/s       34/s       35/s       36/s       37/s       38/s       39/s       40/s       41/s       42/s       43/s       44/s       45/s       46/s       47/s       48/s       49/s       50/s       51/s       52/s       53/s       54/s       55/s       57/s       59/s       61/s       65/s       66/s       67/s       68/s       69/s       70/s       71/s       72/s       73/s       74/s       75/s       76/s       77/s       79/s       80/s       81/s       82/s       83/s       84/s       85/s       86/s       87/s       88/s       89/s       90/s       91/s       92/s       93/s       94/s       95/s       96/s       97/s       98/s      112/s      113/s      114/s      115/s      116/s      117/s      118/s      119/s      120/s      121/s      122/s      123/s      124/s      125/s      126/s      127/s      128/s      129/s      130/s      131/s      132/s      133/s      134/s      135/s      136/s      137/s      138/s      150/s      154/s      162/s      167/s      171/s      224/s      228/s      229/s      230/s      231/s      232/s      233/s      234/s      235/s      236/s      237/s      245/s      246/s      247/s      249/s      250/s      252/s      253/s      262/s      263/s      294/s      296/s      297/s      298/s      299/s      301/s      302/s     IPI0/s     IPI1/s     IPI2/s     IPI3/s     IPI4/s     IPI5/s     IPI6/s      Err/s
17시 08분 36초    0       0.00       0.00       0.00     149.00       0.00       0.00       0.00       0.00       0.00       0.00       0.00       0.00       0.00       0.00       0.00       0.00       0.00       0.00       0.00       0.00       0.00       0.00       0.00       0.00       0.00       0.00       0.00       0.00       0.00       0.00       0.00       0.00       0.00       0.00       0.00       0.00       0.00       0.00       0.00       0.00       0.00       0.00       0.00       0.00       0.00       0.00       0.00       0.00       0.00       0.00       0.00       0.00       0.00       0.00       0.00       0.00       0.00       0.00       0.00       0.00       0.00       0.00       0.00       0.00       0.00       0.00       0.00       0.00       0.00       0.00       0.00       0.00       0.00       0.00       0.00       0.00       0.00       0.00       0.00       2.00       0.00       0.00       0.00       0.00       0.00       0.00       0.00       0.00       0.00       0.00       0.00       0.00       0.00      65.00       0.00       0.00       0.00       0.00       0.00       0.00       0.00       0.00       0.00       0.00       0.00     299.00       0.00       0.00       0.00       1.00       0.00       0.00       0.00       0.00       0.00       0.00       0.00       0.00       0.00       0.00       0.00       0.00       0.00       0.00       0.00       0.00       0.00       0.00       0.00       0.00       0.00       0.00       0.00       0.00     406.00       0.00     193.00      71.00       0.00       0.00       0.00      64.00       0.00       0.00
17시 08분 36초    1       0.00       0.00       0.00     865.00       0.00       0.00       0.00       0.00       0.00       0.00       0.00       0.00       0.00       0.00       0.00       0.00       0.00       0.00       0.00       0.00       0.00       0.00       0.00       0.00       0.00       0.00       0.00       0.00       0.00       0.00       0.00       0.00       0.00       0.00       0.00       0.00       0.00       0.00       0.00       0.00       0.00       0.00       0.00       0.00       0.00       0.00       0.00       0.00       0.00       0.00       0.00       0.00       0.00       0.00       0.00       0.00       0.00       0.00       0.00       0.00       0.00       0.00       0.00       0.00       0.00       0.00       0.00       0.00       0.00       0.00       0.00       0.00       0.00       0.00       0.00       0.00       0.00       0.00       0.00       0.00       0.00       0.00       0.00       0.00       0.00       0.00       0.00       0.00       0.00       0.00       0.00       0.00       0.00       0.00       0.00       0.00       0.00       0.00       0.00       0.00       0.00       0.00       0.00       0.00       0.00       0.00       0.00       0.00       0.00       0.00       0.00       0.00       0.00       0.00       0.00       0.00       0.00       0.00       0.00       0.00       0.00       0.00       0.00       0.00       0.00       0.00       0.00       0.00       0.00       0.00       0.00       0.00       0.00       0.00       0.00       0.00     139.00      16.00       0.00       0.00       0.00      19.00       0.00       0.00
17시 08분 36초    2       0.00       0.00       0.00     265.00       0.00       0.00       0.00       0.00       0.00       0.00       0.00       0.00       0.00       0.00       0.00       0.00       0.00       0.00       0.00       0.00       0.00       0.00       0.00       0.00       0.00       0.00       0.00       0.00       0.00       0.00       0.00       0.00       0.00       0.00       0.00       0.00       0.00       0.00       0.00       0.00       0.00       0.00       0.00       0.00       0.00       0.00       0.00       0.00       0.00       0.00       0.00       0.00       0.00       0.00       0.00       0.00       0.00       0.00       0.00       0.00       0.00       0.00       0.00       0.00       0.00       0.00       0.00       0.00       0.00       0.00       0.00       0.00       0.00       0.00       0.00       0.00       0.00       0.00       0.00       0.00       0.00       0.00       0.00       0.00       0.00       0.00       0.00       0.00       0.00       0.00       0.00       0.00       0.00       0.00       0.00       0.00       0.00       0.00       0.00       0.00       0.00       0.00       0.00       0.00       0.00       0.00       0.00       0.00       0.00       0.00       0.00       0.00       0.00       0.00       0.00       0.00       0.00       0.00       0.00       0.00       0.00       0.00       0.00       0.00       0.00       0.00       0.00       0.00       0.00       0.00       0.00       0.00       0.00       0.00       0.00       0.00     102.00       5.00       0.00       0.00       0.00       9.00       0.00       0.00
17시 08분 36초    3       0.00       0.00       0.00    1164.00       0.00       0.00       0.00       0.00       0.00       0.00       0.00       0.00       0.00       0.00       0.00       0.00       0.00       0.00       0.00       0.00       0.00       0.00       0.00       0.00       0.00       0.00       0.00       0.00       0.00       0.00       0.00       0.00       0.00       0.00       0.00       0.00       0.00       0.00       0.00       0.00       0.00       0.00       0.00       0.00       0.00       0.00       0.00       0.00       0.00       0.00       0.00       0.00       0.00       0.00       0.00       0.00       0.00       0.00       0.00       0.00       0.00       0.00       0.00       0.00       0.00       0.00       0.00       0.00       0.00       0.00       0.00       0.00       0.00       0.00       0.00       0.00       0.00       0.00       0.00       0.00       0.00       0.00       0.00       0.00       0.00       0.00       0.00       0.00       0.00       0.00       0.00       0.00       0.00       0.00       0.00       0.00       0.00       0.00       0.00       0.00       0.00       0.00       0.00       0.00       0.00       0.00       0.00       0.00       0.00       0.00       0.00       0.00       0.00       0.00       0.00       0.00       0.00       0.00       0.00       0.00       0.00       0.00       0.00       0.00       0.00       0.00       0.00       0.00       0.00       0.00       0.00       0.00       0.00       0.00       0.00       0.00     156.00       7.00       0.00       0.00       0.00      17.00       0.00       0.00
17시 08분 36초    4       0.00       0.00       0.00     242.00       0.00       0.00       0.00       0.00       0.00       0.00       0.00       0.00       0.00       0.00       0.00       0.00       0.00       0.00       0.00       0.00       0.00       0.00       0.00       0.00       0.00       0.00       0.00       0.00       0.00       0.00       0.00       0.00       0.00       0.00       0.00       0.00       0.00       0.00       0.00       0.00       0.00       0.00       0.00       0.00       0.00       0.00       0.00       0.00       0.00       0.00       0.00       0.00       0.00       0.00       0.00       0.00       0.00       0.00       0.00       0.00       0.00       0.00       0.00       0.00       0.00       0.00       0.00       0.00       0.00       0.00       0.00       0.00       0.00       0.00       0.00       0.00       0.00       0.00       0.00       0.00       0.00       0.00       0.00       0.00       0.00       0.00       0.00       0.00       0.00       0.00       0.00       0.00       0.00       0.00       0.00       0.00       0.00       0.00       0.00       0.00       0.00       0.00       0.00       0.00       0.00       0.00       0.00       0.00       0.00       0.00       0.00       0.00       0.00       0.00       0.00       0.00       0.00       0.00       0.00       0.00       0.00       0.00       0.00       0.00       0.00       0.00       0.00       0.00       0.00       0.00       0.00       0.00       0.00       0.00       0.00       0.00     442.00       7.00       0.00       0.00       0.00      51.00       0.00       0.00
17시 08분 36초    5       0.00       0.00       0.00     217.00       0.00       0.00       0.00       0.00       0.00       0.00       0.00       0.00       0.00       0.00       0.00       0.00       0.00       0.00       0.00       0.00       0.00       0.00       0.00       0.00       0.00       0.00       0.00       0.00       0.00       0.00       0.00       0.00       0.00       0.00       0.00       0.00       0.00       0.00       0.00       0.00       0.00       0.00       0.00       0.00       0.00       0.00       0.00       0.00       0.00       0.00       0.00       0.00       0.00       0.00       0.00       0.00       0.00       0.00       0.00       0.00       0.00       0.00       0.00       0.00       0.00       0.00       0.00       0.00       0.00       0.00       0.00       0.00       0.00       0.00       0.00       0.00       0.00       0.00       0.00       0.00       0.00       0.00       0.00       0.00       0.00       0.00       0.00       0.00       0.00       0.00       0.00       0.00       0.00       0.00       0.00       0.00       0.00       0.00       0.00       0.00       0.00       0.00       0.00       0.00       0.00       0.00       0.00       0.00       0.00       0.00       0.00       0.00       0.00       0.00       0.00       0.00       0.00       0.00       0.00       0.00       0.00       0.00       0.00       0.00       0.00       0.00       0.00       0.00       0.00       0.00       0.00       0.00       0.00       0.00       0.00       0.00     138.00       2.00       0.00       0.00       0.00     126.00       0.00       0.00

17시 08분 35초  CPU       HI/s    TIMER/s   NET_TX/s   NET_RX/s    BLOCK/s IRQ_POLL/s  TASKLET/s    SCHED/s  HRTIMER/s      RCU/s
17시 08분 36초    0       0.00      22.00      17.00     374.00       0.00       0.00       0.00     115.00       0.00      48.00
17시 08분 36초    1       0.00      35.00       0.00       0.00       0.00       0.00       0.00      49.00       0.00      37.00
17시 08분 36초    2       0.00       2.00       0.00       0.00       0.00       0.00       0.00      36.00       0.00      56.00
17시 08분 36초    3       0.00      36.00       0.00       0.00       0.00       0.00       0.00      42.00       0.00      34.00
17시 08분 36초    4       0.00      15.00       0.00       0.00       0.00       0.00       0.00      64.00       0.00      65.00
17시 08분 36초    5       0.00       2.00       0.00       0.00       0.00       0.00       0.00      92.00       0.00      60.00

17시 08분 36초  CPU    %usr   %nice    %sys %iowait    %irq   %soft  %steal  %guest  %gnice   %idle
17시 08분 37초  all   11.65    0.00    1.83    0.00    0.33    0.00    0.00    0.00    0.00   86.19
17시 08분 37초    0    0.00    0.00    3.03    0.00    0.00    0.00    0.00    0.00    0.00   96.97
17시 08분 37초    1    1.96    0.00    0.98    0.00    0.98    0.00    0.00    0.00    0.00   96.08
17시 08분 37초    2   25.25    0.00    0.00    0.00    0.00    0.00    0.00    0.00    0.00   74.75
17시 08분 37초    3   19.00    0.00    1.00    0.00    0.00    0.00    0.00    0.00    0.00   80.00
17시 08분 37초    4    9.00    0.00    4.00    0.00    1.00    0.00    0.00    0.00    0.00   86.00
17시 08분 37초    5   14.85    0.00    1.98    0.00    0.00    0.00    0.00    0.00    0.00   83.17

17시 08분 36초  CPU    intr/s
17시 08분 37초  all   4165.00
17시 08분 37초    0    581.00
17시 08분 37초    1    133.00
17시 08분 37초    2     81.00
17시 08분 37초    3    126.00
17시 08분 37초    4    147.00
17시 08분 37초    5    120.00

17시 08분 36초  CPU        9/s       11/s       12/s       13/s       18/s       20/s       21/s       22/s       23/s       24/s       25/s       26/s       27/s       28/s       29/s       30/s       31/s       32/s       33/s       34/s       35/s       36/s       37/s       38/s       39/s       40/s       41/s       42/s       43/s       44/s       45/s       46/s       47/s       48/s       49/s       50/s       51/s       52/s       53/s       54/s       55/s       57/s       59/s       61/s       65/s       66/s       67/s       68/s       69/s       70/s       71/s       72/s       73/s       74/s       75/s       76/s       77/s       79/s       80/s       81/s       82/s       83/s       84/s       85/s       86/s       87/s       88/s       89/s       90/s       91/s       92/s       93/s       94/s       95/s       96/s       97/s       98/s      112/s      113/s      114/s      115/s      116/s      117/s      118/s      119/s      120/s      121/s      122/s      123/s      124/s      125/s      126/s      127/s      128/s      129/s      130/s      131/s      132/s      133/s      134/s      135/s      136/s      137/s      138/s      150/s      154/s      162/s      167/s      171/s      224/s      228/s      229/s      230/s      231/s      232/s      233/s      234/s      235/s      236/s      237/s      245/s      246/s      247/s      249/s      250/s      252/s      253/s      262/s      263/s      294/s      296/s      297/s      298/s      299/s      301/s      302/s     IPI0/s     IPI1/s     IPI2/s     IPI3/s     IPI4/s     IPI5/s     IPI6/s      Err/s
17시 08분 37초    0       0.00       0.00       0.00     433.00       0.00       0.00       0.00       0.00       0.00       0.00       0.00       0.00       0.00       0.00       0.00       0.00       0.00       0.00       0.00       0.00       0.00       0.00       0.00       0.00       0.00       0.00       0.00       0.00       0.00       0.00       0.00       0.00       0.00       0.00       0.00       0.00       0.00       0.00       0.00       0.00       0.00       0.00       0.00       0.00       0.00       0.00       0.00       0.00       0.00       0.00       0.00       0.00       0.00       0.00       0.00       0.00       0.00       0.00       0.00       0.00       0.00       0.00       0.00       0.00       0.00       0.00       0.00       0.00       0.00       0.00       0.00       0.00       0.00       0.00       0.00       0.00       0.00       2.00       0.00       1.00       0.00       0.00       0.00       0.00       0.00       0.00       0.00       0.00       0.00       0.00       0.00       0.00       0.00      79.00       0.00       0.00       0.00       0.00       0.00       0.00       0.00       0.00       0.00       0.00       0.00     224.00       0.00       0.00       0.00       0.00       0.00       0.00       0.00       0.00       0.00       0.00       0.00       0.00       0.00       0.00       0.00       0.00       0.00       0.00       0.00       0.00       0.00       0.00       0.00       0.00       0.00       0.00       0.00       0.00     428.00       0.00     233.00      44.00       0.00       0.00       0.00      66.00       0.00       0.00
17시 08분 37초    1       0.00       0.00       0.00     424.00       0.00       0.00       0.00       0.00       0.00       0.00       0.00       0.00       0.00       0.00       0.00       0.00       0.00       0.00       0.00       0.00       0.00       0.00       0.00       0.00       0.00       0.00       0.00       0.00       0.00       0.00       0.00       0.00       0.00       0.00       0.00       0.00       0.00       0.00       0.00       0.00       0.00       0.00       0.00       0.00       0.00       0.00       0.00       0.00       0.00       0.00       0.00       0.00       0.00       0.00       0.00       0.00       0.00       0.00       0.00       0.00       0.00       0.00       0.00       0.00       0.00       0.00       0.00       0.00       0.00       0.00       0.00       0.00       0.00       0.00       0.00       0.00       0.00       0.00       0.00       0.00       0.00       0.00       0.00       0.00       0.00       0.00       0.00       0.00       0.00       0.00       0.00       0.00       0.00       0.00       0.00       0.00       0.00       0.00       0.00       0.00       0.00       0.00       0.00       0.00       0.00       0.00       0.00       0.00       0.00       0.00       0.00       0.00       0.00       0.00       0.00       0.00       0.00       0.00       0.00       0.00       0.00       0.00       0.00       0.00       0.00       0.00       0.00       0.00       0.00       0.00       0.00       0.00       0.00       0.00       0.00       0.00     196.00      32.00       0.00       0.00       0.00      30.00       0.00       0.00
17시 08분 37초    2       0.00       0.00       0.00     148.00       0.00       0.00       0.00       0.00       0.00       0.00       0.00       0.00       0.00       0.00       0.00       0.00       0.00       0.00       0.00       0.00       0.00       0.00       0.00       0.00       0.00       0.00       0.00       0.00       0.00       0.00       0.00       0.00       0.00       0.00       0.00       0.00       0.00       0.00       0.00       0.00       0.00       0.00       0.00       0.00       0.00       0.00       0.00       0.00       0.00       0.00       0.00       0.00       0.00       0.00       0.00       0.00       0.00       0.00       0.00       0.00       0.00       0.00       0.00       0.00       0.00       0.00       0.00       0.00       0.00       0.00       0.00       0.00       0.00       0.00       0.00       0.00       0.00       0.00       0.00       0.00       0.00       0.00       0.00       0.00       0.00       0.00       0.00       0.00       0.00       0.00       0.00       0.00       0.00       0.00       0.00       0.00       0.00       0.00       0.00       0.00       0.00       0.00       0.00       0.00       0.00       0.00       0.00       0.00       0.00       0.00       0.00       0.00       0.00       0.00       0.00       0.00       0.00       0.00       0.00       0.00       0.00       0.00       0.00       0.00       0.00       0.00       0.00       0.00       0.00       0.00       0.00       0.00       0.00       0.00       0.00       0.00      81.00       5.00       0.00       0.00       0.00      56.00       0.00       0.00
17시 08분 37초    3       0.00       0.00       0.00     205.00       0.00       0.00       0.00       0.00       0.00       0.00       0.00       0.00       0.00       0.00       0.00       0.00       0.00       0.00       0.00       0.00       0.00       0.00       0.00       0.00       0.00       0.00       0.00       0.00       0.00       0.00       0.00       0.00       0.00       0.00       0.00       0.00       0.00       0.00       0.00       0.00       0.00       0.00       0.00       0.00       0.00       0.00       0.00       0.00       0.00       0.00       0.00       0.00       0.00       0.00       0.00       0.00       0.00       0.00       0.00       0.00       0.00       0.00       0.00       0.00       0.00       0.00       0.00       0.00       0.00       0.00       0.00       0.00       0.00       0.00       0.00       0.00       0.00       0.00       0.00       0.00       0.00       0.00       0.00       0.00       0.00       0.00       0.00       0.00       0.00       0.00       0.00       0.00       0.00       0.00       0.00       0.00       0.00       0.00       0.00       0.00       0.00       0.00       0.00       0.00       0.00       0.00       0.00       0.00       0.00       0.00       0.00       0.00       0.00       0.00       0.00       0.00       0.00       0.00       0.00       0.00       0.00       0.00       0.00       0.00       0.00       0.00       0.00       0.00       0.00       0.00       0.00       0.00       0.00       0.00       0.00       0.00     123.00       4.00       0.00       0.00       0.00      47.00       0.00       0.00
17시 08분 37초    4       0.00       0.00       0.00     476.00       0.00       0.00       0.00       0.00       0.00       0.00       0.00       0.00       0.00       0.00       0.00       0.00       0.00       0.00       0.00       0.00       0.00       0.00       0.00       0.00       0.00       0.00       0.00       0.00       0.00       0.00       0.00       0.00       0.00       0.00       0.00       0.00       0.00       0.00       0.00       0.00       0.00       0.00       0.00       0.00       0.00       0.00       0.00       0.00       0.00       0.00       0.00       0.00       0.00       0.00       0.00       0.00       0.00       0.00       0.00       0.00       0.00       0.00       0.00       0.00       0.00       0.00       0.00       0.00       0.00       0.00       0.00       0.00       0.00       0.00       0.00       0.00       0.00       0.00       0.00       0.00       0.00       0.00       0.00       0.00       0.00       0.00       0.00       0.00       0.00       0.00       0.00       0.00       0.00       0.00       0.00       0.00       0.00       0.00       0.00       0.00       0.00       0.00       0.00       0.00       0.00       0.00       0.00       0.00       0.00       0.00       0.00       0.00       0.00       0.00       0.00       0.00       0.00       0.00       0.00       0.00       0.00       0.00       0.00       0.00       0.00       0.00       0.00       0.00       0.00       0.00       0.00       0.00       0.00       0.00       0.00       0.00     125.00       2.00       0.00       0.00       0.00       9.00       0.00       0.00
17시 08분 37초    5       0.00       0.00       0.00     497.00       0.00       0.00       0.00       0.00       0.00       0.00       0.00       0.00       0.00       0.00       0.00       0.00       0.00       0.00       0.00       0.00       0.00       0.00       0.00       0.00       0.00       0.00       0.00       0.00       0.00       0.00       0.00       0.00       0.00       0.00       0.00       0.00       0.00       0.00       0.00       0.00       0.00       0.00       0.00       0.00       0.00       0.00       0.00       0.00       0.00       0.00       0.00       0.00       0.00       0.00       0.00       0.00       0.00       0.00       0.00       0.00       0.00       0.00       0.00       0.00       0.00       0.00       0.00       0.00       0.00       0.00       0.00       0.00       0.00       0.00       0.00       0.00       0.00       0.00       0.00       0.00       0.00       0.00       0.00       0.00       0.00       0.00       0.00       0.00       0.00       0.00       0.00       0.00       0.00       0.00       0.00       0.00       0.00       0.00       0.00       0.00       0.00       0.00       0.00       0.00       0.00       0.00       0.00       0.00       0.00       0.00       0.00       0.00       0.00       0.00       0.00       0.00       0.00       0.00       0.00       0.00       0.00       0.00       0.00       0.00       0.00       0.00       0.00       0.00       0.00       0.00       0.00       0.00       0.00       0.00       0.00       0.00     181.00       0.00       0.00       0.00       0.00       8.00       0.00       0.00

17시 08분 36초  CPU       HI/s    TIMER/s   NET_TX/s   NET_RX/s    BLOCK/s IRQ_POLL/s  TASKLET/s    SCHED/s  HRTIMER/s      RCU/s
17시 08분 37초    0       0.00      21.00      18.00     393.00       0.00       0.00       0.00      99.00       0.00      50.00
17시 08분 37초    1       0.00      24.00       0.00       0.00       0.00       0.00       0.00      67.00       0.00      42.00
17시 08분 37초    2       0.00       0.00       0.00       0.00       0.00       0.00       0.00      36.00       0.00      45.00
17시 08분 37초    3       0.00      19.00       0.00       0.00       0.00       0.00       0.00      64.00       0.00      43.00
17시 08분 37초    4       0.00      32.00       0.00       0.00       0.00       0.00       0.00      57.00       0.00      58.00
17시 08분 37초    5       0.00      13.00       0.00       0.00       0.00       0.00       0.00      64.00       0.00      43.00

17시 08분 37초  CPU    %usr   %nice    %sys %iowait    %irq   %soft  %steal  %guest  %gnice   %idle
17시 08분 38초  all   11.50    0.00    1.83    0.00    0.33    0.00    0.00    0.00    0.00   86.33
17시 08분 38초    0   10.00    0.00    3.00    0.00    1.00    0.00    0.00    0.00    0.00   86.00
17시 08분 38초    1    7.07    0.00    0.00    0.00    0.00    0.00    0.00    0.00    0.00   92.93
17시 08분 38초    2    5.05    0.00    1.01    0.00    1.01    0.00    0.00    0.00    0.00   92.93
17시 08분 38초    3    1.02    0.00    1.02    0.00    0.00    0.00    0.00    0.00    0.00   97.96
17시 08분 38초    4    5.94    0.00    3.96    0.00    0.00    0.00    0.00    0.00    0.00   90.10
17시 08분 38초    5   38.83    0.00    1.94    0.00    0.00    0.00    0.00    0.00    0.00   59.22

17시 08분 37초  CPU    intr/s
17시 08분 38초  all   5417.00
17시 08분 38초    0    580.00
17시 08분 38초    1    154.00
17시 08분 38초    2     82.00
17시 08분 38초    3    109.00
17시 08분 38초    4    135.00
17시 08분 38초    5    141.00

17시 08분 37초  CPU        9/s       11/s       12/s       13/s       18/s       20/s       21/s       22/s       23/s       24/s       25/s       26/s       27/s       28/s       29/s       30/s       31/s       32/s       33/s       34/s       35/s       36/s       37/s       38/s       39/s       40/s       41/s       42/s       43/s       44/s       45/s       46/s       47/s       48/s       49/s       50/s       51/s       52/s       53/s       54/s       55/s       57/s       59/s       61/s       65/s       66/s       67/s       68/s       69/s       70/s       71/s       72/s       73/s       74/s       75/s       76/s       77/s       79/s       80/s       81/s       82/s       83/s       84/s       85/s       86/s       87/s       88/s       89/s       90/s       91/s       92/s       93/s       94/s       95/s       96/s       97/s       98/s      112/s      113/s      114/s      115/s      116/s      117/s      118/s      119/s      120/s      121/s      122/s      123/s      124/s      125/s      126/s      127/s      128/s      129/s      130/s      131/s      132/s      133/s      134/s      135/s      136/s      137/s      138/s      150/s      154/s      162/s      167/s      171/s      224/s      228/s      229/s      230/s      231/s      232/s      233/s      234/s      235/s      236/s      237/s      245/s      246/s      247/s      249/s      250/s      252/s      253/s      262/s      263/s      294/s      296/s      297/s      298/s      299/s      301/s      302/s     IPI0/s     IPI1/s     IPI2/s     IPI3/s     IPI4/s     IPI5/s     IPI6/s      Err/s
17시 08분 38초    0       0.00       0.00       0.00     347.00       0.00       0.00       0.00       0.00       0.00       0.00       0.00       0.00       0.00       0.00       0.00       0.00       0.00       0.00       0.00       0.00       0.00       0.00       0.00       0.00       0.00       0.00       0.00       0.00       0.00       0.00       0.00       0.00       0.00       0.00       0.00       0.00       0.00       0.00       0.00       0.00       0.00       0.00       0.00       0.00       0.00       0.00       0.00       0.00       0.00       0.00       0.00       0.00       0.00       0.00       0.00       0.00       0.00       0.00       0.00       0.00       0.00       0.00       0.00       0.00       0.00       0.00       0.00       0.00       0.00       0.00       0.00       0.00       0.00       0.00       0.00       0.00       0.00       0.00       0.00       0.00       0.00       0.00       0.00       0.00       0.00       0.00       0.00       0.00       0.00       0.00       0.00       0.00       0.00      84.00       0.00       0.00       0.00       0.00       0.00       0.00       0.00       0.00       0.00       0.00       0.00     254.00       0.00       0.00       0.00       0.00       0.00       0.00       0.00       0.00       0.00       0.00       0.00       0.00       0.00       0.00       0.00       0.00       0.00       0.00       0.00       0.00       0.00       0.00       0.00       0.00       0.00       0.00       0.00       0.00     399.00       0.00     164.00      67.00       0.00       0.00       0.00      71.00       0.00       0.00
17시 08분 38초    1       0.00       0.00       0.00     184.00       0.00       0.00       0.00       0.00       0.00       0.00       0.00       0.00       0.00       0.00       0.00       0.00       0.00       0.00       0.00       0.00       0.00       0.00       0.00       0.00       0.00       0.00       0.00       0.00       0.00       0.00       0.00       0.00       0.00       0.00       0.00       0.00       0.00       0.00       0.00       0.00       0.00       0.00       0.00       0.00       0.00       0.00       0.00       0.00       0.00       0.00       0.00       0.00       0.00       0.00       0.00       0.00       0.00       0.00       0.00       0.00       0.00       0.00       0.00       0.00       0.00       0.00       0.00       0.00       0.00       0.00       0.00       0.00       0.00       0.00       0.00       0.00       0.00       0.00       0.00       0.00       0.00       0.00       0.00       0.00       0.00       0.00       0.00       0.00       0.00       0.00       0.00       0.00       0.00       0.00       0.00       0.00       0.00       0.00       0.00       0.00       0.00       0.00       0.00       0.00       0.00       0.00       0.00       0.00       0.00       0.00       0.00       0.00       0.00       0.00       0.00       0.00       0.00       0.00       0.00       0.00       0.00       0.00       0.00       0.00       0.00       0.00       0.00       0.00       0.00       0.00       0.00       0.00       0.00       0.00       0.00       0.00     198.00      49.00       0.00       0.00       0.00      14.00       0.00       0.00
17시 08분 38초    2       0.00       0.00       0.00    1522.00       0.00       0.00       0.00       0.00       0.00       0.00       0.00       0.00       0.00       0.00       0.00       0.00       0.00       0.00       0.00       0.00       0.00       0.00       0.00       0.00       0.00       0.00       0.00       0.00       0.00       0.00       0.00       0.00       0.00       0.00       0.00       0.00       0.00       0.00       0.00       0.00       0.00       0.00       0.00       0.00       0.00       0.00       0.00       0.00       0.00       0.00       0.00       0.00       0.00       0.00       0.00       0.00       0.00       0.00       0.00       0.00       0.00       0.00       0.00       0.00       0.00       0.00       0.00       0.00       0.00       0.00       0.00       0.00       0.00       0.00       0.00       0.00       0.00       0.00       0.00       0.00       0.00       0.00       0.00       0.00       0.00       0.00       0.00       0.00       0.00       0.00       0.00       0.00       0.00       0.00       0.00       0.00       0.00       0.00       0.00       0.00       0.00       0.00       0.00       0.00       0.00       0.00       0.00       0.00       0.00       0.00       0.00       0.00       0.00       0.00       0.00       0.00       0.00       0.00       0.00       0.00       0.00       0.00       0.00       0.00       0.00       0.00       0.00       0.00       0.00       0.00       0.00       0.00       0.00       0.00       0.00       0.00     116.00       5.00       0.00       0.00       0.00      16.00       0.00       0.00
17시 08분 38초    3       0.00       0.00       0.00     645.00       0.00       0.00       0.00       0.00       0.00       0.00       0.00       0.00       0.00       0.00       0.00       0.00       0.00       0.00       0.00       0.00       0.00       0.00       0.00       0.00       0.00       0.00       0.00       0.00       0.00       0.00       0.00       0.00       0.00       0.00       0.00       0.00       0.00       0.00       0.00       0.00       0.00       0.00       0.00       0.00       0.00       0.00       0.00       0.00       0.00       0.00       0.00       0.00       0.00       0.00       0.00       0.00       0.00       0.00       0.00       0.00       0.00       0.00       0.00       0.00       0.00       0.00       0.00       0.00       0.00       0.00       0.00       0.00       0.00       0.00       0.00       0.00       0.00       0.00       0.00       0.00       0.00       0.00       0.00       0.00       0.00       0.00       0.00       0.00       0.00       0.00       0.00       0.00       0.00       0.00       0.00       0.00       0.00       0.00       0.00       0.00       0.00       0.00       0.00       0.00       0.00       0.00       0.00       0.00       0.00       0.00       0.00       0.00       0.00       0.00       0.00       0.00       0.00       0.00       0.00       0.00       0.00       0.00       0.00       0.00       0.00       0.00       0.00       0.00       0.00       0.00       0.00       0.00       0.00       0.00       0.00       0.00     120.00       0.00       0.00       0.00       0.00      15.00       0.00       0.00
17시 08분 38초    4       0.00       0.00       0.00     202.00       0.00       0.00       0.00       0.00       0.00       0.00       0.00       0.00       0.00       0.00       0.00       0.00       0.00       0.00       0.00       0.00       0.00       0.00       0.00       0.00       0.00       0.00       0.00       0.00       0.00       0.00       0.00       0.00       0.00       0.00       0.00       0.00       0.00       0.00       0.00       0.00       0.00       0.00       0.00       0.00       0.00       0.00       0.00       0.00       0.00       0.00       0.00       0.00       0.00       0.00       0.00       0.00       0.00       0.00       0.00       0.00       0.00       0.00       0.00       0.00       0.00       0.00       0.00       0.00       0.00       0.00       0.00       0.00       0.00       0.00       0.00       0.00       0.00       0.00       0.00       0.00       0.00       0.00       0.00       0.00       0.00       0.00       0.00       0.00       0.00       0.00       0.00       0.00       0.00       0.00       0.00       0.00       0.00       0.00       0.00       0.00       0.00       0.00       0.00       0.00       0.00       0.00       0.00       0.00       0.00       0.00       0.00       0.00       0.00       0.00       0.00       0.00       0.00       0.00       0.00       0.00       0.00       0.00       0.00       0.00       0.00       0.00       0.00       0.00       0.00       0.00       0.00       0.00       0.00       0.00       0.00       0.00     296.00       2.00       0.00       0.00       0.00      39.00       0.00       0.00
17시 08분 38초    5       0.00       0.00       0.00     341.00       0.00       0.00       0.00       0.00       0.00       0.00       0.00       0.00       0.00       0.00       0.00       0.00       0.00       0.00       0.00       0.00       0.00       0.00       0.00       0.00       0.00       0.00       0.00       0.00       0.00       0.00       0.00       0.00       0.00       0.00       0.00       0.00       0.00       0.00       0.00       0.00       0.00       0.00       0.00       0.00       0.00       0.00       0.00       0.00       0.00       0.00       0.00       0.00       0.00       0.00       0.00       0.00       0.00       0.00       0.00       0.00       0.00       0.00       0.00       0.00       0.00       0.00       0.00       0.00       0.00       0.00       0.00       0.00       0.00       0.00       0.00       0.00       0.00       0.00       0.00       0.00       0.00       0.00       0.00       0.00       0.00       0.00       0.00       0.00       0.00       0.00       0.00       0.00       0.00       0.00       0.00       0.00       0.00       0.00       0.00       0.00       0.00       0.00       0.00       0.00       0.00       0.00       0.00       0.00       0.00       0.00       0.00       0.00       0.00       0.00       0.00       0.00       0.00       0.00       0.00       0.00       0.00       0.00       0.00       0.00       0.00       0.00       0.00       0.00       0.00       0.00       0.00       0.00       0.00       0.00       0.00       0.00     167.00       8.00       0.00       0.00       0.00      94.00       0.00       0.00

17시 08분 37초  CPU       HI/s    TIMER/s   NET_TX/s   NET_RX/s    BLOCK/s IRQ_POLL/s  TASKLET/s    SCHED/s  HRTIMER/s      RCU/s
17시 08분 38초    0       0.00      39.00      17.00     367.00       0.00       0.00       0.00     115.00       0.00      42.00
17시 08분 38초    1       0.00      23.00       0.00       0.00       0.00       0.00       0.00      90.00       0.00      41.00
17시 08분 38초    2       0.00       5.00       0.00       0.00       0.00       0.00       0.00      35.00       0.00      42.00
17시 08분 38초    3       0.00      11.00       0.00       0.00       0.00       0.00       0.00      49.00       0.00      49.00
17시 08분 38초    4       0.00       8.00       0.00       0.00       0.00       0.00       0.00      72.00       0.00      55.00
17시 08분 38초    5       0.00      24.00       0.00       0.00       0.00       0.00       0.00      69.00       0.00      48.00

17시 08분 38초  CPU    %usr   %nice    %sys %iowait    %irq   %soft  %steal  %guest  %gnice   %idle
17시 08분 39초  all   12.14    0.00    2.36    0.00    0.34    0.17    0.00    0.00    0.00   84.99
17시 08분 39초    0    3.92    0.00    2.94    0.00    0.98    0.98    0.00    0.00    0.00   91.18
17시 08분 39초    1    9.18    0.00    1.02    0.00    0.00    0.00    0.00    0.00    0.00   89.80
17시 08분 39초    2   28.57    0.00    2.04    0.00    0.00    0.00    0.00    0.00    0.00   69.39
17시 08분 39초    3    3.96    0.00    3.96    0.00    0.99    0.00    0.00    0.00    0.00   91.09
17시 08분 39초    4    3.09    0.00    3.09    0.00    0.00    0.00    0.00    0.00    0.00   93.81
17시 08분 39초    5   24.74    0.00    1.03    0.00    0.00    0.00    0.00    0.00    0.00   74.23

17시 08분 38초  CPU    intr/s
17시 08분 39초  all   6473.00
17시 08분 39초    0    592.00
17시 08분 39초    1    246.00
17시 08분 39초    2    162.00
17시 08분 39초    3    146.00
17시 08분 39초    4    156.00
17시 08분 39초    5    140.00

17시 08분 38초  CPU        9/s       11/s       12/s       13/s       18/s       20/s       21/s       22/s       23/s       24/s       25/s       26/s       27/s       28/s       29/s       30/s       31/s       32/s       33/s       34/s       35/s       36/s       37/s       38/s       39/s       40/s       41/s       42/s       43/s       44/s       45/s       46/s       47/s       48/s       49/s       50/s       51/s       52/s       53/s       54/s       55/s       57/s       59/s       61/s       65/s       66/s       67/s       68/s       69/s       70/s       71/s       72/s       73/s       74/s       75/s       76/s       77/s       79/s       80/s       81/s       82/s       83/s       84/s       85/s       86/s       87/s       88/s       89/s       90/s       91/s       92/s       93/s       94/s       95/s       96/s       97/s       98/s      112/s      113/s      114/s      115/s      116/s      117/s      118/s      119/s      120/s      121/s      122/s      123/s      124/s      125/s      126/s      127/s      128/s      129/s      130/s      131/s      132/s      133/s      134/s      135/s      136/s      137/s      138/s      150/s      154/s      162/s      167/s      171/s      224/s      228/s      229/s      230/s      231/s      232/s      233/s      234/s      235/s      236/s      237/s      245/s      246/s      247/s      249/s      250/s      252/s      253/s      262/s      263/s      294/s      296/s      297/s      298/s      299/s      301/s      302/s     IPI0/s     IPI1/s     IPI2/s     IPI3/s     IPI4/s     IPI5/s     IPI6/s      Err/s
17시 08분 39초    0       0.00       0.00       0.00     214.00       0.00       0.00       0.00       0.00       0.00       0.00       0.00       0.00       0.00       0.00       0.00       0.00       0.00       0.00       0.00       0.00       0.00       0.00       0.00       0.00       0.00       0.00       0.00       0.00       0.00       0.00       0.00       0.00       0.00       0.00       0.00       0.00       0.00       0.00       0.00       0.00       0.00       0.00       0.00       0.00       0.00       0.00       0.00       0.00       0.00       0.00       0.00       0.00       0.00       0.00       0.00       0.00       0.00       0.00       0.00       0.00       0.00       0.00       0.00       0.00       0.00       0.00       0.00       0.00       0.00       0.00       0.00       0.00       0.00       0.00       0.00       0.00       0.00       0.00       0.00       0.00       0.00       0.00       0.00       0.00       0.00       0.00       0.00       0.00       0.00       0.00       0.00       0.00       0.00      69.00       0.00       0.00       0.00       0.00       0.00       0.00       0.00       0.00       0.00       0.00       0.00     254.00       0.00       0.00       0.00       0.00       0.00       0.00       0.00       0.00       0.00       0.00       0.00       0.00       0.00       0.00       0.00       0.00       0.00       0.00       0.00       0.00       0.00       0.00       0.00       0.00       0.00       0.00       0.00       0.00     419.00       0.00     336.00      52.00       0.00       0.00       0.00      50.00       0.00       0.00
17시 08분 39초    1       0.00       0.00       0.00     161.00       0.00       0.00       0.00       0.00       0.00       0.00       0.00       0.00       0.00       0.00       0.00       0.00       0.00       0.00       0.00       0.00       0.00       0.00       0.00       0.00       0.00       0.00       0.00       0.00       0.00       0.00       0.00       0.00       0.00       0.00       0.00       0.00       0.00       0.00       0.00       0.00       0.00       0.00       0.00       0.00       0.00       0.00       0.00       0.00       0.00       0.00       0.00       0.00       0.00       0.00       0.00       0.00       0.00       0.00       0.00       0.00       0.00       0.00       0.00       0.00       0.00       0.00       0.00       0.00       0.00       0.00       0.00       0.00       0.00       0.00       0.00       0.00       0.00       0.00       0.00       0.00       0.00       0.00       0.00       0.00       0.00       0.00       0.00       0.00       0.00       0.00       0.00       0.00       0.00       0.00       0.00       0.00       0.00       0.00       0.00       0.00       0.00       0.00       0.00       0.00       0.00       0.00       0.00       0.00       0.00       0.00       0.00       0.00       0.00       0.00       0.00       0.00       0.00       0.00       0.00       0.00       0.00       0.00       0.00       0.00       0.00       0.00       0.00       0.00       0.00       0.00       0.00       0.00       0.00       0.00       0.00       0.00     308.00      50.00       0.00       0.00       0.00      11.00       0.00       0.00
17시 08분 39초    2       0.00       0.00       0.00     304.00       0.00       0.00       0.00       0.00       0.00       0.00       0.00       0.00       0.00       0.00       0.00       0.00       0.00       0.00       0.00       0.00       0.00       0.00       0.00       0.00       0.00       0.00       0.00       0.00       0.00       0.00       0.00       0.00       0.00       0.00       0.00       0.00       0.00       0.00       0.00       0.00       0.00       0.00       0.00       0.00       0.00       0.00       0.00       0.00       0.00       0.00       0.00       0.00       0.00       0.00       0.00       0.00       0.00       0.00       0.00       0.00       0.00       0.00       0.00       0.00       0.00       0.00       0.00       0.00       0.00       0.00       0.00       0.00       0.00       0.00       0.00       0.00       0.00       0.00       0.00       0.00       0.00       0.00       0.00       0.00       0.00       0.00       0.00       0.00       0.00       0.00       0.00       0.00       0.00       0.00       0.00       0.00       0.00       0.00       0.00       0.00       0.00       0.00       0.00       0.00       0.00       0.00       0.00       0.00       0.00       0.00       0.00       0.00       0.00       0.00       0.00       0.00       0.00       0.00       0.00       0.00       0.00       0.00       0.00       0.00       0.00       0.00       0.00       0.00       0.00       0.00       0.00       0.00       0.00       0.00       0.00       0.00     220.00      11.00       0.00       0.00       0.00      56.00       0.00       0.00
17시 08분 39초    3       0.00       0.00       0.00    1764.00       0.00       0.00       0.00       0.00       0.00       0.00       0.00       0.00       0.00       0.00       0.00       0.00       0.00       0.00       0.00       0.00       0.00       0.00       0.00       0.00       0.00       0.00       0.00       0.00       0.00       0.00       0.00       0.00       0.00       0.00       0.00       0.00       0.00       0.00       0.00       0.00       0.00       0.00       0.00       0.00       0.00       0.00       0.00       0.00       0.00       0.00       0.00       0.00       0.00       0.00       0.00       0.00       0.00       0.00       0.00       0.00       0.00       0.00       0.00       0.00       0.00       0.00       0.00       0.00       0.00       0.00       0.00       0.00       0.00       0.00       0.00       0.00       0.00       0.00       0.00       0.00       0.00       0.00       0.00       0.00       0.00       0.00       0.00       0.00       0.00       0.00       0.00       0.00       0.00       0.00       0.00       0.00       0.00       0.00       0.00       0.00       0.00       0.00       0.00       0.00       0.00       0.00       0.00       0.00       0.00       0.00       0.00       0.00       0.00       0.00       0.00       0.00       0.00       0.00       0.00       0.00       0.00       0.00       0.00       0.00       0.00       0.00       0.00       0.00       0.00       0.00       0.00       0.00       0.00       0.00       0.00       0.00     302.00      11.00       0.00       0.00       0.00      32.00       0.00       0.00
17시 08분 39초    4       0.00       0.00       0.00     808.00       0.00       0.00       0.00       0.00       0.00       0.00       0.00       0.00       0.00       0.00       0.00       0.00       0.00       0.00       0.00       0.00       0.00       0.00       0.00       0.00       0.00       0.00       0.00       0.00       0.00       0.00       0.00       0.00       0.00       0.00       0.00       0.00       0.00       0.00       0.00       0.00       0.00       0.00       0.00       0.00       0.00       0.00       0.00       0.00       0.00       0.00       0.00       0.00       0.00       0.00       0.00       0.00       0.00       0.00       0.00       0.00       0.00       0.00       0.00       0.00       0.00       0.00       0.00       0.00       0.00       0.00       0.00       0.00       0.00       0.00       0.00       0.00       0.00       0.00       0.00       0.00       0.00       0.00       0.00       0.00       0.00       0.00       0.00       0.00       0.00       0.00       0.00       0.00       0.00       0.00       0.00       0.00       0.00       0.00       0.00       0.00       0.00       0.00       0.00       0.00       0.00       0.00       0.00       0.00       0.00       0.00       0.00       0.00       0.00       0.00       0.00       0.00       0.00       0.00       0.00       0.00       0.00       0.00       0.00       0.00       0.00       0.00       0.00       0.00       0.00       0.00       0.00       0.00       0.00       0.00       0.00       0.00     327.00       5.00       0.00       0.00       0.00      22.00       0.00       0.00
17시 08분 39초    5       0.00       0.00       0.00     321.00       0.00       0.00       0.00       0.00       0.00       0.00       0.00       0.00       0.00       0.00       0.00       0.00       0.00       0.00       0.00       0.00       0.00       0.00       0.00       0.00       0.00       0.00       0.00       0.00       0.00       0.00       0.00       0.00       0.00       0.00       0.00       0.00       0.00       0.00       0.00       0.00       0.00       0.00       0.00       0.00       0.00       0.00       0.00       0.00       0.00       0.00       0.00       0.00       0.00       0.00       0.00       0.00       0.00       0.00       0.00       0.00       0.00       0.00       0.00       0.00       0.00       0.00       0.00       0.00       0.00       0.00       0.00       0.00       0.00       0.00       0.00       0.00       0.00       0.00       0.00       0.00       0.00       0.00       0.00       0.00       0.00       0.00       0.00       0.00       0.00       0.00       0.00       0.00       0.00       0.00       0.00       0.00       0.00       0.00       0.00       0.00       0.00       0.00       0.00       0.00       0.00       0.00       0.00       0.00       0.00       0.00       0.00       0.00       0.00       0.00       0.00       0.00       0.00       0.00       0.00       0.00       0.00       0.00       0.00       0.00       0.00       0.00       0.00       0.00       0.00       0.00       0.00       0.00       0.00       0.00       0.00       0.00     275.00       5.00       0.00       0.00       0.00      83.00       0.00       0.00

17시 08분 38초  CPU       HI/s    TIMER/s   NET_TX/s   NET_RX/s    BLOCK/s IRQ_POLL/s  TASKLET/s    SCHED/s  HRTIMER/s      RCU/s
17시 08분 39초    0       0.00      23.00      17.00     383.00       0.00       0.00       0.00     100.00       0.00      69.00
17시 08분 39초    1       0.00      22.00       0.00       0.00       0.00       0.00       0.00      87.00       0.00     137.00
17시 08분 39초    2       0.00      18.00       0.00       0.00       0.00       0.00       0.00      77.00       0.00      67.00
17시 08분 39초    3       0.00      33.00       0.00       0.00       0.00       0.00       0.00      62.00       0.00      51.00
17시 08분 39초    4       0.00      17.00       0.00       0.00       0.00       0.00       0.00      61.00       0.00      78.00
17시 08분 39초    5       0.00      15.00       0.00       0.00       0.00       0.00       0.00      62.00       0.00      63.00

17시 08분 39초  CPU    %usr   %nice    %sys %iowait    %irq   %soft  %steal  %guest  %gnice   %idle
17시 08분 40초  all   14.83    0.00    4.50    0.33    0.17    0.00    0.00    0.00    0.00   80.17
17시 08분 40초    0   13.13    0.00    2.02    2.02    0.00    0.00    0.00    0.00    0.00   82.83
17시 08분 40초    1    0.00    0.00   14.14    0.00    0.00    0.00    0.00    0.00    0.00   85.86
17시 08분 40초    2    1.00    0.00    1.00    0.00    0.00    0.00    0.00    0.00    0.00   98.00
17시 08분 40초    3    0.00    0.00    3.00    0.00    0.00    0.00    0.00    0.00    0.00   97.00
17시 08분 40초    4    3.92    0.00    2.94    0.00    0.00    0.00    0.00    0.00    0.00   93.14
17시 08분 40초    5   71.00    0.00    4.00    0.00    1.00    0.00    0.00    0.00    0.00   24.00

17시 08분 39초  CPU    intr/s
17시 08분 40초  all   2243.00
17시 08분 40초    0    392.00
17시 08분 40초    1    200.00
17시 08분 40초    2     76.00
17시 08분 40초    3    121.00
17시 08분 40초    4     81.00
17시 08분 40초    5    142.00

17시 08분 39초  CPU        9/s       11/s       12/s       13/s       18/s       20/s       21/s       22/s       23/s       24/s       25/s       26/s       27/s       28/s       29/s       30/s       31/s       32/s       33/s       34/s       35/s       36/s       37/s       38/s       39/s       40/s       41/s       42/s       43/s       44/s       45/s       46/s       47/s       48/s       49/s       50/s       51/s       52/s       53/s       54/s       55/s       57/s       59/s       61/s       65/s       66/s       67/s       68/s       69/s       70/s       71/s       72/s       73/s       74/s       75/s       76/s       77/s       79/s       80/s       81/s       82/s       83/s       84/s       85/s       86/s       87/s       88/s       89/s       90/s       91/s       92/s       93/s       94/s       95/s       96/s       97/s       98/s      112/s      113/s      114/s      115/s      116/s      117/s      118/s      119/s      120/s      121/s      122/s      123/s      124/s      125/s      126/s      127/s      128/s      129/s      130/s      131/s      132/s      133/s      134/s      135/s      136/s      137/s      138/s      150/s      154/s      162/s      167/s      171/s      224/s      228/s      229/s      230/s      231/s      232/s      233/s      234/s      235/s      236/s      237/s      245/s      246/s      247/s      249/s      250/s      252/s      253/s      262/s      263/s      294/s      296/s      297/s      298/s      299/s      301/s      302/s     IPI0/s     IPI1/s     IPI2/s     IPI3/s     IPI4/s     IPI5/s     IPI6/s      Err/s
17시 08분 40초    0       0.00       0.00       0.00     202.00       0.00       0.00       0.00       0.00       0.00       0.00       0.00       0.00       0.00       0.00       0.00       0.00       0.00       0.00       0.00       0.00       0.00       0.00       0.00       0.00       0.00       0.00       0.00       0.00       0.00       0.00       0.00       0.00       0.00       0.00       0.00       0.00       0.00       0.00       0.00       0.00       0.00       0.00       0.00       0.00       0.00       0.00     134.00       0.00       0.00       0.00       0.00       0.00       0.00       0.00       0.00       0.00       0.00       0.00       0.00       0.00       0.00       0.00       0.00       0.00       0.00       0.00       0.00       0.00       0.00       0.00       0.00       0.00       0.00       0.00       0.00       0.00       0.00       0.00       0.00       8.00       0.00       0.00       0.00       0.00       0.00       0.00       0.00       0.00       0.00       0.00       0.00       0.00       0.00      25.00       0.00       0.00       0.00       0.00       0.00       0.00       0.00       0.00       0.00       0.00       0.00     143.00       0.00       0.00       0.00       0.00       0.00       0.00       0.00       0.00       0.00       0.00       0.00       0.00       0.00       0.00       0.00       0.00       0.00       0.00       0.00       0.00       0.00       0.00       0.00       0.00       0.00       0.00       0.00       0.00     203.00       0.00      85.00      44.00       0.00       0.00       0.00      61.00       0.00       0.00
17시 08분 40초    1       0.00       0.00       0.00     254.00       0.00       0.00       0.00       0.00       0.00       0.00       0.00       0.00       0.00       0.00       0.00       0.00       0.00       0.00       0.00       0.00       0.00       0.00       0.00       0.00       0.00       0.00       0.00       0.00       0.00       0.00       0.00       0.00       0.00       0.00       0.00       0.00       0.00       0.00       0.00       0.00       0.00       0.00       0.00       0.00       0.00       0.00       0.00       0.00       0.00       0.00       0.00       0.00       0.00       0.00       0.00       0.00       0.00       0.00       0.00       0.00       0.00       0.00       0.00       0.00       0.00       0.00       0.00       0.00       0.00       0.00       0.00       0.00       0.00       0.00       0.00       0.00       0.00       0.00       0.00       0.00       0.00       0.00       0.00       0.00       0.00       0.00       0.00       0.00       0.00       0.00       0.00       0.00       0.00       0.00       0.00       0.00       0.00       0.00       0.00       0.00       0.00       0.00       0.00       0.00       0.00       0.00       0.00       0.00       0.00       0.00       0.00       0.00       0.00       0.00       0.00       0.00       0.00       0.00       0.00       0.00       0.00       0.00       0.00       0.00       0.00       0.00       0.00       0.00       0.00       0.00       0.00       0.00       0.00       0.00       0.00       0.00     224.00      54.00       0.00       0.00       0.00      21.00       0.00       0.00
17시 08분 40초    2       0.00       0.00       0.00      69.00       0.00       0.00       0.00       0.00       0.00       0.00       0.00       0.00       0.00       0.00       0.00       0.00       0.00       0.00       0.00       0.00       0.00       0.00       0.00       0.00       0.00       0.00       0.00       0.00       0.00       0.00       0.00       0.00       0.00       0.00       0.00       0.00       0.00       0.00       0.00       0.00       0.00       0.00       0.00       0.00       0.00       0.00       0.00       0.00       0.00       0.00       0.00       0.00       0.00       0.00       0.00       0.00       0.00       0.00       0.00       0.00       0.00       0.00       0.00       0.00       0.00       0.00       0.00       0.00       0.00       0.00       0.00       0.00       0.00       0.00       0.00       0.00       0.00       0.00       0.00       0.00       0.00       0.00       0.00       0.00       0.00       0.00       0.00       0.00       0.00       0.00       0.00       0.00       0.00       0.00       0.00       0.00       0.00       0.00       0.00       0.00       0.00       0.00       0.00       0.00       0.00       0.00       0.00       0.00       0.00       0.00       0.00       0.00       0.00       0.00       0.00       0.00       0.00       0.00       0.00       0.00       0.00       0.00       0.00       0.00       0.00       0.00       0.00       0.00       0.00       0.00       0.00       0.00       0.00       0.00       0.00       0.00      76.00      12.00       0.00       0.00       0.00       3.00       0.00       0.00
17시 08분 40초    3       0.00       0.00       0.00     115.00       0.00       0.00       0.00       0.00       0.00       0.00       0.00       0.00       0.00       0.00       0.00       0.00       0.00       0.00       0.00       0.00       0.00       0.00       0.00       0.00       0.00       0.00       0.00       0.00       0.00       0.00       0.00       0.00       0.00       0.00       0.00       0.00       0.00       0.00       0.00       0.00       0.00       0.00       0.00       0.00       0.00       0.00       0.00       0.00       0.00       0.00       0.00       0.00       0.00       0.00       0.00       0.00       0.00       0.00       0.00       0.00       0.00       0.00       0.00       0.00       0.00       0.00       0.00       0.00       0.00       0.00       0.00       0.00       0.00       0.00       0.00       0.00       0.00       0.00       0.00       0.00       0.00       0.00       0.00       0.00       0.00       0.00       0.00       0.00       0.00       0.00       0.00       0.00       0.00       0.00       0.00       0.00       0.00       0.00       0.00       0.00       0.00       0.00       0.00       0.00       0.00       0.00       0.00       0.00       0.00       0.00       0.00       0.00       0.00       0.00       0.00       0.00       0.00       0.00       0.00       0.00       0.00       0.00       0.00       0.00       0.00       0.00       0.00       0.00       0.00       0.00       0.00       0.00       0.00       0.00       0.00       0.00      45.00       3.00       0.00       0.00       0.00       4.00       0.00       0.00
17시 08분 40초    4       0.00       0.00       0.00      88.00       0.00       0.00       0.00       0.00       0.00       0.00       0.00       0.00       0.00       0.00       0.00       0.00       0.00       0.00       0.00       0.00       0.00       0.00       0.00       0.00       0.00       0.00       0.00       0.00       0.00       0.00       0.00       0.00       0.00       0.00       0.00       0.00       0.00       0.00       0.00       0.00       0.00       0.00       0.00       0.00       0.00       0.00       0.00       0.00       0.00       0.00       0.00       0.00       0.00       0.00       0.00       0.00       0.00       0.00       0.00       0.00       0.00       0.00       0.00       0.00       0.00       0.00       0.00       0.00       0.00       0.00       0.00       0.00       0.00       0.00       0.00       0.00       0.00       0.00       0.00       0.00       0.00       0.00       0.00       0.00       0.00       0.00       0.00       0.00       0.00       0.00       0.00       0.00       0.00       0.00       0.00       0.00       0.00       0.00       0.00       0.00       0.00       0.00       0.00       0.00       0.00       0.00       0.00       0.00       0.00       0.00       0.00       0.00       0.00       0.00       0.00       0.00       0.00       0.00       0.00       0.00       0.00       0.00       0.00       0.00       0.00       0.00       0.00       0.00       0.00       0.00       0.00       0.00       0.00       0.00       0.00       0.00      59.00       3.00       0.00       0.00       0.00       4.00       0.00       0.00
17시 08분 40초    5       0.00       0.00       0.00     240.00       0.00       0.00       0.00       0.00       0.00       0.00       0.00       0.00       0.00       0.00       0.00       0.00       0.00       0.00       0.00       0.00       0.00       0.00       0.00       0.00       0.00       0.00       0.00       0.00       0.00       0.00       0.00       0.00       0.00       0.00       0.00       0.00       0.00       0.00       0.00       0.00       0.00       0.00       0.00       0.00       0.00       0.00       0.00       0.00       0.00       0.00       0.00       0.00       0.00       0.00       0.00       0.00       0.00       0.00       0.00       0.00       0.00       0.00       0.00       0.00       0.00       0.00       0.00       0.00       0.00       0.00       0.00       0.00       0.00       0.00       0.00       0.00       0.00       0.00       0.00       0.00       0.00       0.00       0.00       0.00       0.00       0.00       0.00       0.00       0.00       0.00       0.00       0.00       0.00       0.00       0.00       0.00       0.00       0.00       0.00       0.00       0.00       0.00       0.00       0.00       0.00       0.00       0.00       0.00       0.00       0.00       0.00       0.00       0.00       0.00       0.00       0.00       0.00       0.00       0.00       0.00       0.00       0.00       0.00       0.00       0.00       0.00       0.00       0.00       0.00       0.00       0.00       0.00       0.00       0.00       0.00       0.00      49.00       0.00       0.00       0.00       0.00      15.00       0.00       0.00

17시 08분 39초  CPU       HI/s    TIMER/s   NET_TX/s   NET_RX/s    BLOCK/s IRQ_POLL/s  TASKLET/s    SCHED/s  HRTIMER/s      RCU/s
17시 08분 40초    0       0.00      28.00       9.00     187.00       2.00       0.00       0.00     106.00       0.00      60.00
17시 08분 40초    1       0.00      26.00       0.00       0.00       0.00       0.00       0.00     117.00       0.00      57.00
17시 08분 40초    2       0.00      18.00       0.00       0.00       0.00       0.00       0.00      24.00       0.00      34.00
17시 08분 40초    3       0.00      40.00       0.00       0.00       0.00       0.00       0.00      38.00       0.00      43.00
17시 08분 40초    4       0.00       5.00       0.00       0.00       0.00       0.00       0.00      33.00       0.00      43.00
17시 08분 40초    5       0.00       7.00       0.00       0.00       0.00       0.00       0.00      34.00       0.00     101.00

17시 08분 40초  CPU    %usr   %nice    %sys %iowait    %irq   %soft  %steal  %guest  %gnice   %idle
17시 08분 41초  all   15.64    0.00    4.66    0.00    0.00    0.00    0.00    0.00    0.00   79.70
17시 08분 41초    0    0.00    0.00    3.03    0.00    0.00    0.00    0.00    0.00    0.00   96.97
17시 08분 41초    1    0.99    0.00    0.99    0.00    0.00    0.00    0.00    0.00    0.00   98.02
17시 08분 41초    2    0.00    0.00   10.00    0.00    0.00    0.00    0.00    0.00    0.00   90.00
17시 08분 41초    3    0.99    0.00    2.97    0.00    0.00    0.00    0.00    0.00    0.00   96.04
17시 08분 41초    4    1.00    0.00    2.00    0.00    0.00    0.00    0.00    0.00    0.00   97.00
17시 08분 41초    5   91.00    0.00    9.00    0.00    0.00    0.00    0.00    0.00    0.00    0.00

17시 08분 40초  CPU    intr/s
17시 08분 41초  all    929.00
17시 08분 41초    0    177.00
17시 08분 41초    1     73.00
17시 08분 41초    2     93.00
17시 08분 41초    3    117.00
17시 08분 41초    4     84.00
17시 08분 41초    5    133.00

17시 08분 40초  CPU        9/s       11/s       12/s       13/s       18/s       20/s       21/s       22/s       23/s       24/s       25/s       26/s       27/s       28/s       29/s       30/s       31/s       32/s       33/s       34/s       35/s       36/s       37/s       38/s       39/s       40/s       41/s       42/s       43/s       44/s       45/s       46/s       47/s       48/s       49/s       50/s       51/s       52/s       53/s       54/s       55/s       57/s       59/s       61/s       65/s       66/s       67/s       68/s       69/s       70/s       71/s       72/s       73/s       74/s       75/s       76/s       77/s       79/s       80/s       81/s       82/s       83/s       84/s       85/s       86/s       87/s       88/s       89/s       90/s       91/s       92/s       93/s       94/s       95/s       96/s       97/s       98/s      112/s      113/s      114/s      115/s      116/s      117/s      118/s      119/s      120/s      121/s      122/s      123/s      124/s      125/s      126/s      127/s      128/s      129/s      130/s      131/s      132/s      133/s      134/s      135/s      136/s      137/s      138/s      150/s      154/s      162/s      167/s      171/s      224/s      228/s      229/s      230/s      231/s      232/s      233/s      234/s      235/s      236/s      237/s      245/s      246/s      247/s      249/s      250/s      252/s      253/s      262/s      263/s      294/s      296/s      297/s      298/s      299/s      301/s      302/s     IPI0/s     IPI1/s     IPI2/s     IPI3/s     IPI4/s     IPI5/s     IPI6/s      Err/s
17시 08분 41초    0       0.00       0.00       0.00      94.00       0.00       0.00       0.00       0.00       0.00       0.00       0.00       0.00       0.00       0.00       0.00       0.00       0.00       0.00       0.00       0.00       0.00       0.00       0.00       0.00       0.00       0.00       0.00       0.00       0.00       0.00       0.00       0.00       0.00       0.00       0.00       0.00       0.00       0.00       0.00       0.00       0.00       0.00       0.00       0.00       0.00       0.00       0.00       0.00       0.00       0.00       0.00       0.00       0.00       0.00       0.00       0.00       0.00       0.00       0.00       0.00       0.00       0.00       0.00       0.00       0.00       0.00       0.00       0.00       0.00       0.00       0.00       0.00       0.00       0.00       0.00       0.00       0.00       0.00       0.00       7.00       0.00       0.00       0.00       0.00       0.00       0.00       0.00       0.00       0.00       0.00       0.00       0.00       0.00       0.00       0.00       0.00       0.00       0.00       0.00       0.00       0.00       0.00       0.00       0.00       0.00      38.00       0.00       0.00       0.00       0.00       0.00       0.00       0.00       0.00       0.00       0.00       0.00       0.00       0.00       0.00       0.00       0.00       0.00       0.00       0.00       0.00       0.00       0.00       0.00       0.00       0.00       0.00       0.00       0.00      24.00       0.00      18.00      52.00       0.00       0.00       0.00      15.00       0.00       0.00
17시 08분 41초    1       0.00       0.00       0.00      47.00       0.00       0.00       0.00       0.00       0.00       0.00       0.00       0.00       0.00       0.00       0.00       0.00       0.00       0.00       0.00       0.00       0.00       0.00       0.00       0.00       0.00       0.00       0.00       0.00       0.00       0.00       0.00       0.00       0.00       0.00       0.00       0.00       0.00       0.00       0.00       0.00       0.00       0.00       0.00       0.00       0.00       0.00       0.00       0.00       0.00       0.00       0.00       0.00       0.00       0.00       0.00       0.00       0.00       0.00       0.00       0.00       0.00       0.00       0.00       0.00       0.00       0.00       0.00       0.00       0.00       0.00       0.00       0.00       0.00       0.00       0.00       0.00       0.00       0.00       0.00       0.00       0.00       0.00       0.00       0.00       0.00       0.00       0.00       0.00       0.00       0.00       0.00       0.00       0.00       0.00       0.00       0.00       0.00       0.00       0.00       0.00       0.00       0.00       0.00       0.00       0.00       0.00       0.00       0.00       0.00       0.00       0.00       0.00       0.00       0.00       0.00       0.00       0.00       0.00       0.00       0.00       0.00       0.00       0.00       0.00       0.00       0.00       0.00       0.00       0.00       0.00       0.00       0.00       0.00       0.00       0.00       0.00       5.00      12.00       0.00       0.00       0.00       2.00       0.00       0.00
17시 08분 41초    2       0.00       0.00       0.00      74.00       0.00       0.00       0.00       0.00       0.00       0.00       0.00       0.00       0.00       0.00       0.00       0.00       0.00       0.00       0.00       0.00       0.00       0.00       0.00       0.00       0.00       0.00       0.00       0.00       0.00       0.00       0.00       0.00       0.00       0.00       0.00       0.00       0.00       0.00       0.00       0.00       0.00       0.00       0.00       0.00       0.00       0.00       0.00       0.00       0.00       0.00       0.00       0.00       0.00       0.00       0.00       0.00       0.00       0.00       0.00       0.00       0.00       0.00       0.00       0.00       0.00       0.00       0.00       0.00       0.00       0.00       0.00       0.00       0.00       0.00       0.00       0.00       0.00       0.00       0.00       0.00       0.00       0.00       0.00       0.00       0.00       0.00       0.00       0.00       0.00       0.00       0.00       0.00       0.00       0.00       0.00       0.00       0.00       0.00       0.00       0.00       0.00       0.00       0.00       0.00       0.00       0.00       0.00       0.00       0.00       0.00       0.00       0.00       0.00       0.00       0.00       0.00       0.00       0.00       0.00       0.00       0.00       0.00       0.00       0.00       0.00       0.00       0.00       0.00       0.00       0.00       0.00       0.00       0.00       0.00       0.00       0.00      75.00       6.00       0.00       0.00       0.00      11.00       0.00       0.00
17시 08분 41초    3       0.00       0.00       0.00      88.00       0.00       0.00       0.00       0.00       0.00       0.00       0.00       0.00       0.00       0.00       0.00       0.00       0.00       0.00       0.00       0.00       0.00       0.00       0.00       0.00       0.00       0.00       0.00       0.00       0.00       0.00       0.00       0.00       0.00       0.00       0.00       0.00       0.00       0.00       0.00       0.00       0.00       0.00       0.00       0.00       0.00       0.00       0.00       0.00       0.00       0.00       0.00       0.00       0.00       0.00       0.00       0.00       0.00       0.00       0.00       0.00       0.00       0.00       0.00       0.00       0.00       0.00       0.00       0.00       0.00       0.00       0.00       0.00       0.00       0.00       0.00       0.00       0.00       0.00       0.00       0.00       0.00       0.00       0.00       0.00       0.00       0.00       0.00       0.00       0.00       0.00       0.00       0.00       0.00       0.00       0.00       0.00       0.00       0.00       0.00       0.00       0.00       0.00       0.00       0.00       0.00       0.00       0.00       0.00       0.00       0.00       0.00       0.00       0.00       0.00       0.00       0.00       0.00       0.00       0.00       0.00       0.00       0.00       0.00       0.00       0.00       0.00       0.00       0.00       0.00       0.00       0.00       0.00       0.00       0.00       0.00       0.00      16.00       0.00       0.00       0.00       0.00       3.00       0.00       0.00
17시 08분 41초    4       0.00       0.00       0.00      84.00       0.00       0.00       0.00       0.00       0.00       0.00       0.00       0.00       0.00       0.00       0.00       0.00       0.00       0.00       0.00       0.00       0.00       0.00       0.00       0.00       0.00       0.00       0.00       0.00       0.00       0.00       0.00       0.00       0.00       0.00       0.00       0.00       0.00       0.00       0.00       0.00       0.00       0.00       0.00       0.00       0.00       0.00       0.00       0.00       0.00       0.00       0.00       0.00       0.00       0.00       0.00       0.00       0.00       0.00       0.00       0.00       0.00       0.00       0.00       0.00       0.00       0.00       0.00       0.00       0.00       0.00       0.00       0.00       0.00       0.00       0.00       0.00       0.00       0.00       0.00       0.00       0.00       0.00       0.00       0.00       0.00       0.00       0.00       0.00       0.00       0.00       0.00       0.00       0.00       0.00       0.00       0.00       0.00       0.00       0.00       0.00       0.00       0.00       0.00       0.00       0.00       0.00       0.00       0.00       0.00       0.00       0.00       0.00       0.00       0.00       0.00       0.00       0.00       0.00       0.00       0.00       0.00       0.00       0.00       0.00       0.00       0.00       0.00       0.00       0.00       0.00       0.00       0.00       0.00       0.00       0.00       0.00       5.00       0.00       0.00       0.00       0.00       0.00       0.00       0.00
17시 08분 41초    5       0.00       0.00       0.00     251.00       0.00       0.00       0.00       0.00       0.00       0.00       0.00       0.00       0.00       0.00       0.00       0.00       0.00       0.00       0.00       0.00       0.00       0.00       0.00       0.00       0.00       0.00       0.00       0.00       0.00       0.00       0.00       0.00       0.00       0.00       0.00       0.00       0.00       0.00       0.00       0.00       0.00       0.00       0.00       0.00       0.00       0.00       0.00       0.00       0.00       0.00       0.00       0.00       0.00       0.00       0.00       0.00       0.00       0.00       0.00       0.00       0.00       0.00       0.00       0.00       0.00       0.00       0.00       0.00       0.00       0.00       0.00       0.00       0.00       0.00       0.00       0.00       0.00       0.00       0.00       0.00       0.00       0.00       0.00       0.00       0.00       0.00       0.00       0.00       0.00       0.00       0.00       0.00       0.00       0.00       0.00       0.00       0.00       0.00       0.00       0.00       0.00       0.00       0.00       0.00       0.00       0.00       0.00       0.00       0.00       0.00       0.00       0.00       0.00       0.00       0.00       0.00       0.00       0.00       0.00       0.00       0.00       0.00       0.00       0.00       0.00       0.00       0.00       0.00       0.00       0.00       0.00       0.00       0.00       0.00       0.00       0.00       0.00       2.00       0.00       0.00       0.00       0.00       0.00       0.00

17시 08분 40초  CPU       HI/s    TIMER/s   NET_TX/s   NET_RX/s    BLOCK/s IRQ_POLL/s  TASKLET/s    SCHED/s  HRTIMER/s      RCU/s
17시 08분 41초    0       0.00      23.00       0.00      22.00       0.00       0.00       0.00      86.00       0.00      46.00
17시 08분 41초    1       0.00      17.00       0.00       0.00       0.00       0.00       0.00      28.00       0.00      28.00
17시 08분 41초    2       0.00      19.00       0.00       0.00       0.00       0.00       0.00      26.00       0.00      48.00
17시 08분 41초    3       0.00      44.00       0.00       0.00       0.00       0.00       0.00      29.00       0.00      44.00
17시 08분 41초    4       0.00      15.00       0.00       0.00       0.00       0.00       0.00      29.00       0.00      40.00
17시 08분 41초    5       0.00       2.00       0.00       0.00       0.00       0.00       0.00       7.00       0.00     124.00

17시 08분 41초  CPU    %usr   %nice    %sys %iowait    %irq   %soft  %steal  %guest  %gnice   %idle
17시 08분 42초  all    1.01    0.00   10.10    0.00    0.00    0.17    0.00    0.00    0.00   88.72
17시 08분 42초    0    0.00    0.00    2.04    0.00    0.00    0.00    0.00    0.00    0.00   97.96
17시 08분 42초    1    0.00    0.00   33.33    0.00    0.00    1.01    0.00    0.00    0.00   65.66
17시 08분 42초    2    0.00    0.00   17.17    0.00    0.00    0.00    0.00    0.00    0.00   82.83
17시 08분 42초    3    0.00    0.00    3.00    0.00    0.00    0.00    0.00    0.00    0.00   97.00
17시 08분 42초    4    1.01    0.00    4.04    0.00    0.00    0.00    0.00    0.00    0.00   94.95
17시 08분 42초    5    5.05    0.00    1.01    0.00    0.00    0.00    0.00    0.00    0.00   93.94

17시 08분 41초  CPU    intr/s
17시 08분 42초  all    993.00
17시 08분 42초    0    178.00
17시 08분 42초    1    206.00
17시 08분 42초    2     75.00
17시 08분 42초    3    107.00
17시 08분 42초    4    104.00
17시 08분 42초    5     90.00

17시 08분 41초  CPU        9/s       11/s       12/s       13/s       18/s       20/s       21/s       22/s       23/s       24/s       25/s       26/s       27/s       28/s       29/s       30/s       31/s       32/s       33/s       34/s       35/s       36/s       37/s       38/s       39/s       40/s       41/s       42/s       43/s       44/s       45/s       46/s       47/s       48/s       49/s       50/s       51/s       52/s       53/s       54/s       55/s       57/s       59/s       61/s       65/s       66/s       67/s       68/s       69/s       70/s       71/s       72/s       73/s       74/s       75/s       76/s       77/s       79/s       80/s       81/s       82/s       83/s       84/s       85/s       86/s       87/s       88/s       89/s       90/s       91/s       92/s       93/s       94/s       95/s       96/s       97/s       98/s      112/s      113/s      114/s      115/s      116/s      117/s      118/s      119/s      120/s      121/s      122/s      123/s      124/s      125/s      126/s      127/s      128/s      129/s      130/s      131/s      132/s      133/s      134/s      135/s      136/s      137/s      138/s      150/s      154/s      162/s      167/s      171/s      224/s      228/s      229/s      230/s      231/s      232/s      233/s      234/s      235/s      236/s      237/s      245/s      246/s      247/s      249/s      250/s      252/s      253/s      262/s      263/s      294/s      296/s      297/s      298/s      299/s      301/s      302/s     IPI0/s     IPI1/s     IPI2/s     IPI3/s     IPI4/s     IPI5/s     IPI6/s      Err/s
17시 08분 42초    0       0.00       0.00       0.00      92.00       0.00       0.00       0.00       0.00       0.00       0.00       0.00       0.00       0.00       0.00       0.00       0.00       0.00       0.00       0.00       0.00       0.00       0.00       0.00       0.00       0.00       0.00       0.00       0.00       0.00       0.00       0.00       0.00       0.00       0.00       0.00       0.00       0.00       0.00       0.00       0.00       0.00       0.00       0.00       0.00       0.00       0.00       0.00       0.00       0.00       0.00       0.00       0.00       0.00       0.00       0.00       0.00       0.00       0.00       0.00       0.00       0.00       0.00       0.00       0.00       0.00       0.00       0.00       0.00       0.00       0.00       0.00       0.00       0.00       0.00       0.00       0.00       0.00      82.00       0.00       6.00       0.00       0.00       0.00       0.00       0.00       0.00       0.00       0.00       0.00       0.00       0.00       0.00       0.00       0.00       0.00       0.00       0.00       0.00       0.00       0.00       0.00       0.00       0.00       0.00       0.00      45.00       0.00       0.00       0.00       0.00       0.00       0.00       0.00       0.00       0.00       0.00       0.00       0.00       0.00       0.00       0.00       0.00       0.00       0.00       0.00       0.00       0.00       0.00       0.00       0.00       0.00       0.00       0.00       0.00      36.00       0.00      20.00      37.00       0.00       0.00       0.00       8.00       0.00       0.00
17시 08분 42초    1       0.00       0.00       0.00     143.00       0.00       0.00       0.00       0.00       0.00       0.00       0.00       0.00       0.00       0.00       0.00       0.00       0.00       0.00       0.00       0.00       0.00       0.00       0.00       0.00       0.00       0.00       0.00       0.00       0.00       0.00       0.00       0.00       0.00       0.00       0.00       0.00       0.00       0.00       0.00       0.00       0.00       0.00       0.00       0.00       0.00       0.00       0.00       0.00       0.00       0.00       0.00       0.00       0.00       0.00       0.00       0.00       0.00       0.00       0.00       0.00       0.00       0.00       0.00       0.00       0.00       0.00       0.00       0.00       0.00       0.00       0.00       0.00       0.00       0.00       0.00       0.00       0.00       0.00       0.00       0.00       0.00       0.00       0.00       0.00       0.00       0.00       0.00       0.00       0.00       0.00       0.00       0.00       0.00       0.00       0.00       0.00       0.00       0.00       0.00       0.00       0.00       0.00       0.00       0.00       0.00       0.00       0.00       0.00       0.00       0.00       0.00       0.00       0.00       0.00       0.00       0.00       0.00       0.00       0.00       0.00       0.00       0.00       0.00       0.00       0.00       0.00       0.00       0.00       0.00       0.00       0.00       0.00       0.00       0.00       0.00       0.00       6.00       9.00       0.00       0.00       0.00       8.00       0.00       0.00
17시 08분 42초    2       0.00       0.00       0.00     100.00       0.00       0.00       0.00       0.00       0.00       0.00       0.00       0.00       0.00       0.00       0.00       0.00       0.00       0.00       0.00       0.00       0.00       0.00       0.00       0.00       0.00       0.00       0.00       0.00       0.00       0.00       0.00       0.00       0.00       0.00       0.00       0.00       0.00       0.00       0.00       0.00       0.00       0.00       0.00       0.00       0.00       0.00       0.00       0.00       0.00       0.00       0.00       0.00       0.00       0.00       0.00       0.00       0.00       0.00       0.00       0.00       0.00       0.00       0.00       0.00       0.00       0.00       0.00       0.00       0.00       0.00       0.00       0.00       0.00       0.00       0.00       0.00       0.00       0.00       0.00       0.00       0.00       0.00       0.00       0.00       0.00       0.00       0.00       0.00       0.00       0.00       0.00       0.00       0.00       0.00       0.00       0.00       0.00       0.00       0.00       0.00       0.00       0.00       0.00       0.00       0.00       0.00       0.00       0.00       0.00       0.00       0.00       0.00       0.00       0.00       0.00       0.00       0.00       0.00       0.00       0.00       0.00       0.00       0.00       0.00       0.00       0.00       0.00       0.00       0.00       0.00       0.00       0.00       0.00       0.00       0.00       0.00      20.00      12.00       0.00       0.00       0.00       7.00       0.00       0.00
17시 08분 42초    3       0.00       0.00       0.00      93.00       0.00       0.00       0.00       0.00       0.00       0.00       0.00       0.00       0.00       0.00       0.00       0.00       0.00       0.00       0.00       0.00       0.00       0.00       0.00       0.00       0.00       0.00       0.00       0.00       0.00       0.00       0.00       0.00       0.00       0.00       0.00       0.00       0.00       0.00       0.00       0.00       0.00       0.00       0.00       0.00       0.00       0.00       0.00       0.00       0.00       0.00       0.00       0.00       0.00       0.00       0.00       0.00       0.00       0.00       0.00       0.00       0.00       0.00       0.00       0.00       0.00       0.00       0.00       0.00       0.00       0.00       0.00       0.00       0.00       0.00       0.00       0.00       0.00       0.00       0.00       0.00       0.00       0.00       0.00       0.00       0.00       0.00       0.00       0.00       0.00       0.00       0.00       0.00       0.00       0.00       0.00       0.00       0.00       0.00       0.00       0.00       0.00       0.00       0.00       0.00       0.00       0.00       0.00       0.00       0.00       0.00       0.00       0.00       0.00       0.00       0.00       0.00       0.00       0.00       0.00       0.00       0.00       0.00       0.00       0.00       0.00       0.00       0.00       0.00       0.00       0.00       0.00       0.00       0.00       0.00       0.00       0.00      16.00       1.00       0.00       0.00       0.00       1.00       0.00       0.00
17시 08분 42초    4       0.00       0.00       0.00      90.00       0.00       0.00       0.00       0.00       0.00       0.00       0.00       0.00       0.00       0.00       0.00       0.00       0.00       0.00       0.00       0.00       0.00       0.00       0.00       0.00       0.00       0.00       0.00       0.00       0.00       0.00       0.00       0.00       0.00       0.00       0.00       0.00       0.00       0.00       0.00       0.00       0.00       0.00       0.00       0.00       0.00       0.00       0.00       0.00       0.00       0.00       0.00       0.00       0.00       0.00       0.00       0.00       0.00       0.00       0.00       0.00       0.00       0.00       0.00       0.00       0.00       0.00       0.00       0.00       0.00       0.00       0.00       0.00       0.00       0.00       0.00       0.00       0.00       0.00       0.00       0.00       0.00       0.00       0.00       0.00       0.00       0.00       0.00       0.00       0.00       0.00       0.00       0.00       0.00       0.00       0.00       0.00       0.00       0.00       0.00       0.00       0.00       0.00       0.00       0.00       0.00       0.00       0.00       0.00       0.00       0.00       0.00       0.00       0.00       0.00       0.00       0.00       0.00       0.00       0.00       0.00       0.00       0.00       0.00       0.00       0.00       0.00       0.00       0.00       0.00       0.00       0.00       0.00       0.00       0.00       0.00       0.00       7.00       0.00       0.00       0.00       0.00       0.00       0.00       0.00
17시 08분 42초    5       0.00       0.00       0.00      67.00       0.00       0.00       0.00       0.00       0.00       0.00       0.00       0.00       0.00       0.00       0.00       0.00       0.00       0.00       0.00       0.00       0.00       0.00       0.00       0.00       0.00       0.00       0.00       0.00       0.00       0.00       0.00       0.00       0.00       0.00       0.00       0.00       0.00       0.00       0.00       0.00       0.00       0.00       0.00       0.00       0.00       0.00       0.00       0.00       0.00       0.00       0.00       0.00       0.00       0.00       0.00       0.00       0.00       0.00       0.00       0.00       0.00       0.00       0.00       0.00       0.00       0.00       0.00       0.00       0.00       0.00       0.00       0.00       0.00       0.00       0.00       0.00       0.00       0.00       0.00       0.00       0.00       0.00       0.00       0.00       0.00       0.00       0.00       0.00       0.00       0.00       0.00       0.00       0.00       0.00       0.00       0.00       0.00       0.00       0.00       0.00       0.00       0.00       0.00       0.00       0.00       0.00       0.00       0.00       0.00       0.00       0.00       0.00       0.00       0.00       0.00       0.00       0.00       0.00       0.00       0.00       0.00       0.00       0.00       0.00       0.00       0.00       0.00       0.00       0.00       0.00       0.00       0.00       0.00       0.00       0.00       0.00      86.00       0.00       0.00       0.00       0.00       1.00       0.00       0.00

17시 08분 41초  CPU       HI/s    TIMER/s   NET_TX/s   NET_RX/s    BLOCK/s IRQ_POLL/s  TASKLET/s    SCHED/s  HRTIMER/s      RCU/s
17시 08분 42초    0       0.00      25.00       1.00      33.00       0.00       0.00       0.00      72.00       0.00      47.00
17시 08분 42초    1       0.00      20.00       0.00       0.00       0.00       0.00       0.00      37.00       0.00     149.00
17시 08분 42초    2       0.00       7.00       0.00       0.00       0.00       0.00       0.00      31.00       0.00      37.00
17시 08분 42초    3       0.00      27.00       0.00       0.00       0.00       0.00       0.00      37.00       0.00      43.00
17시 08분 42초    4       0.00      21.00       0.00       0.00       0.00       0.00       0.00      32.00       0.00      51.00
17시 08분 42초    5       0.00      28.00       0.00       0.00       0.00       0.00       0.00      26.00       0.00      36.00

17시 08분 42초  CPU    %usr   %nice    %sys %iowait    %irq   %soft  %steal  %guest  %gnice   %idle
17시 08분 43초  all    0.17    0.00    4.34    0.00    0.17    0.00    0.00    0.00    0.00   95.33
17시 08분 43초    0    0.00    0.00   16.00    0.00    1.00    0.00    0.00    0.00    0.00   83.00
17시 08분 43초    1    0.00    0.00    1.00    0.00    0.00    0.00    0.00    0.00    0.00   99.00
17시 08분 43초    2    1.00    0.00    1.00    0.00    0.00    0.00    0.00    0.00    0.00   98.00
17시 08분 43초    3    0.00    0.00    3.00    0.00    0.00    0.00    0.00    0.00    0.00   97.00
17시 08분 43초    4    0.00    0.00    5.05    0.00    0.00    0.00    0.00    0.00    0.00   94.95
17시 08분 43초    5    0.00    0.00    0.00    0.00    0.00    0.00    0.00    0.00    0.00  100.00

17시 08분 42초  CPU    intr/s
17시 08분 43초  all    747.00
17시 08분 43초    0    165.00
17시 08분 43초    1     94.00
17시 08분 43초    2     50.00
17시 08분 43초    3     64.00
17시 08분 43초    4     63.00
17시 08분 43초    5     60.00

17시 08분 42초  CPU        9/s       11/s       12/s       13/s       18/s       20/s       21/s       22/s       23/s       24/s       25/s       26/s       27/s       28/s       29/s       30/s       31/s       32/s       33/s       34/s       35/s       36/s       37/s       38/s       39/s       40/s       41/s       42/s       43/s       44/s       45/s       46/s       47/s       48/s       49/s       50/s       51/s       52/s       53/s       54/s       55/s       57/s       59/s       61/s       65/s       66/s       67/s       68/s       69/s       70/s       71/s       72/s       73/s       74/s       75/s       76/s       77/s       79/s       80/s       81/s       82/s       83/s       84/s       85/s       86/s       87/s       88/s       89/s       90/s       91/s       92/s       93/s       94/s       95/s       96/s       97/s       98/s      112/s      113/s      114/s      115/s      116/s      117/s      118/s      119/s      120/s      121/s      122/s      123/s      124/s      125/s      126/s      127/s      128/s      129/s      130/s      131/s      132/s      133/s      134/s      135/s      136/s      137/s      138/s      150/s      154/s      162/s      167/s      171/s      224/s      228/s      229/s      230/s      231/s      232/s      233/s      234/s      235/s      236/s      237/s      245/s      246/s      247/s      249/s      250/s      252/s      253/s      262/s      263/s      294/s      296/s      297/s      298/s      299/s      301/s      302/s     IPI0/s     IPI1/s     IPI2/s     IPI3/s     IPI4/s     IPI5/s     IPI6/s      Err/s
17시 08분 43초    0       0.00       0.00       0.00     119.00       0.00       0.00       0.00       0.00       0.00       0.00       0.00       0.00       0.00       0.00       0.00       0.00       0.00       0.00       0.00       0.00       0.00       0.00       0.00       0.00       0.00       0.00       0.00       0.00       0.00       0.00       0.00       0.00       0.00       0.00       0.00       0.00       0.00       0.00       0.00       0.00       0.00       0.00       0.00       0.00       0.00       0.00     189.00       0.00       0.00       0.00       0.00       0.00       0.00       0.00       0.00       0.00       0.00       0.00       0.00       0.00       0.00       0.00       0.00       0.00       0.00       0.00       0.00       0.00       0.00       0.00       0.00       0.00       0.00       0.00       0.00       0.00       0.00       2.00       0.00       4.00       0.00       0.00       0.00       0.00       0.00       0.00       0.00       0.00       0.00       0.00       0.00       0.00       0.00       0.00       0.00       0.00       0.00       0.00       0.00       0.00       0.00       0.00       0.00       0.00       0.00      93.00       0.00       0.00       0.00       0.00       0.00       0.00       0.00       0.00       0.00       0.00       0.00       0.00       0.00       0.00       0.00       0.00       0.00       0.00       0.00       0.00       0.00       0.00       0.00       0.00       0.00       0.00       0.00       0.00       0.00       0.00       4.00       8.00       0.00       0.00       0.00      26.00       0.00       0.00
17시 08분 43초    1       0.00       0.00       0.00      52.00       0.00       0.00       0.00       0.00       0.00       0.00       0.00       0.00       0.00       0.00       0.00       0.00       0.00       0.00       0.00       0.00       0.00       0.00       0.00       0.00       0.00       0.00       0.00       0.00       0.00       0.00       0.00       0.00       0.00       0.00       0.00       0.00       0.00       0.00       0.00       0.00       0.00       0.00       0.00       0.00       0.00       0.00       0.00       0.00       0.00       0.00       0.00       0.00       0.00       0.00       0.00       0.00       0.00       0.00       0.00       0.00       0.00       0.00       0.00       0.00       0.00       0.00       0.00       0.00       0.00       0.00       0.00       0.00       0.00       0.00       0.00       0.00       0.00       0.00       0.00       0.00       0.00       0.00       0.00       0.00       0.00       0.00       0.00       0.00       0.00       0.00       0.00       0.00       0.00       0.00       0.00       0.00       0.00       0.00       0.00       0.00       0.00       0.00       0.00       0.00       0.00       0.00       0.00       0.00       0.00       0.00       0.00       0.00       0.00       0.00       0.00       0.00       0.00       0.00       0.00       0.00       0.00       0.00       0.00       0.00       0.00       0.00       0.00       0.00       0.00       0.00       0.00       0.00       0.00       0.00       0.00       0.00       6.00       8.00       0.00       0.00       0.00       0.00       0.00       0.00
17시 08분 43초    2       0.00       0.00       0.00      41.00       0.00       0.00       0.00       0.00       0.00       0.00       0.00       0.00       0.00       0.00       0.00       0.00       0.00       0.00       0.00       0.00       0.00       0.00       0.00       0.00       0.00       0.00       0.00       0.00       0.00       0.00       0.00       0.00       0.00       0.00       0.00       0.00       0.00       0.00       0.00       0.00       0.00       0.00       0.00       0.00       0.00       0.00       0.00       0.00       0.00       0.00       0.00       0.00       0.00       0.00       0.00       0.00       0.00       0.00       0.00       0.00       0.00       0.00       0.00       0.00       0.00       0.00       0.00       0.00       0.00       0.00       0.00       0.00       0.00       0.00       0.00       0.00       0.00       0.00       0.00       0.00       0.00       0.00       0.00       0.00       0.00       0.00       0.00       0.00       0.00       0.00       0.00       0.00       0.00       0.00       0.00       0.00       0.00       0.00       0.00       0.00       0.00       0.00       0.00       0.00       0.00       0.00       0.00       0.00       0.00       0.00       0.00       0.00       0.00       0.00       0.00       0.00       0.00       0.00       0.00       0.00       0.00       0.00       0.00       0.00       0.00       0.00       0.00       0.00       0.00       0.00       0.00       0.00       0.00       0.00       0.00       0.00      23.00       1.00       0.00       0.00       0.00       0.00       0.00       0.00
17시 08분 43초    3       0.00       0.00       0.00      57.00       0.00       0.00       0.00       0.00       0.00       0.00       0.00       0.00       0.00       0.00       0.00       0.00       0.00       0.00       0.00       0.00       0.00       0.00       0.00       0.00       0.00       0.00       0.00       0.00       0.00       0.00       0.00       0.00       0.00       0.00       0.00       0.00       0.00       0.00       0.00       0.00       0.00       0.00       0.00       0.00       0.00       0.00       0.00       0.00       0.00       0.00       0.00       0.00       0.00       0.00       0.00       0.00       0.00       0.00       0.00       0.00       0.00       0.00       0.00       0.00       0.00       0.00       0.00       0.00       0.00       0.00       0.00       0.00       0.00       0.00       0.00       0.00       0.00       0.00       0.00       0.00       0.00       0.00       0.00       0.00       0.00       0.00       0.00       0.00       0.00       0.00       0.00       0.00       0.00       0.00       0.00       0.00       0.00       0.00       0.00       0.00       0.00       0.00       0.00       0.00       0.00       0.00       0.00       0.00       0.00       0.00       0.00       0.00       0.00       0.00       0.00       0.00       0.00       0.00       0.00       0.00       0.00       0.00       0.00       0.00       0.00       0.00       0.00       0.00       0.00       0.00       0.00       0.00       0.00       0.00       0.00       0.00       8.00       1.00       0.00       0.00       0.00       2.00       0.00       0.00
17시 08분 43초    4       0.00       0.00       0.00      57.00       0.00       0.00       0.00       0.00       0.00       0.00       0.00       0.00       0.00       0.00       0.00       0.00       0.00       0.00       0.00       0.00       0.00       0.00       0.00       0.00       0.00       0.00       0.00       0.00       0.00       0.00       0.00       0.00       0.00       0.00       0.00       0.00       0.00       0.00       0.00       0.00       0.00       0.00       0.00       0.00       0.00       0.00       0.00       0.00       0.00       0.00       0.00       0.00       0.00       0.00       0.00       0.00       0.00       0.00       0.00       0.00       0.00       0.00       0.00       0.00       0.00       0.00       0.00       0.00       0.00       0.00       0.00       0.00       0.00       0.00       0.00       0.00       0.00       0.00       0.00       0.00       0.00       0.00       0.00       0.00       0.00       0.00       0.00       0.00       0.00       0.00       0.00       0.00       0.00       0.00       0.00       0.00       0.00       0.00       0.00       0.00       0.00       0.00       0.00       0.00       0.00       0.00       0.00       0.00       0.00       0.00       0.00       0.00       0.00       0.00       0.00       0.00       0.00       0.00       0.00       0.00       0.00       0.00       0.00       0.00       0.00       0.00       0.00       0.00       0.00       0.00       0.00       0.00       0.00       0.00       0.00       0.00       4.00       0.00       0.00       0.00       0.00       0.00       0.00       0.00
17시 08분 43초    5       0.00       0.00       0.00      36.00       0.00       0.00       0.00       0.00       0.00       0.00       0.00       0.00       0.00       0.00       0.00       0.00       0.00       0.00       0.00       0.00       0.00       0.00       0.00       0.00       0.00       0.00       0.00       0.00       0.00       0.00       0.00       0.00       0.00       0.00       0.00       0.00       0.00       0.00       0.00       0.00       0.00       0.00       0.00       0.00       0.00       0.00       0.00       0.00       0.00       0.00       0.00       0.00       0.00       0.00       0.00       0.00       0.00       0.00       0.00       0.00       0.00       0.00       0.00       0.00       0.00       0.00       0.00       0.00       0.00       0.00       0.00       0.00       0.00       0.00       0.00       0.00       0.00       0.00       0.00       0.00       0.00       0.00       0.00       0.00       0.00       0.00       0.00       0.00       0.00       0.00       0.00       0.00       0.00       0.00       0.00       0.00       0.00       0.00       0.00       0.00       0.00       0.00       0.00       0.00       0.00       0.00       0.00       0.00       0.00       0.00       0.00       0.00       0.00       0.00       0.00       0.00       0.00       0.00       0.00       0.00       0.00       0.00       0.00       0.00       0.00       0.00       0.00       0.00       0.00       0.00       0.00       0.00       0.00       0.00       0.00       0.00      10.00       0.00       0.00       0.00       0.00       0.00       0.00       0.00

17시 08분 42초  CPU       HI/s    TIMER/s   NET_TX/s   NET_RX/s    BLOCK/s IRQ_POLL/s  TASKLET/s    SCHED/s  HRTIMER/s      RCU/s
17시 08분 43초    0       0.00      26.00       0.00       0.00      20.00       0.00       0.00      80.00       0.00      39.00
17시 08분 43초    1       0.00      32.00       0.00       0.00       0.00       0.00       0.00      37.00       0.00      25.00
17시 08분 43초    2       0.00       9.00       0.00       0.00       0.00       0.00       0.00      21.00       0.00      20.00
17시 08분 43초    3       0.00      13.00       0.00       0.00       0.00       0.00       0.00      24.00       0.00      27.00
17시 08분 43초    4       0.00       3.00       0.00       0.00       0.00       0.00       0.00      22.00       0.00      38.00
17시 08분 43초    5       0.00      23.00       0.00       0.00       0.00       0.00       0.00      20.00       0.00      17.00

17시 08분 43초  CPU    %usr   %nice    %sys %iowait    %irq   %soft  %steal  %guest  %gnice   %idle
17시 08분 44초  all    0.33    0.00    2.33    0.00    0.00    0.00    0.00    0.00    0.00   97.33
17시 08분 44초    0    0.99    0.00    2.97    0.00    0.00    0.00    0.00    0.00    0.00   96.04
17시 08분 44초    1    0.00    0.00    1.00    0.00    0.00    0.00    0.00    0.00    0.00   99.00
17시 08분 44초    2    0.00    0.00    2.00    0.00    0.00    0.00    0.00    0.00    0.00   98.00
17시 08분 44초    3    0.00    0.00    3.03    0.00    0.00    0.00    0.00    0.00    0.00   96.97
17시 08분 44초    4    1.00    0.00    5.00    0.00    0.00    0.00    0.00    0.00    0.00   94.00
17시 08분 44초    5    0.00    0.00    0.00    0.00    0.00    0.00    0.00    0.00    0.00  100.00

17시 08분 43초  CPU    intr/s
17시 08분 44초  all    412.00
17시 08분 44초    0     88.00
17시 08분 44초    1     79.00
17시 08분 44초    2     97.00
17시 08분 44초    3     36.00
17시 08분 44초    4     51.00
17시 08분 44초    5     71.00

17시 08분 43초  CPU        9/s       11/s       12/s       13/s       18/s       20/s       21/s       22/s       23/s       24/s       25/s       26/s       27/s       28/s       29/s       30/s       31/s       32/s       33/s       34/s       35/s       36/s       37/s       38/s       39/s       40/s       41/s       42/s       43/s       44/s       45/s       46/s       47/s       48/s       49/s       50/s       51/s       52/s       53/s       54/s       55/s       57/s       59/s       61/s       65/s       66/s       67/s       68/s       69/s       70/s       71/s       72/s       73/s       74/s       75/s       76/s       77/s       79/s       80/s       81/s       82/s       83/s       84/s       85/s       86/s       87/s       88/s       89/s       90/s       91/s       92/s       93/s       94/s       95/s       96/s       97/s       98/s      112/s      113/s      114/s      115/s      116/s      117/s      118/s      119/s      120/s      121/s      122/s      123/s      124/s      125/s      126/s      127/s      128/s      129/s      130/s      131/s      132/s      133/s      134/s      135/s      136/s      137/s      138/s      150/s      154/s      162/s      167/s      171/s      224/s      228/s      229/s      230/s      231/s      232/s      233/s      234/s      235/s      236/s      237/s      245/s      246/s      247/s      249/s      250/s      252/s      253/s      262/s      263/s      294/s      296/s      297/s      298/s      299/s      301/s      302/s     IPI0/s     IPI1/s     IPI2/s     IPI3/s     IPI4/s     IPI5/s     IPI6/s      Err/s
17시 08분 44초    0       0.00       0.00       0.00      51.00       0.00       0.00       0.00       0.00       0.00       0.00       0.00       0.00       0.00       0.00       0.00       0.00       0.00       0.00       0.00       0.00       0.00       0.00       0.00       0.00       0.00       0.00       0.00       0.00       0.00       0.00       0.00       0.00       0.00       0.00       0.00       0.00       0.00       0.00       0.00       0.00       0.00       0.00       0.00       0.00       0.00       0.00      26.00       0.00       0.00       0.00       0.00       0.00       0.00       0.00       0.00       0.00       0.00       0.00       0.00       0.00       0.00       0.00       0.00       0.00       0.00       0.00       0.00       0.00       0.00       0.00       0.00       0.00       0.00       0.00       0.00       0.00       0.00       0.00       0.00       2.00       0.00       0.00       0.00       0.00       0.00       0.00       0.00       0.00       0.00       0.00       0.00       0.00       0.00       0.00       0.00       0.00       0.00       0.00       0.00       0.00       0.00       0.00       0.00       0.00       0.00      31.00       0.00       0.00       0.00       0.00       0.00       0.00       0.00       0.00       0.00       0.00       0.00       0.00       0.00       0.00       0.00       0.00       0.00       0.00       0.00       0.00       0.00       0.00       0.00       0.00       0.00       0.00       0.00       0.00      24.00       0.00       2.00       9.00       0.00       0.00       0.00       4.00       0.00       0.00
17시 08분 44초    1       0.00       0.00       0.00      44.00       0.00       0.00       0.00       0.00       0.00       0.00       0.00       0.00       0.00       0.00       0.00       0.00       0.00       0.00       0.00       0.00       0.00       0.00       0.00       0.00       0.00       0.00       0.00       0.00       0.00       0.00       0.00       0.00       0.00       0.00       0.00       0.00       0.00       0.00       0.00       0.00       0.00       0.00       0.00       0.00       0.00       0.00       0.00       0.00       0.00       0.00       0.00       0.00       0.00       0.00       0.00       0.00       0.00       0.00       0.00       0.00       0.00       0.00       0.00       0.00       0.00       0.00       0.00       0.00       0.00       0.00       0.00       0.00       0.00       0.00       0.00       0.00       0.00       0.00       0.00       0.00       0.00       0.00       0.00       0.00       0.00       0.00       0.00       0.00       0.00       0.00       0.00       0.00       0.00       0.00       0.00       0.00       0.00       0.00       0.00       0.00       0.00       0.00       0.00       0.00       0.00       0.00       0.00       0.00       0.00       0.00       0.00       0.00       0.00       0.00       0.00       0.00       0.00       0.00       0.00       0.00       0.00       0.00       0.00       0.00       0.00       0.00       0.00       0.00       0.00       0.00       0.00       0.00       0.00       0.00       0.00       0.00       3.00       1.00       0.00       0.00       0.00       0.00       0.00       0.00
17시 08분 44초    2       0.00       0.00       0.00      65.00       0.00       0.00       0.00       0.00       0.00       0.00       0.00       0.00       0.00       0.00       0.00       0.00       0.00       0.00       0.00       0.00       0.00       0.00       0.00       0.00       0.00       0.00       0.00       0.00       0.00       0.00       0.00       0.00       0.00       0.00       0.00       0.00       0.00       0.00       0.00       0.00       0.00       0.00       0.00       0.00       0.00       0.00       0.00       0.00       0.00       0.00       0.00       0.00       0.00       0.00       0.00       0.00       0.00       0.00       0.00       0.00       0.00       0.00       0.00       0.00       0.00       0.00       0.00       0.00       0.00       0.00       0.00       0.00       0.00       0.00       0.00       0.00       0.00       0.00       0.00       0.00       0.00       0.00       0.00       0.00       0.00       0.00       0.00       0.00       0.00       0.00       0.00       0.00       0.00       0.00       0.00       0.00       0.00       0.00       0.00       0.00       0.00       0.00       0.00       0.00       0.00       0.00       0.00       0.00       0.00       0.00       0.00       0.00       0.00       0.00       0.00       0.00       0.00       0.00       0.00       0.00       0.00       0.00       0.00       0.00       0.00       0.00       0.00       0.00       0.00       0.00       0.00       0.00       0.00       0.00       0.00       0.00       9.00       3.00       0.00       0.00       0.00       0.00       0.00       0.00
17시 08분 44초    3       0.00       0.00       0.00      34.00       0.00       0.00       0.00       0.00       0.00       0.00       0.00       0.00       0.00       0.00       0.00       0.00       0.00       0.00       0.00       0.00       0.00       0.00       0.00       0.00       0.00       0.00       0.00       0.00       0.00       0.00       0.00       0.00       0.00       0.00       0.00       0.00       0.00       0.00       0.00       0.00       0.00       0.00       0.00       0.00       0.00       0.00       0.00       0.00       0.00       0.00       0.00       0.00       0.00       0.00       0.00       0.00       0.00       0.00       0.00       0.00       0.00       0.00       0.00       0.00       0.00       0.00       0.00       0.00       0.00       0.00       0.00       0.00       0.00       0.00       0.00       0.00       0.00       0.00       0.00       0.00       0.00       0.00       0.00       0.00       0.00       0.00       0.00       0.00       0.00       0.00       0.00       0.00       0.00       0.00       0.00       0.00       0.00       0.00       0.00       0.00       0.00       0.00       0.00       0.00       0.00       0.00       0.00       0.00       0.00       0.00       0.00       0.00       0.00       0.00       0.00       0.00       0.00       0.00       0.00       0.00       0.00       0.00       0.00       0.00       0.00       0.00       0.00       0.00       0.00       0.00       0.00       0.00       0.00       0.00       0.00       0.00       4.00       0.00       0.00       0.00       0.00       0.00       0.00       0.00
17시 08분 44초    4       0.00       0.00       0.00      45.00       0.00       0.00       0.00       0.00       0.00       0.00       0.00       0.00       0.00       0.00       0.00       0.00       0.00       0.00       0.00       0.00       0.00       0.00       0.00       0.00       0.00       0.00       0.00       0.00       0.00       0.00       0.00       0.00       0.00       0.00       0.00       0.00       0.00       0.00       0.00       0.00       0.00       0.00       0.00       0.00       0.00       0.00       0.00       0.00       0.00       0.00       0.00       0.00       0.00       0.00       0.00       0.00       0.00       0.00       0.00       0.00       0.00       0.00       0.00       0.00       0.00       0.00       0.00       0.00       0.00       0.00       0.00       0.00       0.00       0.00       0.00       0.00       0.00       0.00       0.00       0.00       0.00       0.00       0.00       0.00       0.00       0.00       0.00       0.00       0.00       0.00       0.00       0.00       0.00       0.00       0.00       0.00       0.00       0.00       0.00       0.00       0.00       0.00       0.00       0.00       0.00       0.00       0.00       0.00       0.00       0.00       0.00       0.00       0.00       0.00       0.00       0.00       0.00       0.00       0.00       0.00       0.00       0.00       0.00       0.00       0.00       0.00       0.00       0.00       0.00       0.00       0.00       0.00       0.00       0.00       0.00       0.00       2.00       0.00       0.00       0.00       0.00       0.00       0.00       0.00
17시 08분 44초    5       0.00       0.00       0.00      35.00       0.00       0.00       0.00       0.00       0.00       0.00       0.00       0.00       0.00       0.00       0.00       0.00       0.00       0.00       0.00       0.00       0.00       0.00       0.00       0.00       0.00       0.00       0.00       0.00       0.00       0.00       0.00       0.00       0.00       0.00       0.00       0.00       0.00       0.00       0.00       0.00       0.00       0.00       0.00       0.00       0.00       0.00       0.00       0.00       0.00       0.00       0.00       0.00       0.00       0.00       0.00       0.00       0.00       0.00       0.00       0.00       0.00       0.00       0.00       0.00       0.00       0.00       0.00       0.00       0.00       0.00       0.00       0.00       0.00       0.00       0.00       0.00       0.00       0.00       0.00       0.00       0.00       0.00       0.00       0.00       0.00       0.00       0.00       0.00       0.00       0.00       0.00       0.00       0.00       0.00       0.00       0.00       0.00       0.00       0.00       0.00       0.00       0.00       0.00       0.00       0.00       0.00       0.00       0.00       0.00       0.00       0.00       0.00       0.00       0.00       0.00       0.00       0.00       0.00       0.00       0.00       0.00       0.00       0.00       0.00       0.00       0.00       0.00       0.00       0.00       0.00       0.00       0.00       0.00       0.00       0.00       0.00      14.00       0.00       0.00       0.00       0.00       0.00       0.00       0.00

17시 08분 43초  CPU       HI/s    TIMER/s   NET_TX/s   NET_RX/s    BLOCK/s IRQ_POLL/s  TASKLET/s    SCHED/s  HRTIMER/s      RCU/s
17시 08분 44초    0       0.00       6.00       1.00      22.00       9.00       0.00       0.00      27.00       0.00      23.00
17시 08분 44초    1       0.00      28.00       0.00       0.00       0.00       0.00       0.00      29.00       0.00      22.00
17시 08분 44초    2       0.00      31.00       0.00       0.00       0.00       0.00       0.00      38.00       0.00      28.00
17시 08분 44초    3       0.00       3.00       0.00       0.00       0.00       0.00       0.00      12.00       0.00      21.00
17시 08분 44초    4       0.00       3.00       0.00       0.00       0.00       0.00       0.00      17.00       0.00      31.00
17시 08분 44초    5       0.00      30.00       0.00       0.00       0.00       0.00       0.00      21.00       0.00      20.00

17시 08분 44초  CPU    %usr   %nice    %sys %iowait    %irq   %soft  %steal  %guest  %gnice   %idle
17시 08분 45초  all    0.33    0.00    3.84    1.17    0.00    0.00    0.00    0.00    0.00   94.66
17시 08분 45초    0    0.00    0.00    3.03    0.00    0.00    0.00    0.00    0.00    0.00   96.97
17시 08분 45초    1    0.00    0.00    0.99    2.97    0.00    0.00    0.00    0.00    0.00   96.04
17시 08분 45초    2    0.00    0.00    1.00    2.00    0.00    0.00    0.00    0.00    0.00   97.00
17시 08분 45초    3    1.01    0.00   13.13    2.02    0.00    0.00    0.00    0.00    0.00   83.84
17시 08분 45초    4    1.00    0.00    4.00    0.00    0.00    0.00    0.00    0.00    0.00   95.00
17시 08분 45초    5    0.00    0.00    1.00    0.00    0.00    0.00    0.00    0.00    0.00   99.00

17시 08분 44초  CPU    intr/s
17시 08분 45초  all    816.00
17시 08분 45초    0    114.00
17시 08분 45초    1     78.00
17시 08분 45초    2     88.00
17시 08분 45초    3     64.00
17시 08분 45초    4     67.00
17시 08분 45초    5     73.00

17시 08분 44초  CPU        9/s       11/s       12/s       13/s       18/s       20/s       21/s       22/s       23/s       24/s       25/s       26/s       27/s       28/s       29/s       30/s       31/s       32/s       33/s       34/s       35/s       36/s       37/s       38/s       39/s       40/s       41/s       42/s       43/s       44/s       45/s       46/s       47/s       48/s       49/s       50/s       51/s       52/s       53/s       54/s       55/s       57/s       59/s       61/s       65/s       66/s       67/s       68/s       69/s       70/s       71/s       72/s       73/s       74/s       75/s       76/s       77/s       79/s       80/s       81/s       82/s       83/s       84/s       85/s       86/s       87/s       88/s       89/s       90/s       91/s       92/s       93/s       94/s       95/s       96/s       97/s       98/s      112/s      113/s      114/s      115/s      116/s      117/s      118/s      119/s      120/s      121/s      122/s      123/s      124/s      125/s      126/s      127/s      128/s      129/s      130/s      131/s      132/s      133/s      134/s      135/s      136/s      137/s      138/s      150/s      154/s      162/s      167/s      171/s      224/s      228/s      229/s      230/s      231/s      232/s      233/s      234/s      235/s      236/s      237/s      245/s      246/s      247/s      249/s      250/s      252/s      253/s      262/s      263/s      294/s      296/s      297/s      298/s      299/s      301/s      302/s     IPI0/s     IPI1/s     IPI2/s     IPI3/s     IPI4/s     IPI5/s     IPI6/s      Err/s
17시 08분 45초    0       0.00       0.00       0.00      85.00       0.00       0.00       0.00       0.00       0.00       0.00       0.00       0.00       0.00       0.00       0.00       0.00       0.00       0.00       0.00       0.00       0.00       0.00       0.00       0.00       0.00       0.00       0.00       0.00       0.00       0.00       0.00       0.00       0.00       0.00       0.00       0.00       0.00       0.00       0.00       0.00       0.00       0.00       0.00       0.00       0.00       0.00     134.00       0.00       0.00       0.00       0.00       0.00       0.00       0.00       0.00       0.00       0.00       0.00       0.00       0.00       0.00       0.00       0.00       0.00       0.00       0.00       0.00       0.00       0.00       0.00       0.00       0.00       0.00       0.00       0.00       0.00       0.00       0.00       0.00       1.00       0.00       0.00       0.00       0.00       0.00       0.00       0.00       0.00       0.00       0.00       0.00       0.00       0.00       0.00       0.00       0.00       0.00       0.00       0.00       0.00       0.00       0.00       0.00       0.00       0.00      50.00       0.00       0.00       0.00       0.00       0.00       0.00       0.00       0.00       0.00       0.00       0.00       0.00       0.00       0.00       0.00       0.00       0.00       0.00       0.00       0.00       0.00       0.00       0.00       0.00       0.00       0.00       0.00       0.00      36.00       0.00       6.00       8.00       0.00       0.00       0.00      12.00       0.00       0.00
17시 08분 45초    1       0.00       0.00       0.00      48.00       0.00       0.00       0.00       0.00       0.00       0.00       0.00       0.00       0.00       0.00       0.00       0.00       0.00       0.00       0.00       0.00       0.00       0.00       0.00       0.00       0.00       0.00       0.00       0.00       0.00       0.00       0.00       0.00       0.00       0.00       0.00       0.00       0.00       0.00       0.00       0.00       0.00       0.00       0.00       0.00       0.00       0.00       0.00       0.00       0.00       0.00       0.00       0.00       0.00       0.00       0.00       0.00       0.00       0.00       0.00       0.00       0.00       0.00       0.00       0.00       0.00       0.00       0.00       0.00       0.00       0.00       0.00       0.00       0.00       0.00       0.00       0.00       0.00       0.00       0.00       0.00       0.00       0.00       0.00       0.00       0.00       0.00       0.00       0.00       0.00       0.00       0.00       0.00       0.00       0.00       0.00       0.00       0.00       0.00       0.00       0.00       0.00       0.00       0.00       0.00       0.00       0.00       0.00       0.00       0.00       0.00       0.00       0.00       0.00       0.00       0.00       0.00       0.00       0.00       0.00       0.00       0.00       0.00       0.00       0.00       0.00       0.00       0.00       0.00       0.00       0.00       0.00       0.00       0.00       0.00       0.00       0.00       5.00       0.00       0.00       0.00       0.00       2.00       0.00       0.00
17시 08분 45초    2       0.00       0.00       0.00      63.00       0.00       0.00       0.00       0.00       0.00       0.00       0.00       0.00       0.00       0.00       0.00       0.00       0.00       0.00       0.00       0.00       0.00       0.00       0.00       0.00       0.00       0.00       0.00       0.00       0.00       0.00       0.00       0.00       0.00       0.00       0.00       0.00       0.00       0.00       0.00       0.00       0.00       0.00       0.00       0.00       0.00       0.00       0.00       0.00       0.00       0.00       0.00       0.00       0.00       0.00       0.00       0.00       0.00       0.00       0.00       0.00       0.00       0.00       0.00       0.00       0.00       0.00       0.00       0.00       0.00       0.00       0.00       0.00       0.00       0.00       0.00       0.00       0.00       0.00       0.00       0.00       0.00       0.00       0.00       0.00       0.00       0.00       0.00       0.00       0.00       0.00       0.00       0.00       0.00       0.00       0.00       0.00       0.00       0.00       0.00       0.00       0.00       0.00       0.00       0.00       0.00       0.00       0.00       0.00       0.00       0.00       0.00       0.00       0.00       0.00       0.00       0.00       0.00       0.00       0.00       0.00       0.00       0.00       0.00       0.00       0.00       0.00       0.00       0.00       0.00       0.00       0.00       0.00       0.00       0.00       0.00       0.00       6.00       5.00       0.00       0.00       0.00       0.00       0.00       0.00
17시 08분 45초    3       0.00       0.00       0.00      67.00       0.00       0.00       0.00       0.00       0.00       0.00       0.00       0.00       0.00       0.00       0.00       0.00       0.00       0.00       0.00       0.00       0.00       0.00       0.00       0.00       0.00       0.00       0.00       0.00       0.00       0.00       0.00       0.00       0.00       0.00       0.00       0.00       0.00       0.00       0.00       0.00       0.00       0.00       0.00       0.00       0.00       0.00       0.00       0.00       0.00       0.00       0.00       0.00       0.00       0.00       0.00       0.00       0.00       0.00       0.00       0.00       0.00       0.00       0.00       0.00       0.00       0.00       0.00       0.00       0.00       0.00       0.00       0.00       0.00       0.00       0.00       0.00       0.00       0.00       0.00       0.00       0.00       0.00       0.00       0.00       0.00       0.00       0.00       0.00       0.00       0.00       0.00       0.00       0.00       0.00       0.00       0.00       0.00       0.00       0.00       0.00       0.00       0.00       0.00       0.00       0.00       0.00       0.00       0.00       0.00       0.00       0.00       0.00       0.00       0.00       0.00       0.00       0.00       0.00       0.00       0.00       0.00       0.00       0.00       0.00       0.00       0.00       0.00       0.00       0.00       0.00       0.00       0.00       0.00       0.00       0.00       0.00     143.00       0.00       0.00       0.00       0.00       2.00       0.00       0.00
17시 08분 45초    4       0.00       0.00       0.00      71.00       0.00       0.00       0.00       0.00       0.00       0.00       0.00       0.00       0.00       0.00       0.00       0.00       0.00       0.00       0.00       0.00       0.00       0.00       0.00       0.00       0.00       0.00       0.00       0.00       0.00       0.00       0.00       0.00       0.00       0.00       0.00       0.00       0.00       0.00       0.00       0.00       0.00       0.00       0.00       0.00       0.00       0.00       0.00       0.00       0.00       0.00       0.00       0.00       0.00       0.00       0.00       0.00       0.00       0.00       0.00       0.00       0.00       0.00       0.00       0.00       0.00       0.00       0.00       0.00       0.00       0.00       0.00       0.00       0.00       0.00       0.00       0.00       0.00       0.00       0.00       0.00       0.00       0.00       0.00       0.00       0.00       0.00       0.00       0.00       0.00       0.00       0.00       0.00       0.00       0.00       0.00       0.00       0.00       0.00       0.00       0.00       0.00       0.00       0.00       0.00       0.00       0.00       0.00       0.00       0.00       0.00       0.00       0.00       0.00       0.00       0.00       0.00       0.00       0.00       0.00       0.00       0.00       0.00       0.00       0.00       0.00       0.00       0.00       0.00       0.00       0.00       0.00       0.00       0.00       0.00       0.00       0.00       2.00       0.00       0.00       0.00       0.00       0.00       0.00       0.00
17시 08분 45초    5       0.00       0.00       0.00      58.00       0.00       0.00       0.00       0.00       0.00       0.00       0.00       0.00       0.00       0.00       0.00       0.00       0.00       0.00       0.00       0.00       0.00       0.00       0.00       0.00       0.00       0.00       0.00       0.00       0.00       0.00       0.00       0.00       0.00       0.00       0.00       0.00       0.00       0.00       0.00       0.00       0.00       0.00       0.00       0.00       0.00       0.00       0.00       0.00       0.00       0.00       0.00       0.00       0.00       0.00       0.00       0.00       0.00       0.00       0.00       0.00       0.00       0.00       0.00       0.00       0.00       0.00       0.00       0.00       0.00       0.00       0.00       0.00       0.00       0.00       0.00       0.00       0.00       0.00       0.00       0.00       0.00       0.00       0.00       0.00       0.00       0.00       0.00       0.00       0.00       0.00       0.00       0.00       0.00       0.00       0.00       0.00       0.00       0.00       0.00       0.00       0.00       0.00       0.00       0.00       0.00       0.00       0.00       0.00       0.00       0.00       0.00       0.00       0.00       0.00       0.00       0.00       0.00       0.00       0.00       0.00       0.00       0.00       0.00       0.00       0.00       0.00       0.00       0.00       0.00       0.00       0.00       0.00       0.00       0.00       0.00       0.00      12.00       0.00       0.00       0.00       0.00       0.00       0.00       0.00

17시 08분 44초  CPU       HI/s    TIMER/s   NET_TX/s   NET_RX/s    BLOCK/s IRQ_POLL/s  TASKLET/s    SCHED/s  HRTIMER/s      RCU/s
17시 08분 45초    0       0.00      13.00       0.00      33.00       2.00       0.00       0.00      41.00       0.00      25.00
17시 08분 45초    1       0.00      27.00       0.00       0.00       0.00       0.00       0.00      26.00       0.00      25.00
17시 08분 45초    2       0.00      28.00       0.00       0.00       0.00       0.00       0.00      36.00       0.00      24.00
17시 08분 45초    3       0.00       3.00       0.00       0.00       0.00       0.00       0.00      38.00       0.00      23.00
17시 08분 45초    4       0.00       6.00       0.00       0.00       0.00       0.00       0.00      28.00       0.00      33.00
17시 08분 45초    5       0.00      22.00       0.00       0.00       0.00       0.00       0.00      27.00       0.00      24.00

17시 08분 45초  CPU    %usr   %nice    %sys %iowait    %irq   %soft  %steal  %guest  %gnice   %idle
17시 08분 46초  all    0.34    0.00    2.01    0.00    0.00    0.00    0.00    0.00    0.00   97.65
17시 08분 46초    0    1.00    0.00    2.00    0.00    0.00    0.00    0.00    0.00    0.00   97.00
17시 08분 46초    1    0.00    0.00    1.01    0.00    0.00    0.00    0.00    0.00    0.00   98.99
17시 08분 46초    2    0.00    0.00    1.01    0.00    0.00    0.00    0.00    0.00    0.00   98.99
17시 08분 46초    3    0.00    0.00    2.02    0.00    0.00    0.00    0.00    0.00    0.00   97.98
17시 08분 46초    4    1.01    0.00    4.04    0.00    0.00    0.00    0.00    0.00    0.00   94.95
17시 08분 46초    5    0.00    0.00    1.98    0.00    0.00    0.00    0.00    0.00    0.00   98.02

17시 08분 45초  CPU    intr/s
17시 08분 46초  all    332.00
17시 08분 46초    0     97.00
17시 08분 46초    1     60.00
17시 08분 46초    2     78.00
17시 08분 46초    3     30.00
17시 08분 46초    4     65.00
17시 08분 46초    5     42.00

17시 08분 45초  CPU        9/s       11/s       12/s       13/s       18/s       20/s       21/s       22/s       23/s       24/s       25/s       26/s       27/s       28/s       29/s       30/s       31/s       32/s       33/s       34/s       35/s       36/s       37/s       38/s       39/s       40/s       41/s       42/s       43/s       44/s       45/s       46/s       47/s       48/s       49/s       50/s       51/s       52/s       53/s       54/s       55/s       57/s       59/s       61/s       65/s       66/s       67/s       68/s       69/s       70/s       71/s       72/s       73/s       74/s       75/s       76/s       77/s       79/s       80/s       81/s       82/s       83/s       84/s       85/s       86/s       87/s       88/s       89/s       90/s       91/s       92/s       93/s       94/s       95/s       96/s       97/s       98/s      112/s      113/s      114/s      115/s      116/s      117/s      118/s      119/s      120/s      121/s      122/s      123/s      124/s      125/s      126/s      127/s      128/s      129/s      130/s      131/s      132/s      133/s      134/s      135/s      136/s      137/s      138/s      150/s      154/s      162/s      167/s      171/s      224/s      228/s      229/s      230/s      231/s      232/s      233/s      234/s      235/s      236/s      237/s      245/s      246/s      247/s      249/s      250/s      252/s      253/s      262/s      263/s      294/s      296/s      297/s      298/s      299/s      301/s      302/s     IPI0/s     IPI1/s     IPI2/s     IPI3/s     IPI4/s     IPI5/s     IPI6/s      Err/s
17시 08분 46초    0       0.00       0.00       0.00      62.00       0.00       0.00       0.00       0.00       0.00       0.00       0.00       0.00       0.00       0.00       0.00       0.00       0.00       0.00       0.00       0.00       0.00       0.00       0.00       0.00       0.00       0.00       0.00       0.00       0.00       0.00       0.00       0.00       0.00       0.00       0.00       0.00       0.00       0.00       0.00       0.00       0.00       0.00       0.00       0.00       0.00       0.00       0.00       0.00       0.00       0.00       0.00       0.00       0.00       0.00       0.00       0.00       0.00       0.00       0.00       0.00       0.00       0.00       0.00       0.00       0.00       0.00       0.00       0.00       0.00       0.00       0.00       0.00       0.00       0.00       0.00       0.00       0.00       0.00       0.00       0.00       0.00       0.00       0.00       0.00       0.00       0.00       0.00       0.00       0.00       0.00       0.00       0.00       0.00       0.00       0.00       0.00       0.00       0.00       0.00       0.00       0.00       0.00       0.00       0.00       0.00      15.00       0.00       0.00       0.00       0.00       0.00       0.00       0.00       0.00       0.00       0.00       0.00       0.00       0.00       0.00       0.00       0.00       0.00       0.00       0.00       0.00       0.00       0.00       0.00       0.00       0.00       0.00       0.00       0.00      12.00       0.00       4.00       5.00       0.00       0.00       0.00       0.00       0.00       0.00
17시 08분 46초    1       0.00       0.00       0.00      38.00       0.00       0.00       0.00       0.00       0.00       0.00       0.00       0.00       0.00       0.00       0.00       0.00       0.00       0.00       0.00       0.00       0.00       0.00       0.00       0.00       0.00       0.00       0.00       0.00       0.00       0.00       0.00       0.00       0.00       0.00       0.00       0.00       0.00       0.00       0.00       0.00       0.00       0.00       0.00       0.00       0.00       0.00       0.00       0.00       0.00       0.00       0.00       0.00       0.00       0.00       0.00       0.00       0.00       0.00       0.00       0.00       0.00       0.00       0.00       0.00       0.00       0.00       0.00       0.00       0.00       0.00       0.00       0.00       0.00       0.00       0.00       0.00       0.00       0.00       0.00       0.00       0.00       0.00       0.00       0.00       0.00       0.00       0.00       0.00       0.00       0.00       0.00       0.00       0.00       0.00       0.00       0.00       0.00       0.00       0.00       0.00       0.00       0.00       0.00       0.00       0.00       0.00       0.00       0.00       0.00       0.00       0.00       0.00       0.00       0.00       0.00       0.00       0.00       0.00       0.00       0.00       0.00       0.00       0.00       0.00       0.00       0.00       0.00       0.00       0.00       0.00       0.00       0.00       0.00       0.00       0.00       0.00       1.00       0.00       0.00       0.00       0.00       1.00       0.00       0.00
17시 08분 46초    2       0.00       0.00       0.00      59.00       0.00       0.00       0.00       0.00       0.00       0.00       0.00       0.00       0.00       0.00       0.00       0.00       0.00       0.00       0.00       0.00       0.00       0.00       0.00       0.00       0.00       0.00       0.00       0.00       0.00       0.00       0.00       0.00       0.00       0.00       0.00       0.00       0.00       0.00       0.00       0.00       0.00       0.00       0.00       0.00       0.00       0.00       0.00       0.00       0.00       0.00       0.00       0.00       0.00       0.00       0.00       0.00       0.00       0.00       0.00       0.00       0.00       0.00       0.00       0.00       0.00       0.00       0.00       0.00       0.00       0.00       0.00       0.00       0.00       0.00       0.00       0.00       0.00       0.00       0.00       0.00       0.00       0.00       0.00       0.00       0.00       0.00       0.00       0.00       0.00       0.00       0.00       0.00       0.00       0.00       0.00       0.00       0.00       0.00       0.00       0.00       0.00       0.00       0.00       0.00       0.00       0.00       0.00       0.00       0.00       0.00       0.00       0.00       0.00       0.00       0.00       0.00       0.00       0.00       0.00       0.00       0.00       0.00       0.00       0.00       0.00       0.00       0.00       0.00       0.00       0.00       0.00       0.00       0.00       0.00       0.00       0.00      11.00       3.00       0.00       0.00       0.00       1.00       0.00       0.00
17시 08분 46초    3       0.00       0.00       0.00      32.00       0.00       0.00       0.00       0.00       0.00       0.00       0.00       0.00       0.00       0.00       0.00       0.00       0.00       0.00       0.00       0.00       0.00       0.00       0.00       0.00       0.00       0.00       0.00       0.00       0.00       0.00       0.00       0.00       0.00       0.00       0.00       0.00       0.00       0.00       0.00       0.00       0.00       0.00       0.00       0.00       0.00       0.00       0.00       0.00       0.00       0.00       0.00       0.00       0.00       0.00       0.00       0.00       0.00       0.00       0.00       0.00       0.00       0.00       0.00       0.00       0.00       0.00       0.00       0.00       0.00       0.00       0.00       0.00       0.00       0.00       0.00       0.00       0.00       0.00       0.00       0.00       0.00       0.00       0.00       0.00       0.00       0.00       0.00       0.00       0.00       0.00       0.00       0.00       0.00       0.00       0.00       0.00       0.00       0.00       0.00       0.00       0.00       0.00       0.00       0.00       0.00       0.00       0.00       0.00       0.00       0.00       0.00       0.00       0.00       0.00       0.00       0.00       0.00       0.00       0.00       0.00       0.00       0.00       0.00       0.00       0.00       0.00       0.00       0.00       0.00       0.00       0.00       0.00       0.00       0.00       0.00       0.00       3.00       0.00       0.00       0.00       0.00       0.00       0.00       0.00
17시 08분 46초    4       0.00       0.00       0.00      52.00       0.00       0.00       0.00       0.00       0.00       0.00       0.00       0.00       0.00       0.00       0.00       0.00       0.00       0.00       0.00       0.00       0.00       0.00       0.00       0.00       0.00       0.00       0.00       0.00       0.00       0.00       0.00       0.00       0.00       0.00       0.00       0.00       0.00       0.00       0.00       0.00       0.00       0.00       0.00       0.00       0.00       0.00       0.00       0.00       0.00       0.00       0.00       0.00       0.00       0.00       0.00       0.00       0.00       0.00       0.00       0.00       0.00       0.00       0.00       0.00       0.00       0.00       0.00       0.00       0.00       0.00       0.00       0.00       0.00       0.00       0.00       0.00       0.00       0.00       0.00       0.00       0.00       0.00       0.00       0.00       0.00       0.00       0.00       0.00       0.00       0.00       0.00       0.00       0.00       0.00       0.00       0.00       0.00       0.00       0.00       0.00       0.00       0.00       0.00       0.00       0.00       0.00       0.00       0.00       0.00       0.00       0.00       0.00       0.00       0.00       0.00       0.00       0.00       0.00       0.00       0.00       0.00       0.00       0.00       0.00       0.00       0.00       0.00       0.00       0.00       0.00       0.00       0.00       0.00       0.00       0.00       0.00       2.00       0.00       0.00       0.00       0.00       0.00       0.00       0.00
17시 08분 46초    5       0.00       0.00       0.00      23.00       0.00       0.00       0.00       0.00       0.00       0.00       0.00       0.00       0.00       0.00       0.00       0.00       0.00       0.00       0.00       0.00       0.00       0.00       0.00       0.00       0.00       0.00       0.00       0.00       0.00       0.00       0.00       0.00       0.00       0.00       0.00       0.00       0.00       0.00       0.00       0.00       0.00       0.00       0.00       0.00       0.00       0.00       0.00       0.00       0.00       0.00       0.00       0.00       0.00       0.00       0.00       0.00       0.00       0.00       0.00       0.00       0.00       0.00       0.00       0.00       0.00       0.00       0.00       0.00       0.00       0.00       0.00       0.00       0.00       0.00       0.00       0.00       0.00       0.00       0.00       0.00       0.00       0.00       0.00       0.00       0.00       0.00       0.00       0.00       0.00       0.00       0.00       0.00       0.00       0.00       0.00       0.00       0.00       0.00       0.00       0.00       0.00       0.00       0.00       0.00       0.00       0.00       0.00       0.00       0.00       0.00       0.00       0.00       0.00       0.00       0.00       0.00       0.00       0.00       0.00       0.00       0.00       0.00       0.00       0.00       0.00       0.00       0.00       0.00       0.00       0.00       0.00       0.00       0.00       0.00       0.00       0.00       8.00       0.00       0.00       0.00       0.00       0.00       0.00       0.00

17시 08분 45초  CPU       HI/s    TIMER/s   NET_TX/s   NET_RX/s    BLOCK/s IRQ_POLL/s  TASKLET/s    SCHED/s  HRTIMER/s      RCU/s
17시 08분 46초    0       0.00      20.00       0.00      11.00       0.00       0.00       0.00      34.00       0.00      32.00
17시 08분 46초    1       0.00      19.00       0.00       0.00       0.00       0.00       0.00      22.00       0.00      19.00
17시 08분 46초    2       0.00      26.00       0.00       0.00       0.00       0.00       0.00      31.00       0.00      21.00
17시 08분 46초    3       0.00       6.00       0.00       0.00       0.00       0.00       0.00       8.00       0.00      16.00
17시 08분 46초    4       0.00      11.00       0.00       0.00       0.00       0.00       0.00      23.00       0.00      31.00
17시 08분 46초    5       0.00      13.00       0.00       0.00       0.00       0.00       0.00      12.00       0.00      17.00

17시 08분 46초  CPU    %usr   %nice    %sys %iowait    %irq   %soft  %steal  %guest  %gnice   %idle
17시 08분 47초  all    0.67    0.00    1.67    0.00    0.00    0.17    0.00    0.00    0.00   97.49
17시 08분 47초    0    0.00    0.00    3.00    0.00    0.00    1.00    0.00    0.00    0.00   96.00
17시 08분 47초    1    0.00    0.00    0.00    0.00    0.00    0.00    0.00    0.00    0.00  100.00
17시 08분 47초    2    0.99    0.00    1.98    0.00    0.00    0.00    0.00    0.00    0.00   97.03
17시 08분 47초    3    0.00    0.00    2.02    0.00    0.00    0.00    0.00    0.00    0.00   97.98
17시 08분 47초    4    2.02    0.00    3.03    0.00    0.00    0.00    0.00    0.00    0.00   94.95
17시 08분 47초    5    1.00    0.00    0.00    0.00    0.00    0.00    0.00    0.00    0.00   99.00

17시 08분 46초  CPU    intr/s
17시 08분 47초  all    341.00
17시 08분 47초    0     95.00
17시 08분 47초    1     71.00
17시 08분 47초    2     93.00
17시 08분 47초    3     55.00
17시 08분 47초    4     71.00
17시 08분 47초    5     16.00

17시 08분 46초  CPU        9/s       11/s       12/s       13/s       18/s       20/s       21/s       22/s       23/s       24/s       25/s       26/s       27/s       28/s       29/s       30/s       31/s       32/s       33/s       34/s       35/s       36/s       37/s       38/s       39/s       40/s       41/s       42/s       43/s       44/s       45/s       46/s       47/s       48/s       49/s       50/s       51/s       52/s       53/s       54/s       55/s       57/s       59/s       61/s       65/s       66/s       67/s       68/s       69/s       70/s       71/s       72/s       73/s       74/s       75/s       76/s       77/s       79/s       80/s       81/s       82/s       83/s       84/s       85/s       86/s       87/s       88/s       89/s       90/s       91/s       92/s       93/s       94/s       95/s       96/s       97/s       98/s      112/s      113/s      114/s      115/s      116/s      117/s      118/s      119/s      120/s      121/s      122/s      123/s      124/s      125/s      126/s      127/s      128/s      129/s      130/s      131/s      132/s      133/s      134/s      135/s      136/s      137/s      138/s      150/s      154/s      162/s      167/s      171/s      224/s      228/s      229/s      230/s      231/s      232/s      233/s      234/s      235/s      236/s      237/s      245/s      246/s      247/s      249/s      250/s      252/s      253/s      262/s      263/s      294/s      296/s      297/s      298/s      299/s      301/s      302/s     IPI0/s     IPI1/s     IPI2/s     IPI3/s     IPI4/s     IPI5/s     IPI6/s      Err/s
17시 08분 47초    0       0.00       0.00       0.00      58.00       0.00       0.00       0.00       0.00       0.00       0.00       0.00       0.00       0.00       0.00       0.00       0.00       0.00       0.00       0.00       0.00       0.00       0.00       0.00       0.00       0.00       0.00       0.00       0.00       0.00       0.00       0.00       0.00       0.00       0.00       0.00       0.00       0.00       0.00       0.00       0.00       0.00       0.00       0.00       0.00       0.00       0.00       0.00       0.00       0.00       0.00       0.00       0.00       0.00       0.00       0.00       0.00       0.00       0.00       0.00       0.00       0.00       0.00       0.00       0.00       0.00       0.00       0.00       0.00       0.00       0.00       0.00       0.00       0.00       0.00       0.00       0.00       0.00       0.00       0.00       0.00       0.00       0.00       0.00       0.00       0.00       0.00       0.00       0.00       0.00       0.00       0.00       0.00       0.00       0.00       0.00       0.00       0.00       0.00       0.00       0.00       0.00       0.00       0.00       0.00       0.00       0.00       0.00       0.00       0.00       0.00       0.00       0.00       0.00       0.00       0.00       0.00       0.00       0.00       0.00       0.00       0.00       0.00       0.00       0.00       0.00       0.00       0.00       0.00       0.00       0.00       0.00       0.00       0.00       0.00      24.00       0.00       2.00       8.00       0.00       0.00       0.00       0.00       0.00       0.00
17시 08분 47초    1       0.00       0.00       0.00      44.00       0.00       0.00       0.00       0.00       0.00       0.00       0.00       0.00       0.00       0.00       0.00       0.00       0.00       0.00       0.00       0.00       0.00       0.00       0.00       0.00       0.00       0.00       0.00       0.00       0.00       0.00       0.00       0.00       0.00       0.00       0.00       0.00       0.00       0.00       0.00       0.00       0.00       0.00       0.00       0.00       0.00       0.00       0.00       0.00       0.00       0.00       0.00       0.00       0.00       0.00       0.00       0.00       0.00       0.00       0.00       0.00       0.00       0.00       0.00       0.00       0.00       0.00       0.00       0.00       0.00       0.00       0.00       0.00       0.00       0.00       0.00       0.00       0.00       0.00       0.00       0.00       0.00       0.00       0.00       0.00       0.00       0.00       0.00       0.00       0.00       0.00       0.00       0.00       0.00       0.00       0.00       0.00       0.00       0.00       0.00       0.00       0.00       0.00       0.00       0.00       0.00       0.00       0.00       0.00       0.00       0.00       0.00       0.00       0.00       0.00       0.00       0.00       0.00       0.00       0.00       0.00       0.00       0.00       0.00       0.00       0.00       0.00       0.00       0.00       0.00       0.00       0.00       0.00       0.00       0.00       0.00       0.00       5.00       0.00       0.00       0.00       0.00       0.00       0.00       0.00
17시 08분 47초    2       0.00       0.00       0.00      60.00       0.00       0.00       0.00       0.00       0.00       0.00       0.00       0.00       0.00       0.00       0.00       0.00       0.00       0.00       0.00       0.00       0.00       0.00       0.00       0.00       0.00       0.00       0.00       0.00       0.00       0.00       0.00       0.00       0.00       0.00       0.00       0.00       0.00       0.00       0.00       0.00       0.00       0.00       0.00       0.00       0.00       0.00       0.00       0.00       0.00       0.00       0.00       0.00       0.00       0.00       0.00       0.00       0.00       0.00       0.00       0.00       0.00       0.00       0.00       0.00       0.00       0.00       0.00       0.00       0.00       0.00       0.00       0.00       0.00       0.00       0.00       0.00       0.00       0.00       0.00       0.00       0.00       0.00       0.00       0.00       0.00       0.00       0.00       0.00       0.00       0.00       0.00       0.00       0.00       0.00       0.00       0.00       0.00       0.00       0.00       0.00       0.00       0.00       0.00       0.00       0.00       0.00       0.00       0.00       0.00       0.00       0.00       0.00       0.00       0.00       0.00       0.00       0.00       0.00       0.00       0.00       0.00       0.00       0.00       0.00       0.00       0.00       0.00       0.00       0.00       0.00       0.00       0.00       0.00       0.00       0.00       0.00       4.00       2.00       0.00       0.00       0.00       0.00       0.00       0.00
17시 08분 47초    3       0.00       0.00       0.00      45.00       0.00       0.00       0.00       0.00       0.00       0.00       0.00       0.00       0.00       0.00       0.00       0.00       0.00       0.00       0.00       0.00       0.00       0.00       0.00       0.00       0.00       0.00       0.00       0.00       0.00       0.00       0.00       0.00       0.00       0.00       0.00       0.00       0.00       0.00       0.00       0.00       0.00       0.00       0.00       0.00       0.00       0.00       0.00       0.00       0.00       0.00       0.00       0.00       0.00       0.00       0.00       0.00       0.00       0.00       0.00       0.00       0.00       0.00       0.00       0.00       0.00       0.00       0.00       0.00       0.00       0.00       0.00       0.00       0.00       0.00       0.00       0.00       0.00       0.00       0.00       0.00       0.00       0.00       0.00       0.00       0.00       0.00       0.00       0.00       0.00       0.00       0.00       0.00       0.00       0.00       0.00       0.00       0.00       0.00       0.00       0.00       0.00       0.00       0.00       0.00       0.00       0.00       0.00       0.00       0.00       0.00       0.00       0.00       0.00       0.00       0.00       0.00       0.00       0.00       0.00       0.00       0.00       0.00       0.00       0.00       0.00       0.00       0.00       0.00       0.00       0.00       0.00       0.00       0.00       0.00       0.00       0.00       9.00       0.00       0.00       0.00       0.00       0.00       0.00       0.00
17시 08분 47초    4       0.00       0.00       0.00      58.00       0.00       0.00       0.00       0.00       0.00       0.00       0.00       0.00       0.00       0.00       0.00       0.00       0.00       0.00       0.00       0.00       0.00       0.00       0.00       0.00       0.00       0.00       0.00       0.00       0.00       0.00       0.00       0.00       0.00       0.00       0.00       0.00       0.00       0.00       0.00       0.00       0.00       0.00       0.00       0.00       0.00       0.00       0.00       0.00       0.00       0.00       0.00       0.00       0.00       0.00       0.00       0.00       0.00       0.00       0.00       0.00       0.00       0.00       0.00       0.00       0.00       0.00       0.00       0.00       0.00       0.00       0.00       0.00       0.00       0.00       0.00       0.00       0.00       0.00       0.00       0.00       0.00       0.00       0.00       0.00       0.00       0.00       0.00       0.00       0.00       0.00       0.00       0.00       0.00       0.00       0.00       0.00       0.00       0.00       0.00       0.00       0.00       0.00       0.00       0.00       0.00       0.00       0.00       0.00       0.00       0.00       0.00       0.00       0.00       0.00       0.00       0.00       0.00       0.00       0.00       0.00       0.00       0.00       0.00       0.00       0.00       0.00       0.00       0.00       0.00       0.00       0.00       0.00       0.00       0.00       0.00       0.00       2.00       0.00       0.00       0.00       0.00       0.00       0.00       0.00
17시 08분 47초    5       0.00       0.00       0.00      19.00       0.00       0.00       0.00       0.00       0.00       0.00       0.00       0.00       0.00       0.00       0.00       0.00       0.00       0.00       0.00       0.00       0.00       0.00       0.00       0.00       0.00       0.00       0.00       0.00       0.00       0.00       0.00       0.00       0.00       0.00       0.00       0.00       0.00       0.00       0.00       0.00       0.00       0.00       0.00       0.00       0.00       0.00       0.00       0.00       0.00       0.00       0.00       0.00       0.00       0.00       0.00       0.00       0.00       0.00       0.00       0.00       0.00       0.00       0.00       0.00       0.00       0.00       0.00       0.00       0.00       0.00       0.00       0.00       0.00       0.00       0.00       0.00       0.00       0.00       0.00       0.00       0.00       0.00       0.00       0.00       0.00       0.00       0.00       0.00       0.00       0.00       0.00       0.00       0.00       0.00       0.00       0.00       0.00       0.00       0.00       0.00       0.00       0.00       0.00       0.00       0.00       0.00       0.00       0.00       0.00       0.00       0.00       0.00       0.00       0.00       0.00       0.00       0.00       0.00       0.00       0.00       0.00       0.00       0.00       0.00       0.00       0.00       0.00       0.00       0.00       0.00       0.00       0.00       0.00       0.00       0.00       0.00       1.00       0.00       0.00       0.00       0.00       0.00       0.00       0.00

17시 08분 46초  CPU       HI/s    TIMER/s   NET_TX/s   NET_RX/s    BLOCK/s IRQ_POLL/s  TASKLET/s    SCHED/s  HRTIMER/s      RCU/s
17시 08분 47초    0       0.00      13.00       0.00      22.00       0.00       0.00       0.00      32.00       0.00      28.00
17시 08분 47초    1       0.00      26.00       0.00       0.00       0.00       0.00       0.00      27.00       0.00      18.00
17시 08분 47초    2       0.00      32.00       0.00       0.00       0.00       0.00       0.00      39.00       0.00      22.00
17시 08분 47초    3       0.00      15.00       0.00       0.00       0.00       0.00       0.00      18.00       0.00      22.00
17시 08분 47초    4       0.00      11.00       0.00       0.00       0.00       0.00       0.00      26.00       0.00      34.00
17시 08분 47초    5       0.00       3.00       0.00       0.00       0.00       0.00       0.00       6.00       0.00       7.00

17시 08분 47초  CPU    %usr   %nice    %sys %iowait    %irq   %soft  %steal  %guest  %gnice   %idle
17시 08분 48초  all    0.66    0.00    1.66    0.00    0.17    0.00    0.00    0.00    0.00   97.51
17시 08분 48초    0    0.99    0.00    1.98    0.00    0.99    0.00    0.00    0.00    0.00   96.04
17시 08분 48초    1    0.99    0.00    0.99    0.00    0.00    0.00    0.00    0.00    0.00   98.02
17시 08분 48초    2    0.00    0.00    1.00    0.00    0.00    0.00    0.00    0.00    0.00   99.00
17시 08분 48초    3    0.99    0.00    1.98    0.00    0.00    0.00    0.00    0.00    0.00   97.03
17시 08분 48초    4    1.00    0.00    4.00    0.00    0.00    0.00    0.00    0.00    0.00   95.00
17시 08분 48초    5    0.00    0.00    0.00    0.00    0.00    0.00    0.00    0.00    0.00  100.00

17시 08분 47초  CPU    intr/s
17시 08분 48초  all    483.00
17시 08분 48초    0    119.00
17시 08분 48초    1     75.00
17시 08분 48초    2     26.00
17시 08분 48초    3     59.00
17시 08분 48초    4     77.00
17시 08분 48초    5     30.00

17시 08분 47초  CPU        9/s       11/s       12/s       13/s       18/s       20/s       21/s       22/s       23/s       24/s       25/s       26/s       27/s       28/s       29/s       30/s       31/s       32/s       33/s       34/s       35/s       36/s       37/s       38/s       39/s       40/s       41/s       42/s       43/s       44/s       45/s       46/s       47/s       48/s       49/s       50/s       51/s       52/s       53/s       54/s       55/s       57/s       59/s       61/s       65/s       66/s       67/s       68/s       69/s       70/s       71/s       72/s       73/s       74/s       75/s       76/s       77/s       79/s       80/s       81/s       82/s       83/s       84/s       85/s       86/s       87/s       88/s       89/s       90/s       91/s       92/s       93/s       94/s       95/s       96/s       97/s       98/s      112/s      113/s      114/s      115/s      116/s      117/s      118/s      119/s      120/s      121/s      122/s      123/s      124/s      125/s      126/s      127/s      128/s      129/s      130/s      131/s      132/s      133/s      134/s      135/s      136/s      137/s      138/s      150/s      154/s      162/s      167/s      171/s      224/s      228/s      229/s      230/s      231/s      232/s      233/s      234/s      235/s      236/s      237/s      245/s      246/s      247/s      249/s      250/s      252/s      253/s      262/s      263/s      294/s      296/s      297/s      298/s      299/s      301/s      302/s     IPI0/s     IPI1/s     IPI2/s     IPI3/s     IPI4/s     IPI5/s     IPI6/s      Err/s
17시 08분 48초    0       0.00       0.00       0.00      84.00       0.00       0.00       0.00       0.00       0.00       0.00       0.00       0.00       0.00       0.00       0.00       0.00       0.00       0.00       0.00       0.00       0.00       0.00       0.00       0.00       0.00       0.00       0.00       0.00       0.00       0.00       0.00       0.00       0.00       0.00       0.00       0.00       0.00       0.00       0.00       0.00       0.00       0.00       0.00       0.00       0.00       0.00       0.00       0.00       0.00       0.00       0.00       0.00       0.00       0.00       0.00       0.00       0.00       0.00       0.00       0.00       0.00       0.00       0.00       0.00       0.00       0.00       0.00       0.00       0.00       0.00       0.00       0.00       0.00       0.00       0.00       0.00       0.00      80.00       0.00       0.00       0.00       0.00       0.00       0.00       0.00       0.00       0.00       0.00       0.00       0.00       0.00       0.00       0.00       0.00       0.00       0.00       0.00       0.00       0.00       0.00       0.00       0.00       0.00       0.00       0.00      10.00       0.00       0.00       0.00       0.00       0.00       0.00       0.00       0.00       0.00       0.00       0.00       0.00       0.00       0.00       0.00       0.00       0.00       0.00       0.00       0.00       0.00       0.00       0.00       0.00       0.00       0.00       0.00       0.00      12.00       0.00       4.00       4.00       0.00       0.00       0.00       0.00       0.00       0.00
17시 08분 48초    1       0.00       0.00       0.00      43.00       0.00       0.00       0.00       0.00       0.00       0.00       0.00       0.00       0.00       0.00       0.00       0.00       0.00       0.00       0.00       0.00       0.00       0.00       0.00       0.00       0.00       0.00       0.00       0.00       0.00       0.00       0.00       0.00       0.00       0.00       0.00       0.00       0.00       0.00       0.00       0.00       0.00       0.00       0.00       0.00       0.00       0.00       0.00       0.00       0.00       0.00       0.00       0.00       0.00       0.00       0.00       0.00       0.00       0.00       0.00       0.00       0.00       0.00       0.00       0.00       0.00       0.00       0.00       0.00       0.00       0.00       0.00       0.00       0.00       0.00       0.00       0.00       0.00       0.00       0.00       0.00       0.00       0.00       0.00       0.00       0.00       0.00       0.00       0.00       0.00       0.00       0.00       0.00       0.00       0.00       0.00       0.00       0.00       0.00       0.00       0.00       0.00       0.00       0.00       0.00       0.00       0.00       0.00       0.00       0.00       0.00       0.00       0.00       0.00       0.00       0.00       0.00       0.00       0.00       0.00       0.00       0.00       0.00       0.00       0.00       0.00       0.00       0.00       0.00       0.00       0.00       0.00       0.00       0.00       0.00       0.00       0.00       1.00       2.00       0.00       0.00       0.00       0.00       0.00       0.00
17시 08분 48초    2       0.00       0.00       0.00      23.00       0.00       0.00       0.00       0.00       0.00       0.00       0.00       0.00       0.00       0.00       0.00       0.00       0.00       0.00       0.00       0.00       0.00       0.00       0.00       0.00       0.00       0.00       0.00       0.00       0.00       0.00       0.00       0.00       0.00       0.00       0.00       0.00       0.00       0.00       0.00       0.00       0.00       0.00       0.00       0.00       0.00       0.00       0.00       0.00       0.00       0.00       0.00       0.00       0.00       0.00       0.00       0.00       0.00       0.00       0.00       0.00       0.00       0.00       0.00       0.00       0.00       0.00       0.00       0.00       0.00       0.00       0.00       0.00       0.00       0.00       0.00       0.00       0.00       0.00       0.00       0.00       0.00       0.00       0.00       0.00       0.00       0.00       0.00       0.00       0.00       0.00       0.00       0.00       0.00       0.00       0.00       0.00       0.00       0.00       0.00       0.00       0.00       0.00       0.00       0.00       0.00       0.00       0.00       0.00       0.00       0.00       0.00       0.00       0.00       0.00       0.00       0.00       0.00       0.00       0.00       0.00       0.00       0.00       0.00       0.00       0.00       0.00       0.00       0.00       0.00       0.00       0.00       0.00       0.00       0.00       0.00       0.00       6.00       2.00       0.00       0.00       0.00       0.00       0.00       0.00
17시 08분 48초    3       0.00       0.00       0.00      43.00       0.00       0.00       0.00       0.00       0.00       0.00       0.00       0.00       0.00       0.00       0.00       0.00       0.00       0.00       0.00       0.00       0.00       0.00       0.00       0.00       0.00       0.00       0.00       0.00       0.00       0.00       0.00       0.00       0.00       0.00       0.00       0.00       0.00       0.00       0.00       0.00       0.00       0.00       0.00       0.00       0.00       0.00       0.00       0.00       0.00       0.00       0.00       0.00       0.00       0.00       0.00       0.00       0.00       0.00       0.00       0.00       0.00       0.00       0.00       0.00       0.00       0.00       0.00       0.00       0.00       0.00       0.00       0.00       0.00       0.00       0.00       0.00       0.00       0.00       0.00       0.00       0.00       0.00       0.00       0.00       0.00       0.00       0.00       0.00       0.00       0.00       0.00       0.00       0.00       0.00       0.00       0.00       0.00       0.00       0.00       0.00       0.00       0.00       0.00       0.00       0.00       0.00       0.00       0.00       0.00       0.00       0.00       0.00       0.00       0.00       0.00       0.00       0.00       0.00       0.00       0.00       0.00       0.00       0.00       0.00       0.00       0.00       0.00       0.00       0.00       0.00       0.00       0.00       0.00       0.00       0.00       0.00      13.00       1.00       0.00       0.00       0.00       0.00       0.00       0.00
17시 08분 48초    4       0.00       0.00       0.00      54.00       0.00       0.00       0.00       0.00       0.00       0.00       0.00       0.00       0.00       0.00       0.00       0.00       0.00       0.00       0.00       0.00       0.00       0.00       0.00       0.00       0.00       0.00       0.00       0.00       0.00       0.00       0.00       0.00       0.00       0.00       0.00       0.00       0.00       0.00       0.00       0.00       0.00       0.00       0.00       0.00       0.00       0.00       0.00       0.00       0.00       0.00       0.00       0.00       0.00       0.00       0.00       0.00       0.00       0.00       0.00       0.00       0.00       0.00       0.00       0.00       0.00       0.00       0.00       0.00       0.00       0.00       0.00       0.00       0.00       0.00       0.00       0.00       0.00       0.00       0.00       0.00       0.00       0.00       0.00       0.00       0.00       0.00       0.00       0.00       0.00       0.00       0.00       0.00       0.00       0.00       0.00       0.00       0.00       0.00       0.00       0.00       0.00       0.00       0.00       0.00       0.00       0.00       0.00       0.00       0.00       0.00       0.00       0.00       0.00       0.00       0.00       0.00       0.00       0.00       0.00       0.00       0.00       0.00       0.00       0.00       0.00       0.00       0.00       0.00       0.00       0.00       0.00       0.00       0.00       0.00       0.00       0.00       6.00       0.00       0.00       0.00       0.00       0.00       0.00       0.00
17시 08분 48초    5       0.00       0.00       0.00      23.00       0.00       0.00       0.00       0.00       0.00       0.00       0.00       0.00       0.00       0.00       0.00       0.00       0.00       0.00       0.00       0.00       0.00       0.00       0.00       0.00       0.00       0.00       0.00       0.00       0.00       0.00       0.00       0.00       0.00       0.00       0.00       0.00       0.00       0.00       0.00       0.00       0.00       0.00       0.00       0.00       0.00       0.00       0.00       0.00       0.00       0.00       0.00       0.00       0.00       0.00       0.00       0.00       0.00       0.00       0.00       0.00       0.00       0.00       0.00       0.00       0.00       0.00       0.00       0.00       0.00       0.00       0.00       0.00       0.00       0.00       0.00       0.00       0.00       0.00       0.00       0.00       0.00       0.00       0.00       0.00       0.00       0.00       0.00       0.00       0.00       0.00       0.00       0.00       0.00       0.00       0.00       0.00       0.00       0.00       0.00       0.00       0.00       0.00       0.00       0.00       0.00       0.00       0.00       0.00       0.00       0.00       0.00       0.00       0.00       0.00       0.00       0.00       0.00       0.00       0.00       0.00       0.00       0.00       0.00       0.00       0.00       0.00       0.00       0.00       0.00       0.00       0.00       0.00       0.00       0.00       0.00       0.00      72.00       0.00       0.00       0.00       0.00       0.00       0.00       0.00

17시 08분 47초  CPU       HI/s    TIMER/s   NET_TX/s   NET_RX/s    BLOCK/s IRQ_POLL/s  TASKLET/s    SCHED/s  HRTIMER/s      RCU/s
17시 08분 48초    0       0.00      31.00       0.00      11.00       0.00       0.00       0.00      44.00       0.00      33.00
17시 08분 48초    1       0.00      25.00       0.00       0.00       0.00       0.00       0.00      30.00       0.00      20.00
17시 08분 48초    2       0.00       2.00       0.00       0.00       0.00       0.00       0.00      11.00       0.00      13.00
17시 08분 48초    3       0.00      18.00       0.00       0.00       0.00       0.00       0.00      18.00       0.00      23.00
17시 08분 48초    4       0.00      14.00       0.00       0.00       0.00       0.00       0.00      27.00       0.00      36.00
17시 08분 48초    5       0.00       9.00       0.00       0.00       0.00       0.00       0.00       9.00       0.00      12.00

17시 08분 48초  CPU    %usr   %nice    %sys %iowait    %irq   %soft  %steal  %guest  %gnice   %idle
17시 08분 49초  all    2.33    0.00    3.00    0.00    0.17    0.17    0.00    0.00    0.00   94.33
17시 08분 49초    0    1.01    0.00    3.03    0.00    0.00    0.00    0.00    0.00    0.00   95.96
17시 08분 49초    1    4.04    0.00    2.02    0.00    0.00    0.00    0.00    0.00    0.00   93.94
17시 08분 49초    2    2.97    0.00    1.98    0.00    0.00    0.99    0.00    0.00    0.00   94.06
17시 08분 49초    3    1.00    0.00    4.00    0.00    0.00    0.00    0.00    0.00    0.00   95.00
17시 08분 49초    4    3.96    0.00    4.95    0.00    0.99    0.00    0.00    0.00    0.00   90.10
17시 08분 49초    5    1.00    0.00    2.00    0.00    0.00    0.00    0.00    0.00    0.00   97.00

17시 08분 48초  CPU    intr/s
17시 08분 49초  all   1273.00
17시 08분 49초    0    131.00
17시 08분 49초    1     96.00
17시 08분 49초    2    160.00
17시 08분 49초    3    113.00
17시 08분 49초    4    105.00
17시 08분 49초    5     64.00

17시 08분 48초  CPU        9/s       11/s       12/s       13/s       18/s       20/s       21/s       22/s       23/s       24/s       25/s       26/s       27/s       28/s       29/s       30/s       31/s       32/s       33/s       34/s       35/s       36/s       37/s       38/s       39/s       40/s       41/s       42/s       43/s       44/s       45/s       46/s       47/s       48/s       49/s       50/s       51/s       52/s       53/s       54/s       55/s       57/s       59/s       61/s       65/s       66/s       67/s       68/s       69/s       70/s       71/s       72/s       73/s       74/s       75/s       76/s       77/s       79/s       80/s       81/s       82/s       83/s       84/s       85/s       86/s       87/s       88/s       89/s       90/s       91/s       92/s       93/s       94/s       95/s       96/s       97/s       98/s      112/s      113/s      114/s      115/s      116/s      117/s      118/s      119/s      120/s      121/s      122/s      123/s      124/s      125/s      126/s      127/s      128/s      129/s      130/s      131/s      132/s      133/s      134/s      135/s      136/s      137/s      138/s      150/s      154/s      162/s      167/s      171/s      224/s      228/s      229/s      230/s      231/s      232/s      233/s      234/s      235/s      236/s      237/s      245/s      246/s      247/s      249/s      250/s      252/s      253/s      262/s      263/s      294/s      296/s      297/s      298/s      299/s      301/s      302/s     IPI0/s     IPI1/s     IPI2/s     IPI3/s     IPI4/s     IPI5/s     IPI6/s      Err/s
17시 08분 49초    0       0.00       0.00       0.00     152.00       0.00       0.00       0.00       0.00       0.00       0.00       0.00       0.00       0.00       0.00       0.00       0.00       0.00       0.00       0.00       0.00       0.00       0.00       0.00       0.00       0.00       0.00       0.00       0.00       0.00       0.00       0.00       0.00       0.00       0.00       0.00       0.00       0.00       0.00       0.00       0.00       0.00       0.00       0.00       0.00       0.00       0.00       0.00       0.00       0.00       0.00       0.00       0.00       0.00       0.00       0.00       0.00       0.00       0.00       0.00       0.00       0.00       0.00       0.00       0.00       0.00       0.00       0.00       0.00       0.00       0.00       0.00       0.00       0.00       0.00       0.00       0.00       0.00       2.00       0.00       0.00       0.00       0.00       0.00       0.00       0.00       0.00       0.00       0.00       0.00       0.00       0.00       0.00       0.00       0.00       0.00       0.00       0.00       0.00       0.00       0.00       0.00       0.00       0.00       0.00       0.00      26.00       0.00       0.00       0.00       0.00       0.00       0.00       0.00       0.00       0.00       0.00       0.00       0.00       0.00       0.00       0.00       0.00       0.00       0.00       0.00       0.00       0.00       0.00       0.00       0.00       0.00       0.00       0.00       0.00      12.00       0.00      81.00      22.00       0.00       0.00       0.00       4.00       0.00       0.00
17시 08분 49초    1       0.00       0.00       0.00      64.00       0.00       0.00       0.00       0.00       0.00       0.00       0.00       0.00       0.00       0.00       0.00       0.00       0.00       0.00       0.00       0.00       0.00       0.00       0.00       0.00       0.00       0.00       0.00       0.00       0.00       0.00       0.00       0.00       0.00       0.00       0.00       0.00       0.00       0.00       0.00       0.00       0.00       0.00       0.00       0.00       0.00       0.00       0.00       0.00       0.00       0.00       0.00       0.00       0.00       0.00       0.00       0.00       0.00       0.00       0.00       0.00       0.00       0.00       0.00       0.00       0.00       0.00       0.00       0.00       0.00       0.00       0.00       0.00       0.00       0.00       0.00       0.00       0.00       0.00       0.00       0.00       0.00       0.00       0.00       0.00       0.00       0.00       0.00       0.00       0.00       0.00       0.00       0.00       0.00       0.00       0.00       0.00       0.00       0.00       0.00       0.00       0.00       0.00       0.00       0.00       0.00       0.00       0.00       0.00       0.00       0.00       0.00       0.00       0.00       0.00       0.00       0.00       0.00       0.00       0.00       0.00       0.00       0.00       0.00       0.00       0.00       0.00       0.00       0.00       0.00       0.00       0.00       0.00       0.00       0.00       0.00       0.00     154.00      11.00       0.00       0.00       0.00       1.00       0.00       0.00
17시 08분 49초    2       0.00       0.00       0.00      79.00       0.00       0.00       0.00       0.00       0.00       0.00       0.00       0.00       0.00       0.00       0.00       0.00       0.00       0.00       0.00       0.00       0.00       0.00       0.00       0.00       0.00       0.00       0.00       0.00       0.00       0.00       0.00       0.00       0.00       0.00       0.00       0.00       0.00       0.00       0.00       0.00       0.00       0.00       0.00       0.00       0.00       0.00       0.00       0.00       0.00       0.00       0.00       0.00       0.00       0.00       0.00       0.00       0.00       0.00       0.00       0.00       0.00       0.00       0.00       0.00       0.00       0.00       0.00       0.00       0.00       0.00       0.00       0.00       0.00       0.00       0.00       0.00       0.00       0.00       0.00       0.00       0.00       0.00       0.00       0.00       0.00       0.00       0.00       0.00       0.00       0.00       0.00       0.00       0.00       0.00       0.00       0.00       0.00       0.00       0.00       0.00       0.00       0.00       0.00       0.00       0.00       0.00       0.00       0.00       0.00       0.00       0.00       0.00       0.00       0.00       0.00       0.00       0.00       0.00       0.00       0.00       0.00       0.00       0.00       0.00       0.00       0.00       0.00       0.00       0.00       0.00       0.00       0.00       0.00       0.00       0.00       0.00      44.00       5.00       0.00       0.00       0.00       3.00       0.00       0.00
17시 08분 49초    3       0.00       0.00       0.00     103.00       0.00       0.00       0.00       0.00       0.00       0.00       0.00       0.00       0.00       0.00       0.00       0.00       0.00       0.00       0.00       0.00       0.00       0.00       0.00       0.00       0.00       0.00       0.00       0.00       0.00       0.00       0.00       0.00       0.00       0.00       0.00       0.00       0.00       0.00       0.00       0.00       0.00       0.00       0.00       0.00       0.00       0.00       0.00       0.00       0.00       0.00       0.00       0.00       0.00       0.00       0.00       0.00       0.00       0.00       0.00       0.00       0.00       0.00       0.00       0.00       0.00       0.00       0.00       0.00       0.00       0.00       0.00       0.00       0.00       0.00       0.00       0.00       0.00       0.00       0.00       0.00       0.00       0.00       0.00       0.00       0.00       0.00       0.00       0.00       0.00       0.00       0.00       0.00       0.00       0.00       0.00       0.00       0.00       0.00       0.00       0.00       0.00       0.00       0.00       0.00       0.00       0.00       0.00       0.00       0.00       0.00       0.00       0.00       0.00       0.00       0.00       0.00       0.00       0.00       0.00       0.00       0.00       0.00       0.00       0.00       0.00       0.00       0.00       0.00       0.00       0.00       0.00       0.00       0.00       0.00       0.00       0.00     108.00       5.00       0.00       0.00       0.00       1.00       0.00       0.00
17시 08분 49초    4       0.00       0.00       0.00      99.00       0.00       0.00       0.00       0.00       0.00       0.00       0.00       0.00       0.00       0.00       0.00       0.00       0.00       0.00       0.00       0.00       0.00       0.00       0.00       0.00       0.00       0.00       0.00       0.00       0.00       0.00       0.00       0.00       0.00       0.00       0.00       0.00       0.00       0.00       0.00       0.00       0.00       0.00       0.00       0.00       0.00       0.00       0.00       0.00       0.00       0.00       0.00       0.00       0.00       0.00       0.00       0.00       0.00       0.00       0.00       0.00       0.00       0.00       0.00       0.00       0.00       0.00       0.00       0.00       0.00       0.00       0.00       0.00       0.00       0.00       0.00       0.00       0.00       0.00       0.00       0.00       0.00       0.00       0.00       0.00       0.00       0.00       0.00       0.00       0.00       0.00       0.00       0.00       0.00       0.00       0.00       0.00       0.00       0.00       0.00       0.00       0.00       0.00       0.00       0.00       0.00       0.00       0.00       0.00       0.00       0.00       0.00       0.00       0.00       0.00       0.00       0.00       0.00       0.00       0.00       0.00       0.00       0.00       0.00       0.00       0.00       0.00       0.00       0.00       0.00       0.00       0.00       0.00       0.00       0.00       0.00       0.00      91.00       3.00       0.00       0.00       0.00       7.00       0.00       0.00
17시 08분 49초    5       0.00       0.00       0.00      60.00       0.00       0.00       0.00       0.00       0.00       0.00       0.00       0.00       0.00       0.00       0.00       0.00       0.00       0.00       0.00       0.00       0.00       0.00       0.00       0.00       0.00       0.00       0.00       0.00       0.00       0.00       0.00       0.00       0.00       0.00       0.00       0.00       0.00       0.00       0.00       0.00       0.00       0.00       0.00       0.00       0.00       0.00       0.00       0.00       0.00       0.00       0.00       0.00       0.00       0.00       0.00       0.00       0.00       0.00       0.00       0.00       0.00       0.00       0.00       0.00       0.00       0.00       0.00       0.00       0.00       0.00       0.00       0.00       0.00       0.00       0.00       0.00       0.00       0.00       0.00       0.00       0.00       0.00       0.00       0.00       0.00       0.00       0.00       0.00       0.00       0.00       0.00       0.00       0.00       0.00       0.00       0.00       0.00       0.00       0.00       0.00       0.00       0.00       0.00       0.00       0.00       0.00       0.00       0.00       0.00       0.00       0.00       0.00       0.00       0.00       0.00       0.00       0.00       0.00       0.00       0.00       0.00       0.00       0.00       0.00       0.00       0.00       0.00       0.00       0.00       0.00       0.00       0.00       0.00       0.00       0.00       0.00     134.00       1.00       0.00       0.00       0.00       1.00       0.00       0.00

17시 08분 48초  CPU       HI/s    TIMER/s   NET_TX/s   NET_RX/s    BLOCK/s IRQ_POLL/s  TASKLET/s    SCHED/s  HRTIMER/s      RCU/s
17시 08분 49초    0       0.00      26.00       0.00      11.00       0.00       0.00       0.00      53.00       0.00      41.00
17시 08분 49초    1       0.00      21.00       0.00       0.00       0.00       0.00       0.00      40.00       0.00      35.00
17시 08분 49초    2       0.00      10.00       0.00       0.00       0.00       0.00       0.00      34.00       0.00     116.00
17시 08분 49초    3       0.00      30.00       0.00       0.00       0.00       0.00       0.00      41.00       0.00      42.00
17시 08분 49초    4       0.00      11.00       0.00       0.00       0.00       0.00       0.00      38.00       0.00      56.00
17시 08분 49초    5       0.00      19.00       0.00       0.00       0.00       0.00       0.00      21.00       0.00      24.00

17시 08분 49초  CPU    %usr   %nice    %sys %iowait    %irq   %soft  %steal  %guest  %gnice   %idle
17시 08분 50초  all    0.67    0.00    4.01    1.67    0.00    0.00    0.00    0.00    0.00   93.65
17시 08분 50초    0    1.00    0.00    3.00    0.00    0.00    0.00    0.00    0.00    0.00   96.00
17시 08분 50초    1    1.00    0.00    0.00    4.00    0.00    0.00    0.00    0.00    0.00   95.00
17시 08분 50초    2    0.00    0.00    1.00    3.00    0.00    0.00    0.00    0.00    0.00   96.00
17시 08분 50초    3    0.00    0.00   15.15    3.03    0.00    0.00    0.00    0.00    0.00   81.82
17시 08분 50초    4    2.00    0.00    5.00    0.00    0.00    0.00    0.00    0.00    0.00   93.00
17시 08분 50초    5    0.00    0.00    0.00    0.00    0.00    0.00    0.00    0.00    0.00  100.00

17시 08분 49초  CPU    intr/s
17시 08분 50초  all    785.00
17시 08분 50초    0    122.00
17시 08분 50초    1    109.00
17시 08분 50초    2     23.00
17시 08분 50초    3     94.00
17시 08분 50초    4     72.00
17시 08분 50초    5     58.00

17시 08분 49초  CPU        9/s       11/s       12/s       13/s       18/s       20/s       21/s       22/s       23/s       24/s       25/s       26/s       27/s       28/s       29/s       30/s       31/s       32/s       33/s       34/s       35/s       36/s       37/s       38/s       39/s       40/s       41/s       42/s       43/s       44/s       45/s       46/s       47/s       48/s       49/s       50/s       51/s       52/s       53/s       54/s       55/s       57/s       59/s       61/s       65/s       66/s       67/s       68/s       69/s       70/s       71/s       72/s       73/s       74/s       75/s       76/s       77/s       79/s       80/s       81/s       82/s       83/s       84/s       85/s       86/s       87/s       88/s       89/s       90/s       91/s       92/s       93/s       94/s       95/s       96/s       97/s       98/s      112/s      113/s      114/s      115/s      116/s      117/s      118/s      119/s      120/s      121/s      122/s      123/s      124/s      125/s      126/s      127/s      128/s      129/s      130/s      131/s      132/s      133/s      134/s      135/s      136/s      137/s      138/s      150/s      154/s      162/s      167/s      171/s      224/s      228/s      229/s      230/s      231/s      232/s      233/s      234/s      235/s      236/s      237/s      245/s      246/s      247/s      249/s      250/s      252/s      253/s      262/s      263/s      294/s      296/s      297/s      298/s      299/s      301/s      302/s     IPI0/s     IPI1/s     IPI2/s     IPI3/s     IPI4/s     IPI5/s     IPI6/s      Err/s
17시 08분 50초    0       0.00       0.00       0.00      95.00       0.00       0.00       0.00       0.00       0.00       0.00       0.00       0.00       0.00       0.00       0.00       0.00       0.00       0.00       0.00       0.00       0.00       0.00       0.00       0.00       0.00       0.00       0.00       0.00       0.00       0.00       0.00       0.00       0.00       0.00       0.00       0.00       0.00       0.00       0.00       0.00       0.00       0.00       0.00       0.00       0.00       0.00     134.00       0.00       0.00       0.00       0.00       0.00       0.00       0.00       0.00       0.00       0.00       0.00       0.00       0.00       0.00       0.00       0.00       0.00       0.00       0.00       0.00       0.00       0.00       0.00       0.00       0.00       0.00       0.00       0.00       0.00       0.00       0.00       0.00       0.00       0.00       0.00       0.00       0.00       0.00       0.00       0.00       0.00       0.00       0.00       0.00       0.00       0.00       0.00       0.00       0.00       0.00       0.00       0.00       0.00       0.00       0.00       0.00       0.00       0.00      44.00       0.00       0.00       0.00       0.00       0.00       0.00       0.00       0.00       0.00       0.00       0.00       0.00       0.00       0.00       0.00       0.00       0.00       0.00       0.00       0.00       0.00       0.00       0.00       0.00       0.00       0.00       0.00       0.00      24.00       0.00      18.00      14.00       0.00       0.00       0.00       2.00       0.00       0.00
17시 08분 50초    1       0.00       0.00       0.00      64.00       0.00       0.00       0.00       0.00       0.00       0.00       0.00       0.00       0.00       0.00       0.00       0.00       0.00       0.00       0.00       0.00       0.00       0.00       0.00       0.00       0.00       0.00       0.00       0.00       0.00       0.00       0.00       0.00       0.00       0.00       0.00       0.00       0.00       0.00       0.00       0.00       0.00       0.00       0.00       0.00       0.00       0.00       0.00       0.00       0.00       0.00       0.00       0.00       0.00       0.00       0.00       0.00       0.00       0.00       0.00       0.00       0.00       0.00       0.00       0.00       0.00       0.00       0.00       0.00       0.00       0.00       0.00       0.00       0.00       0.00       0.00       0.00       0.00       0.00       0.00       0.00       0.00       0.00       0.00       0.00       0.00       0.00       0.00       0.00       0.00       0.00       0.00       0.00       0.00       0.00       0.00       0.00       0.00       0.00       0.00       0.00       0.00       0.00       0.00       0.00       0.00       0.00       0.00       0.00       0.00       0.00       0.00       0.00       0.00       0.00       0.00       0.00       0.00       0.00       0.00       0.00       0.00       0.00       0.00       0.00       0.00       0.00       0.00       0.00       0.00       0.00       0.00       0.00       0.00       0.00       0.00       0.00      11.00       1.00       0.00       0.00       0.00       2.00       0.00       0.00
17시 08분 50초    2       0.00       0.00       0.00      21.00       0.00       0.00       0.00       0.00       0.00       0.00       0.00       0.00       0.00       0.00       0.00       0.00       0.00       0.00       0.00       0.00       0.00       0.00       0.00       0.00       0.00       0.00       0.00       0.00       0.00       0.00       0.00       0.00       0.00       0.00       0.00       0.00       0.00       0.00       0.00       0.00       0.00       0.00       0.00       0.00       0.00       0.00       0.00       0.00       0.00       0.00       0.00       0.00       0.00       0.00       0.00       0.00       0.00       0.00       0.00       0.00       0.00       0.00       0.00       0.00       0.00       0.00       0.00       0.00       0.00       0.00       0.00       0.00       0.00       0.00       0.00       0.00       0.00       0.00       0.00       0.00       0.00       0.00       0.00       0.00       0.00       0.00       0.00       0.00       0.00       0.00       0.00       0.00       0.00       0.00       0.00       0.00       0.00       0.00       0.00       0.00       0.00       0.00       0.00       0.00       0.00       0.00       0.00       0.00       0.00       0.00       0.00       0.00       0.00       0.00       0.00       0.00       0.00       0.00       0.00       0.00       0.00       0.00       0.00       0.00       0.00       0.00       0.00       0.00       0.00       0.00       0.00       0.00       0.00       0.00       0.00       0.00       7.00       2.00       0.00       0.00       0.00       0.00       0.00       0.00
17시 08분 50초    3       0.00       0.00       0.00      76.00       0.00       0.00       0.00       0.00       0.00       0.00       0.00       0.00       0.00       0.00       0.00       0.00       0.00       0.00       0.00       0.00       0.00       0.00       0.00       0.00       0.00       0.00       0.00       0.00       0.00       0.00       0.00       0.00       0.00       0.00       0.00       0.00       0.00       0.00       0.00       0.00       0.00       0.00       0.00       0.00       0.00       0.00       0.00       0.00       0.00       0.00       0.00       0.00       0.00       0.00       0.00       0.00       0.00       0.00       0.00       0.00       0.00       0.00       0.00       0.00       0.00       0.00       0.00       0.00       0.00       0.00       0.00       0.00       0.00       0.00       0.00       0.00       0.00       0.00       0.00       0.00       0.00       0.00       0.00       0.00       0.00       0.00       0.00       0.00       0.00       0.00       0.00       0.00       0.00       0.00       0.00       0.00       0.00       0.00       0.00       0.00       0.00       0.00       0.00       0.00       0.00       0.00       0.00       0.00       0.00       0.00       0.00       0.00       0.00       0.00       0.00       0.00       0.00       0.00       0.00       0.00       0.00       0.00       0.00       0.00       0.00       0.00       0.00       0.00       0.00       0.00       0.00       0.00       0.00       0.00       0.00       0.00     147.00       0.00       0.00       0.00       0.00      12.00       0.00       0.00
17시 08분 50초    4       0.00       0.00       0.00      62.00       0.00       0.00       0.00       0.00       0.00       0.00       0.00       0.00       0.00       0.00       0.00       0.00       0.00       0.00       0.00       0.00       0.00       0.00       0.00       0.00       0.00       0.00       0.00       0.00       0.00       0.00       0.00       0.00       0.00       0.00       0.00       0.00       0.00       0.00       0.00       0.00       0.00       0.00       0.00       0.00       0.00       0.00       0.00       0.00       0.00       0.00       0.00       0.00       0.00       0.00       0.00       0.00       0.00       0.00       0.00       0.00       0.00       0.00       0.00       0.00       0.00       0.00       0.00       0.00       0.00       0.00       0.00       0.00       0.00       0.00       0.00       0.00       0.00       0.00       0.00       0.00       0.00       0.00       0.00       0.00       0.00       0.00       0.00       0.00       0.00       0.00       0.00       0.00       0.00       0.00       0.00       0.00       0.00       0.00       0.00       0.00       0.00       0.00       0.00       0.00       0.00       0.00       0.00       0.00       0.00       0.00       0.00       0.00       0.00       0.00       0.00       0.00       0.00       0.00       0.00       0.00       0.00       0.00       0.00       0.00       0.00       0.00       0.00       0.00       0.00       0.00       0.00       0.00       0.00       0.00       0.00       0.00       5.00       0.00       0.00       0.00       0.00       0.00       0.00       0.00
17시 08분 50초    5       0.00       0.00       0.00      37.00       0.00       0.00       0.00       0.00       0.00       0.00       0.00       0.00       0.00       0.00       0.00       0.00       0.00       0.00       0.00       0.00       0.00       0.00       0.00       0.00       0.00       0.00       0.00       0.00       0.00       0.00       0.00       0.00       0.00       0.00       0.00       0.00       0.00       0.00       0.00       0.00       0.00       0.00       0.00       0.00       0.00       0.00       0.00       0.00       0.00       0.00       0.00       0.00       0.00       0.00       0.00       0.00       0.00       0.00       0.00       0.00       0.00       0.00       0.00       0.00       0.00       0.00       0.00       0.00       0.00       0.00       0.00       0.00       0.00       0.00       0.00       0.00       0.00       0.00       0.00       0.00       0.00       0.00       0.00       0.00       0.00       0.00       0.00       0.00       0.00       0.00       0.00       0.00       0.00       0.00       0.00       0.00       0.00       0.00       0.00       0.00       0.00       0.00       0.00       0.00       0.00       0.00       0.00       0.00       0.00       0.00       0.00       0.00       0.00       0.00       0.00       0.00       0.00       0.00       0.00       0.00       0.00       0.00       0.00       0.00       0.00       0.00       0.00       0.00       0.00       0.00       0.00       0.00       0.00       0.00       0.00       0.00       7.00       0.00       0.00       0.00       0.00       0.00       0.00       0.00

17시 08분 49초  CPU       HI/s    TIMER/s   NET_TX/s   NET_RX/s    BLOCK/s IRQ_POLL/s  TASKLET/s    SCHED/s  HRTIMER/s      RCU/s
17시 08분 50초    0       0.00      14.00       1.00      22.00       2.00       0.00       0.00      52.00       0.00      31.00
17시 08분 50초    1       0.00      46.00       0.00       0.00       0.00       0.00       0.00      36.00       0.00      27.00
17시 08분 50초    2       0.00       2.00       0.00       0.00       0.00       0.00       0.00       9.00       0.00      12.00
17시 08분 50초    3       0.00      12.00       0.00       0.00       0.00       0.00       0.00      52.00       0.00      30.00
17시 08분 50초    4       0.00       9.00       0.00       0.00       0.00       0.00       0.00      25.00       0.00      38.00
17시 08분 50초    5       0.00      17.00       0.00       0.00       0.00       0.00       0.00      19.00       0.00      22.00

17시 08분 50초  CPU    %usr   %nice    %sys %iowait    %irq   %soft  %steal  %guest  %gnice   %idle
17시 08분 51초  all    1.00    0.00    1.67    0.00    0.00    0.00    0.00    0.00    0.00   97.33
17시 08분 51초    0    2.00    0.00    2.00    0.00    0.00    0.00    0.00    0.00    0.00   96.00
17시 08분 51초    1    0.00    0.00    1.00    0.00    0.00    0.00    0.00    0.00    0.00   99.00
17시 08분 51초    2    0.00    0.00    0.00    0.00    0.00    0.00    0.00    0.00    0.00  100.00
17시 08분 51초    3    1.00    0.00    2.00    0.00    0.00    0.00    0.00    0.00    0.00   97.00
17시 08분 51초    4    2.02    0.00    4.04    0.00    0.00    0.00    0.00    0.00    0.00   93.94
17시 08분 51초    5    0.99    0.00    0.99    0.00    0.00    0.00    0.00    0.00    0.00   98.02

17시 08분 50초  CPU    intr/s
17시 08분 51초  all    297.00
17시 08분 51초    0     65.00
17시 08분 51초    1     79.00
17시 08분 51초    2     51.00
17시 08분 51초    3     70.00
17시 08분 51초    4     71.00
17시 08분 51초    5     39.00

17시 08분 50초  CPU        9/s       11/s       12/s       13/s       18/s       20/s       21/s       22/s       23/s       24/s       25/s       26/s       27/s       28/s       29/s       30/s       31/s       32/s       33/s       34/s       35/s       36/s       37/s       38/s       39/s       40/s       41/s       42/s       43/s       44/s       45/s       46/s       47/s       48/s       49/s       50/s       51/s       52/s       53/s       54/s       55/s       57/s       59/s       61/s       65/s       66/s       67/s       68/s       69/s       70/s       71/s       72/s       73/s       74/s       75/s       76/s       77/s       79/s       80/s       81/s       82/s       83/s       84/s       85/s       86/s       87/s       88/s       89/s       90/s       91/s       92/s       93/s       94/s       95/s       96/s       97/s       98/s      112/s      113/s      114/s      115/s      116/s      117/s      118/s      119/s      120/s      121/s      122/s      123/s      124/s      125/s      126/s      127/s      128/s      129/s      130/s      131/s      132/s      133/s      134/s      135/s      136/s      137/s      138/s      150/s      154/s      162/s      167/s      171/s      224/s      228/s      229/s      230/s      231/s      232/s      233/s      234/s      235/s      236/s      237/s      245/s      246/s      247/s      249/s      250/s      252/s      253/s      262/s      263/s      294/s      296/s      297/s      298/s      299/s      301/s      302/s     IPI0/s     IPI1/s     IPI2/s     IPI3/s     IPI4/s     IPI5/s     IPI6/s      Err/s
17시 08분 51초    0       0.00       0.00       0.00      33.00       0.00       0.00       0.00       0.00       0.00       0.00       0.00       0.00       0.00       0.00       0.00       0.00       0.00       0.00       0.00       0.00       0.00       0.00       0.00       0.00       0.00       0.00       0.00       0.00       0.00       0.00       0.00       0.00       0.00       0.00       0.00       0.00       0.00       0.00       0.00       0.00       0.00       0.00       0.00       0.00       0.00       0.00       0.00       0.00       0.00       0.00       0.00       0.00       0.00       0.00       0.00       0.00       0.00       0.00       0.00       0.00       0.00       0.00       0.00       0.00       0.00       0.00       0.00       0.00       0.00       0.00       0.00       0.00       0.00       0.00       0.00       0.00       0.00       0.00       0.00       0.00       0.00       0.00       0.00       0.00       0.00       0.00       0.00       0.00       0.00       0.00       0.00       0.00       0.00       0.00       0.00       0.00       0.00       0.00       0.00       0.00       0.00       0.00       0.00       0.00       0.00       0.00       0.00       0.00       0.00       0.00       0.00       0.00       0.00       0.00       0.00       0.00       0.00       0.00       0.00       0.00       0.00       0.00       0.00       0.00       0.00       0.00       0.00       0.00       0.00       0.00       0.00       0.00       0.00       0.00      24.00       0.00       1.00       4.00       0.00       0.00       0.00       0.00       0.00       0.00
17시 08분 51초    1       0.00       0.00       0.00      51.00       0.00       0.00       0.00       0.00       0.00       0.00       0.00       0.00       0.00       0.00       0.00       0.00       0.00       0.00       0.00       0.00       0.00       0.00       0.00       0.00       0.00       0.00       0.00       0.00       0.00       0.00       0.00       0.00       0.00       0.00       0.00       0.00       0.00       0.00       0.00       0.00       0.00       0.00       0.00       0.00       0.00       0.00       0.00       0.00       0.00       0.00       0.00       0.00       0.00       0.00       0.00       0.00       0.00       0.00       0.00       0.00       0.00       0.00       0.00       0.00       0.00       0.00       0.00       0.00       0.00       0.00       0.00       0.00       0.00       0.00       0.00       0.00       0.00       0.00       0.00       0.00       0.00       0.00       0.00       0.00       0.00       0.00       0.00       0.00       0.00       0.00       0.00       0.00       0.00       0.00       0.00       0.00       0.00       0.00       0.00       0.00       0.00       0.00       0.00       0.00       0.00       0.00       0.00       0.00       0.00       0.00       0.00       0.00       0.00       0.00       0.00       0.00       0.00       0.00       0.00       0.00       0.00       0.00       0.00       0.00       0.00       0.00       0.00       0.00       0.00       0.00       0.00       0.00       0.00       0.00       0.00       0.00       4.00       0.00       0.00       0.00       0.00       0.00       0.00       0.00
17시 08분 51초    2       0.00       0.00       0.00      34.00       0.00       0.00       0.00       0.00       0.00       0.00       0.00       0.00       0.00       0.00       0.00       0.00       0.00       0.00       0.00       0.00       0.00       0.00       0.00       0.00       0.00       0.00       0.00       0.00       0.00       0.00       0.00       0.00       0.00       0.00       0.00       0.00       0.00       0.00       0.00       0.00       0.00       0.00       0.00       0.00       0.00       0.00       0.00       0.00       0.00       0.00       0.00       0.00       0.00       0.00       0.00       0.00       0.00       0.00       0.00       0.00       0.00       0.00       0.00       0.00       0.00       0.00       0.00       0.00       0.00       0.00       0.00       0.00       0.00       0.00       0.00       0.00       0.00       0.00       0.00       0.00       0.00       0.00       0.00       0.00       0.00       0.00       0.00       0.00       0.00       0.00       0.00       0.00       0.00       0.00       0.00       0.00       0.00       0.00       0.00       0.00       0.00       0.00       0.00       0.00       0.00       0.00       0.00       0.00       0.00       0.00       0.00       0.00       0.00       0.00       0.00       0.00       0.00       0.00       0.00       0.00       0.00       0.00       0.00       0.00       0.00       0.00       0.00       0.00       0.00       0.00       0.00       0.00       0.00       0.00       0.00       0.00       3.00       2.00       0.00       0.00       0.00       0.00       0.00       0.00
17시 08분 51초    3       0.00       0.00       0.00      44.00       0.00       0.00       0.00       0.00       0.00       0.00       0.00       0.00       0.00       0.00       0.00       0.00       0.00       0.00       0.00       0.00       0.00       0.00       0.00       0.00       0.00       0.00       0.00       0.00       0.00       0.00       0.00       0.00       0.00       0.00       0.00       0.00       0.00       0.00       0.00       0.00       0.00       0.00       0.00       0.00       0.00       0.00       0.00       0.00       0.00       0.00       0.00       0.00       0.00       0.00       0.00       0.00       0.00       0.00       0.00       0.00       0.00       0.00       0.00       0.00       0.00       0.00       0.00       0.00       0.00       0.00       0.00       0.00       0.00       0.00       0.00       0.00       0.00       0.00       0.00       0.00       0.00       0.00       0.00       0.00       0.00       0.00       0.00       0.00       0.00       0.00       0.00       0.00       0.00       0.00       0.00       0.00       0.00       0.00       0.00       0.00       0.00       0.00       0.00       0.00       0.00       0.00       0.00       0.00       0.00       0.00       0.00       0.00       0.00       0.00       0.00       0.00       0.00       0.00       0.00       0.00       0.00       0.00       0.00       0.00       0.00       0.00       0.00       0.00       0.00       0.00       0.00       0.00       0.00       0.00       0.00       0.00      13.00       0.00       0.00       0.00       0.00       0.00       0.00       0.00
17시 08분 51초    4       0.00       0.00       0.00      61.00       0.00       0.00       0.00       0.00       0.00       0.00       0.00       0.00       0.00       0.00       0.00       0.00       0.00       0.00       0.00       0.00       0.00       0.00       0.00       0.00       0.00       0.00       0.00       0.00       0.00       0.00       0.00       0.00       0.00       0.00       0.00       0.00       0.00       0.00       0.00       0.00       0.00       0.00       0.00       0.00       0.00       0.00       0.00       0.00       0.00       0.00       0.00       0.00       0.00       0.00       0.00       0.00       0.00       0.00       0.00       0.00       0.00       0.00       0.00       0.00       0.00       0.00       0.00       0.00       0.00       0.00       0.00       0.00       0.00       0.00       0.00       0.00       0.00       0.00       0.00       0.00       0.00       0.00       0.00       0.00       0.00       0.00       0.00       0.00       0.00       0.00       0.00       0.00       0.00       0.00       0.00       0.00       0.00       0.00       0.00       0.00       0.00       0.00       0.00       0.00       0.00       0.00       0.00       0.00       0.00       0.00       0.00       0.00       0.00       0.00       0.00       0.00       0.00       0.00       0.00       0.00       0.00       0.00       0.00       0.00       0.00       0.00       0.00       0.00       0.00       0.00       0.00       0.00       0.00       0.00       0.00       0.00       4.00       0.00       0.00       0.00       0.00       0.00       0.00       0.00
17시 08분 51초    5       0.00       0.00       0.00      19.00       0.00       0.00       0.00       0.00       0.00       0.00       0.00       0.00       0.00       0.00       0.00       0.00       0.00       0.00       0.00       0.00       0.00       0.00       0.00       0.00       0.00       0.00       0.00       0.00       0.00       0.00       0.00       0.00       0.00       0.00       0.00       0.00       0.00       0.00       0.00       0.00       0.00       0.00       0.00       0.00       0.00       0.00       0.00       0.00       0.00       0.00       0.00       0.00       0.00       0.00       0.00       0.00       0.00       0.00       0.00       0.00       0.00       0.00       0.00       0.00       0.00       0.00       0.00       0.00       0.00       0.00       0.00       0.00       0.00       0.00       0.00       0.00       0.00       0.00       0.00       0.00       0.00       0.00       0.00       0.00       0.00       0.00       0.00       0.00       0.00       0.00       0.00       0.00       0.00       0.00       0.00       0.00       0.00       0.00       0.00       0.00       0.00       0.00       0.00       0.00       0.00       0.00       0.00       0.00       0.00       0.00       0.00       0.00       0.00       0.00       0.00       0.00       0.00       0.00       0.00       0.00       0.00       0.00       0.00       0.00       0.00       0.00       0.00       0.00       0.00       0.00       0.00       0.00       0.00       0.00       0.00       0.00       0.00       0.00       0.00       0.00       0.00       0.00       0.00       0.00

17시 08분 50초  CPU       HI/s    TIMER/s   NET_TX/s   NET_RX/s    BLOCK/s IRQ_POLL/s  TASKLET/s    SCHED/s  HRTIMER/s      RCU/s
17시 08분 51초    0       0.00       8.00       0.00      22.00       0.00       0.00       0.00      17.00       0.00      18.00
17시 08분 51초    1       0.00      27.00       0.00       0.00       0.00       0.00       0.00      31.00       0.00      21.00
17시 08분 51초    2       0.00      18.00       0.00       0.00       0.00       0.00       0.00      21.00       0.00      12.00
17시 08분 51초    3       0.00      22.00       0.00       0.00       0.00       0.00       0.00      22.00       0.00      26.00
17시 08분 51초    4       0.00       8.00       0.00       0.00       0.00       0.00       0.00      25.00       0.00      38.00
17시 08분 51초    5       0.00      11.00       0.00       0.00       0.00       0.00       0.00      13.00       0.00      15.00

17시 08분 51초  CPU    %usr   %nice    %sys %iowait    %irq   %soft  %steal  %guest  %gnice   %idle
17시 08분 52초  all    0.66    0.00    1.66    0.00    0.17    0.33    0.00    0.00    0.00   97.18
17시 08분 52초    0    1.00    0.00    2.00    0.00    0.00    0.00    0.00    0.00    0.00   97.00
17시 08분 52초    1    0.00    0.00    1.00    0.00    0.00    0.00    0.00    0.00    0.00   99.00
17시 08분 52초    2    0.00    0.00    1.00    0.00    0.00    0.00    0.00    0.00    0.00   99.00
17시 08분 52초    3    0.99    0.00    0.99    0.00    0.99    0.99    0.00    0.00    0.00   96.04
17시 08분 52초    4    1.96    0.00    4.90    0.00    0.00    0.98    0.00    0.00    0.00   92.16
17시 08분 52초    5    0.00    0.00    0.00    0.00    0.00    0.00    0.00    0.00    0.00  100.00

17시 08분 51초  CPU    intr/s
17시 08분 52초  all    354.00
17시 08분 52초    0     42.00
17시 08분 52초    1     66.00
17시 08분 52초    2     91.00
17시 08분 52초    3     82.00
17시 08분 52초    4     79.00
17시 08분 52초    5     42.00

17시 08분 51초  CPU        9/s       11/s       12/s       13/s       18/s       20/s       21/s       22/s       23/s       24/s       25/s       26/s       27/s       28/s       29/s       30/s       31/s       32/s       33/s       34/s       35/s       36/s       37/s       38/s       39/s       40/s       41/s       42/s       43/s       44/s       45/s       46/s       47/s       48/s       49/s       50/s       51/s       52/s       53/s       54/s       55/s       57/s       59/s       61/s       65/s       66/s       67/s       68/s       69/s       70/s       71/s       72/s       73/s       74/s       75/s       76/s       77/s       79/s       80/s       81/s       82/s       83/s       84/s       85/s       86/s       87/s       88/s       89/s       90/s       91/s       92/s       93/s       94/s       95/s       96/s       97/s       98/s      112/s      113/s      114/s      115/s      116/s      117/s      118/s      119/s      120/s      121/s      122/s      123/s      124/s      125/s      126/s      127/s      128/s      129/s      130/s      131/s      132/s      133/s      134/s      135/s      136/s      137/s      138/s      150/s      154/s      162/s      167/s      171/s      224/s      228/s      229/s      230/s      231/s      232/s      233/s      234/s      235/s      236/s      237/s      245/s      246/s      247/s      249/s      250/s      252/s      253/s      262/s      263/s      294/s      296/s      297/s      298/s      299/s      301/s      302/s     IPI0/s     IPI1/s     IPI2/s     IPI3/s     IPI4/s     IPI5/s     IPI6/s      Err/s
17시 08분 52초    0       0.00       0.00       0.00      28.00       0.00       0.00       0.00       0.00       0.00       0.00       0.00       0.00       0.00       0.00       0.00       0.00       0.00       0.00       0.00       0.00       0.00       0.00       0.00       0.00       0.00       0.00       0.00       0.00       0.00       0.00       0.00       0.00       0.00       0.00       0.00       0.00       0.00       0.00       0.00       0.00       0.00       0.00       0.00       0.00       0.00       0.00       0.00       0.00       0.00       0.00       0.00       0.00       0.00       0.00       0.00       0.00       0.00       0.00       0.00       0.00       0.00       0.00       0.00       0.00       0.00       0.00       0.00       0.00       0.00       0.00       0.00       0.00       0.00       0.00       0.00       0.00       0.00       0.00       0.00       0.00       0.00       0.00       0.00       0.00       0.00       0.00       0.00       0.00       0.00       0.00       0.00       0.00       0.00       0.00       0.00       0.00       0.00       0.00       0.00       0.00       0.00       0.00       0.00       0.00       0.00       5.00       0.00       0.00       0.00       0.00       0.00       0.00       0.00       0.00       0.00       0.00       0.00       0.00       0.00       0.00       0.00       0.00       0.00       0.00       0.00       0.00       0.00       0.00       0.00       0.00       0.00       0.00       0.00       0.00      12.00       0.00       1.00       4.00       0.00       0.00       0.00       0.00       0.00       0.00
17시 08분 52초    1       0.00       0.00       0.00      44.00       0.00       0.00       0.00       0.00       0.00       0.00       0.00       0.00       0.00       0.00       0.00       0.00       0.00       0.00       0.00       0.00       0.00       0.00       0.00       0.00       0.00       0.00       0.00       0.00       0.00       0.00       0.00       0.00       0.00       0.00       0.00       0.00       0.00       0.00       0.00       0.00       0.00       0.00       0.00       0.00       0.00       0.00       0.00       0.00       0.00       0.00       0.00       0.00       0.00       0.00       0.00       0.00       0.00       0.00       0.00       0.00       0.00       0.00       0.00       0.00       0.00       0.00       0.00       0.00       0.00       0.00       0.00       0.00       0.00       0.00       0.00       0.00       0.00       0.00       0.00       0.00       0.00       0.00       0.00       0.00       0.00       0.00       0.00       0.00       0.00       0.00       0.00       0.00       0.00       0.00       0.00       0.00       0.00       0.00       0.00       0.00       0.00       0.00       0.00       0.00       0.00       0.00       0.00       0.00       0.00       0.00       0.00       0.00       0.00       0.00       0.00       0.00       0.00       0.00       0.00       0.00       0.00       0.00       0.00       0.00       0.00       0.00       0.00       0.00       0.00       0.00       0.00       0.00       0.00       0.00       0.00       0.00       1.00       0.00       0.00       0.00       0.00       0.00       0.00       0.00
17시 08분 52초    2       0.00       0.00       0.00      66.00       0.00       0.00       0.00       0.00       0.00       0.00       0.00       0.00       0.00       0.00       0.00       0.00       0.00       0.00       0.00       0.00       0.00       0.00       0.00       0.00       0.00       0.00       0.00       0.00       0.00       0.00       0.00       0.00       0.00       0.00       0.00       0.00       0.00       0.00       0.00       0.00       0.00       0.00       0.00       0.00       0.00       0.00       0.00       0.00       0.00       0.00       0.00       0.00       0.00       0.00       0.00       0.00       0.00       0.00       0.00       0.00       0.00       0.00       0.00       0.00       0.00       0.00       0.00       0.00       0.00       0.00       0.00       0.00       0.00       0.00       0.00       0.00       0.00       0.00       0.00       0.00       0.00       0.00       0.00       0.00       0.00       0.00       0.00       0.00       0.00       0.00       0.00       0.00       0.00       0.00       0.00       0.00       0.00       0.00       0.00       0.00       0.00       0.00       0.00       0.00       0.00       0.00       0.00       0.00       0.00       0.00       0.00       0.00       0.00       0.00       0.00       0.00       0.00       0.00       0.00       0.00       0.00       0.00       0.00       0.00       0.00       0.00       0.00       0.00       0.00       0.00       0.00       0.00       0.00       0.00       0.00       0.00       7.00       2.00       0.00       0.00       0.00       0.00       0.00       0.00
17시 08분 52초    3       0.00       0.00       0.00      67.00       0.00       0.00       0.00       0.00       0.00       0.00       0.00       0.00       0.00       0.00       0.00       0.00       0.00       0.00       0.00       0.00       0.00       0.00       0.00       0.00       0.00       0.00       0.00       0.00       0.00       0.00       0.00       0.00       0.00       0.00       0.00       0.00       0.00       0.00       0.00       0.00       0.00       0.00       0.00       0.00       0.00       0.00       0.00       0.00       0.00       0.00       0.00       0.00       0.00       0.00       0.00       0.00       0.00       0.00       0.00       0.00       0.00       0.00       0.00       0.00       0.00       0.00       0.00       0.00       0.00       0.00       0.00       0.00       0.00       0.00       0.00       0.00       0.00       0.00       0.00       0.00       0.00       0.00       0.00       0.00       0.00       0.00       0.00       0.00       0.00       0.00       0.00       0.00       0.00       0.00       0.00       0.00       0.00       0.00       0.00       0.00       0.00       0.00       0.00       0.00       0.00       0.00       0.00       0.00       0.00       0.00       0.00       0.00       0.00       0.00       0.00       0.00       0.00       0.00       0.00       0.00       0.00       0.00       0.00       0.00       0.00       0.00       0.00       0.00       0.00       0.00       0.00       0.00       0.00       0.00       0.00       0.00      17.00       0.00       0.00       0.00       0.00       0.00       0.00       0.00
17시 08분 52초    4       0.00       0.00       0.00      62.00       0.00       0.00       0.00       0.00       0.00       0.00       0.00       0.00       0.00       0.00       0.00       0.00       0.00       0.00       0.00       0.00       0.00       0.00       0.00       0.00       0.00       0.00       0.00       0.00       0.00       0.00       0.00       0.00       0.00       0.00       0.00       0.00       0.00       0.00       0.00       0.00       0.00       0.00       0.00       0.00       0.00       0.00       0.00       0.00       0.00       0.00       0.00       0.00       0.00       0.00       0.00       0.00       0.00       0.00       0.00       0.00       0.00       0.00       0.00       0.00       0.00       0.00       0.00       0.00       0.00       0.00       0.00       0.00       0.00       0.00       0.00       0.00       0.00       0.00       0.00       0.00       0.00       0.00       0.00       0.00       0.00       0.00       0.00       0.00       0.00       0.00       0.00       0.00       0.00       0.00       0.00       0.00       0.00       0.00       0.00       0.00       0.00       0.00       0.00       0.00       0.00       0.00       0.00       0.00       0.00       0.00       0.00       0.00       0.00       0.00       0.00       0.00       0.00       0.00       0.00       0.00       0.00       0.00       0.00       0.00       0.00       0.00       0.00       0.00       0.00       0.00       0.00       0.00       0.00       0.00       0.00       0.00       7.00       0.00       0.00       0.00       0.00       0.00       0.00       0.00
17시 08분 52초    5       0.00       0.00       0.00      28.00       0.00       0.00       0.00       0.00       0.00       0.00       0.00       0.00       0.00       0.00       0.00       0.00       0.00       0.00       0.00       0.00       0.00       0.00       0.00       0.00       0.00       0.00       0.00       0.00       0.00       0.00       0.00       0.00       0.00       0.00       0.00       0.00       0.00       0.00       0.00       0.00       0.00       0.00       0.00       0.00       0.00       0.00       0.00       0.00       0.00       0.00       0.00       0.00       0.00       0.00       0.00       0.00       0.00       0.00       0.00       0.00       0.00       0.00       0.00       0.00       0.00       0.00       0.00       0.00       0.00       0.00       0.00       0.00       0.00       0.00       0.00       0.00       0.00       0.00       0.00       0.00       0.00       0.00       0.00       0.00       0.00       0.00       0.00       0.00       0.00       0.00       0.00       0.00       0.00       0.00       0.00       0.00       0.00       0.00       0.00       0.00       0.00       0.00       0.00       0.00       0.00       0.00       0.00       0.00       0.00       0.00       0.00       0.00       0.00       0.00       0.00       0.00       0.00       0.00       0.00       0.00       0.00       0.00       0.00       0.00       0.00       0.00       0.00       0.00       0.00       0.00       0.00       0.00       0.00       0.00       0.00       0.00       3.00       0.00       0.00       0.00       0.00       0.00       0.00       0.00

17시 08분 51초  CPU       HI/s    TIMER/s   NET_TX/s   NET_RX/s    BLOCK/s IRQ_POLL/s  TASKLET/s    SCHED/s  HRTIMER/s      RCU/s
17시 08분 52초    0       0.00       3.00       0.00      11.00       0.00       0.00       0.00      14.00       0.00      14.00
17시 08분 52초    1       0.00      18.00       0.00       0.00       0.00       0.00       0.00      26.00       0.00      22.00
17시 08분 52초    2       0.00      28.00       0.00       0.00       0.00       0.00       0.00      34.00       0.00      29.00
17시 08분 52초    3       0.00      27.00       0.00       0.00       0.00       0.00       0.00      29.00       0.00      26.00
17시 08분 52초    4       0.00      13.00       0.00       0.00       0.00       0.00       0.00      26.00       0.00      40.00
17시 08분 52초    5       0.00      11.00       0.00       0.00       0.00       0.00       0.00      16.00       0.00      15.00

17시 08분 52초  CPU    %usr   %nice    %sys %iowait    %irq   %soft  %steal  %guest  %gnice   %idle
17시 08분 53초  all    0.50    0.00    2.17    0.00    0.00    0.00    0.00    0.00    0.00   97.33
17시 08분 53초    0    1.00    0.00    2.00    0.00    0.00    0.00    0.00    0.00    0.00   97.00
17시 08분 53초    1    0.00    0.00    1.00    0.00    0.00    0.00    0.00    0.00    0.00   99.00
17시 08분 53초    2    0.00    0.00    1.00    0.00    0.00    0.00    0.00    0.00    0.00   99.00
17시 08분 53초    3    0.00    0.00    3.00    0.00    0.00    0.00    0.00    0.00    0.00   97.00
17시 08분 53초    4    2.00    0.00    5.00    0.00    0.00    0.00    0.00    0.00    0.00   93.00
17시 08분 53초    5    0.00    0.00    1.00    0.00    0.00    0.00    0.00    0.00    0.00   99.00

17시 08분 52초  CPU    intr/s
17시 08분 53초  all    319.00
17시 08분 53초    0     78.00
17시 08분 53초    1     60.00
17시 08분 53초    2     55.00
17시 08분 53초    3     92.00
17시 08분 53초    4     75.00
17시 08분 53초    5     24.00

17시 08분 52초  CPU        9/s       11/s       12/s       13/s       18/s       20/s       21/s       22/s       23/s       24/s       25/s       26/s       27/s       28/s       29/s       30/s       31/s       32/s       33/s       34/s       35/s       36/s       37/s       38/s       39/s       40/s       41/s       42/s       43/s       44/s       45/s       46/s       47/s       48/s       49/s       50/s       51/s       52/s       53/s       54/s       55/s       57/s       59/s       61/s       65/s       66/s       67/s       68/s       69/s       70/s       71/s       72/s       73/s       74/s       75/s       76/s       77/s       79/s       80/s       81/s       82/s       83/s       84/s       85/s       86/s       87/s       88/s       89/s       90/s       91/s       92/s       93/s       94/s       95/s       96/s       97/s       98/s      112/s      113/s      114/s      115/s      116/s      117/s      118/s      119/s      120/s      121/s      122/s      123/s      124/s      125/s      126/s      127/s      128/s      129/s      130/s      131/s      132/s      133/s      134/s      135/s      136/s      137/s      138/s      150/s      154/s      162/s      167/s      171/s      224/s      228/s      229/s      230/s      231/s      232/s      233/s      234/s      235/s      236/s      237/s      245/s      246/s      247/s      249/s      250/s      252/s      253/s      262/s      263/s      294/s      296/s      297/s      298/s      299/s      301/s      302/s     IPI0/s     IPI1/s     IPI2/s     IPI3/s     IPI4/s     IPI5/s     IPI6/s      Err/s
17시 08분 53초    0       0.00       0.00       0.00      54.00       0.00       0.00       0.00       0.00       0.00       0.00       0.00       0.00       0.00       0.00       0.00       0.00       0.00       0.00       0.00       0.00       0.00       0.00       0.00       0.00       0.00       0.00       0.00       0.00       0.00       0.00       0.00       0.00       0.00       0.00       0.00       0.00       0.00       0.00       0.00       0.00       0.00       0.00       0.00       0.00       0.00       0.00       0.00       0.00       0.00       0.00       0.00       0.00       0.00       0.00       0.00       0.00       0.00       0.00       0.00       0.00       0.00       0.00       0.00       0.00       0.00       0.00       0.00       0.00       0.00       0.00       0.00       0.00       0.00       0.00       0.00       0.00       0.00       0.00       0.00       0.00       0.00       0.00       0.00       0.00       0.00       0.00       0.00       0.00       0.00       0.00       0.00       0.00       0.00       0.00       0.00       0.00       0.00       0.00       0.00       0.00       0.00       0.00       0.00       0.00       0.00       0.00       0.00       0.00       0.00       0.00       0.00       0.00       0.00       0.00       0.00       0.00       0.00       0.00       0.00       0.00       0.00       0.00       0.00       0.00       0.00       0.00       0.00       0.00       0.00       0.00       0.00       0.00       0.00       0.00      24.00       0.00       2.00       6.00       0.00       0.00       0.00       0.00       0.00       0.00
17시 08분 53초    1       0.00       0.00       0.00      33.00       0.00       0.00       0.00       0.00       0.00       0.00       0.00       0.00       0.00       0.00       0.00       0.00       0.00       0.00       0.00       0.00       0.00       0.00       0.00       0.00       0.00       0.00       0.00       0.00       0.00       0.00       0.00       0.00       0.00       0.00       0.00       0.00       0.00       0.00       0.00       0.00       0.00       0.00       0.00       0.00       0.00       0.00       0.00       0.00       0.00       0.00       0.00       0.00       0.00       0.00       0.00       0.00       0.00       0.00       0.00       0.00       0.00       0.00       0.00       0.00       0.00       0.00       0.00       0.00       0.00       0.00       0.00       0.00       0.00       0.00       0.00       0.00       0.00       0.00       0.00       0.00       0.00       0.00       0.00       0.00       0.00       0.00       0.00       0.00       0.00       0.00       0.00       0.00       0.00       0.00       0.00       0.00       0.00       0.00       0.00       0.00       0.00       0.00       0.00       0.00       0.00       0.00       0.00       0.00       0.00       0.00       0.00       0.00       0.00       0.00       0.00       0.00       0.00       0.00       0.00       0.00       0.00       0.00       0.00       0.00       0.00       0.00       0.00       0.00       0.00       0.00       0.00       0.00       0.00       0.00       0.00       0.00       0.00       0.00       0.00       0.00       0.00       0.00       0.00       0.00
17시 08분 53초    2       0.00       0.00       0.00      34.00       0.00       0.00       0.00       0.00       0.00       0.00       0.00       0.00       0.00       0.00       0.00       0.00       0.00       0.00       0.00       0.00       0.00       0.00       0.00       0.00       0.00       0.00       0.00       0.00       0.00       0.00       0.00       0.00       0.00       0.00       0.00       0.00       0.00       0.00       0.00       0.00       0.00       0.00       0.00       0.00       0.00       0.00       0.00       0.00       0.00       0.00       0.00       0.00       0.00       0.00       0.00       0.00       0.00       0.00       0.00       0.00       0.00       0.00       0.00       0.00       0.00       0.00       0.00       0.00       0.00       0.00       0.00       0.00       0.00       0.00       0.00       0.00       0.00       0.00       0.00       0.00       0.00       0.00       0.00       0.00       0.00       0.00       0.00       0.00       0.00       0.00       0.00       0.00       0.00       0.00       0.00       0.00       0.00       0.00       0.00       0.00       0.00       0.00       0.00       0.00       0.00       0.00       0.00       0.00       0.00       0.00       0.00       0.00       0.00       0.00       0.00       0.00       0.00       0.00       0.00       0.00       0.00       0.00       0.00       0.00       0.00       0.00       0.00       0.00       0.00       0.00       0.00       0.00       0.00       0.00       0.00       0.00       3.00       2.00       0.00       0.00       0.00       0.00       0.00       0.00
17시 08분 53초    3       0.00       0.00       0.00      66.00       0.00       0.00       0.00       0.00       0.00       0.00       0.00       0.00       0.00       0.00       0.00       0.00       0.00       0.00       0.00       0.00       0.00       0.00       0.00       0.00       0.00       0.00       0.00       0.00       0.00       0.00       0.00       0.00       0.00       0.00       0.00       0.00       0.00       0.00       0.00       0.00       0.00       0.00       0.00       0.00       0.00       0.00       0.00       0.00       0.00       0.00       0.00       0.00       0.00       0.00       0.00       0.00       0.00       0.00       0.00       0.00       0.00       0.00       0.00       0.00       0.00       0.00       0.00       0.00       0.00       0.00       0.00       0.00       0.00       0.00       0.00       0.00       0.00       0.00       0.00       0.00       0.00       0.00       0.00       0.00       0.00       0.00       0.00       0.00       0.00       0.00       0.00       0.00       0.00       0.00       0.00       0.00       0.00       0.00       0.00       0.00       0.00       0.00       0.00       0.00       0.00       0.00       0.00       0.00       0.00       0.00       0.00       0.00       0.00       0.00       0.00       0.00       0.00       0.00       0.00       0.00       0.00       0.00       0.00       0.00       0.00       0.00       0.00       0.00       0.00       0.00       0.00       0.00       0.00       0.00       0.00       0.00      12.00       0.00       0.00       0.00       0.00       0.00       0.00       0.00
17시 08분 53초    4       0.00       0.00       0.00      60.00       0.00       0.00       0.00       0.00       0.00       0.00       0.00       0.00       0.00       0.00       0.00       0.00       0.00       0.00       0.00       0.00       0.00       0.00       0.00       0.00       0.00       0.00       0.00       0.00       0.00       0.00       0.00       0.00       0.00       0.00       0.00       0.00       0.00       0.00       0.00       0.00       0.00       0.00       0.00       0.00       0.00       0.00       0.00       0.00       0.00       0.00       0.00       0.00       0.00       0.00       0.00       0.00       0.00       0.00       0.00       0.00       0.00       0.00       0.00       0.00       0.00       0.00       0.00       0.00       0.00       0.00       0.00       0.00       0.00       0.00       0.00       0.00       0.00       0.00       0.00       0.00       0.00       0.00       0.00       0.00       0.00       0.00       0.00       0.00       0.00       0.00       0.00       0.00       0.00       0.00       0.00       0.00       0.00       0.00       0.00       0.00       0.00       0.00       0.00       0.00       0.00       0.00       0.00       0.00       0.00       0.00       0.00       0.00       0.00       0.00       0.00       0.00       0.00       0.00       0.00       0.00       0.00       0.00       0.00       0.00       0.00       0.00       0.00       0.00       0.00       0.00       0.00       0.00       0.00       0.00       0.00       0.00       8.00       0.00       0.00       0.00       0.00       0.00       0.00       0.00
17시 08분 53초    5       0.00       0.00       0.00      15.00       0.00       0.00       0.00       0.00       0.00       0.00       0.00       0.00       0.00       0.00       0.00       0.00       0.00       0.00       0.00       0.00       0.00       0.00       0.00       0.00       0.00       0.00       0.00       0.00       0.00       0.00       0.00       0.00       0.00       0.00       0.00       0.00       0.00       0.00       0.00       0.00       0.00       0.00       0.00       0.00       0.00       0.00       0.00       0.00       0.00       0.00       0.00       0.00       0.00       0.00       0.00       0.00       0.00       0.00       0.00       0.00       0.00       0.00       0.00       0.00       0.00       0.00       0.00       0.00       0.00       0.00       0.00       0.00       0.00       0.00       0.00       0.00       0.00       0.00       0.00       0.00       0.00       0.00       0.00       0.00       0.00       0.00       0.00       0.00       0.00       0.00       0.00       0.00       0.00       0.00       0.00       0.00       0.00       0.00       0.00       0.00       0.00       0.00       0.00       0.00       0.00       0.00       0.00       0.00       0.00       0.00       0.00       0.00       0.00       0.00       0.00       0.00       0.00       0.00       0.00       0.00       0.00       0.00       0.00       0.00       0.00       0.00       0.00       0.00       0.00       0.00       0.00       0.00       0.00       0.00       0.00       0.00       0.00       0.00       0.00       0.00       0.00       0.00       0.00       0.00

17시 08분 52초  CPU       HI/s    TIMER/s   NET_TX/s   NET_RX/s    BLOCK/s IRQ_POLL/s  TASKLET/s    SCHED/s  HRTIMER/s      RCU/s
17시 08분 53초    0       0.00       8.00       0.00      22.00       0.00       0.00       0.00      26.00       0.00      22.00
17시 08분 53초    1       0.00      18.00       0.00       0.00       0.00       0.00       0.00      22.00       0.00      20.00
17시 08분 53초    2       0.00      20.00       0.00       0.00       0.00       0.00       0.00      22.00       0.00      13.00
17시 08분 53초    3       0.00      35.00       0.00       0.00       0.00       0.00       0.00      31.00       0.00      26.00
17시 08분 53초    4       0.00       9.00       0.00       0.00       0.00       0.00       0.00      25.00       0.00      41.00
17시 08분 53초    5       0.00       7.00       0.00       0.00       0.00       0.00       0.00       7.00       0.00      10.00

17시 08분 53초  CPU    %usr   %nice    %sys %iowait    %irq   %soft  %steal  %guest  %gnice   %idle
17시 08분 54초  all    0.67    0.00    1.66    0.00    0.33    0.00    0.00    0.00    0.00   97.34
17시 08분 54초    0    2.00    0.00    1.00    0.00    1.00    0.00    0.00    0.00    0.00   96.00
17시 08분 54초    1    0.00    0.00    0.00    0.00    1.00    0.00    0.00    0.00    0.00   99.00
17시 08분 54초    2    1.00    0.00    0.00    0.00    0.00    0.00    0.00    0.00    0.00   99.00
17시 08분 54초    3    0.00    0.00    2.00    0.00    0.00    0.00    0.00    0.00    0.00   98.00
17시 08분 54초    4    0.99    0.00    5.94    0.00    0.00    0.00    0.00    0.00    0.00   93.07
17시 08분 54초    5    0.00    0.00    1.00    0.00    0.00    0.00    0.00    0.00    0.00   99.00

17시 08분 53초  CPU    intr/s
17시 08분 54초  all    471.00
17시 08분 54초    0     69.00
17시 08분 54초    1     57.00
17시 08분 54초    2     41.00
17시 08분 54초    3     55.00
17시 08분 54초    4     91.00
17시 08분 54초    5     69.00

17시 08분 53초  CPU        9/s       11/s       12/s       13/s       18/s       20/s       21/s       22/s       23/s       24/s       25/s       26/s       27/s       28/s       29/s       30/s       31/s       32/s       33/s       34/s       35/s       36/s       37/s       38/s       39/s       40/s       41/s       42/s       43/s       44/s       45/s       46/s       47/s       48/s       49/s       50/s       51/s       52/s       53/s       54/s       55/s       57/s       59/s       61/s       65/s       66/s       67/s       68/s       69/s       70/s       71/s       72/s       73/s       74/s       75/s       76/s       77/s       79/s       80/s       81/s       82/s       83/s       84/s       85/s       86/s       87/s       88/s       89/s       90/s       91/s       92/s       93/s       94/s       95/s       96/s       97/s       98/s      112/s      113/s      114/s      115/s      116/s      117/s      118/s      119/s      120/s      121/s      122/s      123/s      124/s      125/s      126/s      127/s      128/s      129/s      130/s      131/s      132/s      133/s      134/s      135/s      136/s      137/s      138/s      150/s      154/s      162/s      167/s      171/s      224/s      228/s      229/s      230/s      231/s      232/s      233/s      234/s      235/s      236/s      237/s      245/s      246/s      247/s      249/s      250/s      252/s      253/s      262/s      263/s      294/s      296/s      297/s      298/s      299/s      301/s      302/s     IPI0/s     IPI1/s     IPI2/s     IPI3/s     IPI4/s     IPI5/s     IPI6/s      Err/s
17시 08분 54초    0       0.00       0.00       0.00      46.00       0.00       0.00       0.00       0.00       0.00       0.00       0.00       0.00       0.00       0.00       0.00       0.00       0.00       0.00       0.00       0.00       0.00       0.00       0.00       0.00       0.00       0.00       0.00       0.00       0.00       0.00       0.00       0.00       0.00       0.00       0.00       0.00       0.00       0.00       0.00       0.00       0.00       0.00       0.00       0.00       0.00       0.00       0.00       0.00       0.00       0.00       0.00       0.00       0.00       0.00       0.00       0.00       0.00       0.00       0.00       0.00       0.00       0.00       0.00       0.00       0.00       0.00       0.00       0.00       0.00       0.00       0.00       0.00       0.00       0.00       0.00       0.00       0.00      66.00       0.00       0.00       0.00       0.00       0.00       0.00       0.00       0.00       0.00       0.00       0.00       0.00       0.00       0.00       0.00       0.00       0.00       0.00       0.00       0.00       0.00       0.00       0.00       0.00       0.00       0.00       0.00      10.00       0.00       0.00       0.00       0.00       0.00       0.00       0.00       0.00       0.00       0.00       0.00       0.00       0.00       0.00       0.00       0.00       0.00       0.00       0.00       0.00       0.00       0.00       0.00       0.00       0.00       0.00       0.00       0.00      12.00       0.00       1.00       5.00       0.00       0.00       0.00       0.00       0.00       0.00
17시 08분 54초    1       0.00       0.00       0.00      30.00       0.00       0.00       0.00       0.00       0.00       0.00       0.00       0.00       0.00       0.00       0.00       0.00       0.00       0.00       0.00       0.00       0.00       0.00       0.00       0.00       0.00       0.00       0.00       0.00       0.00       0.00       0.00       0.00       0.00       0.00       0.00       0.00       0.00       0.00       0.00       0.00       0.00       0.00       0.00       0.00       0.00       0.00       0.00       0.00       0.00       0.00       0.00       0.00       0.00       0.00       0.00       0.00       0.00       0.00       0.00       0.00       0.00       0.00       0.00       0.00       0.00       0.00       0.00       0.00       0.00       0.00       0.00       0.00       0.00       0.00       0.00       0.00       0.00       0.00       0.00       0.00       0.00       0.00       0.00       0.00       0.00       0.00       0.00       0.00       0.00       0.00       0.00       0.00       0.00       0.00       0.00       0.00       0.00       0.00       0.00       0.00       0.00       0.00       0.00       0.00       0.00       0.00       0.00       0.00       0.00       0.00       0.00       0.00       0.00       0.00       0.00       0.00       0.00       0.00       0.00       0.00       0.00       0.00       0.00       0.00       0.00       0.00       0.00       0.00       0.00       0.00       0.00       0.00       0.00       0.00       0.00       0.00       1.00       0.00       0.00       0.00       0.00       0.00       0.00       0.00
17시 08분 54초    2       0.00       0.00       0.00      31.00       0.00       0.00       0.00       0.00       0.00       0.00       0.00       0.00       0.00       0.00       0.00       0.00       0.00       0.00       0.00       0.00       0.00       0.00       0.00       0.00       0.00       0.00       0.00       0.00       0.00       0.00       0.00       0.00       0.00       0.00       0.00       0.00       0.00       0.00       0.00       0.00       0.00       0.00       0.00       0.00       0.00       0.00       0.00       0.00       0.00       0.00       0.00       0.00       0.00       0.00       0.00       0.00       0.00       0.00       0.00       0.00       0.00       0.00       0.00       0.00       0.00       0.00       0.00       0.00       0.00       0.00       0.00       0.00       0.00       0.00       0.00       0.00       0.00       0.00       0.00       0.00       0.00       0.00       0.00       0.00       0.00       0.00       0.00       0.00       0.00       0.00       0.00       0.00       0.00       0.00       0.00       0.00       0.00       0.00       0.00       0.00       0.00       0.00       0.00       0.00       0.00       0.00       0.00       0.00       0.00       0.00       0.00       0.00       0.00       0.00       0.00       0.00       0.00       0.00       0.00       0.00       0.00       0.00       0.00       0.00       0.00       0.00       0.00       0.00       0.00       0.00       0.00       0.00       0.00       0.00       0.00       0.00       6.00       3.00       0.00       0.00       0.00       0.00       0.00       0.00
17시 08분 54초    3       0.00       0.00       0.00      48.00       0.00       0.00       0.00       0.00       0.00       0.00       0.00       0.00       0.00       0.00       0.00       0.00       0.00       0.00       0.00       0.00       0.00       0.00       0.00       0.00       0.00       0.00       0.00       0.00       0.00       0.00       0.00       0.00       0.00       0.00       0.00       0.00       0.00       0.00       0.00       0.00       0.00       0.00       0.00       0.00       0.00       0.00       0.00       0.00       0.00       0.00       0.00       0.00       0.00       0.00       0.00       0.00       0.00       0.00       0.00       0.00       0.00       0.00       0.00       0.00       0.00       0.00       0.00       0.00       0.00       0.00       0.00       0.00       0.00       0.00       0.00       0.00       0.00       0.00       0.00       0.00       0.00       0.00       0.00       0.00       0.00       0.00       0.00       0.00       0.00       0.00       0.00       0.00       0.00       0.00       0.00       0.00       0.00       0.00       0.00       0.00       0.00       0.00       0.00       0.00       0.00       0.00       0.00       0.00       0.00       0.00       0.00       0.00       0.00       0.00       0.00       0.00       0.00       0.00       0.00       0.00       0.00       0.00       0.00       0.00       0.00       0.00       0.00       0.00       0.00       0.00       0.00       0.00       0.00       0.00       0.00       0.00      11.00       0.00       0.00       0.00       0.00       0.00       0.00       0.00
17시 08분 54초    4       0.00       0.00       0.00      74.00       0.00       0.00       0.00       0.00       0.00       0.00       0.00       0.00       0.00       0.00       0.00       0.00       0.00       0.00       0.00       0.00       0.00       0.00       0.00       0.00       0.00       0.00       0.00       0.00       0.00       0.00       0.00       0.00       0.00       0.00       0.00       0.00       0.00       0.00       0.00       0.00       0.00       0.00       0.00       0.00       0.00       0.00       0.00       0.00       0.00       0.00       0.00       0.00       0.00       0.00       0.00       0.00       0.00       0.00       0.00       0.00       0.00       0.00       0.00       0.00       0.00       0.00       0.00       0.00       0.00       0.00       0.00       0.00       0.00       0.00       0.00       0.00       0.00       0.00       0.00       0.00       0.00       0.00       0.00       0.00       0.00       0.00       0.00       0.00       0.00       0.00       0.00       0.00       0.00       0.00       0.00       0.00       0.00       0.00       0.00       0.00       0.00       0.00       0.00       0.00       0.00       0.00       0.00       0.00       0.00       0.00       0.00       0.00       0.00       0.00       0.00       0.00       0.00       0.00       0.00       0.00       0.00       0.00       0.00       0.00       0.00       0.00       0.00       0.00       0.00       0.00       0.00       0.00       0.00       0.00       0.00       0.00       4.00       0.00       0.00       0.00       0.00       0.00       0.00       0.00
17시 08분 54초    5       0.00       0.00       0.00      46.00       0.00       0.00       0.00       0.00       0.00       0.00       0.00       0.00       0.00       0.00       0.00       0.00       0.00       0.00       0.00       0.00       0.00       0.00       0.00       0.00       0.00       0.00       0.00       0.00       0.00       0.00       0.00       0.00       0.00       0.00       0.00       0.00       0.00       0.00       0.00       0.00       0.00       0.00       0.00       0.00       0.00       0.00       0.00       0.00       0.00       0.00       0.00       0.00       0.00       0.00       0.00       0.00       0.00       0.00       0.00       0.00       0.00       0.00       0.00       0.00       0.00       0.00       0.00       0.00       0.00       0.00       0.00       0.00       0.00       0.00       0.00       0.00       0.00       0.00       0.00       0.00       0.00       0.00       0.00       0.00       0.00       0.00       0.00       0.00       0.00       0.00       0.00       0.00       0.00       0.00       0.00       0.00       0.00       0.00       0.00       0.00       0.00       0.00       0.00       0.00       0.00       0.00       0.00       0.00       0.00       0.00       0.00       0.00       0.00       0.00       0.00       0.00       0.00       0.00       0.00       0.00       0.00       0.00       0.00       0.00       0.00       0.00       0.00       0.00       0.00       0.00       0.00       0.00       0.00       0.00       0.00       0.00      77.00       0.00       0.00       0.00       0.00       0.00       0.00       0.00

17시 08분 53초  CPU       HI/s    TIMER/s   NET_TX/s   NET_RX/s    BLOCK/s IRQ_POLL/s  TASKLET/s    SCHED/s  HRTIMER/s      RCU/s
17시 08분 54초    0       0.00      11.00       0.00      11.00       0.00       0.00       0.00      26.00       0.00      21.00
17시 08분 54초    1       0.00      18.00       0.00       0.00       0.00       0.00       0.00      21.00       0.00      18.00
17시 08분 54초    2       0.00       9.00       0.00       0.00       0.00       0.00       0.00      18.00       0.00      14.00
17시 08분 54초    3       0.00      15.00       0.00       0.00       0.00       0.00       0.00      19.00       0.00      21.00
17시 08분 54초    4       0.00      18.00       0.00       0.00       0.00       0.00       0.00      33.00       0.00      40.00
17시 08분 54초    5       0.00      26.00       0.00       0.00       0.00       0.00       0.00      24.00       0.00      19.00

17시 08분 54초  CPU    %usr   %nice    %sys %iowait    %irq   %soft  %steal  %guest  %gnice   %idle
17시 08분 55초  all    0.50    0.00    4.17    2.00    0.17    0.00    0.00    0.00    0.00   93.16
17시 08분 55초    0    0.00    0.00    3.03    0.00    0.00    0.00    0.00    0.00    0.00   96.97
17시 08분 55초    1    0.00    0.00    1.00    0.00    0.00    0.00    0.00    0.00    0.00   99.00
17시 08분 55초    2    0.00    0.00    0.00    4.00    0.00    0.00    0.00    0.00    0.00   96.00
17시 08분 55초    3    0.00    0.00   16.00    4.00    0.00    0.00    0.00    0.00    0.00   80.00
17시 08분 55초    4    2.00    0.00    5.00    0.00    0.00    0.00    0.00    0.00    0.00   93.00
17시 08분 55초    5    1.00    0.00    0.00    4.00    1.00    0.00    0.00    0.00    0.00   94.00

17시 08분 54초  CPU    intr/s
17시 08분 55초  all    784.00
17시 08분 55초    0     88.00
17시 08분 55초    1     57.00
17시 08분 55초    2     43.00
17시 08분 55초    3     82.00
17시 08분 55초    4    115.00
17시 08분 55초    5     76.00

17시 08분 54초  CPU        9/s       11/s       12/s       13/s       18/s       20/s       21/s       22/s       23/s       24/s       25/s       26/s       27/s       28/s       29/s       30/s       31/s       32/s       33/s       34/s       35/s       36/s       37/s       38/s       39/s       40/s       41/s       42/s       43/s       44/s       45/s       46/s       47/s       48/s       49/s       50/s       51/s       52/s       53/s       54/s       55/s       57/s       59/s       61/s       65/s       66/s       67/s       68/s       69/s       70/s       71/s       72/s       73/s       74/s       75/s       76/s       77/s       79/s       80/s       81/s       82/s       83/s       84/s       85/s       86/s       87/s       88/s       89/s       90/s       91/s       92/s       93/s       94/s       95/s       96/s       97/s       98/s      112/s      113/s      114/s      115/s      116/s      117/s      118/s      119/s      120/s      121/s      122/s      123/s      124/s      125/s      126/s      127/s      128/s      129/s      130/s      131/s      132/s      133/s      134/s      135/s      136/s      137/s      138/s      150/s      154/s      162/s      167/s      171/s      224/s      228/s      229/s      230/s      231/s      232/s      233/s      234/s      235/s      236/s      237/s      245/s      246/s      247/s      249/s      250/s      252/s      253/s      262/s      263/s      294/s      296/s      297/s      298/s      299/s      301/s      302/s     IPI0/s     IPI1/s     IPI2/s     IPI3/s     IPI4/s     IPI5/s     IPI6/s      Err/s
17시 08분 55초    0       0.00       0.00       0.00      92.00       0.00       0.00       0.00       0.00       0.00       0.00       0.00       0.00       0.00       0.00       0.00       0.00       0.00       0.00       0.00       0.00       0.00       0.00       0.00       0.00       0.00       0.00       0.00       0.00       0.00       0.00       0.00       0.00       0.00       0.00       0.00       0.00       0.00       0.00       0.00       0.00       0.00       0.00       0.00       0.00       0.00       0.00     134.00       0.00       0.00       0.00       0.00       0.00       0.00       0.00       0.00       0.00       0.00       0.00       0.00       0.00       0.00       0.00       0.00       0.00       0.00       0.00       0.00       0.00       0.00       0.00       0.00       0.00       0.00       0.00       0.00       0.00       0.00       2.00       0.00       0.00       0.00       0.00       0.00       0.00       0.00       0.00       0.00       0.00       0.00       0.00       0.00       0.00       0.00       0.00       0.00       0.00       0.00       0.00       0.00       0.00       0.00       0.00       0.00       0.00       0.00      44.00       0.00       0.00       0.00       0.00       0.00       0.00       0.00       0.00       0.00       0.00       0.00       0.00       0.00       0.00       0.00       0.00       0.00       0.00       0.00       0.00       0.00       0.00       0.00       0.00       0.00       0.00       0.00       0.00      12.00       0.00      13.00      15.00       0.00       0.00       0.00       8.00       0.00       0.00
17시 08분 55초    1       0.00       0.00       0.00      28.00       0.00       0.00       0.00       0.00       0.00       0.00       0.00       0.00       0.00       0.00       0.00       0.00       0.00       0.00       0.00       0.00       0.00       0.00       0.00       0.00       0.00       0.00       0.00       0.00       0.00       0.00       0.00       0.00       0.00       0.00       0.00       0.00       0.00       0.00       0.00       0.00       0.00       0.00       0.00       0.00       0.00       0.00       0.00       0.00       0.00       0.00       0.00       0.00       0.00       0.00       0.00       0.00       0.00       0.00       0.00       0.00       0.00       0.00       0.00       0.00       0.00       0.00       0.00       0.00       0.00       0.00       0.00       0.00       0.00       0.00       0.00       0.00       0.00       0.00       0.00       0.00       0.00       0.00       0.00       0.00       0.00       0.00       0.00       0.00       0.00       0.00       0.00       0.00       0.00       0.00       0.00       0.00       0.00       0.00       0.00       0.00       0.00       0.00       0.00       0.00       0.00       0.00       0.00       0.00       0.00       0.00       0.00       0.00       0.00       0.00       0.00       0.00       0.00       0.00       0.00       0.00       0.00       0.00       0.00       0.00       0.00       0.00       0.00       0.00       0.00       0.00       0.00       0.00       0.00       0.00       0.00       0.00       1.00       2.00       0.00       0.00       0.00       0.00       0.00       0.00
17시 08분 55초    2       0.00       0.00       0.00      29.00       0.00       0.00       0.00       0.00       0.00       0.00       0.00       0.00       0.00       0.00       0.00       0.00       0.00       0.00       0.00       0.00       0.00       0.00       0.00       0.00       0.00       0.00       0.00       0.00       0.00       0.00       0.00       0.00       0.00       0.00       0.00       0.00       0.00       0.00       0.00       0.00       0.00       0.00       0.00       0.00       0.00       0.00       0.00       0.00       0.00       0.00       0.00       0.00       0.00       0.00       0.00       0.00       0.00       0.00       0.00       0.00       0.00       0.00       0.00       0.00       0.00       0.00       0.00       0.00       0.00       0.00       0.00       0.00       0.00       0.00       0.00       0.00       0.00       0.00       0.00       0.00       0.00       0.00       0.00       0.00       0.00       0.00       0.00       0.00       0.00       0.00       0.00       0.00       0.00       0.00       0.00       0.00       0.00       0.00       0.00       0.00       0.00       0.00       0.00       0.00       0.00       0.00       0.00       0.00       0.00       0.00       0.00       0.00       0.00       0.00       0.00       0.00       0.00       0.00       0.00       0.00       0.00       0.00       0.00       0.00       0.00       0.00       0.00       0.00       0.00       0.00       0.00       0.00       0.00       0.00       0.00       0.00       4.00       3.00       0.00       0.00       0.00       0.00       0.00       0.00
17시 08분 55초    3       0.00       0.00       0.00      74.00       0.00       0.00       0.00       0.00       0.00       0.00       0.00       0.00       0.00       0.00       0.00       0.00       0.00       0.00       0.00       0.00       0.00       0.00       0.00       0.00       0.00       0.00       0.00       0.00       0.00       0.00       0.00       0.00       0.00       0.00       0.00       0.00       0.00       0.00       0.00       0.00       0.00       0.00       0.00       0.00       0.00       0.00       0.00       0.00       0.00       0.00       0.00       0.00       0.00       0.00       0.00       0.00       0.00       0.00       0.00       0.00       0.00       0.00       0.00       0.00       0.00       0.00       0.00       0.00       0.00       0.00       0.00       0.00       0.00       0.00       0.00       0.00       0.00       0.00       0.00       0.00       0.00       0.00       0.00       0.00       0.00       0.00       0.00       0.00       0.00       0.00       0.00       0.00       0.00       0.00       0.00       0.00       0.00       0.00       0.00       0.00       0.00       0.00       0.00       0.00       0.00       0.00       0.00       0.00       0.00       0.00       0.00       0.00       0.00       0.00       0.00       0.00       0.00       0.00       0.00       0.00       0.00       0.00       0.00       0.00       0.00       0.00       0.00       0.00       0.00       0.00       0.00       0.00       0.00       0.00       0.00       0.00     156.00       0.00       0.00       0.00       0.00      11.00       0.00       0.00
17시 08분 55초    4       0.00       0.00       0.00      79.00       0.00       0.00       0.00       0.00       0.00       0.00       0.00       0.00       0.00       0.00       0.00       0.00       0.00       0.00       0.00       0.00       0.00       0.00       0.00       0.00       0.00       0.00       0.00       0.00       0.00       0.00       0.00       0.00       0.00       0.00       0.00       0.00       0.00       0.00       0.00       0.00       0.00       0.00       0.00       0.00       0.00       0.00       0.00       0.00       0.00       0.00       0.00       0.00       0.00       0.00       0.00       0.00       0.00       0.00       0.00       0.00       0.00       0.00       0.00       0.00       0.00       0.00       0.00       0.00       0.00       0.00       0.00       0.00       0.00       0.00       0.00       0.00       0.00       0.00       0.00       0.00       0.00       0.00       0.00       0.00       0.00       0.00       0.00       0.00       0.00       0.00       0.00       0.00       0.00       0.00       0.00       0.00       0.00       0.00       0.00       0.00       0.00       0.00       0.00       0.00       0.00       0.00       0.00       0.00       0.00       0.00       0.00       0.00       0.00       0.00       0.00       0.00       0.00       0.00       0.00       0.00       0.00       0.00       0.00       0.00       0.00       0.00       0.00       0.00       0.00       0.00       0.00       0.00       0.00       0.00       0.00       0.00       8.00       0.00       0.00       0.00       0.00       0.00       0.00       0.00
17시 08분 55초    5       0.00       0.00       0.00      47.00       0.00       0.00       0.00       0.00       0.00       0.00       0.00       0.00       0.00       0.00       0.00       0.00       0.00       0.00       0.00       0.00       0.00       0.00       0.00       0.00       0.00       0.00       0.00       0.00       0.00       0.00       0.00       0.00       0.00       0.00       0.00       0.00       0.00       0.00       0.00       0.00       0.00       0.00       0.00       0.00       0.00       0.00       0.00       0.00       0.00       0.00       0.00       0.00       0.00       0.00       0.00       0.00       0.00       0.00       0.00       0.00       0.00       0.00       0.00       0.00       0.00       0.00       0.00       0.00       0.00       0.00       0.00       0.00       0.00       0.00       0.00       0.00       0.00       0.00       0.00       0.00       0.00       0.00       0.00       0.00       0.00       0.00       0.00       0.00       0.00       0.00       0.00       0.00       0.00       0.00       0.00       0.00       0.00       0.00       0.00       0.00       0.00       0.00       0.00       0.00       0.00       0.00       0.00       0.00       0.00       0.00       0.00       0.00       0.00       0.00       0.00       0.00       0.00       0.00       0.00       0.00       0.00       0.00       0.00       0.00       0.00       0.00       0.00       0.00       0.00       0.00       0.00       0.00       0.00       0.00       0.00       0.00      22.00       0.00       0.00       0.00       0.00       0.00       0.00       0.00

17시 08분 54초  CPU       HI/s    TIMER/s   NET_TX/s   NET_RX/s    BLOCK/s IRQ_POLL/s  TASKLET/s    SCHED/s  HRTIMER/s      RCU/s
17시 08분 55초    0       0.00       6.00       0.00      11.00       2.00       0.00       0.00      47.00       0.00      22.00
17시 08분 55초    1       0.00      18.00       0.00       0.00       0.00       0.00       0.00      21.00       0.00      18.00
17시 08분 55초    2       0.00      10.00       0.00       0.00       0.00       0.00       0.00      18.00       0.00      15.00
17시 08분 55초    3       0.00       6.00       0.00       0.00       0.00       0.00       0.00      49.00       0.00      27.00
17시 08분 55초    4       0.00      32.00       0.00       0.00       0.00       0.00       0.00      39.00       0.00      44.00
17시 08분 55초    5       0.00      27.00       0.00       0.00       0.00       0.00       0.00      26.00       0.00      23.00

17시 08분 55초  CPU    %usr   %nice    %sys %iowait    %irq   %soft  %steal  %guest  %gnice   %idle
17시 08분 56초  all    0.83    0.00    2.32    0.00    0.00    0.17    0.00    0.00    0.00   96.69
17시 08분 56초    0    0.98    0.00    2.94    0.00    0.00    0.98    0.00    0.00    0.00   95.10
17시 08분 56초    1    0.99    0.00    0.99    0.00    0.00    0.00    0.00    0.00    0.00   98.02
17시 08분 56초    2    0.00    0.00    1.00    0.00    0.00    0.00    0.00    0.00    0.00   99.00
17시 08분 56초    3    1.98    0.00    1.98    0.00    0.00    0.00    0.00    0.00    0.00   96.04
17시 08분 56초    4    1.00    0.00    6.00    0.00    0.00    0.00    0.00    0.00    0.00   93.00
17시 08분 56초    5    0.00    0.00    1.00    0.00    0.00    0.00    0.00    0.00    0.00   99.00

17시 08분 55초  CPU    intr/s
17시 08분 56초  all    343.00
17시 08분 56초    0     75.00
17시 08분 56초    1     65.00
17시 08분 56초    2     40.00
17시 08분 56초    3     35.00
17시 08분 56초    4     96.00
17시 08분 56초    5     82.00

17시 08분 55초  CPU        9/s       11/s       12/s       13/s       18/s       20/s       21/s       22/s       23/s       24/s       25/s       26/s       27/s       28/s       29/s       30/s       31/s       32/s       33/s       34/s       35/s       36/s       37/s       38/s       39/s       40/s       41/s       42/s       43/s       44/s       45/s       46/s       47/s       48/s       49/s       50/s       51/s       52/s       53/s       54/s       55/s       57/s       59/s       61/s       65/s       66/s       67/s       68/s       69/s       70/s       71/s       72/s       73/s       74/s       75/s       76/s       77/s       79/s       80/s       81/s       82/s       83/s       84/s       85/s       86/s       87/s       88/s       89/s       90/s       91/s       92/s       93/s       94/s       95/s       96/s       97/s       98/s      112/s      113/s      114/s      115/s      116/s      117/s      118/s      119/s      120/s      121/s      122/s      123/s      124/s      125/s      126/s      127/s      128/s      129/s      130/s      131/s      132/s      133/s      134/s      135/s      136/s      137/s      138/s      150/s      154/s      162/s      167/s      171/s      224/s      228/s      229/s      230/s      231/s      232/s      233/s      234/s      235/s      236/s      237/s      245/s      246/s      247/s      249/s      250/s      252/s      253/s      262/s      263/s      294/s      296/s      297/s      298/s      299/s      301/s      302/s     IPI0/s     IPI1/s     IPI2/s     IPI3/s     IPI4/s     IPI5/s     IPI6/s      Err/s
17시 08분 56초    0       0.00       0.00       0.00      41.00       0.00       0.00       0.00       0.00       0.00       0.00       0.00       0.00       0.00       0.00       0.00       0.00       0.00       0.00       0.00       0.00       0.00       0.00       0.00       0.00       0.00       0.00       0.00       0.00       0.00       0.00       0.00       0.00       0.00       0.00       0.00       0.00       0.00       0.00       0.00       0.00       0.00       0.00       0.00       0.00       0.00       0.00       0.00       0.00       0.00       0.00       0.00       0.00       0.00       0.00       0.00       0.00       0.00       0.00       0.00       0.00       0.00       0.00       0.00       0.00       0.00       0.00       0.00       0.00       0.00       0.00       0.00       0.00       0.00       0.00       0.00       0.00       0.00       0.00       0.00       0.00       0.00       0.00       0.00       0.00       0.00       0.00       0.00       0.00       0.00       0.00       0.00       0.00       0.00       0.00       0.00       0.00       0.00       0.00       0.00       0.00       0.00       0.00       0.00       0.00       0.00      15.00       0.00       0.00       0.00       0.00       0.00       0.00       0.00       0.00       0.00       0.00       0.00       0.00       0.00       0.00       0.00       0.00       0.00       0.00       0.00       0.00       0.00       0.00       0.00       0.00       0.00       0.00       0.00       0.00      24.00       0.00       3.00       6.00       0.00       0.00       0.00       1.00       0.00       0.00
17시 08분 56초    1       0.00       0.00       0.00      35.00       0.00       0.00       0.00       0.00       0.00       0.00       0.00       0.00       0.00       0.00       0.00       0.00       0.00       0.00       0.00       0.00       0.00       0.00       0.00       0.00       0.00       0.00       0.00       0.00       0.00       0.00       0.00       0.00       0.00       0.00       0.00       0.00       0.00       0.00       0.00       0.00       0.00       0.00       0.00       0.00       0.00       0.00       0.00       0.00       0.00       0.00       0.00       0.00       0.00       0.00       0.00       0.00       0.00       0.00       0.00       0.00       0.00       0.00       0.00       0.00       0.00       0.00       0.00       0.00       0.00       0.00       0.00       0.00       0.00       0.00       0.00       0.00       0.00       0.00       0.00       0.00       0.00       0.00       0.00       0.00       0.00       0.00       0.00       0.00       0.00       0.00       0.00       0.00       0.00       0.00       0.00       0.00       0.00       0.00       0.00       0.00       0.00       0.00       0.00       0.00       0.00       0.00       0.00       0.00       0.00       0.00       0.00       0.00       0.00       0.00       0.00       0.00       0.00       0.00       0.00       0.00       0.00       0.00       0.00       0.00       0.00       0.00       0.00       0.00       0.00       0.00       0.00       0.00       0.00       0.00       0.00       0.00       4.00       0.00       0.00       0.00       0.00       0.00       0.00       0.00
17시 08분 56초    2       0.00       0.00       0.00      26.00       0.00       0.00       0.00       0.00       0.00       0.00       0.00       0.00       0.00       0.00       0.00       0.00       0.00       0.00       0.00       0.00       0.00       0.00       0.00       0.00       0.00       0.00       0.00       0.00       0.00       0.00       0.00       0.00       0.00       0.00       0.00       0.00       0.00       0.00       0.00       0.00       0.00       0.00       0.00       0.00       0.00       0.00       0.00       0.00       0.00       0.00       0.00       0.00       0.00       0.00       0.00       0.00       0.00       0.00       0.00       0.00       0.00       0.00       0.00       0.00       0.00       0.00       0.00       0.00       0.00       0.00       0.00       0.00       0.00       0.00       0.00       0.00       0.00       0.00       0.00       0.00       0.00       0.00       0.00       0.00       0.00       0.00       0.00       0.00       0.00       0.00       0.00       0.00       0.00       0.00       0.00       0.00       0.00       0.00       0.00       0.00       0.00       0.00       0.00       0.00       0.00       0.00       0.00       0.00       0.00       0.00       0.00       0.00       0.00       0.00       0.00       0.00       0.00       0.00       0.00       0.00       0.00       0.00       0.00       0.00       0.00       0.00       0.00       0.00       0.00       0.00       0.00       0.00       0.00       0.00       0.00       0.00       6.00       2.00       0.00       0.00       0.00       0.00       0.00       0.00
17시 08분 56초    3       0.00       0.00       0.00      31.00       0.00       0.00       0.00       0.00       0.00       0.00       0.00       0.00       0.00       0.00       0.00       0.00       0.00       0.00       0.00       0.00       0.00       0.00       0.00       0.00       0.00       0.00       0.00       0.00       0.00       0.00       0.00       0.00       0.00       0.00       0.00       0.00       0.00       0.00       0.00       0.00       0.00       0.00       0.00       0.00       0.00       0.00       0.00       0.00       0.00       0.00       0.00       0.00       0.00       0.00       0.00       0.00       0.00       0.00       0.00       0.00       0.00       0.00       0.00       0.00       0.00       0.00       0.00       0.00       0.00       0.00       0.00       0.00       0.00       0.00       0.00       0.00       0.00       0.00       0.00       0.00       0.00       0.00       0.00       0.00       0.00       0.00       0.00       0.00       0.00       0.00       0.00       0.00       0.00       0.00       0.00       0.00       0.00       0.00       0.00       0.00       0.00       0.00       0.00       0.00       0.00       0.00       0.00       0.00       0.00       0.00       0.00       0.00       0.00       0.00       0.00       0.00       0.00       0.00       0.00       0.00       0.00       0.00       0.00       0.00       0.00       0.00       0.00       0.00       0.00       0.00       0.00       0.00       0.00       0.00       0.00       0.00       1.00       0.00       0.00       0.00       0.00       1.00       0.00       0.00
17시 08분 56초    4       0.00       0.00       0.00      70.00       0.00       0.00       0.00       0.00       0.00       0.00       0.00       0.00       0.00       0.00       0.00       0.00       0.00       0.00       0.00       0.00       0.00       0.00       0.00       0.00       0.00       0.00       0.00       0.00       0.00       0.00       0.00       0.00       0.00       0.00       0.00       0.00       0.00       0.00       0.00       0.00       0.00       0.00       0.00       0.00       0.00       0.00       0.00       0.00       0.00       0.00       0.00       0.00       0.00       0.00       0.00       0.00       0.00       0.00       0.00       0.00       0.00       0.00       0.00       0.00       0.00       0.00       0.00       0.00       0.00       0.00       0.00       0.00       0.00       0.00       0.00       0.00       0.00       0.00       0.00       0.00       0.00       0.00       0.00       0.00       0.00       0.00       0.00       0.00       0.00       0.00       0.00       0.00       0.00       0.00       0.00       0.00       0.00       0.00       0.00       0.00       0.00       0.00       0.00       0.00       0.00       0.00       0.00       0.00       0.00       0.00       0.00       0.00       0.00       0.00       0.00       0.00       0.00       0.00       0.00       0.00       0.00       0.00       0.00       0.00       0.00       0.00       0.00       0.00       0.00       0.00       0.00       0.00       0.00       0.00       0.00       0.00       1.00       0.00       0.00       0.00       0.00       0.00       0.00       0.00
17시 08분 56초    5       0.00       0.00       0.00      61.00       0.00       0.00       0.00       0.00       0.00       0.00       0.00       0.00       0.00       0.00       0.00       0.00       0.00       0.00       0.00       0.00       0.00       0.00       0.00       0.00       0.00       0.00       0.00       0.00       0.00       0.00       0.00       0.00       0.00       0.00       0.00       0.00       0.00       0.00       0.00       0.00       0.00       0.00       0.00       0.00       0.00       0.00       0.00       0.00       0.00       0.00       0.00       0.00       0.00       0.00       0.00       0.00       0.00       0.00       0.00       0.00       0.00       0.00       0.00       0.00       0.00       0.00       0.00       0.00       0.00       0.00       0.00       0.00       0.00       0.00       0.00       0.00       0.00       0.00       0.00       0.00       0.00       0.00       0.00       0.00       0.00       0.00       0.00       0.00       0.00       0.00       0.00       0.00       0.00       0.00       0.00       0.00       0.00       0.00       0.00       0.00       0.00       0.00       0.00       0.00       0.00       0.00       0.00       0.00       0.00       0.00       0.00       0.00       0.00       0.00       0.00       0.00       0.00       0.00       0.00       0.00       0.00       0.00       0.00       0.00       0.00       0.00       0.00       0.00       0.00       0.00       0.00       0.00       0.00       0.00       0.00       0.00      15.00       0.00       0.00       0.00       0.00       0.00       0.00       0.00

17시 08분 55초  CPU       HI/s    TIMER/s   NET_TX/s   NET_RX/s    BLOCK/s IRQ_POLL/s  TASKLET/s    SCHED/s  HRTIMER/s      RCU/s
17시 08분 56초    0       0.00       9.00       1.00      22.00       0.00       0.00       0.00      23.00       0.00      20.00
17시 08분 56초    1       0.00      22.00       0.00       0.00       0.00       0.00       0.00      23.00       0.00      20.00
17시 08분 56초    2       0.00       9.00       0.00       0.00       0.00       0.00       0.00      17.00       0.00      14.00
17시 08분 56초    3       0.00       6.00       0.00       0.00       0.00       0.00       0.00      11.00       0.00      18.00
17시 08분 56초    4       0.00      22.00       0.00       0.00       0.00       0.00       0.00      34.00       0.00      40.00
17시 08분 56초    5       0.00      33.00       0.00       0.00       0.00       0.00       0.00      28.00       0.00      21.00

17시 08분 56초  CPU    %usr   %nice    %sys %iowait    %irq   %soft  %steal  %guest  %gnice   %idle
17시 08분 57초  all    0.50    0.00    1.68    0.00    0.00    0.00    0.00    0.00    0.00   97.82
17시 08분 57초    0    1.01    0.00    2.02    0.00    0.00    0.00    0.00    0.00    0.00   96.97
17시 08분 57초    1    0.00    0.00    0.00    0.00    0.00    0.00    0.00    0.00    0.00  100.00
17시 08분 57초    2    0.00    0.00    1.00    0.00    0.00    0.00    0.00    0.00    0.00   99.00
17시 08분 57초    3    0.00    0.00    2.02    0.00    0.00    0.00    0.00    0.00    0.00   97.98
17시 08분 57초    4    1.01    0.00    5.05    0.00    0.00    0.00    0.00    0.00    0.00   93.94
17시 08분 57초    5    1.00    0.00    0.00    0.00    0.00    0.00    0.00    0.00    0.00   99.00

17시 08분 56초  CPU    intr/s
17시 08분 57초  all    320.00
17시 08분 57초    0     81.00
17시 08분 57초    1     69.00
17시 08분 57초    2     36.00
17시 08분 57초    3     27.00
17시 08분 57초    4     98.00
17시 08분 57초    5     60.00

17시 08분 56초  CPU        9/s       11/s       12/s       13/s       18/s       20/s       21/s       22/s       23/s       24/s       25/s       26/s       27/s       28/s       29/s       30/s       31/s       32/s       33/s       34/s       35/s       36/s       37/s       38/s       39/s       40/s       41/s       42/s       43/s       44/s       45/s       46/s       47/s       48/s       49/s       50/s       51/s       52/s       53/s       54/s       55/s       57/s       59/s       61/s       65/s       66/s       67/s       68/s       69/s       70/s       71/s       72/s       73/s       74/s       75/s       76/s       77/s       79/s       80/s       81/s       82/s       83/s       84/s       85/s       86/s       87/s       88/s       89/s       90/s       91/s       92/s       93/s       94/s       95/s       96/s       97/s       98/s      112/s      113/s      114/s      115/s      116/s      117/s      118/s      119/s      120/s      121/s      122/s      123/s      124/s      125/s      126/s      127/s      128/s      129/s      130/s      131/s      132/s      133/s      134/s      135/s      136/s      137/s      138/s      150/s      154/s      162/s      167/s      171/s      224/s      228/s      229/s      230/s      231/s      232/s      233/s      234/s      235/s      236/s      237/s      245/s      246/s      247/s      249/s      250/s      252/s      253/s      262/s      263/s      294/s      296/s      297/s      298/s      299/s      301/s      302/s     IPI0/s     IPI1/s     IPI2/s     IPI3/s     IPI4/s     IPI5/s     IPI6/s      Err/s
17시 08분 57초    0       0.00       0.00       0.00      59.00       0.00       0.00       0.00       0.00       0.00       0.00       0.00       0.00       0.00       0.00       0.00       0.00       0.00       0.00       0.00       0.00       0.00       0.00       0.00       0.00       0.00       0.00       0.00       0.00       0.00       0.00       0.00       0.00       0.00       0.00       0.00       0.00       0.00       0.00       0.00       0.00       0.00       0.00       0.00       0.00       0.00       0.00       0.00       0.00       0.00       0.00       0.00       0.00       0.00       0.00       0.00       0.00       0.00       0.00       0.00       0.00       0.00       0.00       0.00       0.00       0.00       0.00       0.00       0.00       0.00       0.00       0.00       0.00       0.00       0.00       0.00       0.00       0.00       0.00       0.00       0.00       0.00       0.00       0.00       0.00       0.00       0.00       0.00       0.00       0.00       0.00       0.00       0.00       0.00       0.00       0.00       0.00       0.00       0.00       0.00       0.00       0.00       0.00       0.00       0.00       0.00       0.00       0.00       0.00       0.00       0.00       0.00       0.00       0.00       0.00       0.00       0.00       0.00       0.00       0.00       0.00       0.00       0.00       0.00       0.00       0.00       0.00       0.00       0.00       0.00       0.00       0.00       0.00       0.00       0.00      24.00       0.00       2.00       4.00       0.00       0.00       0.00       0.00       0.00       0.00
17시 08분 57초    1       0.00       0.00       0.00      39.00       0.00       0.00       0.00       0.00       0.00       0.00       0.00       0.00       0.00       0.00       0.00       0.00       0.00       0.00       0.00       0.00       0.00       0.00       0.00       0.00       0.00       0.00       0.00       0.00       0.00       0.00       0.00       0.00       0.00       0.00       0.00       0.00       0.00       0.00       0.00       0.00       0.00       0.00       0.00       0.00       0.00       0.00       0.00       0.00       0.00       0.00       0.00       0.00       0.00       0.00       0.00       0.00       0.00       0.00       0.00       0.00       0.00       0.00       0.00       0.00       0.00       0.00       0.00       0.00       0.00       0.00       0.00       0.00       0.00       0.00       0.00       0.00       0.00       0.00       0.00       0.00       0.00       0.00       0.00       0.00       0.00       0.00       0.00       0.00       0.00       0.00       0.00       0.00       0.00       0.00       0.00       0.00       0.00       0.00       0.00       0.00       0.00       0.00       0.00       0.00       0.00       0.00       0.00       0.00       0.00       0.00       0.00       0.00       0.00       0.00       0.00       0.00       0.00       0.00       0.00       0.00       0.00       0.00       0.00       0.00       0.00       0.00       0.00       0.00       0.00       0.00       0.00       0.00       0.00       0.00       0.00       0.00      10.00       3.00       0.00       0.00       0.00       0.00       0.00       0.00
17시 08분 57초    2       0.00       0.00       0.00      18.00       0.00       0.00       0.00       0.00       0.00       0.00       0.00       0.00       0.00       0.00       0.00       0.00       0.00       0.00       0.00       0.00       0.00       0.00       0.00       0.00       0.00       0.00       0.00       0.00       0.00       0.00       0.00       0.00       0.00       0.00       0.00       0.00       0.00       0.00       0.00       0.00       0.00       0.00       0.00       0.00       0.00       0.00       0.00       0.00       0.00       0.00       0.00       0.00       0.00       0.00       0.00       0.00       0.00       0.00       0.00       0.00       0.00       0.00       0.00       0.00       0.00       0.00       0.00       0.00       0.00       0.00       0.00       0.00       0.00       0.00       0.00       0.00       0.00       0.00       0.00       0.00       0.00       0.00       0.00       0.00       0.00       0.00       0.00       0.00       0.00       0.00       0.00       0.00       0.00       0.00       0.00       0.00       0.00       0.00       0.00       0.00       0.00       0.00       0.00       0.00       0.00       0.00       0.00       0.00       0.00       0.00       0.00       0.00       0.00       0.00       0.00       0.00       0.00       0.00       0.00       0.00       0.00       0.00       0.00       0.00       0.00       0.00       0.00       0.00       0.00       0.00       0.00       0.00       0.00       0.00       0.00       0.00       1.00       2.00       0.00       0.00       0.00       0.00       0.00       0.00
17시 08분 57초    3       0.00       0.00       0.00      27.00       0.00       0.00       0.00       0.00       0.00       0.00       0.00       0.00       0.00       0.00       0.00       0.00       0.00       0.00       0.00       0.00       0.00       0.00       0.00       0.00       0.00       0.00       0.00       0.00       0.00       0.00       0.00       0.00       0.00       0.00       0.00       0.00       0.00       0.00       0.00       0.00       0.00       0.00       0.00       0.00       0.00       0.00       0.00       0.00       0.00       0.00       0.00       0.00       0.00       0.00       0.00       0.00       0.00       0.00       0.00       0.00       0.00       0.00       0.00       0.00       0.00       0.00       0.00       0.00       0.00       0.00       0.00       0.00       0.00       0.00       0.00       0.00       0.00       0.00       0.00       0.00       0.00       0.00       0.00       0.00       0.00       0.00       0.00       0.00       0.00       0.00       0.00       0.00       0.00       0.00       0.00       0.00       0.00       0.00       0.00       0.00       0.00       0.00       0.00       0.00       0.00       0.00       0.00       0.00       0.00       0.00       0.00       0.00       0.00       0.00       0.00       0.00       0.00       0.00       0.00       0.00       0.00       0.00       0.00       0.00       0.00       0.00       0.00       0.00       0.00       0.00       0.00       0.00       0.00       0.00       0.00       0.00       1.00       0.00       0.00       0.00       0.00       0.00       0.00       0.00
17시 08분 57초    4       0.00       0.00       0.00      77.00       0.00       0.00       0.00       0.00       0.00       0.00       0.00       0.00       0.00       0.00       0.00       0.00       0.00       0.00       0.00       0.00       0.00       0.00       0.00       0.00       0.00       0.00       0.00       0.00       0.00       0.00       0.00       0.00       0.00       0.00       0.00       0.00       0.00       0.00       0.00       0.00       0.00       0.00       0.00       0.00       0.00       0.00       0.00       0.00       0.00       0.00       0.00       0.00       0.00       0.00       0.00       0.00       0.00       0.00       0.00       0.00       0.00       0.00       0.00       0.00       0.00       0.00       0.00       0.00       0.00       0.00       0.00       0.00       0.00       0.00       0.00       0.00       0.00       0.00       0.00       0.00       0.00       0.00       0.00       0.00       0.00       0.00       0.00       0.00       0.00       0.00       0.00       0.00       0.00       0.00       0.00       0.00       0.00       0.00       0.00       0.00       0.00       0.00       0.00       0.00       0.00       0.00       0.00       0.00       0.00       0.00       0.00       0.00       0.00       0.00       0.00       0.00       0.00       0.00       0.00       0.00       0.00       0.00       0.00       0.00       0.00       0.00       0.00       0.00       0.00       0.00       0.00       0.00       0.00       0.00       0.00       0.00       5.00       0.00       0.00       0.00       0.00       0.00       0.00       0.00
17시 08분 57초    5       0.00       0.00       0.00      40.00       0.00       0.00       0.00       0.00       0.00       0.00       0.00       0.00       0.00       0.00       0.00       0.00       0.00       0.00       0.00       0.00       0.00       0.00       0.00       0.00       0.00       0.00       0.00       0.00       0.00       0.00       0.00       0.00       0.00       0.00       0.00       0.00       0.00       0.00       0.00       0.00       0.00       0.00       0.00       0.00       0.00       0.00       0.00       0.00       0.00       0.00       0.00       0.00       0.00       0.00       0.00       0.00       0.00       0.00       0.00       0.00       0.00       0.00       0.00       0.00       0.00       0.00       0.00       0.00       0.00       0.00       0.00       0.00       0.00       0.00       0.00       0.00       0.00       0.00       0.00       0.00       0.00       0.00       0.00       0.00       0.00       0.00       0.00       0.00       0.00       0.00       0.00       0.00       0.00       0.00       0.00       0.00       0.00       0.00       0.00       0.00       0.00       0.00       0.00       0.00       0.00       0.00       0.00       0.00       0.00       0.00       0.00       0.00       0.00       0.00       0.00       0.00       0.00       0.00       0.00       0.00       0.00       0.00       0.00       0.00       0.00       0.00       0.00       0.00       0.00       0.00       0.00       0.00       0.00       0.00       0.00       0.00       9.00       0.00       0.00       0.00       0.00       0.00       0.00       0.00

17시 08분 56초  CPU       HI/s    TIMER/s   NET_TX/s   NET_RX/s    BLOCK/s IRQ_POLL/s  TASKLET/s    SCHED/s  HRTIMER/s      RCU/s
17시 08분 57초    0       0.00      11.00       0.00      22.00       0.00       0.00       0.00      27.00       0.00      21.00
17시 08분 57초    1       0.00      25.00       0.00       0.00       0.00       0.00       0.00      25.00       0.00      19.00
17시 08분 57초    2       0.00      10.00       0.00       0.00       0.00       0.00       0.00      15.00       0.00      11.00
17시 08분 57초    3       0.00       2.00       0.00       0.00       0.00       0.00       0.00       8.00       0.00      17.00
17시 08분 57초    4       0.00      20.00       0.00       0.00       0.00       0.00       0.00      36.00       0.00      42.00
17시 08분 57초    5       0.00      21.00       0.00       0.00       0.00       0.00       0.00      20.00       0.00      19.00

17시 08분 57초  CPU    %usr   %nice    %sys %iowait    %irq   %soft  %steal  %guest  %gnice   %idle
17시 08분 58초  all    0.67    0.00    1.67    0.00    0.17    0.00    0.00    0.00    0.00   97.50
17시 08분 58초    0    0.00    0.00    2.02    0.00    0.00    0.00    0.00    0.00    0.00   97.98
17시 08분 58초    1    0.00    0.00    0.00    0.00    0.00    0.00    0.00    0.00    0.00  100.00
17시 08분 58초    2    0.99    0.00    0.00    0.00    0.99    0.00    0.00    0.00    0.00   98.02
17시 08분 58초    3    0.99    0.00    2.97    0.00    0.00    0.00    0.00    0.00    0.00   96.04
17시 08분 58초    4    2.00    0.00    5.00    0.00    0.00    0.00    0.00    0.00    0.00   93.00
17시 08분 58초    5    0.00    0.00    0.00    0.00    0.00    0.00    0.00    0.00    0.00  100.00

17시 08분 57초  CPU    intr/s
17시 08분 58초  all    281.00
17시 08분 58초    0     43.00
17시 08분 58초    1     94.00
17시 08분 58초    2     42.00
17시 08분 58초    3     29.00
17시 08분 58초    4    115.00
17시 08분 58초    5     38.00

17시 08분 57초  CPU        9/s       11/s       12/s       13/s       18/s       20/s       21/s       22/s       23/s       24/s       25/s       26/s       27/s       28/s       29/s       30/s       31/s       32/s       33/s       34/s       35/s       36/s       37/s       38/s       39/s       40/s       41/s       42/s       43/s       44/s       45/s       46/s       47/s       48/s       49/s       50/s       51/s       52/s       53/s       54/s       55/s       57/s       59/s       61/s       65/s       66/s       67/s       68/s       69/s       70/s       71/s       72/s       73/s       74/s       75/s       76/s       77/s       79/s       80/s       81/s       82/s       83/s       84/s       85/s       86/s       87/s       88/s       89/s       90/s       91/s       92/s       93/s       94/s       95/s       96/s       97/s       98/s      112/s      113/s      114/s      115/s      116/s      117/s      118/s      119/s      120/s      121/s      122/s      123/s      124/s      125/s      126/s      127/s      128/s      129/s      130/s      131/s      132/s      133/s      134/s      135/s      136/s      137/s      138/s      150/s      154/s      162/s      167/s      171/s      224/s      228/s      229/s      230/s      231/s      232/s      233/s      234/s      235/s      236/s      237/s      245/s      246/s      247/s      249/s      250/s      252/s      253/s      262/s      263/s      294/s      296/s      297/s      298/s      299/s      301/s      302/s     IPI0/s     IPI1/s     IPI2/s     IPI3/s     IPI4/s     IPI5/s     IPI6/s      Err/s
17시 08분 58초    0       0.00       0.00       0.00      30.00       0.00       0.00       0.00       0.00       0.00       0.00       0.00       0.00       0.00       0.00       0.00       0.00       0.00       0.00       0.00       0.00       0.00       0.00       0.00       0.00       0.00       0.00       0.00       0.00       0.00       0.00       0.00       0.00       0.00       0.00       0.00       0.00       0.00       0.00       0.00       0.00       0.00       0.00       0.00       0.00       0.00       0.00       0.00       0.00       0.00       0.00       0.00       0.00       0.00       0.00       0.00       0.00       0.00       0.00       0.00       0.00       0.00       0.00       0.00       0.00       0.00       0.00       0.00       0.00       0.00       0.00       0.00       0.00       0.00       0.00       0.00       0.00       0.00       0.00       0.00       0.00       0.00       0.00       0.00       0.00       0.00       0.00       0.00       0.00       0.00       0.00       0.00       0.00       0.00       0.00       0.00       0.00       0.00       0.00       0.00       0.00       0.00       0.00       0.00       0.00       0.00       5.00       0.00       0.00       0.00       0.00       0.00       0.00       0.00       0.00       0.00       0.00       0.00       0.00       0.00       0.00       0.00       0.00       0.00       0.00       0.00       0.00       0.00       0.00       0.00       0.00       0.00       0.00       0.00       0.00      12.00       0.00       1.00       4.00       0.00       0.00       0.00       0.00       0.00       0.00
17시 08분 58초    1       0.00       0.00       0.00      54.00       0.00       0.00       0.00       0.00       0.00       0.00       0.00       0.00       0.00       0.00       0.00       0.00       0.00       0.00       0.00       0.00       0.00       0.00       0.00       0.00       0.00       0.00       0.00       0.00       0.00       0.00       0.00       0.00       0.00       0.00       0.00       0.00       0.00       0.00       0.00       0.00       0.00       0.00       0.00       0.00       0.00       0.00       0.00       0.00       0.00       0.00       0.00       0.00       0.00       0.00       0.00       0.00       0.00       0.00       0.00       0.00       0.00       0.00       0.00       0.00       0.00       0.00       0.00       0.00       0.00       0.00       0.00       0.00       0.00       0.00       0.00       0.00       0.00       0.00       0.00       0.00       0.00       0.00       0.00       0.00       0.00       0.00       0.00       0.00       0.00       0.00       0.00       0.00       0.00       0.00       0.00       0.00       0.00       0.00       0.00       0.00       0.00       0.00       0.00       0.00       0.00       0.00       0.00       0.00       0.00       0.00       0.00       0.00       0.00       0.00       0.00       0.00       0.00       0.00       0.00       0.00       0.00       0.00       0.00       0.00       0.00       0.00       0.00       0.00       0.00       0.00       0.00       0.00       0.00       0.00       0.00       0.00      10.00       0.00       0.00       0.00       0.00       0.00       0.00       0.00
17시 08분 58초    2       0.00       0.00       0.00      22.00       0.00       0.00       0.00       0.00       0.00       0.00       0.00       0.00       0.00       0.00       0.00       0.00       0.00       0.00       0.00       0.00       0.00       0.00       0.00       0.00       0.00       0.00       0.00       0.00       0.00       0.00       0.00       0.00       0.00       0.00       0.00       0.00       0.00       0.00       0.00       0.00       0.00       0.00       0.00       0.00       0.00       0.00       0.00       0.00       0.00       0.00       0.00       0.00       0.00       0.00       0.00       0.00       0.00       0.00       0.00       0.00       0.00       0.00       0.00       0.00       0.00       0.00       0.00       0.00       0.00       0.00       0.00       0.00       0.00       0.00       0.00       0.00       0.00       0.00       0.00       0.00       0.00       0.00       0.00       0.00       0.00       0.00       0.00       0.00       0.00       0.00       0.00       0.00       0.00       0.00       0.00       0.00       0.00       0.00       0.00       0.00       0.00       0.00       0.00       0.00       0.00       0.00       0.00       0.00       0.00       0.00       0.00       0.00       0.00       0.00       0.00       0.00       0.00       0.00       0.00       0.00       0.00       0.00       0.00       0.00       0.00       0.00       0.00       0.00       0.00       0.00       0.00       0.00       0.00       0.00       0.00       0.00       5.00       3.00       0.00       0.00       0.00       0.00       0.00       0.00
17시 08분 58초    3       0.00       0.00       0.00      30.00       0.00       0.00       0.00       0.00       0.00       0.00       0.00       0.00       0.00       0.00       0.00       0.00       0.00       0.00       0.00       0.00       0.00       0.00       0.00       0.00       0.00       0.00       0.00       0.00       0.00       0.00       0.00       0.00       0.00       0.00       0.00       0.00       0.00       0.00       0.00       0.00       0.00       0.00       0.00       0.00       0.00       0.00       0.00       0.00       0.00       0.00       0.00       0.00       0.00       0.00       0.00       0.00       0.00       0.00       0.00       0.00       0.00       0.00       0.00       0.00       0.00       0.00       0.00       0.00       0.00       0.00       0.00       0.00       0.00       0.00       0.00       0.00       0.00       0.00       0.00       0.00       0.00       0.00       0.00       0.00       0.00       0.00       0.00       0.00       0.00       0.00       0.00       0.00       0.00       0.00       0.00       0.00       0.00       0.00       0.00       0.00       0.00       0.00       0.00       0.00       0.00       0.00       0.00       0.00       0.00       0.00       0.00       0.00       0.00       0.00       0.00       0.00       0.00       0.00       0.00       0.00       0.00       0.00       0.00       0.00       0.00       0.00       0.00       0.00       0.00       0.00       0.00       0.00       0.00       0.00       0.00       0.00       0.00       0.00       0.00       0.00       0.00       0.00       0.00       0.00
17시 08분 58초    4       0.00       0.00       0.00      78.00       0.00       0.00       0.00       0.00       0.00       0.00       0.00       0.00       0.00       0.00       0.00       0.00       0.00       0.00       0.00       0.00       0.00       0.00       0.00       0.00       0.00       0.00       0.00       0.00       0.00       0.00       0.00       0.00       0.00       0.00       0.00       0.00       0.00       0.00       0.00       0.00       0.00       0.00       0.00       0.00       0.00       0.00       0.00       0.00       0.00       0.00       0.00       0.00       0.00       0.00       0.00       0.00       0.00       0.00       0.00       0.00       0.00       0.00       0.00       0.00       0.00       0.00       0.00       0.00       0.00       0.00       0.00       0.00       0.00       0.00       0.00       0.00       0.00       0.00       0.00       0.00       0.00       0.00       0.00       0.00       0.00       0.00       0.00       0.00       0.00       0.00       0.00       0.00       0.00       0.00       0.00       0.00       0.00       0.00       0.00       0.00       0.00       0.00       0.00       0.00       0.00       0.00       0.00       0.00       0.00       0.00       0.00       0.00       0.00       0.00       0.00       0.00       0.00       0.00       0.00       0.00       0.00       0.00       0.00       0.00       0.00       0.00       0.00       0.00       0.00       0.00       0.00       0.00       0.00       0.00       0.00       0.00       3.00       0.00       0.00       0.00       0.00       0.00       0.00       0.00
17시 08분 58초    5       0.00       0.00       0.00      19.00       0.00       0.00       0.00       0.00       0.00       0.00       0.00       0.00       0.00       0.00       0.00       0.00       0.00       0.00       0.00       0.00       0.00       0.00       0.00       0.00       0.00       0.00       0.00       0.00       0.00       0.00       0.00       0.00       0.00       0.00       0.00       0.00       0.00       0.00       0.00       0.00       0.00       0.00       0.00       0.00       0.00       0.00       0.00       0.00       0.00       0.00       0.00       0.00       0.00       0.00       0.00       0.00       0.00       0.00       0.00       0.00       0.00       0.00       0.00       0.00       0.00       0.00       0.00       0.00       0.00       0.00       0.00       0.00       0.00       0.00       0.00       0.00       0.00       0.00       0.00       0.00       0.00       0.00       0.00       0.00       0.00       0.00       0.00       0.00       0.00       0.00       0.00       0.00       0.00       0.00       0.00       0.00       0.00       0.00       0.00       0.00       0.00       0.00       0.00       0.00       0.00       0.00       0.00       0.00       0.00       0.00       0.00       0.00       0.00       0.00       0.00       0.00       0.00       0.00       0.00       0.00       0.00       0.00       0.00       0.00       0.00       0.00       0.00       0.00       0.00       0.00       0.00       0.00       0.00       0.00       0.00       0.00       8.00       0.00       0.00       0.00       0.00       0.00       0.00       0.00

17시 08분 57초  CPU       HI/s    TIMER/s   NET_TX/s   NET_RX/s    BLOCK/s IRQ_POLL/s  TASKLET/s    SCHED/s  HRTIMER/s      RCU/s
17시 08분 58초    0       0.00       4.00       0.00      11.00       0.00       0.00       0.00      14.00       0.00      14.00
17시 08분 58초    1       0.00      36.00       0.00       0.00       0.00       0.00       0.00      35.00       0.00      23.00
17시 08분 58초    2       0.00      10.00       0.00       0.00       0.00       0.00       0.00      15.00       0.00      17.00
17시 08분 58초    3       0.00       4.00       0.00       0.00       0.00       0.00       0.00      10.00       0.00      15.00
17시 08분 58초    4       0.00      31.00       0.00       0.00       0.00       0.00       0.00      43.00       0.00      41.00
17시 08분 58초    5       0.00      12.00       0.00       0.00       0.00       0.00       0.00      11.00       0.00      15.00

17시 08분 58초  CPU    %usr   %nice    %sys %iowait    %irq   %soft  %steal  %guest  %gnice   %idle
17시 08분 59초  all    2.32    0.00    3.15    0.00    0.17    0.17    0.00    0.00    0.00   94.21
17시 08분 59초    0    1.00    0.00    3.00    0.00    1.00    0.00    0.00    0.00    0.00   95.00
17시 08분 59초    1    5.94    0.00    3.96    0.00    0.00    0.00    0.00    0.00    0.00   90.10
17시 08분 59초    2    1.00    0.00    2.00    0.00    0.00    0.00    0.00    0.00    0.00   97.00
17시 08분 59초    3    1.00    0.00    3.00    0.00    0.00    0.00    0.00    0.00    0.00   96.00
17시 08분 59초    4    2.94    0.00    5.88    0.00    0.00    0.00    0.00    0.00    0.00   91.18
17시 08분 59초    5    1.98    0.00    0.99    0.00    0.00    0.99    0.00    0.00    0.00   96.04

17시 08분 58초  CPU    intr/s
17시 08분 59초  all   1178.00
17시 08분 59초    0    131.00
17시 08분 59초    1    108.00
17시 08분 59초    2     58.00
17시 08분 59초    3     48.00
17시 08분 59초    4     82.00
17시 08분 59초    5     97.00

17시 08분 58초  CPU        9/s       11/s       12/s       13/s       18/s       20/s       21/s       22/s       23/s       24/s       25/s       26/s       27/s       28/s       29/s       30/s       31/s       32/s       33/s       34/s       35/s       36/s       37/s       38/s       39/s       40/s       41/s       42/s       43/s       44/s       45/s       46/s       47/s       48/s       49/s       50/s       51/s       52/s       53/s       54/s       55/s       57/s       59/s       61/s       65/s       66/s       67/s       68/s       69/s       70/s       71/s       72/s       73/s       74/s       75/s       76/s       77/s       79/s       80/s       81/s       82/s       83/s       84/s       85/s       86/s       87/s       88/s       89/s       90/s       91/s       92/s       93/s       94/s       95/s       96/s       97/s       98/s      112/s      113/s      114/s      115/s      116/s      117/s      118/s      119/s      120/s      121/s      122/s      123/s      124/s      125/s      126/s      127/s      128/s      129/s      130/s      131/s      132/s      133/s      134/s      135/s      136/s      137/s      138/s      150/s      154/s      162/s      167/s      171/s      224/s      228/s      229/s      230/s      231/s      232/s      233/s      234/s      235/s      236/s      237/s      245/s      246/s      247/s      249/s      250/s      252/s      253/s      262/s      263/s      294/s      296/s      297/s      298/s      299/s      301/s      302/s     IPI0/s     IPI1/s     IPI2/s     IPI3/s     IPI4/s     IPI5/s     IPI6/s      Err/s
17시 08분 59초    0       0.00       0.00       0.00      83.00       0.00       0.00       0.00       0.00       0.00       0.00       0.00       0.00       0.00       0.00       0.00       0.00       0.00       0.00       0.00       0.00       0.00       0.00       0.00       0.00       0.00       0.00       0.00       0.00       0.00       0.00       0.00       0.00       0.00       0.00       0.00       0.00       0.00       0.00       0.00       0.00       0.00       0.00       0.00       0.00       0.00       0.00       0.00       0.00       0.00       0.00       0.00       0.00       0.00       0.00       0.00       0.00       0.00       0.00       0.00       0.00       0.00       0.00       0.00       0.00       0.00       0.00       0.00       0.00       0.00       0.00       0.00       0.00       0.00       0.00       0.00       0.00       0.00       0.00       0.00       0.00       0.00       0.00       0.00       0.00       0.00       0.00       0.00       0.00       0.00       0.00       0.00       0.00       0.00       0.00       0.00       0.00       0.00       0.00       0.00       0.00       0.00       0.00       0.00       0.00       0.00      13.00       0.00       0.00       0.00       0.00       0.00       0.00       0.00       0.00       0.00       0.00       0.00       0.00       0.00       0.00       0.00       0.00       0.00       0.00       0.00       0.00       0.00       0.00       0.00       0.00       0.00       0.00       0.00       0.00      54.00       0.00      98.00       9.00       0.00       0.00       0.00       0.00       0.00       0.00
17시 08분 59초    1       0.00       0.00       0.00      63.00       0.00       0.00       0.00       0.00       0.00       0.00       0.00       0.00       0.00       0.00       0.00       0.00       0.00       0.00       0.00       0.00       0.00       0.00       0.00       0.00       0.00       0.00       0.00       0.00       0.00       0.00       0.00       0.00       0.00       0.00       0.00       0.00       0.00       0.00       0.00       0.00       0.00       0.00       0.00       0.00       0.00       0.00       0.00       0.00       0.00       0.00       0.00       0.00       0.00       0.00       0.00       0.00       0.00       0.00       0.00       0.00       0.00       0.00       0.00       0.00       0.00       0.00       0.00       0.00       0.00       0.00       0.00       0.00       0.00       0.00       0.00       0.00       0.00       0.00       0.00       0.00       0.00       0.00       0.00       0.00       0.00       0.00       0.00       0.00       0.00       0.00       0.00       0.00       0.00       0.00       0.00       0.00       0.00       0.00       0.00       0.00       0.00       0.00       0.00       0.00       0.00       0.00       0.00       0.00       0.00       0.00       0.00       0.00       0.00       0.00       0.00       0.00       0.00       0.00       0.00       0.00       0.00       0.00       0.00       0.00       0.00       0.00       0.00       0.00       0.00       0.00       0.00       0.00       0.00       0.00       0.00       0.00     167.00      12.00       0.00       0.00       0.00       1.00       0.00       0.00
17시 08분 59초    2       0.00       0.00       0.00      45.00       0.00       0.00       0.00       0.00       0.00       0.00       0.00       0.00       0.00       0.00       0.00       0.00       0.00       0.00       0.00       0.00       0.00       0.00       0.00       0.00       0.00       0.00       0.00       0.00       0.00       0.00       0.00       0.00       0.00       0.00       0.00       0.00       0.00       0.00       0.00       0.00       0.00       0.00       0.00       0.00       0.00       0.00       0.00       0.00       0.00       0.00       0.00       0.00       0.00       0.00       0.00       0.00       0.00       0.00       0.00       0.00       0.00       0.00       0.00       0.00       0.00       0.00       0.00       0.00       0.00       0.00       0.00       0.00       0.00       0.00       0.00       0.00       0.00       0.00       0.00       0.00       0.00       0.00       0.00       0.00       0.00       0.00       0.00       0.00       0.00       0.00       0.00       0.00       0.00       0.00       0.00       0.00       0.00       0.00       0.00       0.00       0.00       0.00       0.00       0.00       0.00       0.00       0.00       0.00       0.00       0.00       0.00       0.00       0.00       0.00       0.00       0.00       0.00       0.00       0.00       0.00       0.00       0.00       0.00       0.00       0.00       0.00       0.00       0.00       0.00       0.00       0.00       0.00       0.00       0.00       0.00       0.00     118.00       6.00       0.00       0.00       0.00       2.00       0.00       0.00
17시 08분 59초    3       0.00       0.00       0.00     101.00       0.00       0.00       0.00       0.00       0.00       0.00       0.00       0.00       0.00       0.00       0.00       0.00       0.00       0.00       0.00       0.00       0.00       0.00       0.00       0.00       0.00       0.00       0.00       0.00       0.00       0.00       0.00       0.00       0.00       0.00       0.00       0.00       0.00       0.00       0.00       0.00       0.00       0.00       0.00       0.00       0.00       0.00       0.00       0.00       0.00       0.00       0.00       0.00       0.00       0.00       0.00       0.00       0.00       0.00       0.00       0.00       0.00       0.00       0.00       0.00       0.00       0.00       0.00       0.00       0.00       0.00       0.00       0.00       0.00       0.00       0.00       0.00       0.00       0.00       0.00       0.00       0.00       0.00       0.00       0.00       0.00       0.00       0.00       0.00       0.00       0.00       0.00       0.00       0.00       0.00       0.00       0.00       0.00       0.00       0.00       0.00       0.00       0.00       0.00       0.00       0.00       0.00       0.00       0.00       0.00       0.00       0.00       0.00       0.00       0.00       0.00       0.00       0.00       0.00       0.00       0.00       0.00       0.00       0.00       0.00       0.00       0.00       0.00       0.00       0.00       0.00       0.00       0.00       0.00       0.00       0.00       0.00      43.00       6.00       0.00       0.00       0.00       1.00       0.00       0.00
17시 08분 59초    4       0.00       0.00       0.00      81.00       0.00       0.00       0.00       0.00       0.00       0.00       0.00       0.00       0.00       0.00       0.00       0.00       0.00       0.00       0.00       0.00       0.00       0.00       0.00       0.00       0.00       0.00       0.00       0.00       0.00       0.00       0.00       0.00       0.00       0.00       0.00       0.00       0.00       0.00       0.00       0.00       0.00       0.00       0.00       0.00       0.00       0.00       0.00       0.00       0.00       0.00       0.00       0.00       0.00       0.00       0.00       0.00       0.00       0.00       0.00       0.00       0.00       0.00       0.00       0.00       0.00       0.00       0.00       0.00       0.00       0.00       0.00       0.00       0.00       0.00       0.00       0.00       0.00       0.00       0.00       0.00       0.00       0.00       0.00       0.00       0.00       0.00       0.00       0.00       0.00       0.00       0.00       0.00       0.00       0.00       0.00       0.00       0.00       0.00       0.00       0.00       0.00       0.00       0.00       0.00       0.00       0.00       0.00       0.00       0.00       0.00       0.00       0.00       0.00       0.00       0.00       0.00       0.00       0.00       0.00       0.00       0.00       0.00       0.00       0.00       0.00       0.00       0.00       0.00       0.00       0.00       0.00       0.00       0.00       0.00       0.00       0.00      68.00       3.00       0.00       0.00       0.00       5.00       0.00       0.00
17시 08분 59초    5       0.00       0.00       0.00      73.00       0.00       0.00       0.00       0.00       0.00       0.00       0.00       0.00       0.00       0.00       0.00       0.00       0.00       0.00       0.00       0.00       0.00       0.00       0.00       0.00       0.00       0.00       0.00       0.00       0.00       0.00       0.00       0.00       0.00       0.00       0.00       0.00       0.00       0.00       0.00       0.00       0.00       0.00       0.00       0.00       0.00       0.00       0.00       0.00       0.00       0.00       0.00       0.00       0.00       0.00       0.00       0.00       0.00       0.00       0.00       0.00       0.00       0.00       0.00       0.00       0.00       0.00       0.00       0.00       0.00       0.00       0.00       0.00       0.00       0.00       0.00       0.00       0.00       0.00       0.00       0.00       0.00       0.00       0.00       0.00       0.00       0.00       0.00       0.00       0.00       0.00       0.00       0.00       0.00       0.00       0.00       0.00       0.00       0.00       0.00       0.00       0.00       0.00       0.00       0.00       0.00       0.00       0.00       0.00       0.00       0.00       0.00       0.00       0.00       0.00       0.00       0.00       0.00       0.00       0.00       0.00       0.00       0.00       0.00       0.00       0.00       0.00       0.00       0.00       0.00       0.00       0.00       0.00       0.00       0.00       0.00       0.00     120.00       1.00       0.00       0.00       0.00       1.00       0.00       0.00

17시 08분 58초  CPU       HI/s    TIMER/s   NET_TX/s   NET_RX/s    BLOCK/s IRQ_POLL/s  TASKLET/s    SCHED/s  HRTIMER/s      RCU/s
17시 08분 59초    0       0.00      12.00       1.00      50.00       0.00       0.00       0.00      36.00       0.00      32.00
17시 08분 59초    1       0.00      34.00       0.00       0.00       0.00       0.00       0.00      45.00       0.00      29.00
17시 08분 59초    2       0.00      10.00       0.00       0.00       0.00       0.00       0.00      22.00       0.00      26.00
17시 08분 59초    3       0.00       3.00       0.00       0.00       0.00       0.00       0.00      21.00       0.00      24.00
17시 08분 59초    4       0.00       7.00       0.00       0.00       0.00       0.00       0.00      32.00       0.00      43.00
17시 08분 59초    5       0.00      35.00       0.00       0.00       0.00       0.00       0.00      33.00       0.00      29.00

17시 08분 59초  CPU    %usr   %nice    %sys %iowait    %irq   %soft  %steal  %guest  %gnice   %idle
17시 09분 00초  all    1.00    0.00    4.49    1.83    0.00    0.17    0.00    0.00    0.00   92.52
17시 09분 00초    0    1.00    0.00    2.00    0.00    0.00    1.00    0.00    0.00    0.00   96.00
17시 09분 00초    1    0.00    0.00    0.00    0.00    0.00    0.00    0.00    0.00    0.00  100.00
17시 09분 00초    2    1.01    0.00    0.00    3.03    0.00    0.00    0.00    0.00    0.00   95.96
17시 09분 00초    3    1.94    0.00   15.53    3.88    0.00    0.00    0.00    0.00    0.00   78.64
17시 09분 00초    4    2.00    0.00    6.00    0.00    0.00    0.00    0.00    0.00    0.00   92.00
17시 09분 00초    5    0.00    0.00    3.00    4.00    0.00    0.00    0.00    0.00    0.00   93.00

17시 08분 59초  CPU    intr/s
17시 09분 00초  all   1070.00
17시 09분 00초    0    139.00
17시 09분 00초    1    102.00
17시 09분 00초    2    130.00
17시 09분 00초    3    100.00
17시 09분 00초    4     76.00
17시 09분 00초    5     86.00

17시 08분 59초  CPU        9/s       11/s       12/s       13/s       18/s       20/s       21/s       22/s       23/s       24/s       25/s       26/s       27/s       28/s       29/s       30/s       31/s       32/s       33/s       34/s       35/s       36/s       37/s       38/s       39/s       40/s       41/s       42/s       43/s       44/s       45/s       46/s       47/s       48/s       49/s       50/s       51/s       52/s       53/s       54/s       55/s       57/s       59/s       61/s       65/s       66/s       67/s       68/s       69/s       70/s       71/s       72/s       73/s       74/s       75/s       76/s       77/s       79/s       80/s       81/s       82/s       83/s       84/s       85/s       86/s       87/s       88/s       89/s       90/s       91/s       92/s       93/s       94/s       95/s       96/s       97/s       98/s      112/s      113/s      114/s      115/s      116/s      117/s      118/s      119/s      120/s      121/s      122/s      123/s      124/s      125/s      126/s      127/s      128/s      129/s      130/s      131/s      132/s      133/s      134/s      135/s      136/s      137/s      138/s      150/s      154/s      162/s      167/s      171/s      224/s      228/s      229/s      230/s      231/s      232/s      233/s      234/s      235/s      236/s      237/s      245/s      246/s      247/s      249/s      250/s      252/s      253/s      262/s      263/s      294/s      296/s      297/s      298/s      299/s      301/s      302/s     IPI0/s     IPI1/s     IPI2/s     IPI3/s     IPI4/s     IPI5/s     IPI6/s      Err/s
17시 09분 00초    0       0.00       0.00       0.00      93.00       0.00       0.00       0.00       0.00       0.00       0.00       0.00       0.00       0.00       0.00       0.00       0.00       0.00       0.00       0.00       0.00       0.00       0.00       0.00       0.00       0.00       0.00       0.00       0.00       0.00       0.00       0.00       0.00       0.00       0.00       0.00       0.00       0.00       0.00       0.00       0.00       0.00       0.00       0.00       0.00       0.00       0.00     134.00       0.00       0.00       0.00       0.00       0.00       0.00       0.00       0.00       0.00       0.00       0.00       0.00       0.00       0.00       0.00       0.00       0.00       0.00       0.00       0.00       0.00       0.00       0.00       0.00       0.00       0.00       0.00       0.00       0.00       0.00      82.00       0.00       0.00       0.00       0.00       0.00       0.00       0.00       0.00       0.00       0.00       0.00       0.00       0.00       0.00       0.00       0.00       0.00       0.00       0.00       0.00       0.00       0.00       0.00       0.00       0.00       0.00       0.00      51.00       0.00       0.00       0.00       0.00       0.00       0.00       0.00       0.00       0.00       0.00       0.00       0.00       0.00       0.00       0.00       0.00       0.00       0.00       0.00       0.00       0.00       0.00       0.00       0.00       0.00       0.00       0.00       0.00      12.00       0.00      18.00      16.00       0.00       0.00       0.00       5.00       0.00       0.00
17시 09분 00초    1       0.00       0.00       0.00      60.00       0.00       0.00       0.00       0.00       0.00       0.00       0.00       0.00       0.00       0.00       0.00       0.00       0.00       0.00       0.00       0.00       0.00       0.00       0.00       0.00       0.00       0.00       0.00       0.00       0.00       0.00       0.00       0.00       0.00       0.00       0.00       0.00       0.00       0.00       0.00       0.00       0.00       0.00       0.00       0.00       0.00       0.00       0.00       0.00       0.00       0.00       0.00       0.00       0.00       0.00       0.00       0.00       0.00       0.00       0.00       0.00       0.00       0.00       0.00       0.00       0.00       0.00       0.00       0.00       0.00       0.00       0.00       0.00       0.00       0.00       0.00       0.00       0.00       0.00       0.00       0.00       0.00       0.00       0.00       0.00       0.00       0.00       0.00       0.00       0.00       0.00       0.00       0.00       0.00       0.00       0.00       0.00       0.00       0.00       0.00       0.00       0.00       0.00       0.00       0.00       0.00       0.00       0.00       0.00       0.00       0.00       0.00       0.00       0.00       0.00       0.00       0.00       0.00       0.00       0.00       0.00       0.00       0.00       0.00       0.00       0.00       0.00       0.00       0.00       0.00       0.00       0.00       0.00       0.00       0.00       0.00       0.00      16.00       4.00       0.00       0.00       0.00       0.00       0.00       0.00
17시 09분 00초    2       0.00       0.00       0.00      61.00       0.00       0.00       0.00       0.00       0.00       0.00       0.00       0.00       0.00       0.00       0.00       0.00       0.00       0.00       0.00       0.00       0.00       0.00       0.00       0.00       0.00       0.00       0.00       0.00       0.00       0.00       0.00       0.00       0.00       0.00       0.00       0.00       0.00       0.00       0.00       0.00       0.00       0.00       0.00       0.00       0.00       0.00       0.00       0.00       0.00       0.00       0.00       0.00       0.00       0.00       0.00       0.00       0.00       0.00       0.00       0.00       0.00       0.00       0.00       0.00       0.00       0.00       0.00       0.00       0.00       0.00       0.00       0.00       0.00       0.00       0.00       0.00       0.00       0.00       0.00       0.00       0.00       0.00       0.00       0.00       0.00       0.00       0.00       0.00       0.00       0.00       0.00       0.00       0.00       0.00       0.00       0.00       0.00       0.00       0.00       0.00       0.00       0.00       0.00       0.00       0.00       0.00       0.00       0.00       0.00       0.00       0.00       0.00       0.00       0.00       0.00       0.00       0.00       0.00       0.00       0.00       0.00       0.00       0.00       0.00       0.00       0.00       0.00       0.00       0.00       0.00       0.00       0.00       0.00       0.00       0.00       0.00       9.00       0.00       0.00       0.00       0.00       0.00       0.00       0.00
17시 09분 00초    3       0.00       0.00       0.00      94.00       0.00       0.00       0.00       0.00       0.00       0.00       0.00       0.00       0.00       0.00       0.00       0.00       0.00       0.00       0.00       0.00       0.00       0.00       0.00       0.00       0.00       0.00       0.00       0.00       0.00       0.00       0.00       0.00       0.00       0.00       0.00       0.00       0.00       0.00       0.00       0.00       0.00       0.00       0.00       0.00       0.00       0.00       0.00       0.00       0.00       0.00       0.00       0.00       0.00       0.00       0.00       0.00       0.00       0.00       0.00       0.00       0.00       0.00       0.00       0.00       0.00       0.00       0.00       0.00       0.00       0.00       0.00       0.00       0.00       0.00       0.00       0.00       0.00       0.00       0.00       0.00       0.00       0.00       0.00       0.00       0.00       0.00       0.00       0.00       0.00       0.00       0.00       0.00       0.00       0.00       0.00       0.00       0.00       0.00       0.00       0.00       0.00       0.00       0.00       0.00       0.00       0.00       0.00       0.00       0.00       0.00       0.00       0.00       0.00       0.00       0.00       0.00       0.00       0.00       0.00       0.00       0.00       0.00       0.00       0.00       0.00       0.00       0.00       0.00       0.00       0.00       0.00       0.00       0.00       0.00       0.00       0.00     151.00       1.00       0.00       0.00       0.00      13.00       0.00       0.00
17시 09분 00초    4       0.00       0.00       0.00      79.00       0.00       0.00       0.00       0.00       0.00       0.00       0.00       0.00       0.00       0.00       0.00       0.00       0.00       0.00       0.00       0.00       0.00       0.00       0.00       0.00       0.00       0.00       0.00       0.00       0.00       0.00       0.00       0.00       0.00       0.00       0.00       0.00       0.00       0.00       0.00       0.00       0.00       0.00       0.00       0.00       0.00       0.00       0.00       0.00       0.00       0.00       0.00       0.00       0.00       0.00       0.00       0.00       0.00       0.00       0.00       0.00       0.00       0.00       0.00       0.00       0.00       0.00       0.00       0.00       0.00       0.00       0.00       0.00       0.00       0.00       0.00       0.00       0.00       0.00       0.00       0.00       0.00       0.00       0.00       0.00       0.00       0.00       0.00       0.00       0.00       0.00       0.00       0.00       0.00       0.00       0.00       0.00       0.00       0.00       0.00       0.00       0.00       0.00       0.00       0.00       0.00       0.00       0.00       0.00       0.00       0.00       0.00       0.00       0.00       0.00       0.00       0.00       0.00       0.00       0.00       0.00       0.00       0.00       0.00       0.00       0.00       0.00       0.00       0.00       0.00       0.00       0.00       0.00       0.00       0.00       0.00       0.00      11.00       0.00       0.00       0.00       0.00       1.00       0.00       0.00
17시 09분 00초    5       0.00       0.00       0.00      73.00       0.00       0.00       0.00       0.00       0.00       0.00       0.00       0.00       0.00       0.00       0.00       0.00       0.00       0.00       0.00       0.00       0.00       0.00       0.00       0.00       0.00       0.00       0.00       0.00       0.00       0.00       0.00       0.00       0.00       0.00       0.00       0.00       0.00       0.00       0.00       0.00       0.00       0.00       0.00       0.00       0.00       0.00       0.00       0.00       0.00       0.00       0.00       0.00       0.00       0.00       0.00       0.00       0.00       0.00       0.00       0.00       0.00       0.00       0.00       0.00       0.00       0.00       0.00       0.00       0.00       0.00       0.00       0.00       0.00       0.00       0.00       0.00       0.00       0.00       0.00       0.00       0.00       0.00       0.00       0.00       0.00       0.00       0.00       0.00       0.00       0.00       0.00       0.00       0.00       0.00       0.00       0.00       0.00       0.00       0.00       0.00       0.00       0.00       0.00       0.00       0.00       0.00       0.00       0.00       0.00       0.00       0.00       0.00       0.00       0.00       0.00       0.00       0.00       0.00       0.00       0.00       0.00       0.00       0.00       0.00       0.00       0.00       0.00       0.00       0.00       0.00       0.00       0.00       0.00       0.00       0.00       0.00      85.00       0.00       0.00       0.00       0.00       1.00       0.00       0.00

17시 08분 59초  CPU       HI/s    TIMER/s   NET_TX/s   NET_RX/s    BLOCK/s IRQ_POLL/s  TASKLET/s    SCHED/s  HRTIMER/s      RCU/s
17시 09분 00초    0       0.00      38.00       0.00      11.00       2.00       0.00       0.00      56.00       0.00      32.00
17시 09분 00초    1       0.00      39.00       0.00       0.00       0.00       0.00       0.00      35.00       0.00      28.00
17시 09분 00초    2       0.00       5.00       0.00       0.00       0.00       0.00       0.00      15.00       0.00     110.00
17시 09분 00초    3       0.00       6.00       0.00       0.00       0.00       0.00       0.00      60.00       0.00      34.00
17시 09분 00초    4       0.00       2.00       0.00       0.00       0.00       0.00       0.00      25.00       0.00      49.00
17시 09분 00초    5       0.00      22.00       0.00       0.00       0.00       0.00       0.00      33.00       0.00      31.00

17시 09분 00초  CPU    %usr   %nice    %sys %iowait    %irq   %soft  %steal  %guest  %gnice   %idle
17시 09분 01초  all    0.67    0.00    2.16    0.00    0.17    0.00    0.00    0.00    0.00   97.00
17시 09분 01초    0    0.99    0.00    2.97    0.00    0.00    0.00    0.00    0.00    0.00   96.04
17시 09분 01초    1    0.00    0.00    0.00    0.00    0.00    0.00    0.00    0.00    0.00  100.00
17시 09분 01초    2    0.00    0.00    1.00    0.00    0.00    0.00    0.00    0.00    0.00   99.00
17시 09분 01초    3    0.00    0.00    2.02    0.00    0.00    0.00    0.00    0.00    0.00   97.98
17시 09분 01초    4    2.00    0.00    5.00    0.00    1.00    0.00    0.00    0.00    0.00   92.00
17시 09분 01초    5    0.99    0.00    1.98    0.00    0.00    0.00    0.00    0.00    0.00   97.03

17시 09분 00초  CPU    intr/s
17시 09분 01초  all    386.00
17시 09분 01초    0     87.00
17시 09분 01초    1     83.00
17시 09분 01초    2     34.00
17시 09분 01초    3     64.00
17시 09분 01초    4     58.00
17시 09분 01초    5     96.00

17시 09분 00초  CPU        9/s       11/s       12/s       13/s       18/s       20/s       21/s       22/s       23/s       24/s       25/s       26/s       27/s       28/s       29/s       30/s       31/s       32/s       33/s       34/s       35/s       36/s       37/s       38/s       39/s       40/s       41/s       42/s       43/s       44/s       45/s       46/s       47/s       48/s       49/s       50/s       51/s       52/s       53/s       54/s       55/s       57/s       59/s       61/s       65/s       66/s       67/s       68/s       69/s       70/s       71/s       72/s       73/s       74/s       75/s       76/s       77/s       79/s       80/s       81/s       82/s       83/s       84/s       85/s       86/s       87/s       88/s       89/s       90/s       91/s       92/s       93/s       94/s       95/s       96/s       97/s       98/s      112/s      113/s      114/s      115/s      116/s      117/s      118/s      119/s      120/s      121/s      122/s      123/s      124/s      125/s      126/s      127/s      128/s      129/s      130/s      131/s      132/s      133/s      134/s      135/s      136/s      137/s      138/s      150/s      154/s      162/s      167/s      171/s      224/s      228/s      229/s      230/s      231/s      232/s      233/s      234/s      235/s      236/s      237/s      245/s      246/s      247/s      249/s      250/s      252/s      253/s      262/s      263/s      294/s      296/s      297/s      298/s      299/s      301/s      302/s     IPI0/s     IPI1/s     IPI2/s     IPI3/s     IPI4/s     IPI5/s     IPI6/s      Err/s
17시 09분 01초    0       0.00       0.00       0.00      53.00       0.00       0.00       0.00       0.00       0.00       0.00       0.00       0.00       0.00       0.00       0.00       0.00       0.00       0.00       0.00       0.00       0.00       0.00       0.00       0.00       0.00       0.00       0.00       0.00       0.00       0.00       0.00       0.00       0.00       0.00       0.00       0.00       0.00       0.00       0.00       0.00       0.00       0.00       0.00       0.00       0.00       0.00       0.00       0.00       0.00       0.00       0.00       0.00       0.00       0.00       0.00       0.00       0.00       0.00       0.00       0.00       0.00       0.00       0.00       0.00       0.00       0.00       0.00       0.00       0.00       0.00       0.00       0.00       0.00       0.00       0.00       0.00       0.00       0.00       0.00       0.00       0.00       0.00       0.00       0.00       0.00       0.00       0.00       0.00       0.00       0.00       0.00       0.00       0.00       0.00       0.00       0.00       0.00       0.00       0.00       0.00       0.00       0.00       0.00       0.00       0.00       0.00       0.00       0.00       0.00       0.00       0.00       0.00       0.00       0.00       0.00       0.00       0.00       0.00       0.00       0.00       0.00       0.00       0.00       0.00       0.00       0.00       0.00       0.00       0.00       0.00       0.00       0.00       0.00       0.00      43.00       0.00       1.00       4.00       0.00       0.00       0.00       0.00       0.00       0.00
17시 09분 01초    1       0.00       0.00       0.00      45.00       0.00       0.00       0.00       0.00       0.00       0.00       0.00       0.00       0.00       0.00       0.00       0.00       0.00       0.00       0.00       0.00       0.00       0.00       0.00       0.00       0.00       0.00       0.00       0.00       0.00       0.00       0.00       0.00       0.00       0.00       0.00       0.00       0.00       0.00       0.00       0.00       0.00       0.00       0.00       0.00       0.00       0.00       0.00       0.00       0.00       0.00       0.00       0.00       0.00       0.00       0.00       0.00       0.00       0.00       0.00       0.00       0.00       0.00       0.00       0.00       0.00       0.00       0.00       0.00       0.00       0.00       0.00       0.00       0.00       0.00       0.00       0.00       0.00       0.00       0.00       0.00       0.00       0.00       0.00       0.00       0.00       0.00       0.00       0.00       0.00       0.00       0.00       0.00       0.00       0.00       0.00       0.00       0.00       0.00       0.00       0.00       0.00       0.00       0.00       0.00       0.00       0.00       0.00       0.00       0.00       0.00       0.00       0.00       0.00       0.00       0.00       0.00       0.00       0.00       0.00       0.00       0.00       0.00       0.00       0.00       0.00       0.00       0.00       0.00       0.00       0.00       0.00       0.00       0.00       0.00       0.00       0.00      13.00       5.00       0.00       0.00       0.00       0.00       0.00       0.00
17시 09분 01초    2       0.00       0.00       0.00      22.00       0.00       0.00       0.00       0.00       0.00       0.00       0.00       0.00       0.00       0.00       0.00       0.00       0.00       0.00       0.00       0.00       0.00       0.00       0.00       0.00       0.00       0.00       0.00       0.00       0.00       0.00       0.00       0.00       0.00       0.00       0.00       0.00       0.00       0.00       0.00       0.00       0.00       0.00       0.00       0.00       0.00       0.00       0.00       0.00       0.00       0.00       0.00       0.00       0.00       0.00       0.00       0.00       0.00       0.00       0.00       0.00       0.00       0.00       0.00       0.00       0.00       0.00       0.00       0.00       0.00       0.00       0.00       0.00       0.00       0.00       0.00       0.00       0.00       0.00       0.00       0.00       0.00       0.00       0.00       0.00       0.00       0.00       0.00       0.00       0.00       0.00       0.00       0.00       0.00       0.00       0.00       0.00       0.00       0.00       0.00       0.00       0.00       0.00       0.00       0.00       0.00       0.00       0.00       0.00       0.00       0.00       0.00       0.00       0.00       0.00       0.00       0.00       0.00       0.00       0.00       0.00       0.00       0.00       0.00       0.00       0.00       0.00       0.00       0.00       0.00       0.00       0.00       0.00       0.00       0.00       0.00       0.00       2.00       0.00       0.00       0.00       0.00       0.00       0.00       0.00
17시 09분 01초    3       0.00       0.00       0.00      65.00       0.00       0.00       0.00       0.00       0.00       0.00       0.00       0.00       0.00       0.00       0.00       0.00       0.00       0.00       0.00       0.00       0.00       0.00       0.00       0.00       0.00       0.00       0.00       0.00       0.00       0.00       0.00       0.00       0.00       0.00       0.00       0.00       0.00       0.00       0.00       0.00       0.00       0.00       0.00       0.00       0.00       0.00       0.00       0.00       0.00       0.00       0.00       0.00       0.00       0.00       0.00       0.00       0.00       0.00       0.00       0.00       0.00       0.00       0.00       0.00       0.00       0.00       0.00       0.00       0.00       0.00       0.00       0.00       0.00       0.00       0.00       0.00       0.00       0.00       0.00       0.00       0.00       0.00       0.00       0.00       0.00       0.00       0.00       0.00       0.00       0.00       0.00       0.00       0.00       0.00       0.00       0.00       0.00       0.00       0.00       0.00       0.00       0.00       0.00       0.00       0.00       0.00       0.00       0.00       0.00       0.00       0.00       0.00       0.00       0.00       0.00       0.00       0.00       0.00       0.00       0.00       0.00       0.00       0.00       0.00       0.00       0.00       0.00       0.00       0.00       0.00       0.00       0.00       0.00       0.00       0.00       0.00      12.00       0.00       0.00       0.00       0.00       0.00       0.00       0.00
17시 09분 01초    4       0.00       0.00       0.00      59.00       0.00       0.00       0.00       0.00       0.00       0.00       0.00       0.00       0.00       0.00       0.00       0.00       0.00       0.00       0.00       0.00       0.00       0.00       0.00       0.00       0.00       0.00       0.00       0.00       0.00       0.00       0.00       0.00       0.00       0.00       0.00       0.00       0.00       0.00       0.00       0.00       0.00       0.00       0.00       0.00       0.00       0.00       0.00       0.00       0.00       0.00       0.00       0.00       0.00       0.00       0.00       0.00       0.00       0.00       0.00       0.00       0.00       0.00       0.00       0.00       0.00       0.00       0.00       0.00       0.00       0.00       0.00       0.00       0.00       0.00       0.00       0.00       0.00       0.00       0.00       0.00       0.00       0.00       0.00       0.00       0.00       0.00       0.00       0.00       0.00       0.00       0.00       0.00       0.00       0.00       0.00       0.00       0.00       0.00       0.00       0.00       0.00       0.00       0.00       0.00       0.00       0.00       0.00       0.00       0.00       0.00       0.00       0.00       0.00       0.00       0.00       0.00       0.00       0.00       0.00       0.00       0.00       0.00       0.00       0.00       0.00       0.00       0.00       0.00       0.00       0.00       0.00       0.00       0.00       0.00       0.00       0.00       3.00       0.00       0.00       0.00       0.00       0.00       0.00       0.00
17시 09분 01초    5       0.00       0.00       0.00      57.00       0.00       0.00       0.00       0.00       0.00       0.00       0.00       0.00       0.00       0.00       0.00       0.00       0.00       0.00       0.00       0.00       0.00       0.00       0.00       0.00       0.00       0.00       0.00       0.00       0.00       0.00       0.00       0.00       0.00       0.00       0.00       0.00       0.00       0.00       0.00       0.00       0.00       0.00       0.00       0.00       0.00       0.00       0.00       0.00       0.00       0.00       0.00       0.00       0.00       0.00       0.00       0.00       0.00       0.00       0.00       0.00       0.00       0.00       0.00       0.00       0.00       0.00       0.00       0.00       0.00       0.00       0.00       0.00       0.00       0.00       0.00       0.00       0.00       0.00       0.00       0.00       0.00       0.00       0.00       0.00       0.00       0.00       0.00       0.00       0.00       0.00       0.00       0.00       0.00       0.00       0.00       0.00       0.00       0.00       0.00       0.00       0.00       0.00       0.00       0.00       0.00       0.00       0.00       0.00       0.00       0.00       0.00       0.00       0.00       0.00       0.00       0.00       0.00       0.00       0.00       0.00       0.00       0.00       0.00       0.00       0.00       0.00       0.00       0.00       0.00       0.00       0.00       0.00       0.00       0.00       0.00       0.00       3.00       0.00       0.00       0.00       0.00       0.00       0.00       0.00

17시 09분 00초  CPU       HI/s    TIMER/s   NET_TX/s   NET_RX/s    BLOCK/s IRQ_POLL/s  TASKLET/s    SCHED/s  HRTIMER/s      RCU/s
17시 09분 01초    0       0.00       6.00       1.00      40.00       0.00       0.00       0.00      23.00       0.00      17.00
17시 09분 01초    1       0.00      32.00       0.00       0.00       0.00       0.00       0.00      31.00       0.00      20.00
17시 09분 01초    2       0.00       9.00       0.00       0.00       0.00       0.00       0.00      13.00       0.00      12.00
17시 09분 01초    3       0.00      14.00       0.00       0.00       0.00       0.00       0.00      25.00       0.00      25.00
17시 09분 01초    4       0.00       2.00       0.00       0.00       0.00       0.00       0.00      20.00       0.00      36.00
17시 09분 01초    5       0.00      35.00       0.00       0.00       0.00       0.00       0.00      36.00       0.00      25.00

17시 09분 01초  CPU    %usr   %nice    %sys %iowait    %irq   %soft  %steal  %guest  %gnice   %idle
17시 09분 02초  all    0.50    0.00    1.84    0.00    0.00    0.17    0.00    0.00    0.00   97.49
17시 09분 02초    0    1.01    0.00    2.02    0.00    0.00    0.00    0.00    0.00    0.00   96.97
17시 09분 02초    1    0.00    0.00    0.00    0.00    0.00    1.00    0.00    0.00    0.00   99.00
17시 09분 02초    2    0.00    0.00    1.00    0.00    0.00    0.00    0.00    0.00    0.00   99.00
17시 09분 02초    3    0.00    0.00    1.01    0.00    0.00    0.00    0.00    0.00    0.00   98.99
17시 09분 02초    4    2.00    0.00    5.00    0.00    0.00    0.00    0.00    0.00    0.00   93.00
17시 09분 02초    5    0.00    0.00    2.00    0.00    0.00    0.00    0.00    0.00    0.00   98.00

17시 09분 01초  CPU    intr/s
17시 09분 02초  all    300.00
17시 09분 02초    0     52.00
17시 09분 02초    1     85.00
17시 09분 02초    2     39.00
17시 09분 02초    3     32.00
17시 09분 02초    4     56.00
17시 09분 02초    5     82.00

17시 09분 01초  CPU        9/s       11/s       12/s       13/s       18/s       20/s       21/s       22/s       23/s       24/s       25/s       26/s       27/s       28/s       29/s       30/s       31/s       32/s       33/s       34/s       35/s       36/s       37/s       38/s       39/s       40/s       41/s       42/s       43/s       44/s       45/s       46/s       47/s       48/s       49/s       50/s       51/s       52/s       53/s       54/s       55/s       57/s       59/s       61/s       65/s       66/s       67/s       68/s       69/s       70/s       71/s       72/s       73/s       74/s       75/s       76/s       77/s       79/s       80/s       81/s       82/s       83/s       84/s       85/s       86/s       87/s       88/s       89/s       90/s       91/s       92/s       93/s       94/s       95/s       96/s       97/s       98/s      112/s      113/s      114/s      115/s      116/s      117/s      118/s      119/s      120/s      121/s      122/s      123/s      124/s      125/s      126/s      127/s      128/s      129/s      130/s      131/s      132/s      133/s      134/s      135/s      136/s      137/s      138/s      150/s      154/s      162/s      167/s      171/s      224/s      228/s      229/s      230/s      231/s      232/s      233/s      234/s      235/s      236/s      237/s      245/s      246/s      247/s      249/s      250/s      252/s      253/s      262/s      263/s      294/s      296/s      297/s      298/s      299/s      301/s      302/s     IPI0/s     IPI1/s     IPI2/s     IPI3/s     IPI4/s     IPI5/s     IPI6/s      Err/s
17시 09분 02초    0       0.00       0.00       0.00      31.00       0.00       0.00       0.00       0.00       0.00       0.00       0.00       0.00       0.00       0.00       0.00       0.00       0.00       0.00       0.00       0.00       0.00       0.00       0.00       0.00       0.00       0.00       0.00       0.00       0.00       0.00       0.00       0.00       0.00       0.00       0.00       0.00       0.00       0.00       0.00       0.00       0.00       0.00       0.00       0.00       0.00       0.00       0.00       0.00       0.00       0.00       0.00       0.00       0.00       0.00       0.00       0.00       0.00       0.00       0.00       0.00       0.00       0.00       0.00       0.00       0.00       0.00       0.00       0.00       0.00       0.00       0.00       0.00       0.00       0.00       0.00       0.00       0.00       2.00       0.00       0.00       0.00       0.00       0.00       0.00       0.00       0.00       0.00       0.00       0.00       0.00       0.00       0.00       0.00       0.00       0.00       0.00       0.00       0.00       0.00       0.00       0.00       0.00       0.00       0.00       0.00      10.00       0.00       0.00       0.00       0.00       0.00       0.00       0.00       0.00       0.00       0.00       0.00       0.00       0.00       0.00       0.00       0.00       0.00       0.00       0.00       0.00       0.00       0.00       0.00       0.00       0.00       0.00       0.00       0.00      12.00       0.00       2.00       5.00       0.00       0.00       0.00       0.00       0.00       0.00
17시 09분 02초    1       0.00       0.00       0.00      45.00       0.00       0.00       0.00       0.00       0.00       0.00       0.00       0.00       0.00       0.00       0.00       0.00       0.00       0.00       0.00       0.00       0.00       0.00       0.00       0.00       0.00       0.00       0.00       0.00       0.00       0.00       0.00       0.00       0.00       0.00       0.00       0.00       0.00       0.00       0.00       0.00       0.00       0.00       0.00       0.00       0.00       0.00       0.00       0.00       0.00       0.00       0.00       0.00       0.00       0.00       0.00       0.00       0.00       0.00       0.00       0.00       0.00       0.00       0.00       0.00       0.00       0.00       0.00       0.00       0.00       0.00       0.00       0.00       0.00       0.00       0.00       0.00       0.00       0.00       0.00       0.00       0.00       0.00       0.00       0.00       0.00       0.00       0.00       0.00       0.00       0.00       0.00       0.00       0.00       0.00       0.00       0.00       0.00       0.00       0.00       0.00       0.00       0.00       0.00       0.00       0.00       0.00       0.00       0.00       0.00       0.00       0.00       0.00       0.00       0.00       0.00       0.00       0.00       0.00       0.00       0.00       0.00       0.00       0.00       0.00       0.00       0.00       0.00       0.00       0.00       0.00       0.00       0.00       0.00       0.00       0.00       0.00      11.00       3.00       0.00       0.00       0.00       0.00       0.00       0.00
17시 09분 02초    2       0.00       0.00       0.00      30.00       0.00       0.00       0.00       0.00       0.00       0.00       0.00       0.00       0.00       0.00       0.00       0.00       0.00       0.00       0.00       0.00       0.00       0.00       0.00       0.00       0.00       0.00       0.00       0.00       0.00       0.00       0.00       0.00       0.00       0.00       0.00       0.00       0.00       0.00       0.00       0.00       0.00       0.00       0.00       0.00       0.00       0.00       0.00       0.00       0.00       0.00       0.00       0.00       0.00       0.00       0.00       0.00       0.00       0.00       0.00       0.00       0.00       0.00       0.00       0.00       0.00       0.00       0.00       0.00       0.00       0.00       0.00       0.00       0.00       0.00       0.00       0.00       0.00       0.00       0.00       0.00       0.00       0.00       0.00       0.00       0.00       0.00       0.00       0.00       0.00       0.00       0.00       0.00       0.00       0.00       0.00       0.00       0.00       0.00       0.00       0.00       0.00       0.00       0.00       0.00       0.00       0.00       0.00       0.00       0.00       0.00       0.00       0.00       0.00       0.00       0.00       0.00       0.00       0.00       0.00       0.00       0.00       0.00       0.00       0.00       0.00       0.00       0.00       0.00       0.00       0.00       0.00       0.00       0.00       0.00       0.00       0.00       6.00       0.00       0.00       0.00       0.00       0.00       0.00       0.00
17시 09분 02초    3       0.00       0.00       0.00      19.00       0.00       0.00       0.00       0.00       0.00       0.00       0.00       0.00       0.00       0.00       0.00       0.00       0.00       0.00       0.00       0.00       0.00       0.00       0.00       0.00       0.00       0.00       0.00       0.00       0.00       0.00       0.00       0.00       0.00       0.00       0.00       0.00       0.00       0.00       0.00       0.00       0.00       0.00       0.00       0.00       0.00       0.00       0.00       0.00       0.00       0.00       0.00       0.00       0.00       0.00       0.00       0.00       0.00       0.00       0.00       0.00       0.00       0.00       0.00       0.00       0.00       0.00       0.00       0.00       0.00       0.00       0.00       0.00       0.00       0.00       0.00       0.00       0.00       0.00       0.00       0.00       0.00       0.00       0.00       0.00       0.00       0.00       0.00       0.00       0.00       0.00       0.00       0.00       0.00       0.00       0.00       0.00       0.00       0.00       0.00       0.00       0.00       0.00       0.00       0.00       0.00       0.00       0.00       0.00       0.00       0.00       0.00       0.00       0.00       0.00       0.00       0.00       0.00       0.00       0.00       0.00       0.00       0.00       0.00       0.00       0.00       0.00       0.00       0.00       0.00       0.00       0.00       0.00       0.00       0.00       0.00       0.00       3.00       0.00       0.00       0.00       0.00       0.00       0.00       0.00
17시 09분 02초    4       0.00       0.00       0.00      53.00       0.00       0.00       0.00       0.00       0.00       0.00       0.00       0.00       0.00       0.00       0.00       0.00       0.00       0.00       0.00       0.00       0.00       0.00       0.00       0.00       0.00       0.00       0.00       0.00       0.00       0.00       0.00       0.00       0.00       0.00       0.00       0.00       0.00       0.00       0.00       0.00       0.00       0.00       0.00       0.00       0.00       0.00       0.00       0.00       0.00       0.00       0.00       0.00       0.00       0.00       0.00       0.00       0.00       0.00       0.00       0.00       0.00       0.00       0.00       0.00       0.00       0.00       0.00       0.00       0.00       0.00       0.00       0.00       0.00       0.00       0.00       0.00       0.00       0.00       0.00       0.00       0.00       0.00       0.00       0.00       0.00       0.00       0.00       0.00       0.00       0.00       0.00       0.00       0.00       0.00       0.00       0.00       0.00       0.00       0.00       0.00       0.00       0.00       0.00       0.00       0.00       0.00       0.00       0.00       0.00       0.00       0.00       0.00       0.00       0.00       0.00       0.00       0.00       0.00       0.00       0.00       0.00       0.00       0.00       0.00       0.00       0.00       0.00       0.00       0.00       0.00       0.00       0.00       0.00       0.00       0.00       0.00       3.00       0.00       0.00       0.00       0.00       0.00       0.00       0.00
17시 09분 02초    5       0.00       0.00       0.00      57.00       0.00       0.00       0.00       0.00       0.00       0.00       0.00       0.00       0.00       0.00       0.00       0.00       0.00       0.00       0.00       0.00       0.00       0.00       0.00       0.00       0.00       0.00       0.00       0.00       0.00       0.00       0.00       0.00       0.00       0.00       0.00       0.00       0.00       0.00       0.00       0.00       0.00       0.00       0.00       0.00       0.00       0.00       0.00       0.00       0.00       0.00       0.00       0.00       0.00       0.00       0.00       0.00       0.00       0.00       0.00       0.00       0.00       0.00       0.00       0.00       0.00       0.00       0.00       0.00       0.00       0.00       0.00       0.00       0.00       0.00       0.00       0.00       0.00       0.00       0.00       0.00       0.00       0.00       0.00       0.00       0.00       0.00       0.00       0.00       0.00       0.00       0.00       0.00       0.00       0.00       0.00       0.00       0.00       0.00       0.00       0.00       0.00       0.00       0.00       0.00       0.00       0.00       0.00       0.00       0.00       0.00       0.00       0.00       0.00       0.00       0.00       0.00       0.00       0.00       0.00       0.00       0.00       0.00       0.00       0.00       0.00       0.00       0.00       0.00       0.00       0.00       0.00       0.00       0.00       0.00       0.00       0.00       7.00       0.00       0.00       0.00       0.00       0.00       0.00       0.00

17시 09분 01초  CPU       HI/s    TIMER/s   NET_TX/s   NET_RX/s    BLOCK/s IRQ_POLL/s  TASKLET/s    SCHED/s  HRTIMER/s      RCU/s
17시 09분 02초    0       0.00       7.00       1.00      11.00       0.00       0.00       0.00      17.00       0.00      16.00
17시 09분 02초    1       0.00      39.00       0.00       0.00       0.00       0.00       0.00      31.00       0.00      15.00
17시 09분 02초    2       0.00      10.00       0.00       0.00       0.00       0.00       0.00      14.00       0.00      15.00
17시 09분 02초    3       0.00       7.00       0.00       0.00       0.00       0.00       0.00      10.00       0.00      15.00
17시 09분 02초    4       0.00       2.00       0.00       0.00       0.00       0.00       0.00      18.00       0.00      36.00
17시 09분 02초    5       0.00      32.00       0.00       0.00       0.00       0.00       0.00      31.00       0.00      19.00

17시 09분 02초  CPU    %usr   %nice    %sys %iowait    %irq   %soft  %steal  %guest  %gnice   %idle
17시 09분 03초  all    1.00    0.00    1.50    0.00    0.17    0.00    0.00    0.00    0.00   97.33
17시 09분 03초    0    0.98    0.00    3.92    0.00    0.98    0.00    0.00    0.00    0.00   94.12
17시 09분 03초    1    0.00    0.00    0.00    0.00    0.00    0.00    0.00    0.00    0.00  100.00
17시 09분 03초    2    0.00    0.00    0.99    0.00    0.00    0.00    0.00    0.00    0.00   99.01
17시 09분 03초    3    1.01    0.00    0.00    0.00    0.00    0.00    0.00    0.00    0.00   98.99
17시 09분 03초    4    3.03    0.00    4.04    0.00    0.00    0.00    0.00    0.00    0.00   92.93
17시 09분 03초    5    1.01    0.00    0.00    0.00    0.00    0.00    0.00    0.00    0.00   98.99

17시 09분 02초  CPU    intr/s
17시 09분 03초  all    291.00
17시 09분 03초    0     74.00
17시 09분 03초    1    108.00
17시 09분 03초    2     34.00
17시 09분 03초    3     50.00
17시 09분 03초    4     58.00
17시 09분 03초    5     44.00

17시 09분 02초  CPU        9/s       11/s       12/s       13/s       18/s       20/s       21/s       22/s       23/s       24/s       25/s       26/s       27/s       28/s       29/s       30/s       31/s       32/s       33/s       34/s       35/s       36/s       37/s       38/s       39/s       40/s       41/s       42/s       43/s       44/s       45/s       46/s       47/s       48/s       49/s       50/s       51/s       52/s       53/s       54/s       55/s       57/s       59/s       61/s       65/s       66/s       67/s       68/s       69/s       70/s       71/s       72/s       73/s       74/s       75/s       76/s       77/s       79/s       80/s       81/s       82/s       83/s       84/s       85/s       86/s       87/s       88/s       89/s       90/s       91/s       92/s       93/s       94/s       95/s       96/s       97/s       98/s      112/s      113/s      114/s      115/s      116/s      117/s      118/s      119/s      120/s      121/s      122/s      123/s      124/s      125/s      126/s      127/s      128/s      129/s      130/s      131/s      132/s      133/s      134/s      135/s      136/s      137/s      138/s      150/s      154/s      162/s      167/s      171/s      224/s      228/s      229/s      230/s      231/s      232/s      233/s      234/s      235/s      236/s      237/s      245/s      246/s      247/s      249/s      250/s      252/s      253/s      262/s      263/s      294/s      296/s      297/s      298/s      299/s      301/s      302/s     IPI0/s     IPI1/s     IPI2/s     IPI3/s     IPI4/s     IPI5/s     IPI6/s      Err/s
17시 09분 03초    0       0.00       0.00       0.00      29.00       0.00       0.00       0.00       0.00       0.00       0.00       0.00       0.00       0.00       0.00       0.00       0.00       0.00       0.00       0.00       0.00       0.00       0.00       0.00       0.00       0.00       0.00       0.00       0.00       0.00       0.00       0.00       0.00       0.00       0.00       0.00       0.00       0.00       0.00       0.00       0.00       0.00       0.00       0.00       0.00       0.00       0.00       0.00       0.00       0.00       0.00       0.00       0.00       0.00       0.00       0.00       0.00       0.00       0.00       0.00       0.00       0.00       0.00       0.00       0.00       0.00       0.00       0.00       0.00       0.00       0.00       0.00       0.00       0.00       0.00       0.00       0.00       0.00       0.00       0.00       0.00       0.00       0.00       0.00       0.00       0.00       0.00       0.00       0.00       0.00       0.00       0.00       0.00       0.00       0.00       0.00       0.00       0.00       0.00       0.00       0.00       0.00       0.00       0.00       0.00       0.00       0.00       0.00       0.00       0.00       0.00       0.00       0.00       0.00       0.00       0.00       0.00       0.00       0.00       0.00       0.00       0.00       0.00       0.00       0.00       0.00       0.00       0.00       0.00       0.00       0.00       0.00       0.00       0.00       0.00      36.00       0.00       1.00       5.00       0.00       0.00       0.00       0.00       0.00       0.00
17시 09분 03초    1       0.00       0.00       0.00      59.00       0.00       0.00       0.00       0.00       0.00       0.00       0.00       0.00       0.00       0.00       0.00       0.00       0.00       0.00       0.00       0.00       0.00       0.00       0.00       0.00       0.00       0.00       0.00       0.00       0.00       0.00       0.00       0.00       0.00       0.00       0.00       0.00       0.00       0.00       0.00       0.00       0.00       0.00       0.00       0.00       0.00       0.00       0.00       0.00       0.00       0.00       0.00       0.00       0.00       0.00       0.00       0.00       0.00       0.00       0.00       0.00       0.00       0.00       0.00       0.00       0.00       0.00       0.00       0.00       0.00       0.00       0.00       0.00       0.00       0.00       0.00       0.00       0.00       0.00       0.00       0.00       0.00       0.00       0.00       0.00       0.00       0.00       0.00       0.00       0.00       0.00       0.00       0.00       0.00       0.00       0.00       0.00       0.00       0.00       0.00       0.00       0.00       0.00       0.00       0.00       0.00       0.00       0.00       0.00       0.00       0.00       0.00       0.00       0.00       0.00       0.00       0.00       0.00       0.00       0.00       0.00       0.00       0.00       0.00       0.00       0.00       0.00       0.00       0.00       0.00       0.00       0.00       0.00       0.00       0.00       0.00       0.00      10.00       2.00       0.00       0.00       0.00       0.00       0.00       0.00
17시 09분 03초    2       0.00       0.00       0.00      18.00       0.00       0.00       0.00       0.00       0.00       0.00       0.00       0.00       0.00       0.00       0.00       0.00       0.00       0.00       0.00       0.00       0.00       0.00       0.00       0.00       0.00       0.00       0.00       0.00       0.00       0.00       0.00       0.00       0.00       0.00       0.00       0.00       0.00       0.00       0.00       0.00       0.00       0.00       0.00       0.00       0.00       0.00       0.00       0.00       0.00       0.00       0.00       0.00       0.00       0.00       0.00       0.00       0.00       0.00       0.00       0.00       0.00       0.00       0.00       0.00       0.00       0.00       0.00       0.00       0.00       0.00       0.00       0.00       0.00       0.00       0.00       0.00       0.00       0.00       0.00       0.00       0.00       0.00       0.00       0.00       0.00       0.00       0.00       0.00       0.00       0.00       0.00       0.00       0.00       0.00       0.00       0.00       0.00       0.00       0.00       0.00       0.00       0.00       0.00       0.00       0.00       0.00       0.00       0.00       0.00       0.00       0.00       0.00       0.00       0.00       0.00       0.00       0.00       0.00       0.00       0.00       0.00       0.00       0.00       0.00       0.00       0.00       0.00       0.00       0.00       0.00       0.00       0.00       0.00       0.00       0.00       0.00       0.00       0.00       0.00       0.00       0.00       0.00       0.00       0.00
17시 09분 03초    3       0.00       0.00       0.00      27.00       0.00       0.00       0.00       0.00       0.00       0.00       0.00       0.00       0.00       0.00       0.00       0.00       0.00       0.00       0.00       0.00       0.00       0.00       0.00       0.00       0.00       0.00       0.00       0.00       0.00       0.00       0.00       0.00       0.00       0.00       0.00       0.00       0.00       0.00       0.00       0.00       0.00       0.00       0.00       0.00       0.00       0.00       0.00       0.00       0.00       0.00       0.00       0.00       0.00       0.00       0.00       0.00       0.00       0.00       0.00       0.00       0.00       0.00       0.00       0.00       0.00       0.00       0.00       0.00       0.00       0.00       0.00       0.00       0.00       0.00       0.00       0.00       0.00       0.00       0.00       0.00       0.00       0.00       0.00       0.00       0.00       0.00       0.00       0.00       0.00       0.00       0.00       0.00       0.00       0.00       0.00       0.00       0.00       0.00       0.00       0.00       0.00       0.00       0.00       0.00       0.00       0.00       0.00       0.00       0.00       0.00       0.00       0.00       0.00       0.00       0.00       0.00       0.00       0.00       0.00       0.00       0.00       0.00       0.00       0.00       0.00       0.00       0.00       0.00       0.00       0.00       0.00       0.00       0.00       0.00       0.00       0.00       9.00       0.00       0.00       0.00       0.00       0.00       0.00       0.00
17시 09분 03초    4       0.00       0.00       0.00      64.00       0.00       0.00       0.00       0.00       0.00       0.00       0.00       0.00       0.00       0.00       0.00       0.00       0.00       0.00       0.00       0.00       0.00       0.00       0.00       0.00       0.00       0.00       0.00       0.00       0.00       0.00       0.00       0.00       0.00       0.00       0.00       0.00       0.00       0.00       0.00       0.00       0.00       0.00       0.00       0.00       0.00       0.00       0.00       0.00       0.00       0.00       0.00       0.00       0.00       0.00       0.00       0.00       0.00       0.00       0.00       0.00       0.00       0.00       0.00       0.00       0.00       0.00       0.00       0.00       0.00       0.00       0.00       0.00       0.00       0.00       0.00       0.00       0.00       0.00       0.00       0.00       0.00       0.00       0.00       0.00       0.00       0.00       0.00       0.00       0.00       0.00       0.00       0.00       0.00       0.00       0.00       0.00       0.00       0.00       0.00       0.00       0.00       0.00       0.00       0.00       0.00       0.00       0.00       0.00       0.00       0.00       0.00       0.00       0.00       0.00       0.00       0.00       0.00       0.00       0.00       0.00       0.00       0.00       0.00       0.00       0.00       0.00       0.00       0.00       0.00       0.00       0.00       0.00       0.00       0.00       0.00       0.00       2.00       0.00       0.00       0.00       0.00       0.00       0.00       0.00
17시 09분 03초    5       0.00       0.00       0.00      26.00       0.00       0.00       0.00       0.00       0.00       0.00       0.00       0.00       0.00       0.00       0.00       0.00       0.00       0.00       0.00       0.00       0.00       0.00       0.00       0.00       0.00       0.00       0.00       0.00       0.00       0.00       0.00       0.00       0.00       0.00       0.00       0.00       0.00       0.00       0.00       0.00       0.00       0.00       0.00       0.00       0.00       0.00       0.00       0.00       0.00       0.00       0.00       0.00       0.00       0.00       0.00       0.00       0.00       0.00       0.00       0.00       0.00       0.00       0.00       0.00       0.00       0.00       0.00       0.00       0.00       0.00       0.00       0.00       0.00       0.00       0.00       0.00       0.00       0.00       0.00       0.00       0.00       0.00       0.00       0.00       0.00       0.00       0.00       0.00       0.00       0.00       0.00       0.00       0.00       0.00       0.00       0.00       0.00       0.00       0.00       0.00       0.00       0.00       0.00       0.00       0.00       0.00       0.00       0.00       0.00       0.00       0.00       0.00       0.00       0.00       0.00       0.00       0.00       0.00       0.00       0.00       0.00       0.00       0.00       0.00       0.00       0.00       0.00       0.00       0.00       0.00       0.00       0.00       0.00       0.00       0.00       0.00       3.00       0.00       0.00       0.00       0.00       0.00       0.00       0.00

17시 09분 02초  CPU       HI/s    TIMER/s   NET_TX/s   NET_RX/s    BLOCK/s IRQ_POLL/s  TASKLET/s    SCHED/s  HRTIMER/s      RCU/s
17시 09분 03초    0       0.00       6.00       0.00      33.00       0.00       0.00       0.00      17.00       0.00      18.00
17시 09분 03초    1       0.00      47.00       0.00       0.00       0.00       0.00       0.00      40.00       0.00      21.00
17시 09분 03초    2       0.00      10.00       0.00       0.00       0.00       0.00       0.00      11.00       0.00      13.00
17시 09분 03초    3       0.00      14.00       0.00       0.00       0.00       0.00       0.00      17.00       0.00      19.00
17시 09분 03초    4       0.00       1.00       0.00       0.00       0.00       0.00       0.00      19.00       0.00      38.00
17시 09분 03초    5       0.00      14.00       0.00       0.00       0.00       0.00       0.00      14.00       0.00      16.00

17시 09분 03초  CPU    %usr   %nice    %sys %iowait    %irq   %soft  %steal  %guest  %gnice   %idle
17시 09분 04초  all    0.67    0.00    1.67    0.00    0.00    0.00    0.00    0.00    0.00   97.66
17시 09분 04초    0    2.00    0.00    1.00    0.00    0.00    0.00    0.00    0.00    0.00   97.00
17시 09분 04초    1    0.00    0.00    0.00    0.00    0.00    0.00    0.00    0.00    0.00  100.00
17시 09분 04초    2    0.00    0.00    0.00    0.00    0.00    0.00    0.00    0.00    0.00  100.00
17시 09분 04초    3    0.00    0.00    2.00    0.00    0.00    0.00    0.00    0.00    0.00   98.00
17시 09분 04초    4    1.98    0.00    5.94    0.00    0.00    0.00    0.00    0.00    0.00   92.08
17시 09분 04초    5    0.00    0.00    1.01    0.00    0.00    0.00    0.00    0.00    0.00   98.99

17시 09분 03초  CPU    intr/s
17시 09분 04초  all    291.00
17시 09분 04초    0     51.00
17시 09분 04초    1    115.00
17시 09분 04초    2     38.00
17시 09분 04초    3     40.00
17시 09분 04초    4     60.00
17시 09분 04초    5     63.00

17시 09분 03초  CPU        9/s       11/s       12/s       13/s       18/s       20/s       21/s       22/s       23/s       24/s       25/s       26/s       27/s       28/s       29/s       30/s       31/s       32/s       33/s       34/s       35/s       36/s       37/s       38/s       39/s       40/s       41/s       42/s       43/s       44/s       45/s       46/s       47/s       48/s       49/s       50/s       51/s       52/s       53/s       54/s       55/s       57/s       59/s       61/s       65/s       66/s       67/s       68/s       69/s       70/s       71/s       72/s       73/s       74/s       75/s       76/s       77/s       79/s       80/s       81/s       82/s       83/s       84/s       85/s       86/s       87/s       88/s       89/s       90/s       91/s       92/s       93/s       94/s       95/s       96/s       97/s       98/s      112/s      113/s      114/s      115/s      116/s      117/s      118/s      119/s      120/s      121/s      122/s      123/s      124/s      125/s      126/s      127/s      128/s      129/s      130/s      131/s      132/s      133/s      134/s      135/s      136/s      137/s      138/s      150/s      154/s      162/s      167/s      171/s      224/s      228/s      229/s      230/s      231/s      232/s      233/s      234/s      235/s      236/s      237/s      245/s      246/s      247/s      249/s      250/s      252/s      253/s      262/s      263/s      294/s      296/s      297/s      298/s      299/s      301/s      302/s     IPI0/s     IPI1/s     IPI2/s     IPI3/s     IPI4/s     IPI5/s     IPI6/s      Err/s
17시 09분 04초    0       0.00       0.00       0.00      22.00       0.00       0.00       0.00       0.00       0.00       0.00       0.00       0.00       0.00       0.00       0.00       0.00       0.00       0.00       0.00       0.00       0.00       0.00       0.00       0.00       0.00       0.00       0.00       0.00       0.00       0.00       0.00       0.00       0.00       0.00       0.00       0.00       0.00       0.00       0.00       0.00       0.00       0.00       0.00       0.00       0.00       0.00       0.00       0.00       0.00       0.00       0.00       0.00       0.00       0.00       0.00       0.00       0.00       0.00       0.00       0.00       0.00       0.00       0.00       0.00       0.00       0.00       0.00       0.00       0.00       0.00       0.00       0.00       0.00       0.00       0.00       0.00       0.00       0.00       0.00       0.00       0.00       0.00       0.00       0.00       0.00       0.00       0.00       0.00       0.00       0.00       0.00       0.00       0.00       0.00       0.00       0.00       0.00       0.00       0.00       0.00       0.00       0.00       0.00       0.00       0.00       5.00       0.00       0.00       0.00       0.00       0.00       0.00       0.00       0.00       0.00       0.00       0.00       0.00       0.00       0.00       0.00       0.00       0.00       0.00       0.00       0.00       0.00       0.00       0.00       0.00       0.00       0.00       0.00       0.00      24.00       0.00       0.00       3.00       0.00       0.00       0.00       0.00       0.00       0.00
17시 09분 04초    1       0.00       0.00       0.00      62.00       0.00       0.00       0.00       0.00       0.00       0.00       0.00       0.00       0.00       0.00       0.00       0.00       0.00       0.00       0.00       0.00       0.00       0.00       0.00       0.00       0.00       0.00       0.00       0.00       0.00       0.00       0.00       0.00       0.00       0.00       0.00       0.00       0.00       0.00       0.00       0.00       0.00       0.00       0.00       0.00       0.00       0.00       0.00       0.00       0.00       0.00       0.00       0.00       0.00       0.00       0.00       0.00       0.00       0.00       0.00       0.00       0.00       0.00       0.00       0.00       0.00       0.00       0.00       0.00       0.00       0.00       0.00       0.00       0.00       0.00       0.00       0.00       0.00       0.00       0.00       0.00       0.00       0.00       0.00       0.00       0.00       0.00       0.00       0.00       0.00       0.00       0.00       0.00       0.00       0.00       0.00       0.00       0.00       0.00       0.00       0.00       0.00       0.00       0.00       0.00       0.00       0.00       0.00       0.00       0.00       0.00       0.00       0.00       0.00       0.00       0.00       0.00       0.00       0.00       0.00       0.00       0.00       0.00       0.00       0.00       0.00       0.00       0.00       0.00       0.00       0.00       0.00       0.00       0.00       0.00       0.00       0.00      13.00       3.00       0.00       0.00       0.00       0.00       0.00       0.00
17시 09분 04초    2       0.00       0.00       0.00      29.00       0.00       0.00       0.00       0.00       0.00       0.00       0.00       0.00       0.00       0.00       0.00       0.00       0.00       0.00       0.00       0.00       0.00       0.00       0.00       0.00       0.00       0.00       0.00       0.00       0.00       0.00       0.00       0.00       0.00       0.00       0.00       0.00       0.00       0.00       0.00       0.00       0.00       0.00       0.00       0.00       0.00       0.00       0.00       0.00       0.00       0.00       0.00       0.00       0.00       0.00       0.00       0.00       0.00       0.00       0.00       0.00       0.00       0.00       0.00       0.00       0.00       0.00       0.00       0.00       0.00       0.00       0.00       0.00       0.00       0.00       0.00       0.00       0.00       0.00       0.00       0.00       0.00       0.00       0.00       0.00       0.00       0.00       0.00       0.00       0.00       0.00       0.00       0.00       0.00       0.00       0.00       0.00       0.00       0.00       0.00       0.00       0.00       0.00       0.00       0.00       0.00       0.00       0.00       0.00       0.00       0.00       0.00       0.00       0.00       0.00       0.00       0.00       0.00       0.00       0.00       0.00       0.00       0.00       0.00       0.00       0.00       0.00       0.00       0.00       0.00       0.00       0.00       0.00       0.00       0.00       0.00       0.00       7.00       0.00       0.00       0.00       0.00       0.00       0.00       0.00
17시 09분 04초    3       0.00       0.00       0.00      22.00       0.00       0.00       0.00       0.00       0.00       0.00       0.00       0.00       0.00       0.00       0.00       0.00       0.00       0.00       0.00       0.00       0.00       0.00       0.00       0.00       0.00       0.00       0.00       0.00       0.00       0.00       0.00       0.00       0.00       0.00       0.00       0.00       0.00       0.00       0.00       0.00       0.00       0.00       0.00       0.00       0.00       0.00       0.00       0.00       0.00       0.00       0.00       0.00       0.00       0.00       0.00       0.00       0.00       0.00       0.00       0.00       0.00       0.00       0.00       0.00       0.00       0.00       0.00       0.00       0.00       0.00       0.00       0.00       0.00       0.00       0.00       0.00       0.00       0.00       0.00       0.00       0.00       0.00       0.00       0.00       0.00       0.00       0.00       0.00       0.00       0.00       0.00       0.00       0.00       0.00       0.00       0.00       0.00       0.00       0.00       0.00       0.00       0.00       0.00       0.00       0.00       0.00       0.00       0.00       0.00       0.00       0.00       0.00       0.00       0.00       0.00       0.00       0.00       0.00       0.00       0.00       0.00       0.00       0.00       0.00       0.00       0.00       0.00       0.00       0.00       0.00       0.00       0.00       0.00       0.00       0.00       0.00       6.00       0.00       0.00       0.00       0.00       0.00       0.00       0.00
17시 09분 04초    4       0.00       0.00       0.00      60.00       0.00       0.00       0.00       0.00       0.00       0.00       0.00       0.00       0.00       0.00       0.00       0.00       0.00       0.00       0.00       0.00       0.00       0.00       0.00       0.00       0.00       0.00       0.00       0.00       0.00       0.00       0.00       0.00       0.00       0.00       0.00       0.00       0.00       0.00       0.00       0.00       0.00       0.00       0.00       0.00       0.00       0.00       0.00       0.00       0.00       0.00       0.00       0.00       0.00       0.00       0.00       0.00       0.00       0.00       0.00       0.00       0.00       0.00       0.00       0.00       0.00       0.00       0.00       0.00       0.00       0.00       0.00       0.00       0.00       0.00       0.00       0.00       0.00       0.00       0.00       0.00       0.00       0.00       0.00       0.00       0.00       0.00       0.00       0.00       0.00       0.00       0.00       0.00       0.00       0.00       0.00       0.00       0.00       0.00       0.00       0.00       0.00       0.00       0.00       0.00       0.00       0.00       0.00       0.00       0.00       0.00       0.00       0.00       0.00       0.00       0.00       0.00       0.00       0.00       0.00       0.00       0.00       0.00       0.00       0.00       0.00       0.00       0.00       0.00       0.00       0.00       0.00       0.00       0.00       0.00       0.00       0.00       1.00       0.00       0.00       0.00       0.00       0.00       0.00       0.00
17시 09분 04초    5       0.00       0.00       0.00      33.00       0.00       0.00       0.00       0.00       0.00       0.00       0.00       0.00       0.00       0.00       0.00       0.00       0.00       0.00       0.00       0.00       0.00       0.00       0.00       0.00       0.00       0.00       0.00       0.00       0.00       0.00       0.00       0.00       0.00       0.00       0.00       0.00       0.00       0.00       0.00       0.00       0.00       0.00       0.00       0.00       0.00       0.00       0.00       0.00       0.00       0.00       0.00       0.00       0.00       0.00       0.00       0.00       0.00       0.00       0.00       0.00       0.00       0.00       0.00       0.00       0.00       0.00       0.00       0.00       0.00       0.00       0.00       0.00       0.00       0.00       0.00       0.00       0.00       0.00       0.00       0.00       0.00       0.00       0.00       0.00       0.00       0.00       0.00       0.00       0.00       0.00       0.00       0.00       0.00       0.00       0.00       0.00       0.00       0.00       0.00       0.00       0.00       0.00       0.00       0.00       0.00       0.00       0.00       0.00       0.00       0.00       0.00       0.00       0.00       0.00       0.00       0.00       0.00       0.00       0.00       0.00       0.00       0.00       0.00       0.00       0.00       0.00       0.00       0.00       0.00       0.00       0.00       0.00       0.00       0.00       0.00       0.00       1.00       0.00       0.00       0.00       0.00       0.00       0.00       0.00

17시 09분 03초  CPU       HI/s    TIMER/s   NET_TX/s   NET_RX/s    BLOCK/s IRQ_POLL/s  TASKLET/s    SCHED/s  HRTIMER/s      RCU/s
17시 09분 04초    0       0.00       3.00       0.00      22.00       0.00       0.00       0.00      11.00       0.00      15.00
17시 09분 04초    1       0.00      51.00       0.00       0.00       0.00       0.00       0.00      42.00       0.00      22.00
17시 09분 04초    2       0.00       9.00       0.00       0.00       0.00       0.00       0.00      14.00       0.00      15.00
17시 09분 04초    3       0.00      10.00       0.00       0.00       0.00       0.00       0.00      13.00       0.00      17.00
17시 09분 04초    4       0.00       2.00       0.00       0.00       0.00       0.00       0.00      20.00       0.00      38.00
17시 09분 04초    5       0.00      19.00       0.00       0.00       0.00       0.00       0.00      21.00       0.00      23.00

17시 09분 04초  CPU    %usr   %nice    %sys %iowait    %irq   %soft  %steal  %guest  %gnice   %idle
17시 09분 05초  all    0.67    0.00    4.19    1.68    0.00    0.17    0.00    0.00    0.00   93.30
17시 09분 05초    0    1.00    0.00    3.00    0.00    0.00    1.00    0.00    0.00    0.00   95.00
17시 09분 05초    1    0.00    0.00    0.00    0.00    0.00    0.00    0.00    0.00    0.00  100.00
17시 09분 05초    2    0.00    0.00    0.00    3.03    0.00    0.00    0.00    0.00    0.00   96.97
17시 09분 05초    3    1.00    0.00   15.00    3.00    0.00    0.00    0.00    0.00    0.00   81.00
17시 09분 05초    4    1.02    0.00    5.10    0.00    0.00    0.00    0.00    0.00    0.00   93.88
17시 09분 05초    5    0.99    0.00    1.98    3.96    0.00    0.00    0.00    0.00    0.00   93.07

17시 09분 04초  CPU    intr/s
17시 09분 05초  all    940.00
17시 09분 05초    0    231.00
17시 09분 05초    1    106.00
17시 09분 05초    2     42.00
17시 09분 05초    3     87.00
17시 09분 05초    4     67.00
17시 09분 05초    5     95.00

17시 09분 04초  CPU        9/s       11/s       12/s       13/s       18/s       20/s       21/s       22/s       23/s       24/s       25/s       26/s       27/s       28/s       29/s       30/s       31/s       32/s       33/s       34/s       35/s       36/s       37/s       38/s       39/s       40/s       41/s       42/s       43/s       44/s       45/s       46/s       47/s       48/s       49/s       50/s       51/s       52/s       53/s       54/s       55/s       57/s       59/s       61/s       65/s       66/s       67/s       68/s       69/s       70/s       71/s       72/s       73/s       74/s       75/s       76/s       77/s       79/s       80/s       81/s       82/s       83/s       84/s       85/s       86/s       87/s       88/s       89/s       90/s       91/s       92/s       93/s       94/s       95/s       96/s       97/s       98/s      112/s      113/s      114/s      115/s      116/s      117/s      118/s      119/s      120/s      121/s      122/s      123/s      124/s      125/s      126/s      127/s      128/s      129/s      130/s      131/s      132/s      133/s      134/s      135/s      136/s      137/s      138/s      150/s      154/s      162/s      167/s      171/s      224/s      228/s      229/s      230/s      231/s      232/s      233/s      234/s      235/s      236/s      237/s      245/s      246/s      247/s      249/s      250/s      252/s      253/s      262/s      263/s      294/s      296/s      297/s      298/s      299/s      301/s      302/s     IPI0/s     IPI1/s     IPI2/s     IPI3/s     IPI4/s     IPI5/s     IPI6/s      Err/s
17시 09분 05초    0       0.00       0.00       0.00      92.00       0.00       0.00       0.00       0.00       0.00       0.00       0.00       0.00       0.00       0.00       0.00       0.00       0.00       0.00       0.00       0.00       0.00       0.00       0.00       0.00       0.00       0.00       0.00       0.00       0.00       0.00       0.00       0.00       0.00       0.00       0.00       0.00       0.00       0.00       0.00       0.00       0.00       0.00       0.00       0.00       0.00       0.00     134.00       0.00       0.00       0.00       0.00       0.00       0.00       0.00       0.00       0.00       0.00       0.00       0.00       0.00       0.00       0.00       0.00       0.00       0.00       0.00       0.00       0.00       0.00       0.00       0.00       0.00       0.00       0.00       0.00       0.00       0.00       0.00       0.00       0.00       0.00       0.00       0.00       0.00       0.00       0.00       0.00       0.00       0.00       0.00       0.00       0.00       0.00       0.00       0.00       0.00       0.00       0.00       0.00       0.00       0.00       0.00       0.00       0.00       0.00      40.00       0.00       0.00       0.00       0.00       0.00       0.00       0.00       0.00       0.00       0.00       0.00       0.00       0.00       0.00       0.00       0.00       0.00       0.00       0.00       0.00       0.00       0.00       0.00       0.00       0.00       0.00       0.00       0.00     153.00       0.00      15.00      11.00       0.00       0.00       0.00       1.00       0.00       0.00
17시 09분 05초    1       0.00       0.00       0.00      64.00       0.00       0.00       0.00       0.00       0.00       0.00       0.00       0.00       0.00       0.00       0.00       0.00       0.00       0.00       0.00       0.00       0.00       0.00       0.00       0.00       0.00       0.00       0.00       0.00       0.00       0.00       0.00       0.00       0.00       0.00       0.00       0.00       0.00       0.00       0.00       0.00       0.00       0.00       0.00       0.00       0.00       0.00       0.00       0.00       0.00       0.00       0.00       0.00       0.00       0.00       0.00       0.00       0.00       0.00       0.00       0.00       0.00       0.00       0.00       0.00       0.00       0.00       0.00       0.00       0.00       0.00       0.00       0.00       0.00       0.00       0.00       0.00       0.00       0.00       0.00       0.00       0.00       0.00       0.00       0.00       0.00       0.00       0.00       0.00       0.00       0.00       0.00       0.00       0.00       0.00       0.00       0.00       0.00       0.00       0.00       0.00       0.00       0.00       0.00       0.00       0.00       0.00       0.00       0.00       0.00       0.00       0.00       0.00       0.00       0.00       0.00       0.00       0.00       0.00       0.00       0.00       0.00       0.00       0.00       0.00       0.00       0.00       0.00       0.00       0.00       0.00       0.00       0.00       0.00       0.00       0.00       0.00      24.00       2.00       0.00       0.00       0.00       1.00       0.00       0.00
17시 09분 05초    2       0.00       0.00       0.00      29.00       0.00       0.00       0.00       0.00       0.00       0.00       0.00       0.00       0.00       0.00       0.00       0.00       0.00       0.00       0.00       0.00       0.00       0.00       0.00       0.00       0.00       0.00       0.00       0.00       0.00       0.00       0.00       0.00       0.00       0.00       0.00       0.00       0.00       0.00       0.00       0.00       0.00       0.00       0.00       0.00       0.00       0.00       0.00       0.00       0.00       0.00       0.00       0.00       0.00       0.00       0.00       0.00       0.00       0.00       0.00       0.00       0.00       0.00       0.00       0.00       0.00       0.00       0.00       0.00       0.00       0.00       0.00       0.00       0.00       0.00       0.00       0.00       0.00       0.00       0.00       0.00       0.00       0.00       0.00       0.00       0.00       0.00       0.00       0.00       0.00       0.00       0.00       0.00       0.00       0.00       0.00       0.00       0.00       0.00       0.00       0.00       0.00       0.00       0.00       0.00       0.00       0.00       0.00       0.00       0.00       0.00       0.00       0.00       0.00       0.00       0.00       0.00       0.00       0.00       0.00       0.00       0.00       0.00       0.00       0.00       0.00       0.00       0.00       0.00       0.00       0.00       0.00       0.00       0.00       0.00       0.00       0.00      12.00       1.00       0.00       0.00       0.00       1.00       0.00       0.00
17시 09분 05초    3       0.00       0.00       0.00      61.00       0.00       0.00       0.00       0.00       0.00       0.00       0.00       0.00       0.00       0.00       0.00       0.00       0.00       0.00       0.00       0.00       0.00       0.00       0.00       0.00       0.00       0.00       0.00       0.00       0.00       0.00       0.00       0.00       0.00       0.00       0.00       0.00       0.00       0.00       0.00       0.00       0.00       0.00       0.00       0.00       0.00       0.00       0.00       0.00       0.00       0.00       0.00       0.00       0.00       0.00       0.00       0.00       0.00       0.00       0.00       0.00       0.00       0.00       0.00       0.00       0.00       0.00       0.00       0.00       0.00       0.00       0.00       0.00       0.00       0.00       0.00       0.00       0.00       0.00       0.00       0.00       0.00       0.00       0.00       0.00       0.00       0.00       0.00       0.00       0.00       0.00       0.00       0.00       0.00       0.00       0.00       0.00       0.00       0.00       0.00       0.00       0.00       0.00       0.00       0.00       0.00       0.00       0.00       0.00       0.00       0.00       0.00       0.00       0.00       0.00       0.00       0.00       0.00       0.00       0.00       0.00       0.00       0.00       0.00       0.00       0.00       0.00       0.00       0.00       0.00       0.00       0.00       0.00       0.00       0.00       0.00       0.00     152.00       0.00       0.00       0.00       0.00      14.00       0.00       0.00
17시 09분 05초    4       0.00       0.00       0.00      69.00       0.00       0.00       0.00       0.00       0.00       0.00       0.00       0.00       0.00       0.00       0.00       0.00       0.00       0.00       0.00       0.00       0.00       0.00       0.00       0.00       0.00       0.00       0.00       0.00       0.00       0.00       0.00       0.00       0.00       0.00       0.00       0.00       0.00       0.00       0.00       0.00       0.00       0.00       0.00       0.00       0.00       0.00       0.00       0.00       0.00       0.00       0.00       0.00       0.00       0.00       0.00       0.00       0.00       0.00       0.00       0.00       0.00       0.00       0.00       0.00       0.00       0.00       0.00       0.00       0.00       0.00       0.00       0.00       0.00       0.00       0.00       0.00       0.00       0.00       0.00       0.00       0.00       0.00       0.00       0.00       0.00       0.00       0.00       0.00       0.00       0.00       0.00       0.00       0.00       0.00       0.00       0.00       0.00       0.00       0.00       0.00       0.00       0.00       0.00       0.00       0.00       0.00       0.00       0.00       0.00       0.00       0.00       0.00       0.00       0.00       0.00       0.00       0.00       0.00       0.00       0.00       0.00       0.00       0.00       0.00       0.00       0.00       0.00       0.00       0.00       0.00       0.00       0.00       0.00       0.00       0.00       0.00       5.00       0.00       0.00       0.00       0.00       0.00       0.00       0.00
17시 09분 05초    5       0.00       0.00       0.00      55.00       0.00       0.00       0.00       0.00       0.00       0.00       0.00       0.00       0.00       0.00       0.00       0.00       0.00       0.00       0.00       0.00       0.00       0.00       0.00       0.00       0.00       0.00       0.00       0.00       0.00       0.00       0.00       0.00       0.00       0.00       0.00       0.00       0.00       0.00       0.00       0.00       0.00       0.00       0.00       0.00       0.00       0.00       0.00       0.00       0.00       0.00       0.00       0.00       0.00       0.00       0.00       0.00       0.00       0.00       0.00       0.00       0.00       0.00       0.00       0.00       0.00       0.00       0.00       0.00       0.00       0.00       0.00       0.00       0.00       0.00       0.00       0.00       0.00       0.00       0.00       0.00       0.00       0.00       0.00       0.00       0.00       0.00       0.00       0.00       0.00       0.00       0.00       0.00       0.00       0.00       0.00       0.00       0.00       0.00       0.00       0.00       0.00       0.00       0.00       0.00       0.00       0.00       0.00       0.00       0.00       0.00       0.00       0.00       0.00       0.00       0.00       0.00       0.00       0.00       0.00       0.00       0.00       0.00       0.00       0.00       0.00       0.00       0.00       0.00       0.00       0.00       0.00       0.00       0.00       0.00       0.00       0.00       4.00       0.00       0.00       0.00       0.00       0.00       0.00       0.00

17시 09분 04초  CPU       HI/s    TIMER/s   NET_TX/s   NET_RX/s    BLOCK/s IRQ_POLL/s  TASKLET/s    SCHED/s  HRTIMER/s      RCU/s
17시 09분 05초    0       0.00       8.00       5.00     143.00       2.00       0.00       0.00      45.00       0.00      28.00
17시 09분 05초    1       0.00      41.00       0.00       0.00       0.00       0.00       0.00      36.00       0.00      29.00
17시 09분 05초    2       0.00      12.00       0.00       0.00       0.00       0.00       0.00      15.00       0.00      15.00
17시 09분 05초    3       0.00       8.00       0.00       0.00       0.00       0.00       0.00      44.00       0.00      35.00
17시 09분 05초    4       0.00       1.00       0.00       0.00       0.00       0.00       0.00      22.00       0.00      44.00
17시 09분 05초    5       0.00      33.00       0.00       0.00       0.00       0.00       0.00      36.00       0.00      26.00

17시 09분 05초  CPU    %usr   %nice    %sys %iowait    %irq   %soft  %steal  %guest  %gnice   %idle
17시 09분 06초  all    0.67    0.00    2.00    0.00    0.00    0.00    0.00    0.00    0.00   97.33
17시 09분 06초    0    1.01    0.00    2.02    0.00    0.00    0.00    0.00    0.00    0.00   96.97
17시 09분 06초    1    0.00    0.00    0.00    0.00    0.00    0.00    0.00    0.00    0.00  100.00
17시 09분 06초    2    0.00    0.00    1.98    0.00    0.00    0.00    0.00    0.00    0.00   98.02
17시 09분 06초    3    1.00    0.00    1.00    0.00    0.00    0.00    0.00    0.00    0.00   98.00
17시 09분 06초    4    2.00    0.00    6.00    0.00    0.00    0.00    0.00    0.00    0.00   92.00
17시 09분 06초    5    0.00    0.00    1.01    0.00    0.00    0.00    0.00    0.00    0.00   98.99

17시 09분 05초  CPU    intr/s
17시 09분 06초  all    355.00
17시 09분 06초    0     78.00
17시 09분 06초    1     81.00
17시 09분 06초    2     41.00
17시 09분 06초    3     42.00
17시 09분 06초    4     58.00
17시 09분 06초    5     94.00

17시 09분 05초  CPU        9/s       11/s       12/s       13/s       18/s       20/s       21/s       22/s       23/s       24/s       25/s       26/s       27/s       28/s       29/s       30/s       31/s       32/s       33/s       34/s       35/s       36/s       37/s       38/s       39/s       40/s       41/s       42/s       43/s       44/s       45/s       46/s       47/s       48/s       49/s       50/s       51/s       52/s       53/s       54/s       55/s       57/s       59/s       61/s       65/s       66/s       67/s       68/s       69/s       70/s       71/s       72/s       73/s       74/s       75/s       76/s       77/s       79/s       80/s       81/s       82/s       83/s       84/s       85/s       86/s       87/s       88/s       89/s       90/s       91/s       92/s       93/s       94/s       95/s       96/s       97/s       98/s      112/s      113/s      114/s      115/s      116/s      117/s      118/s      119/s      120/s      121/s      122/s      123/s      124/s      125/s      126/s      127/s      128/s      129/s      130/s      131/s      132/s      133/s      134/s      135/s      136/s      137/s      138/s      150/s      154/s      162/s      167/s      171/s      224/s      228/s      229/s      230/s      231/s      232/s      233/s      234/s      235/s      236/s      237/s      245/s      246/s      247/s      249/s      250/s      252/s      253/s      262/s      263/s      294/s      296/s      297/s      298/s      299/s      301/s      302/s     IPI0/s     IPI1/s     IPI2/s     IPI3/s     IPI4/s     IPI5/s     IPI6/s      Err/s
17시 09분 06초    0       0.00       0.00       0.00      59.00       0.00       0.00       0.00       0.00       0.00       0.00       0.00       0.00       0.00       0.00       0.00       0.00       0.00       0.00       0.00       0.00       0.00       0.00       0.00       0.00       0.00       0.00       0.00       0.00       0.00       0.00       0.00       0.00       0.00       0.00       0.00       0.00       0.00       0.00       0.00       0.00       0.00       0.00       0.00       0.00       0.00       0.00       0.00       0.00       0.00       0.00       0.00       0.00       0.00       0.00       0.00       0.00       0.00       0.00       0.00       0.00       0.00       0.00       0.00       0.00       0.00       0.00       0.00       0.00       0.00       0.00       0.00       0.00       0.00       0.00       0.00       0.00       0.00       0.00       0.00       0.00       0.00       0.00       0.00       0.00       0.00       0.00       0.00       0.00       0.00       0.00       0.00       0.00       0.00       0.00       0.00       0.00       0.00       0.00       0.00       0.00       0.00       0.00       0.00       0.00       0.00      25.00       0.00       0.00       0.00       1.00       0.00       0.00       0.00       0.00       0.00       0.00       0.00       0.00       0.00       0.00       0.00       0.00       0.00       0.00       0.00       0.00       0.00       0.00       0.00       0.00       0.00       0.00       0.00       0.00      24.00       0.00       2.00       7.00       0.00       0.00       0.00       3.00       0.00       0.00
17시 09분 06초    1       0.00       0.00       0.00      36.00       0.00       0.00       0.00       0.00       0.00       0.00       0.00       0.00       0.00       0.00       0.00       0.00       0.00       0.00       0.00       0.00       0.00       0.00       0.00       0.00       0.00       0.00       0.00       0.00       0.00       0.00       0.00       0.00       0.00       0.00       0.00       0.00       0.00       0.00       0.00       0.00       0.00       0.00       0.00       0.00       0.00       0.00       0.00       0.00       0.00       0.00       0.00       0.00       0.00       0.00       0.00       0.00       0.00       0.00       0.00       0.00       0.00       0.00       0.00       0.00       0.00       0.00       0.00       0.00       0.00       0.00       0.00       0.00       0.00       0.00       0.00       0.00       0.00       0.00       0.00       0.00       0.00       0.00       0.00       0.00       0.00       0.00       0.00       0.00       0.00       0.00       0.00       0.00       0.00       0.00       0.00       0.00       0.00       0.00       0.00       0.00       0.00       0.00       0.00       0.00       0.00       0.00       0.00       0.00       0.00       0.00       0.00       0.00       0.00       0.00       0.00       0.00       0.00       0.00       0.00       0.00       0.00       0.00       0.00       0.00       0.00       0.00       0.00       0.00       0.00       0.00       0.00       0.00       0.00       0.00       0.00       0.00       9.00       6.00       0.00       0.00       0.00       0.00       0.00       0.00
17시 09분 06초    2       0.00       0.00       0.00      24.00       0.00       0.00       0.00       0.00       0.00       0.00       0.00       0.00       0.00       0.00       0.00       0.00       0.00       0.00       0.00       0.00       0.00       0.00       0.00       0.00       0.00       0.00       0.00       0.00       0.00       0.00       0.00       0.00       0.00       0.00       0.00       0.00       0.00       0.00       0.00       0.00       0.00       0.00       0.00       0.00       0.00       0.00       0.00       0.00       0.00       0.00       0.00       0.00       0.00       0.00       0.00       0.00       0.00       0.00       0.00       0.00       0.00       0.00       0.00       0.00       0.00       0.00       0.00       0.00       0.00       0.00       0.00       0.00       0.00       0.00       0.00       0.00       0.00       0.00       0.00       0.00       0.00       0.00       0.00       0.00       0.00       0.00       0.00       0.00       0.00       0.00       0.00       0.00       0.00       0.00       0.00       0.00       0.00       0.00       0.00       0.00       0.00       0.00       0.00       0.00       0.00       0.00       0.00       0.00       0.00       0.00       0.00       0.00       0.00       0.00       0.00       0.00       0.00       0.00       0.00       0.00       0.00       0.00       0.00       0.00       0.00       0.00       0.00       0.00       0.00       0.00       0.00       0.00       0.00       0.00       0.00       0.00       5.00       1.00       0.00       0.00       0.00       0.00       0.00       0.00
17시 09분 06초    3       0.00       0.00       0.00      25.00       0.00       0.00       0.00       0.00       0.00       0.00       0.00       0.00       0.00       0.00       0.00       0.00       0.00       0.00       0.00       0.00       0.00       0.00       0.00       0.00       0.00       0.00       0.00       0.00       0.00       0.00       0.00       0.00       0.00       0.00       0.00       0.00       0.00       0.00       0.00       0.00       0.00       0.00       0.00       0.00       0.00       0.00       0.00       0.00       0.00       0.00       0.00       0.00       0.00       0.00       0.00       0.00       0.00       0.00       0.00       0.00       0.00       0.00       0.00       0.00       0.00       0.00       0.00       0.00       0.00       0.00       0.00       0.00       0.00       0.00       0.00       0.00       0.00       0.00       0.00       0.00       0.00       0.00       0.00       0.00       0.00       0.00       0.00       0.00       0.00       0.00       0.00       0.00       0.00       0.00       0.00       0.00       0.00       0.00       0.00       0.00       0.00       0.00       0.00       0.00       0.00       0.00       0.00       0.00       0.00       0.00       0.00       0.00       0.00       0.00       0.00       0.00       0.00       0.00       0.00       0.00       0.00       0.00       0.00       0.00       0.00       0.00       0.00       0.00       0.00       0.00       0.00       0.00       0.00       0.00       0.00       0.00      10.00       0.00       0.00       0.00       0.00       1.00       0.00       0.00
17시 09분 06초    4       0.00       0.00       0.00      59.00       0.00       0.00       0.00       0.00       0.00       0.00       0.00       0.00       0.00       0.00       0.00       0.00       0.00       0.00       0.00       0.00       0.00       0.00       0.00       0.00       0.00       0.00       0.00       0.00       0.00       0.00       0.00       0.00       0.00       0.00       0.00       0.00       0.00       0.00       0.00       0.00       0.00       0.00       0.00       0.00       0.00       0.00       0.00       0.00       0.00       0.00       0.00       0.00       0.00       0.00       0.00       0.00       0.00       0.00       0.00       0.00       0.00       0.00       0.00       0.00       0.00       0.00       0.00       0.00       0.00       0.00       0.00       0.00       0.00       0.00       0.00       0.00       0.00       0.00       0.00       0.00       0.00       0.00       0.00       0.00       0.00       0.00       0.00       0.00       0.00       0.00       0.00       0.00       0.00       0.00       0.00       0.00       0.00       0.00       0.00       0.00       0.00       0.00       0.00       0.00       0.00       0.00       0.00       0.00       0.00       0.00       0.00       0.00       0.00       0.00       0.00       0.00       0.00       0.00       0.00       0.00       0.00       0.00       0.00       0.00       0.00       0.00       0.00       0.00       0.00       0.00       0.00       0.00       0.00       0.00       0.00       0.00       2.00       0.00       0.00       0.00       0.00       0.00       0.00       0.00
17시 09분 06초    5       0.00       0.00       0.00      51.00       0.00       0.00       0.00       0.00       0.00       0.00       0.00       0.00       0.00       0.00       0.00       0.00       0.00       0.00       0.00       0.00       0.00       0.00       0.00       0.00       0.00       0.00       0.00       0.00       0.00       0.00       0.00       0.00       0.00       0.00       0.00       0.00       0.00       0.00       0.00       0.00       0.00       0.00       0.00       0.00       0.00       0.00       0.00       0.00       0.00       0.00       0.00       0.00       0.00       0.00       0.00       0.00       0.00       0.00       0.00       0.00       0.00       0.00       0.00       0.00       0.00       0.00       0.00       0.00       0.00       0.00       0.00       0.00       0.00       0.00       0.00       0.00       0.00       0.00       0.00       0.00       0.00       0.00       0.00       0.00       0.00       0.00       0.00       0.00       0.00       0.00       0.00       0.00       0.00       0.00       0.00       0.00       0.00       0.00       0.00       0.00       0.00       0.00       0.00       0.00       0.00       0.00       0.00       0.00       0.00       0.00       0.00       0.00       0.00       0.00       0.00       0.00       0.00       0.00       0.00       0.00       0.00       0.00       0.00       0.00       0.00       0.00       0.00       0.00       0.00       0.00       0.00       0.00       0.00       0.00       0.00       0.00       5.00       0.00       0.00       0.00       0.00       0.00       0.00       0.00

17시 09분 05초  CPU       HI/s    TIMER/s   NET_TX/s   NET_RX/s    BLOCK/s IRQ_POLL/s  TASKLET/s    SCHED/s  HRTIMER/s      RCU/s
17시 09분 06초    0       0.00       5.00       0.00      22.00       0.00       0.00       0.00      28.00       0.00      23.00
17시 09분 06초    1       0.00      32.00       0.00       0.00       0.00       0.00       0.00      32.00       0.00      17.00
17시 09분 06초    2       0.00      10.00       0.00       0.00       0.00       0.00       0.00      15.00       0.00      16.00
17시 09분 06초    3       0.00      10.00       0.00       0.00       0.00       0.00       0.00      13.00       0.00      19.00
17시 09분 06초    4       0.00       3.00       0.00       0.00       0.00       0.00       0.00      18.00       0.00      37.00
17시 09분 06초    5       0.00      34.00       0.00       0.00       0.00       0.00       0.00      35.00       0.00      25.00

17시 09분 06초  CPU    %usr   %nice    %sys %iowait    %irq   %soft  %steal  %guest  %gnice   %idle
17시 09분 07초  all    1.00    0.00    1.83    0.00    0.17    0.00    0.00    0.00    0.00   97.00
17시 09분 07초    0    0.99    0.00    2.97    0.00    0.99    0.00    0.00    0.00    0.00   95.05
17시 09분 07초    1    0.00    0.00    0.99    0.00    0.00    0.00    0.00    0.00    0.00   99.01
17시 09분 07초    2    1.00    0.00    0.00    0.00    0.00    0.00    0.00    0.00    0.00   99.00
17시 09분 07초    3    0.00    0.00    2.00    0.00    0.00    0.00    0.00    0.00    0.00   98.00
17시 09분 07초    4    3.00    0.00    4.00    0.00    0.00    0.00    0.00    0.00    0.00   93.00
17시 09분 07초    5    1.01    0.00    1.01    0.00    0.00    0.00    0.00    0.00    0.00   97.98

17시 09분 06초  CPU    intr/s
17시 09분 07초  all    614.00
17시 09분 07초    0    189.00
17시 09분 07초    1    102.00
17시 09분 07초    2     39.00
17시 09분 07초    3     23.00
17시 09분 07초    4     59.00
17시 09분 07초    5     87.00

17시 09분 06초  CPU        9/s       11/s       12/s       13/s       18/s       20/s       21/s       22/s       23/s       24/s       25/s       26/s       27/s       28/s       29/s       30/s       31/s       32/s       33/s       34/s       35/s       36/s       37/s       38/s       39/s       40/s       41/s       42/s       43/s       44/s       45/s       46/s       47/s       48/s       49/s       50/s       51/s       52/s       53/s       54/s       55/s       57/s       59/s       61/s       65/s       66/s       67/s       68/s       69/s       70/s       71/s       72/s       73/s       74/s       75/s       76/s       77/s       79/s       80/s       81/s       82/s       83/s       84/s       85/s       86/s       87/s       88/s       89/s       90/s       91/s       92/s       93/s       94/s       95/s       96/s       97/s       98/s      112/s      113/s      114/s      115/s      116/s      117/s      118/s      119/s      120/s      121/s      122/s      123/s      124/s      125/s      126/s      127/s      128/s      129/s      130/s      131/s      132/s      133/s      134/s      135/s      136/s      137/s      138/s      150/s      154/s      162/s      167/s      171/s      224/s      228/s      229/s      230/s      231/s      232/s      233/s      234/s      235/s      236/s      237/s      245/s      246/s      247/s      249/s      250/s      252/s      253/s      262/s      263/s      294/s      296/s      297/s      298/s      299/s      301/s      302/s     IPI0/s     IPI1/s     IPI2/s     IPI3/s     IPI4/s     IPI5/s     IPI6/s      Err/s
17시 09분 07초    0       0.00       0.00       0.00      64.00       0.00       0.00       0.00       0.00       0.00       0.00       0.00       0.00       0.00       0.00       0.00       0.00       0.00       0.00       0.00       0.00       0.00       0.00       0.00       0.00       0.00       0.00       0.00       0.00       0.00       0.00       0.00       0.00       0.00       0.00       0.00       0.00       0.00       0.00       0.00       0.00       0.00       0.00       0.00       0.00       0.00       0.00       0.00       0.00       0.00       0.00       0.00       0.00       0.00       0.00       0.00       0.00       0.00       0.00       0.00       0.00       0.00       0.00       0.00       0.00       0.00       0.00       0.00       0.00       0.00       0.00       0.00       0.00       0.00       0.00       0.00       0.00       0.00      66.00       0.00       0.00       0.00       0.00       0.00       0.00       0.00       0.00       0.00       0.00       0.00       0.00       0.00       0.00       0.00       0.00       0.00       0.00       0.00       0.00       0.00       0.00       0.00       0.00       0.00       0.00       0.00       5.00       0.00       0.00       0.00       0.00       0.00       0.00       0.00       0.00       0.00       0.00       0.00       0.00       0.00       0.00       0.00       0.00       0.00       0.00       0.00       0.00       0.00       0.00       0.00       0.00       0.00       0.00       0.00       0.00     136.00       0.00       0.00       4.00       0.00       0.00       0.00       0.00       0.00       0.00
17시 09분 07초    1       0.00       0.00       0.00      54.00       0.00       0.00       0.00       0.00       0.00       0.00       0.00       0.00       0.00       0.00       0.00       0.00       0.00       0.00       0.00       0.00       0.00       0.00       0.00       0.00       0.00       0.00       0.00       0.00       0.00       0.00       0.00       0.00       0.00       0.00       0.00       0.00       0.00       0.00       0.00       0.00       0.00       0.00       0.00       0.00       0.00       0.00       0.00       0.00       0.00       0.00       0.00       0.00       0.00       0.00       0.00       0.00       0.00       0.00       0.00       0.00       0.00       0.00       0.00       0.00       0.00       0.00       0.00       0.00       0.00       0.00       0.00       0.00       0.00       0.00       0.00       0.00       0.00       0.00       0.00       0.00       0.00       0.00       0.00       0.00       0.00       0.00       0.00       0.00       0.00       0.00       0.00       0.00       0.00       0.00       0.00       0.00       0.00       0.00       0.00       0.00       0.00       0.00       0.00       0.00       0.00       0.00       0.00       0.00       0.00       0.00       0.00       0.00       0.00       0.00       0.00       0.00       0.00       0.00       0.00       0.00       0.00       0.00       0.00       0.00       0.00       0.00       0.00       0.00       0.00       0.00       0.00       0.00       0.00       0.00       0.00       0.00      10.00       4.00       0.00       0.00       0.00       0.00       0.00       0.00
17시 09분 07초    2       0.00       0.00       0.00      27.00       0.00       0.00       0.00       0.00       0.00       0.00       0.00       0.00       0.00       0.00       0.00       0.00       0.00       0.00       0.00       0.00       0.00       0.00       0.00       0.00       0.00       0.00       0.00       0.00       0.00       0.00       0.00       0.00       0.00       0.00       0.00       0.00       0.00       0.00       0.00       0.00       0.00       0.00       0.00       0.00       0.00       0.00       0.00       0.00       0.00       0.00       0.00       0.00       0.00       0.00       0.00       0.00       0.00       0.00       0.00       0.00       0.00       0.00       0.00       0.00       0.00       0.00       0.00       0.00       0.00       0.00       0.00       0.00       0.00       0.00       0.00       0.00       0.00       0.00       0.00       0.00       0.00       0.00       0.00       0.00       0.00       0.00       0.00       0.00       0.00       0.00       0.00       0.00       0.00       0.00       0.00       0.00       0.00       0.00       0.00       0.00       0.00       0.00       0.00       0.00       0.00       0.00       0.00       0.00       0.00       0.00       0.00       0.00       0.00       0.00       0.00       0.00       0.00       0.00       0.00       0.00       0.00       0.00       0.00       0.00       0.00       0.00       0.00       0.00       0.00       0.00       0.00       0.00       0.00       0.00       0.00       0.00      14.00       1.00       0.00       0.00       0.00       0.00       0.00       0.00
17시 09분 07초    3       0.00       0.00       0.00      17.00       0.00       0.00       0.00       0.00       0.00       0.00       0.00       0.00       0.00       0.00       0.00       0.00       0.00       0.00       0.00       0.00       0.00       0.00       0.00       0.00       0.00       0.00       0.00       0.00       0.00       0.00       0.00       0.00       0.00       0.00       0.00       0.00       0.00       0.00       0.00       0.00       0.00       0.00       0.00       0.00       0.00       0.00       0.00       0.00       0.00       0.00       0.00       0.00       0.00       0.00       0.00       0.00       0.00       0.00       0.00       0.00       0.00       0.00       0.00       0.00       0.00       0.00       0.00       0.00       0.00       0.00       0.00       0.00       0.00       0.00       0.00       0.00       0.00       0.00       0.00       0.00       0.00       0.00       0.00       0.00       0.00       0.00       0.00       0.00       0.00       0.00       0.00       0.00       0.00       0.00       0.00       0.00       0.00       0.00       0.00       0.00       0.00       0.00       0.00       0.00       0.00       0.00       0.00       0.00       0.00       0.00       0.00       0.00       0.00       0.00       0.00       0.00       0.00       0.00       0.00       0.00       0.00       0.00       0.00       0.00       0.00       0.00       0.00       0.00       0.00       0.00       0.00       0.00       0.00       0.00       0.00       0.00       4.00       0.00       0.00       0.00       0.00       0.00       0.00       0.00
17시 09분 07초    4       0.00       0.00       0.00      67.00       0.00       0.00       0.00       0.00       0.00       0.00       0.00       0.00       0.00       0.00       0.00       0.00       0.00       0.00       0.00       0.00       0.00       0.00       0.00       0.00       0.00       0.00       0.00       0.00       0.00       0.00       0.00       0.00       0.00       0.00       0.00       0.00       0.00       0.00       0.00       0.00       0.00       0.00       0.00       0.00       0.00       0.00       0.00       0.00       0.00       0.00       0.00       0.00       0.00       0.00       0.00       0.00       0.00       0.00       0.00       0.00       0.00       0.00       0.00       0.00       0.00       0.00       0.00       0.00       0.00       0.00       0.00       0.00       0.00       0.00       0.00       0.00       0.00       0.00       0.00       0.00       0.00       0.00       0.00       0.00       0.00       0.00       0.00       0.00       0.00       0.00       0.00       0.00       0.00       0.00       0.00       0.00       0.00       0.00       0.00       0.00       0.00       0.00       0.00       0.00       0.00       0.00       0.00       0.00       0.00       0.00       0.00       0.00       0.00       0.00       0.00       0.00       0.00       0.00       0.00       0.00       0.00       0.00       0.00       0.00       0.00       0.00       0.00       0.00       0.00       0.00       0.00       0.00       0.00       0.00       0.00       0.00       3.00       0.00       0.00       0.00       0.00       0.00       0.00       0.00
17시 09분 07초    5       0.00       0.00       0.00      58.00       0.00       0.00       0.00       0.00       0.00       0.00       0.00       0.00       0.00       0.00       0.00       0.00       0.00       0.00       0.00       0.00       0.00       0.00       0.00       0.00       0.00       0.00       0.00       0.00       0.00       0.00       0.00       0.00       0.00       0.00       0.00       0.00       0.00       0.00       0.00       0.00       0.00       0.00       0.00       0.00       0.00       0.00       0.00       0.00       0.00       0.00       0.00       0.00       0.00       0.00       0.00       0.00       0.00       0.00       0.00       0.00       0.00       0.00       0.00       0.00       0.00       0.00       0.00       0.00       0.00       0.00       0.00       0.00       0.00       0.00       0.00       0.00       0.00       0.00       0.00       0.00       0.00       0.00       0.00       0.00       0.00       0.00       0.00       0.00       0.00       0.00       0.00       0.00       0.00       0.00       0.00       0.00       0.00       0.00       0.00       0.00       0.00       0.00       0.00       0.00       0.00       0.00       0.00       0.00       0.00       0.00       0.00       0.00       0.00       0.00       0.00       0.00       0.00       0.00       0.00       0.00       0.00       0.00       0.00       0.00       0.00       0.00       0.00       0.00       0.00       0.00       0.00       0.00       0.00       0.00       0.00       0.00      80.00       0.00       0.00       0.00       0.00       0.00       0.00       0.00

17시 09분 06초  CPU       HI/s    TIMER/s   NET_TX/s   NET_RX/s    BLOCK/s IRQ_POLL/s  TASKLET/s    SCHED/s  HRTIMER/s      RCU/s
17시 09분 07초    0       0.00       8.00       5.00     126.00       0.00       0.00       0.00      26.00       0.00      24.00
17시 09분 07초    1       0.00      43.00       0.00       0.00       0.00       0.00       0.00      38.00       0.00      21.00
17시 09분 07초    2       0.00      12.00       0.00       0.00       0.00       0.00       0.00      16.00       0.00      11.00
17시 09분 07초    3       0.00       4.00       0.00       0.00       0.00       0.00       0.00       7.00       0.00      12.00
17시 09분 07초    4       0.00       2.00       0.00       0.00       0.00       0.00       0.00      18.00       0.00      39.00
17시 09분 07초    5       0.00      32.00       0.00       0.00       0.00       0.00       0.00      29.00       0.00      26.00

17시 09분 07초  CPU    %usr   %nice    %sys %iowait    %irq   %soft  %steal  %guest  %gnice   %idle
17시 09분 08초  all    0.67    0.00    2.01    0.00    0.00    0.00    0.00    0.00    0.00   97.32
17시 09분 08초    0    2.00    0.00    3.00    0.00    0.00    0.00    0.00    0.00    0.00   95.00
17시 09분 08초    1    0.00    0.00    0.00    0.00    0.00    0.00    0.00    0.00    0.00  100.00
17시 09분 08초    2    0.00    0.00    1.00    0.00    0.00    0.00    0.00    0.00    0.00   99.00
17시 09분 08초    3    1.00    0.00    1.00    0.00    0.00    0.00    0.00    0.00    0.00   98.00
17시 09분 08초    4    1.01    0.00    6.06    0.00    0.00    0.00    0.00    0.00    0.00   92.93
17시 09분 08초    5    0.00    0.00    1.00    0.00    0.00    0.00    0.00    0.00    0.00   99.00

17시 09분 07초  CPU    intr/s
17시 09분 08초  all    408.00
17시 09분 08초    0    112.00
17시 09분 08초    1     92.00
17시 09분 08초    2     46.00
17시 09분 08초    3     20.00
17시 09분 08초    4     64.00
17시 09분 08초    5     88.00

17시 09분 07초  CPU        9/s       11/s       12/s       13/s       18/s       20/s       21/s       22/s       23/s       24/s       25/s       26/s       27/s       28/s       29/s       30/s       31/s       32/s       33/s       34/s       35/s       36/s       37/s       38/s       39/s       40/s       41/s       42/s       43/s       44/s       45/s       46/s       47/s       48/s       49/s       50/s       51/s       52/s       53/s       54/s       55/s       57/s       59/s       61/s       65/s       66/s       67/s       68/s       69/s       70/s       71/s       72/s       73/s       74/s       75/s       76/s       77/s       79/s       80/s       81/s       82/s       83/s       84/s       85/s       86/s       87/s       88/s       89/s       90/s       91/s       92/s       93/s       94/s       95/s       96/s       97/s       98/s      112/s      113/s      114/s      115/s      116/s      117/s      118/s      119/s      120/s      121/s      122/s      123/s      124/s      125/s      126/s      127/s      128/s      129/s      130/s      131/s      132/s      133/s      134/s      135/s      136/s      137/s      138/s      150/s      154/s      162/s      167/s      171/s      224/s      228/s      229/s      230/s      231/s      232/s      233/s      234/s      235/s      236/s      237/s      245/s      246/s      247/s      249/s      250/s      252/s      253/s      262/s      263/s      294/s      296/s      297/s      298/s      299/s      301/s      302/s     IPI0/s     IPI1/s     IPI2/s     IPI3/s     IPI4/s     IPI5/s     IPI6/s      Err/s
17시 09분 08초    0       0.00       0.00       0.00      78.00       0.00       0.00       0.00       0.00       0.00       0.00       0.00       0.00       0.00       0.00       0.00       0.00       0.00       0.00       0.00       0.00       0.00       0.00       0.00       0.00       0.00       0.00       0.00       0.00       0.00       0.00       0.00       0.00       0.00       0.00       0.00       0.00       0.00       0.00       0.00       0.00       0.00       0.00       0.00       0.00       0.00       0.00       0.00       0.00       0.00       0.00       0.00       0.00       0.00       0.00       0.00       0.00       0.00       0.00       0.00       0.00       0.00       0.00       0.00       0.00       0.00       0.00       0.00       0.00       0.00       0.00       0.00       0.00       0.00       0.00       0.00       0.00       0.00       2.00       0.00       0.00       0.00       0.00       0.00       0.00       0.00       0.00       0.00       0.00       0.00       0.00       0.00       0.00       0.00       0.00       0.00       0.00       0.00       0.00       0.00       0.00       0.00       0.00       0.00       0.00       0.00      10.00       0.00       0.00       0.00       0.00       0.00       0.00       0.00       0.00       0.00       0.00       0.00       0.00       0.00       0.00       0.00       0.00       0.00       0.00       0.00       0.00       0.00       0.00       0.00       0.00       0.00       0.00       0.00       0.00      36.00       0.00       2.00       3.00       0.00       0.00       0.00       0.00       0.00       0.00
17시 09분 08초    1       0.00       0.00       0.00      45.00       0.00       0.00       0.00       0.00       0.00       0.00       0.00       0.00       0.00       0.00       0.00       0.00       0.00       0.00       0.00       0.00       0.00       0.00       0.00       0.00       0.00       0.00       0.00       0.00       0.00       0.00       0.00       0.00       0.00       0.00       0.00       0.00       0.00       0.00       0.00       0.00       0.00       0.00       0.00       0.00       0.00       0.00       0.00       0.00       0.00       0.00       0.00       0.00       0.00       0.00       0.00       0.00       0.00       0.00       0.00       0.00       0.00       0.00       0.00       0.00       0.00       0.00       0.00       0.00       0.00       0.00       0.00       0.00       0.00       0.00       0.00       0.00       0.00       0.00       0.00       0.00       0.00       0.00       0.00       0.00       0.00       0.00       0.00       0.00       0.00       0.00       0.00       0.00       0.00       0.00       0.00       0.00       0.00       0.00       0.00       0.00       0.00       0.00       0.00       0.00       0.00       0.00       0.00       0.00       0.00       0.00       0.00       0.00       0.00       0.00       0.00       0.00       0.00       0.00       0.00       0.00       0.00       0.00       0.00       0.00       0.00       0.00       0.00       0.00       0.00       0.00       0.00       0.00       0.00       0.00       0.00       0.00      10.00       5.00       0.00       0.00       0.00       0.00       0.00       0.00
17시 09분 08초    2       0.00       0.00       0.00      36.00       0.00       0.00       0.00       0.00       0.00       0.00       0.00       0.00       0.00       0.00       0.00       0.00       0.00       0.00       0.00       0.00       0.00       0.00       0.00       0.00       0.00       0.00       0.00       0.00       0.00       0.00       0.00       0.00       0.00       0.00       0.00       0.00       0.00       0.00       0.00       0.00       0.00       0.00       0.00       0.00       0.00       0.00       0.00       0.00       0.00       0.00       0.00       0.00       0.00       0.00       0.00       0.00       0.00       0.00       0.00       0.00       0.00       0.00       0.00       0.00       0.00       0.00       0.00       0.00       0.00       0.00       0.00       0.00       0.00       0.00       0.00       0.00       0.00       0.00       0.00       0.00       0.00       0.00       0.00       0.00       0.00       0.00       0.00       0.00       0.00       0.00       0.00       0.00       0.00       0.00       0.00       0.00       0.00       0.00       0.00       0.00       0.00       0.00       0.00       0.00       0.00       0.00       0.00       0.00       0.00       0.00       0.00       0.00       0.00       0.00       0.00       0.00       0.00       0.00       0.00       0.00       0.00       0.00       0.00       0.00       0.00       0.00       0.00       0.00       0.00       0.00       0.00       0.00       0.00       0.00       0.00       0.00      14.00       0.00       0.00       0.00       0.00       0.00       0.00       0.00
17시 09분 08초    3       0.00       0.00       0.00      22.00       0.00       0.00       0.00       0.00       0.00       0.00       0.00       0.00       0.00       0.00       0.00       0.00       0.00       0.00       0.00       0.00       0.00       0.00       0.00       0.00       0.00       0.00       0.00       0.00       0.00       0.00       0.00       0.00       0.00       0.00       0.00       0.00       0.00       0.00       0.00       0.00       0.00       0.00       0.00       0.00       0.00       0.00       0.00       0.00       0.00       0.00       0.00       0.00       0.00       0.00       0.00       0.00       0.00       0.00       0.00       0.00       0.00       0.00       0.00       0.00       0.00       0.00       0.00       0.00       0.00       0.00       0.00       0.00       0.00       0.00       0.00       0.00       0.00       0.00       0.00       0.00       0.00       0.00       0.00       0.00       0.00       0.00       0.00       0.00       0.00       0.00       0.00       0.00       0.00       0.00       0.00       0.00       0.00       0.00       0.00       0.00       0.00       0.00       0.00       0.00       0.00       0.00       0.00       0.00       0.00       0.00       0.00       0.00       0.00       0.00       0.00       0.00       0.00       0.00       0.00       0.00       0.00       0.00       0.00       0.00       0.00       0.00       0.00       0.00       0.00       0.00       0.00       0.00       0.00       0.00       0.00       0.00       4.00       0.00       0.00       0.00       0.00       0.00       0.00       0.00
17시 09분 08초    4       0.00       0.00       0.00      68.00       0.00       0.00       0.00       0.00       0.00       0.00       0.00       0.00       0.00       0.00       0.00       0.00       0.00       0.00       0.00       0.00       0.00       0.00       0.00       0.00       0.00       0.00       0.00       0.00       0.00       0.00       0.00       0.00       0.00       0.00       0.00       0.00       0.00       0.00       0.00       0.00       0.00       0.00       0.00       0.00       0.00       0.00       0.00       0.00       0.00       0.00       0.00       0.00       0.00       0.00       0.00       0.00       0.00       0.00       0.00       0.00       0.00       0.00       0.00       0.00       0.00       0.00       0.00       0.00       0.00       0.00       0.00       0.00       0.00       0.00       0.00       0.00       0.00       0.00       0.00       0.00       0.00       0.00       0.00       0.00       0.00       0.00       0.00       0.00       0.00       0.00       0.00       0.00       0.00       0.00       0.00       0.00       0.00       0.00       0.00       0.00       0.00       0.00       0.00       0.00       0.00       0.00       0.00       0.00       0.00       0.00       0.00       0.00       0.00       0.00       0.00       0.00       0.00       0.00       0.00       0.00       0.00       0.00       0.00       0.00       0.00       0.00       0.00       0.00       0.00       0.00       0.00       0.00       0.00       0.00       0.00       0.00       3.00       0.00       0.00       0.00       0.00       0.00       0.00       0.00
17시 09분 08초    5       0.00       0.00       0.00      61.00       0.00       0.00       0.00       0.00       0.00       0.00       0.00       0.00       0.00       0.00       0.00       0.00       0.00       0.00       0.00       0.00       0.00       0.00       0.00       0.00       0.00       0.00       0.00       0.00       0.00       0.00       0.00       0.00       0.00       0.00       0.00       0.00       0.00       0.00       0.00       0.00       0.00       0.00       0.00       0.00       0.00       0.00       0.00       0.00       0.00       0.00       0.00       0.00       0.00       0.00       0.00       0.00       0.00       0.00       0.00       0.00       0.00       0.00       0.00       0.00       0.00       0.00       0.00       0.00       0.00       0.00       0.00       0.00       0.00       0.00       0.00       0.00       0.00       0.00       0.00       0.00       0.00       0.00       0.00       0.00       0.00       0.00       0.00       0.00       0.00       0.00       0.00       0.00       0.00       0.00       0.00       0.00       0.00       0.00       0.00       0.00       0.00       0.00       0.00       0.00       0.00       0.00       0.00       0.00       0.00       0.00       0.00       0.00       0.00       0.00       0.00       0.00       0.00       0.00       0.00       0.00       0.00       0.00       0.00       0.00       0.00       0.00       0.00       0.00       0.00       0.00       0.00       0.00       0.00       0.00       0.00       0.00       9.00       0.00       0.00       0.00       0.00       0.00       0.00       0.00

17시 09분 07초  CPU       HI/s    TIMER/s   NET_TX/s   NET_RX/s    BLOCK/s IRQ_POLL/s  TASKLET/s    SCHED/s  HRTIMER/s      RCU/s
17시 09분 08초    0       0.00      11.00       1.00      33.00       0.00       0.00       0.00      35.00       0.00      32.00
17시 09분 08초    1       0.00      37.00       0.00       0.00       0.00       0.00       0.00      38.00       0.00      17.00
17시 09분 08초    2       0.00      14.00       0.00       0.00       0.00       0.00       0.00      15.00       0.00      17.00
17시 09분 08초    3       0.00       1.00       0.00       0.00       0.00       0.00       0.00       7.00       0.00      12.00
17시 09분 08초    4       0.00       4.00       0.00       0.00       0.00       0.00       0.00      22.00       0.00      38.00
17시 09분 08초    5       0.00      31.00       0.00       0.00       0.00       0.00       0.00      32.00       0.00      25.00

17시 09분 08초  CPU    %usr   %nice    %sys %iowait    %irq   %soft  %steal  %guest  %gnice   %idle
17시 09분 09초  all    0.84    0.00    1.68    0.00    0.00    0.00    0.00    0.00    0.00   97.49
17시 09분 09초    0    1.01    0.00    3.03    0.00    0.00    0.00    0.00    0.00    0.00   95.96
17시 09분 09초    1    0.00    0.00    0.00    0.00    0.00    0.00    0.00    0.00    0.00  100.00
17시 09분 09초    2    1.00    0.00    0.00    0.00    0.00    0.00    0.00    0.00    0.00   99.00
17시 09분 09초    3    0.00    0.00    2.00    0.00    0.00    0.00    0.00    0.00    0.00   98.00
17시 09분 09초    4    3.00    0.00    5.00    0.00    0.00    0.00    0.00    0.00    0.00   92.00
17시 09분 09초    5    0.00    0.00    0.00    0.00    0.00    0.00    0.00    0.00    0.00  100.00

17시 09분 08초  CPU    intr/s
17시 09분 09초  all    340.00
17시 09분 09초    0     74.00
17시 09분 09초    1     88.00
17시 09분 09초    2     49.00
17시 09분 09초    3     21.00
17시 09분 09초    4     63.00
17시 09분 09초    5     98.00

17시 09분 08초  CPU        9/s       11/s       12/s       13/s       18/s       20/s       21/s       22/s       23/s       24/s       25/s       26/s       27/s       28/s       29/s       30/s       31/s       32/s       33/s       34/s       35/s       36/s       37/s       38/s       39/s       40/s       41/s       42/s       43/s       44/s       45/s       46/s       47/s       48/s       49/s       50/s       51/s       52/s       53/s       54/s       55/s       57/s       59/s       61/s       65/s       66/s       67/s       68/s       69/s       70/s       71/s       72/s       73/s       74/s       75/s       76/s       77/s       79/s       80/s       81/s       82/s       83/s       84/s       85/s       86/s       87/s       88/s       89/s       90/s       91/s       92/s       93/s       94/s       95/s       96/s       97/s       98/s      112/s      113/s      114/s      115/s      116/s      117/s      118/s      119/s      120/s      121/s      122/s      123/s      124/s      125/s      126/s      127/s      128/s      129/s      130/s      131/s      132/s      133/s      134/s      135/s      136/s      137/s      138/s      150/s      154/s      162/s      167/s      171/s      224/s      228/s      229/s      230/s      231/s      232/s      233/s      234/s      235/s      236/s      237/s      245/s      246/s      247/s      249/s      250/s      252/s      253/s      262/s      263/s      294/s      296/s      297/s      298/s      299/s      301/s      302/s     IPI0/s     IPI1/s     IPI2/s     IPI3/s     IPI4/s     IPI5/s     IPI6/s      Err/s
17시 09분 09초    0       0.00       0.00       0.00      54.00       0.00       0.00       0.00       0.00       0.00       0.00       0.00       0.00       0.00       0.00       0.00       0.00       0.00       0.00       0.00       0.00       0.00       0.00       0.00       0.00       0.00       0.00       0.00       0.00       0.00       0.00       0.00       0.00       0.00       0.00       0.00       0.00       0.00       0.00       0.00       0.00       0.00       0.00       0.00       0.00       0.00       0.00       0.00       0.00       0.00       0.00       0.00       0.00       0.00       0.00       0.00       0.00       0.00       0.00       0.00       0.00       0.00       0.00       0.00       0.00       0.00       0.00       0.00       0.00       0.00       0.00       0.00       0.00       0.00       0.00       0.00       0.00       0.00       0.00       0.00       0.00       0.00       0.00       0.00       0.00       0.00       0.00       0.00       0.00       0.00       0.00       0.00       0.00       0.00       0.00       0.00       0.00       0.00       0.00       0.00       0.00       0.00       0.00       0.00       0.00       0.00       0.00       0.00       0.00       0.00       0.00       0.00       0.00       0.00       0.00       0.00       0.00       0.00       0.00       0.00       0.00       0.00       0.00       0.00       0.00       0.00       0.00       0.00       0.00       0.00       0.00       0.00       0.00       0.00       0.00      24.00       0.00       0.00       6.00       0.00       0.00       0.00       0.00       0.00       0.00
17시 09분 09초    1       0.00       0.00       0.00      45.00       0.00       0.00       0.00       0.00       0.00       0.00       0.00       0.00       0.00       0.00       0.00       0.00       0.00       0.00       0.00       0.00       0.00       0.00       0.00       0.00       0.00       0.00       0.00       0.00       0.00       0.00       0.00       0.00       0.00       0.00       0.00       0.00       0.00       0.00       0.00       0.00       0.00       0.00       0.00       0.00       0.00       0.00       0.00       0.00       0.00       0.00       0.00       0.00       0.00       0.00       0.00       0.00       0.00       0.00       0.00       0.00       0.00       0.00       0.00       0.00       0.00       0.00       0.00       0.00       0.00       0.00       0.00       0.00       0.00       0.00       0.00       0.00       0.00       0.00       0.00       0.00       0.00       0.00       0.00       0.00       0.00       0.00       0.00       0.00       0.00       0.00       0.00       0.00       0.00       0.00       0.00       0.00       0.00       0.00       0.00       0.00       0.00       0.00       0.00       0.00       0.00       0.00       0.00       0.00       0.00       0.00       0.00       0.00       0.00       0.00       0.00       0.00       0.00       0.00       0.00       0.00       0.00       0.00       0.00       0.00       0.00       0.00       0.00       0.00       0.00       0.00       0.00       0.00       0.00       0.00       0.00       0.00       9.00       3.00       0.00       0.00       0.00       0.00       0.00       0.00
17시 09분 09초    2       0.00       0.00       0.00      26.00       0.00       0.00       0.00       0.00       0.00       0.00       0.00       0.00       0.00       0.00       0.00       0.00       0.00       0.00       0.00       0.00       0.00       0.00       0.00       0.00       0.00       0.00       0.00       0.00       0.00       0.00       0.00       0.00       0.00       0.00       0.00       0.00       0.00       0.00       0.00       0.00       0.00       0.00       0.00       0.00       0.00       0.00       0.00       0.00       0.00       0.00       0.00       0.00       0.00       0.00       0.00       0.00       0.00       0.00       0.00       0.00       0.00       0.00       0.00       0.00       0.00       0.00       0.00       0.00       0.00       0.00       0.00       0.00       0.00       0.00       0.00       0.00       0.00       0.00       0.00       0.00       0.00       0.00       0.00       0.00       0.00       0.00       0.00       0.00       0.00       0.00       0.00       0.00       0.00       0.00       0.00       0.00       0.00       0.00       0.00       0.00       0.00       0.00       0.00       0.00       0.00       0.00       0.00       0.00       0.00       0.00       0.00       0.00       0.00       0.00       0.00       0.00       0.00       0.00       0.00       0.00       0.00       0.00       0.00       0.00       0.00       0.00       0.00       0.00       0.00       0.00       0.00       0.00       0.00       0.00       0.00       0.00      10.00       0.00       0.00       0.00       0.00       0.00       0.00       0.00
17시 09분 09초    3       0.00       0.00       0.00      27.00       0.00       0.00       0.00       0.00       0.00       0.00       0.00       0.00       0.00       0.00       0.00       0.00       0.00       0.00       0.00       0.00       0.00       0.00       0.00       0.00       0.00       0.00       0.00       0.00       0.00       0.00       0.00       0.00       0.00       0.00       0.00       0.00       0.00       0.00       0.00       0.00       0.00       0.00       0.00       0.00       0.00       0.00       0.00       0.00       0.00       0.00       0.00       0.00       0.00       0.00       0.00       0.00       0.00       0.00       0.00       0.00       0.00       0.00       0.00       0.00       0.00       0.00       0.00       0.00       0.00       0.00       0.00       0.00       0.00       0.00       0.00       0.00       0.00       0.00       0.00       0.00       0.00       0.00       0.00       0.00       0.00       0.00       0.00       0.00       0.00       0.00       0.00       0.00       0.00       0.00       0.00       0.00       0.00       0.00       0.00       0.00       0.00       0.00       0.00       0.00       0.00       0.00       0.00       0.00       0.00       0.00       0.00       0.00       0.00       0.00       0.00       0.00       0.00       0.00       0.00       0.00       0.00       0.00       0.00       0.00       0.00       0.00       0.00       0.00       0.00       0.00       0.00       0.00       0.00       0.00       0.00       0.00       1.00       0.00       0.00       0.00       0.00       0.00       0.00       0.00
17시 09분 09초    4       0.00       0.00       0.00      72.00       0.00       0.00       0.00       0.00       0.00       0.00       0.00       0.00       0.00       0.00       0.00       0.00       0.00       0.00       0.00       0.00       0.00       0.00       0.00       0.00       0.00       0.00       0.00       0.00       0.00       0.00       0.00       0.00       0.00       0.00       0.00       0.00       0.00       0.00       0.00       0.00       0.00       0.00       0.00       0.00       0.00       0.00       0.00       0.00       0.00       0.00       0.00       0.00       0.00       0.00       0.00       0.00       0.00       0.00       0.00       0.00       0.00       0.00       0.00       0.00       0.00       0.00       0.00       0.00       0.00       0.00       0.00       0.00       0.00       0.00       0.00       0.00       0.00       0.00       0.00       0.00       0.00       0.00       0.00       0.00       0.00       0.00       0.00       0.00       0.00       0.00       0.00       0.00       0.00       0.00       0.00       0.00       0.00       0.00       0.00       0.00       0.00       0.00       0.00       0.00       0.00       0.00       0.00       0.00       0.00       0.00       0.00       0.00       0.00       0.00       0.00       0.00       0.00       0.00       0.00       0.00       0.00       0.00       0.00       0.00       0.00       0.00       0.00       0.00       0.00       0.00       0.00       0.00       0.00       0.00       0.00       0.00       2.00       0.00       0.00       0.00       0.00       0.00       0.00       0.00
17시 09분 09초    5       0.00       0.00       0.00      58.00       0.00       0.00       0.00       0.00       0.00       0.00       0.00       0.00       0.00       0.00       0.00       0.00       0.00       0.00       0.00       0.00       0.00       0.00       0.00       0.00       0.00       0.00       0.00       0.00       0.00       0.00       0.00       0.00       0.00       0.00       0.00       0.00       0.00       0.00       0.00       0.00       0.00       0.00       0.00       0.00       0.00       0.00       0.00       0.00       0.00       0.00       0.00       0.00       0.00       0.00       0.00       0.00       0.00       0.00       0.00       0.00       0.00       0.00       0.00       0.00       0.00       0.00       0.00       0.00       0.00       0.00       0.00       0.00       0.00       0.00       0.00       0.00       0.00       0.00       0.00       0.00       0.00       0.00       0.00       0.00       0.00       0.00       0.00       0.00       0.00       0.00       0.00       0.00       0.00       0.00       0.00       0.00       0.00       0.00       0.00       0.00       0.00       0.00       0.00       0.00       0.00       0.00       0.00       0.00       0.00       0.00       0.00       0.00       0.00       0.00       0.00       0.00       0.00       0.00       0.00       0.00       0.00       0.00       0.00       0.00       0.00       0.00       0.00       0.00       0.00       0.00       0.00       0.00       0.00       0.00       0.00       0.00       3.00       0.00       0.00       0.00       0.00       0.00       0.00       0.00

17시 09분 08초  CPU       HI/s    TIMER/s   NET_TX/s   NET_RX/s    BLOCK/s IRQ_POLL/s  TASKLET/s    SCHED/s  HRTIMER/s      RCU/s
17시 09분 09초    0       0.00       6.00       0.00      22.00       0.00       0.00       0.00      26.00       0.00      20.00
17시 09분 09초    1       0.00      38.00       0.00       0.00       0.00       0.00       0.00      31.00       0.00      19.00
17시 09분 09초    2       0.00      17.00       0.00       0.00       0.00       0.00       0.00      18.00       0.00      14.00
17시 09분 09초    3       0.00       1.00       0.00       0.00       0.00       0.00       0.00       9.00       0.00      11.00
17시 09분 09초    4       0.00       2.00       0.00       0.00       0.00       0.00       0.00      19.00       0.00      42.00
17시 09분 09초    5       0.00      37.00       0.00       0.00       0.00       0.00       0.00      34.00       0.00      27.00

17시 09분 09초  CPU    %usr   %nice    %sys %iowait    %irq   %soft  %steal  %guest  %gnice   %idle
17시 09분 10초  all    3.18    0.00    5.19    1.51    0.17    0.17    0.00    0.00    0.00   89.78
17시 09분 10초    0    6.86    0.00    4.90    3.92    0.98    0.98    0.00    0.00    0.00   82.35
17시 09분 10초    1    0.00    0.00    2.00    0.00    0.00    0.00    0.00    0.00    0.00   98.00
17시 09분 10초    2    1.03    0.00    1.03    2.06    0.00    0.00    0.00    0.00    0.00   95.88
17시 09분 10초    3    2.00    0.00    1.00    0.00    0.00    0.00    0.00    0.00    0.00   97.00
17시 09분 10초    4    9.09    0.00    5.05    0.00    0.00    0.00    0.00    0.00    0.00   85.86
17시 09분 10초    5    0.00    0.00   17.17    3.03    0.00    0.00    0.00    0.00    0.00   79.80

17시 09분 09초  CPU    intr/s
17시 09분 10초  all   2032.00
17시 09분 10초    0    131.00
17시 09분 10초    1    145.00
17시 09분 10초    2    190.00
17시 09분 10초    3    111.00
17시 09분 10초    4    115.00
17시 09분 10초    5    127.00

17시 09분 09초  CPU        9/s       11/s       12/s       13/s       18/s       20/s       21/s       22/s       23/s       24/s       25/s       26/s       27/s       28/s       29/s       30/s       31/s       32/s       33/s       34/s       35/s       36/s       37/s       38/s       39/s       40/s       41/s       42/s       43/s       44/s       45/s       46/s       47/s       48/s       49/s       50/s       51/s       52/s       53/s       54/s       55/s       57/s       59/s       61/s       65/s       66/s       67/s       68/s       69/s       70/s       71/s       72/s       73/s       74/s       75/s       76/s       77/s       79/s       80/s       81/s       82/s       83/s       84/s       85/s       86/s       87/s       88/s       89/s       90/s       91/s       92/s       93/s       94/s       95/s       96/s       97/s       98/s      112/s      113/s      114/s      115/s      116/s      117/s      118/s      119/s      120/s      121/s      122/s      123/s      124/s      125/s      126/s      127/s      128/s      129/s      130/s      131/s      132/s      133/s      134/s      135/s      136/s      137/s      138/s      150/s      154/s      162/s      167/s      171/s      224/s      228/s      229/s      230/s      231/s      232/s      233/s      234/s      235/s      236/s      237/s      245/s      246/s      247/s      249/s      250/s      252/s      253/s      262/s      263/s      294/s      296/s      297/s      298/s      299/s      301/s      302/s     IPI0/s     IPI1/s     IPI2/s     IPI3/s     IPI4/s     IPI5/s     IPI6/s      Err/s
17시 09분 10초    0       0.00       0.00       0.00     101.00       0.00       0.00       0.00       0.00       0.00       0.00       0.00       0.00       0.00       0.00       0.00       0.00       0.00       0.00       0.00       0.00       0.00       0.00       0.00       0.00       0.00       0.00       0.00       0.00       0.00       0.00       0.00       0.00       0.00       0.00       0.00       0.00       0.00       0.00       0.00       0.00       0.00       0.00       0.00       0.00       0.00       0.00     134.00       0.00       0.00       0.00       0.00       0.00       0.00       0.00       0.00       0.00       0.00       0.00       0.00       0.00       0.00       0.00       0.00       0.00       0.00       0.00       0.00       0.00       0.00       0.00       0.00       0.00       0.00       0.00       0.00       0.00       0.00       0.00       0.00       0.00       0.00       0.00       0.00       0.00       0.00       0.00       0.00       0.00       0.00       0.00       0.00       0.00       0.00       0.00       0.00       0.00       0.00       0.00       0.00       0.00       0.00       0.00       0.00       0.00       0.00      82.00       0.00       0.00       0.00       0.00       0.00       0.00       0.00       0.00       0.00       0.00       0.00       0.00       0.00       0.00       0.00       0.00       0.00       0.00       0.00       0.00       0.00       0.00       0.00       0.00       0.00       0.00       0.00       0.00      12.00       0.00     168.00      40.00       0.00       0.00       0.00       1.00       0.00       0.00
17시 09분 10초    1       0.00       0.00       0.00     158.00       0.00       0.00       0.00       0.00       0.00       0.00       0.00       0.00       0.00       0.00       0.00       0.00       0.00       0.00       0.00       0.00       0.00       0.00       0.00       0.00       0.00       0.00       0.00       0.00       0.00       0.00       0.00       0.00       0.00       0.00       0.00       0.00       0.00       0.00       0.00       0.00       0.00       0.00       0.00       0.00       0.00       0.00       0.00       0.00       0.00       0.00       0.00       0.00       0.00       0.00       0.00       0.00       0.00       0.00       0.00       0.00       0.00       0.00       0.00       0.00       0.00       0.00       0.00       0.00       0.00       0.00       0.00       0.00       0.00       0.00       0.00       0.00       0.00       0.00       0.00       0.00       0.00       0.00       0.00       0.00       0.00       0.00       0.00       0.00       0.00       0.00       0.00       0.00       0.00       0.00       0.00       0.00       0.00       0.00       0.00       0.00       0.00       0.00       0.00       0.00       0.00       0.00       0.00       0.00       0.00       0.00       0.00       0.00       0.00       0.00       0.00       0.00       0.00       0.00       0.00       0.00       0.00       0.00       0.00       0.00       0.00       0.00       0.00       0.00       0.00       0.00       0.00       0.00       0.00       0.00       0.00       0.00      88.00      14.00       0.00       0.00       0.00       2.00       0.00       0.00
17시 09분 10초    2       0.00       0.00       0.00     104.00       0.00       0.00       0.00       0.00       0.00       0.00       0.00       0.00       0.00       0.00       0.00       0.00       0.00       0.00       0.00       0.00       0.00       0.00       0.00       0.00       0.00       0.00       0.00       0.00       0.00       0.00       0.00       0.00       0.00       0.00       0.00       0.00       0.00       0.00       0.00       0.00       0.00       0.00       0.00       0.00       0.00       0.00       0.00       0.00       0.00       0.00       0.00       0.00       0.00       0.00       0.00       0.00       0.00       0.00       0.00       0.00       0.00       0.00       0.00       0.00       0.00       0.00       0.00       0.00       0.00       0.00       0.00       0.00       0.00       0.00       0.00       0.00       0.00       0.00       0.00       0.00       0.00       0.00       0.00       0.00       0.00       0.00       0.00       0.00       0.00       0.00       0.00       0.00       0.00       0.00       0.00       0.00       0.00       0.00       0.00       0.00       0.00       0.00       0.00       0.00       0.00       0.00       0.00       0.00       0.00       0.00       0.00       0.00       0.00       0.00       0.00       0.00       0.00       0.00       0.00       0.00       0.00       0.00       0.00       0.00       0.00       0.00       0.00       0.00       0.00       0.00       0.00       0.00       0.00       0.00       0.00       0.00      90.00       9.00       0.00       0.00       0.00       1.00       0.00       0.00
17시 09분 10초    3       0.00       0.00       0.00      89.00       0.00       0.00       0.00       0.00       0.00       0.00       0.00       0.00       0.00       0.00       0.00       0.00       0.00       0.00       0.00       0.00       0.00       0.00       0.00       0.00       0.00       0.00       0.00       0.00       0.00       0.00       0.00       0.00       0.00       0.00       0.00       0.00       0.00       0.00       0.00       0.00       0.00       0.00       0.00       0.00       0.00       0.00       0.00       0.00       0.00       0.00       0.00       0.00       0.00       0.00       0.00       0.00       0.00       0.00       0.00       0.00       0.00       0.00       0.00       0.00       0.00       0.00       0.00       0.00       0.00       0.00       0.00       0.00       0.00       0.00       0.00       0.00       0.00       0.00       0.00       0.00       0.00       0.00       0.00       0.00       0.00       0.00       0.00       0.00       0.00       0.00       0.00       0.00       0.00       0.00       0.00       0.00       0.00       0.00       0.00       0.00       0.00       0.00       0.00       0.00       0.00       0.00       0.00       0.00       0.00       0.00       0.00       0.00       0.00       0.00       0.00       0.00       0.00       0.00       0.00       0.00       0.00       0.00       0.00       0.00       0.00       0.00       0.00       0.00       0.00       0.00       0.00       0.00       0.00       0.00       0.00       0.00     150.00       7.00       0.00       0.00       0.00       0.00       0.00       0.00
17시 09분 10초    4       0.00       0.00       0.00     140.00       0.00       0.00       0.00       0.00       0.00       0.00       0.00       0.00       0.00       0.00       0.00       0.00       0.00       0.00       0.00       0.00       0.00       0.00       0.00       0.00       0.00       0.00       0.00       0.00       0.00       0.00       0.00       0.00       0.00       0.00       0.00       0.00       0.00       0.00       0.00       0.00       0.00       0.00       0.00       0.00       0.00       0.00       0.00       0.00       0.00       0.00       0.00       0.00       0.00       0.00       0.00       0.00       0.00       0.00       0.00       0.00       0.00       0.00       0.00       0.00       0.00       0.00       0.00       0.00       0.00       0.00       0.00       0.00       0.00       0.00       0.00       0.00       0.00       0.00       0.00       0.00       0.00       0.00       0.00       0.00       0.00       0.00       0.00       0.00       0.00       0.00       0.00       0.00       0.00       0.00       0.00       0.00       0.00       0.00       0.00       0.00       0.00       0.00       0.00       0.00       0.00       0.00       0.00       0.00       0.00       0.00       0.00       0.00       0.00       0.00       0.00       0.00       0.00       0.00       0.00       0.00       0.00       0.00       0.00       0.00       0.00       0.00       0.00       0.00       0.00       0.00       0.00       0.00       0.00       0.00       0.00       0.00     183.00       5.00       0.00       0.00       0.00      21.00       0.00       0.00
17시 09분 10초    5       0.00       0.00       0.00     122.00       0.00       0.00       0.00       0.00       0.00       0.00       0.00       0.00       0.00       0.00       0.00       0.00       0.00       0.00       0.00       0.00       0.00       0.00       0.00       0.00       0.00       0.00       0.00       0.00       0.00       0.00       0.00       0.00       0.00       0.00       0.00       0.00       0.00       0.00       0.00       0.00       0.00       0.00       0.00       0.00       0.00       0.00       0.00       0.00       0.00       0.00       0.00       0.00       0.00       0.00       0.00       0.00       0.00       0.00       0.00       0.00       0.00       0.00       0.00       0.00       0.00       0.00       0.00       0.00       0.00       0.00       0.00       0.00       0.00       0.00       0.00       0.00       0.00       0.00       0.00       0.00       0.00       0.00       0.00       0.00       0.00       0.00       0.00       0.00       0.00       0.00       0.00       0.00       0.00       0.00       0.00       0.00       0.00       0.00       0.00       0.00       0.00       0.00       0.00       0.00       0.00       0.00       0.00       0.00       0.00       0.00       0.00       0.00       0.00       0.00       0.00       0.00       0.00       0.00       0.00       0.00       0.00       0.00       0.00       0.00       0.00       0.00       0.00       0.00       0.00       0.00       0.00       0.00       0.00       0.00       0.00       0.00     275.00      11.00       0.00       0.00       0.00      25.00       0.00       0.00

17시 09분 09초  CPU       HI/s    TIMER/s   NET_TX/s   NET_RX/s    BLOCK/s IRQ_POLL/s  TASKLET/s    SCHED/s  HRTIMER/s      RCU/s
17시 09분 10초    0       0.00       6.00       0.00      11.00       2.00       0.00       0.00      64.00       0.00      48.00
17시 09분 10초    1       0.00      43.00       0.00       0.00       0.00       0.00       0.00      57.00       0.00      45.00
17시 09분 10초    2       0.00      27.00       0.00       0.00       0.00       0.00       0.00      43.00       0.00     120.00
17시 09분 10초    3       0.00      37.00       0.00       0.00       0.00       0.00       0.00      35.00       0.00      39.00
17시 09분 10초    4       0.00       3.00       0.00       0.00       0.00       0.00       0.00      48.00       0.00      64.00
17시 09분 10초    5       0.00      13.00       0.00       0.00       0.00       0.00       0.00      65.00       0.00      49.00

17시 09분 10초  CPU    %usr   %nice    %sys %iowait    %irq   %soft  %steal  %guest  %gnice   %idle
17시 09분 11초  all    0.66    0.00    2.66    0.00    0.00    0.00    0.00    0.00    0.00   96.68
17시 09분 11초    0    1.00    0.00    3.00    0.00    0.00    0.00    0.00    0.00    0.00   96.00
17시 09분 11초    1    0.00    0.00    1.01    0.00    0.00    0.00    0.00    0.00    0.00   98.99
17시 09분 11초    2    0.99    0.00    0.99    0.00    0.00    0.00    0.00    0.00    0.00   98.02
17시 09분 11초    3    0.00    0.00    2.97    0.00    0.00    0.00    0.00    0.00    0.00   97.03
17시 09분 11초    4    1.98    0.00    5.94    0.00    0.00    0.00    0.00    0.00    0.00   92.08
17시 09분 11초    5    0.00    0.00    2.00    0.00    0.00    0.00    0.00    0.00    0.00   98.00

17시 09분 10초  CPU    intr/s
17시 09분 11초  all    300.00
17시 09분 11초    0     72.00
17시 09분 11초    1    109.00
17시 09분 11초    2     58.00
17시 09분 11초    3     34.00
17시 09분 11초    4     66.00
17시 09분 11초    5     45.00

17시 09분 10초  CPU        9/s       11/s       12/s       13/s       18/s       20/s       21/s       22/s       23/s       24/s       25/s       26/s       27/s       28/s       29/s       30/s       31/s       32/s       33/s       34/s       35/s       36/s       37/s       38/s       39/s       40/s       41/s       42/s       43/s       44/s       45/s       46/s       47/s       48/s       49/s       50/s       51/s       52/s       53/s       54/s       55/s       57/s       59/s       61/s       65/s       66/s       67/s       68/s       69/s       70/s       71/s       72/s       73/s       74/s       75/s       76/s       77/s       79/s       80/s       81/s       82/s       83/s       84/s       85/s       86/s       87/s       88/s       89/s       90/s       91/s       92/s       93/s       94/s       95/s       96/s       97/s       98/s      112/s      113/s      114/s      115/s      116/s      117/s      118/s      119/s      120/s      121/s      122/s      123/s      124/s      125/s      126/s      127/s      128/s      129/s      130/s      131/s      132/s      133/s      134/s      135/s      136/s      137/s      138/s      150/s      154/s      162/s      167/s      171/s      224/s      228/s      229/s      230/s      231/s      232/s      233/s      234/s      235/s      236/s      237/s      245/s      246/s      247/s      249/s      250/s      252/s      253/s      262/s      263/s      294/s      296/s      297/s      298/s      299/s      301/s      302/s     IPI0/s     IPI1/s     IPI2/s     IPI3/s     IPI4/s     IPI5/s     IPI6/s      Err/s
17시 09분 11초    0       0.00       0.00       0.00      36.00       0.00       0.00       0.00       0.00       0.00       0.00       0.00       0.00       0.00       0.00       0.00       0.00       0.00       0.00       0.00       0.00       0.00       0.00       0.00       0.00       0.00       0.00       0.00       0.00       0.00       0.00       0.00       0.00       0.00       0.00       0.00       0.00       0.00       0.00       0.00       0.00       0.00       0.00       0.00       0.00       0.00       0.00       0.00       0.00       0.00       0.00       0.00       0.00       0.00       0.00       0.00       0.00       0.00       0.00       0.00       0.00       0.00       0.00       0.00       0.00       0.00       0.00       0.00       0.00       0.00       0.00       0.00       0.00       0.00       0.00       0.00       0.00       0.00       0.00       0.00       0.00       0.00       0.00       0.00       0.00       0.00       0.00       0.00       0.00       0.00       0.00       0.00       0.00       0.00       0.00       0.00       0.00       0.00       0.00       0.00       0.00       0.00       0.00       0.00       0.00       0.00       0.00       0.00       0.00       0.00       0.00       0.00       0.00       0.00       0.00       0.00       0.00       0.00       0.00       0.00       0.00       0.00       0.00       0.00       0.00       0.00       0.00       0.00       0.00       0.00       0.00       0.00       0.00       0.00       0.00      24.00       0.00       2.00       5.00       0.00       0.00       0.00       0.00       0.00       0.00
17시 09분 11초    1       0.00       0.00       0.00      59.00       0.00       0.00       0.00       0.00       0.00       0.00       0.00       0.00       0.00       0.00       0.00       0.00       0.00       0.00       0.00       0.00       0.00       0.00       0.00       0.00       0.00       0.00       0.00       0.00       0.00       0.00       0.00       0.00       0.00       0.00       0.00       0.00       0.00       0.00       0.00       0.00       0.00       0.00       0.00       0.00       0.00       0.00       0.00       0.00       0.00       0.00       0.00       0.00       0.00       0.00       0.00       0.00       0.00       0.00       0.00       0.00       0.00       0.00       0.00       0.00       0.00       0.00       0.00       0.00       0.00       0.00       0.00       0.00       0.00       0.00       0.00       0.00       0.00       0.00       0.00       0.00       0.00       0.00       0.00       0.00       0.00       0.00       0.00       0.00       0.00       0.00       0.00       0.00       0.00       0.00       0.00       0.00       0.00       0.00       0.00       0.00       0.00       0.00       0.00       0.00       0.00       0.00       0.00       0.00       0.00       0.00       0.00       0.00       0.00       0.00       0.00       0.00       0.00       0.00       0.00       0.00       0.00       0.00       0.00       0.00       0.00       0.00       0.00       0.00       0.00       0.00       0.00       0.00 