Linux 5.10.120-tegra (orin-desktop) 	2024년 09월 30일 	_aarch64_	(6 CPU)

17시 08분 19초  CPU    %usr   %nice    %sys %iowait    %irq   %soft  %steal  %guest  %gnice   %idle
17시 08분 20초  all   12.83    0.00    3.17    0.00    0.17    0.17    0.00    0.00    0.00   83.67
17시 08분 20초    0   53.54    0.00   10.10    0.00    0.00    0.00    0.00    0.00    0.00   36.36
17시 08분 20초    1    9.90    0.00    0.99    0.00    0.00    0.99    0.00    0.00    0.00   88.12
17시 08분 20초    2    8.00    0.00    2.00    0.00    0.00    0.00    0.00    0.00    0.00   90.00
17시 08분 20초    3    0.99    0.00    1.98    0.00    0.00    0.00    0.00    0.00    0.00   97.03
17시 08분 20초    4    4.04    0.00    3.03    0.00    1.01    0.00    0.00    0.00    0.00   91.92
17시 08분 20초    5    1.00    0.00    1.00    0.00    0.00    0.00    0.00    0.00    0.00   98.00

17시 08분 19초  CPU    intr/s
17시 08분 20초  all   2683.00
17시 08분 20초    0    287.00
17시 08분 20초    1    187.00
17시 08분 20초    2    118.00
17시 08분 20초    3    123.00
17시 08분 20초    4    389.00
17시 08분 20초    5     70.00

17시 08분 19초  CPU        9/s       11/s       12/s       13/s       18/s       20/s       21/s       22/s       23/s       24/s       25/s       26/s       27/s       28/s       29/s       30/s       31/s       32/s       33/s       34/s       35/s       36/s       37/s       38/s       39/s       40/s       41/s       42/s       43/s       44/s       45/s       46/s       47/s       48/s       49/s       50/s       51/s       52/s       53/s       54/s       55/s       57/s       59/s       61/s       65/s       66/s       67/s       68/s       69/s       70/s       71/s       72/s       73/s       74/s       75/s       76/s       77/s       79/s       80/s       81/s       82/s       83/s       84/s       85/s       86/s       87/s       88/s       89/s       90/s       91/s       92/s       93/s       94/s       95/s       96/s       97/s       98/s      112/s      113/s      114/s      115/s      116/s      117/s      118/s      119/s      120/s      121/s      122/s      123/s      124/s      125/s      126/s      127/s      128/s      129/s      130/s      131/s      132/s      133/s      134/s      135/s      136/s      137/s      138/s      150/s      154/s      162/s      167/s      171/s      224/s      228/s      229/s      230/s      231/s      232/s      233/s      234/s      235/s      236/s      237/s      245/s      246/s      247/s      249/s      250/s      252/s      253/s      262/s      263/s      294/s      296/s      297/s      298/s      299/s      301/s      302/s     IPI0/s     IPI1/s     IPI2/s     IPI3/s     IPI4/s     IPI5/s     IPI6/s      Err/s
17시 08분 20초    0       0.00       0.00       0.00     229.00       0.00       0.00       0.00       0.00       0.00       0.00       0.00       0.00       0.00       0.00       0.00       0.00       0.00       0.00       0.00       0.00       0.00       0.00       0.00       0.00       0.00       0.00       0.00       0.00       0.00       0.00       0.00       0.00       0.00       0.00       0.00       0.00       0.00       0.00       0.00       0.00       0.00       0.00       0.00       0.00       0.00       0.00       0.00       0.00       0.00       0.00       0.00       0.00       0.00       0.00       0.00       0.00       0.00       0.00       0.00       0.00       0.00       0.00       0.00       0.00       0.00       0.00       0.00       0.00       0.00       0.00       0.00       0.00       0.00       0.00       0.00       0.00       0.00       0.00       0.00       6.00       0.00       0.00       0.00       0.00       0.00       0.00       0.00       0.00       0.00       0.00       0.00       0.00       0.00      31.00       0.00       0.00       0.00       0.00       0.00       0.00       0.00       0.00       0.00       0.00       0.00     118.00       0.00       0.00       0.00       0.00       0.00       0.00       0.00       0.00       0.00       0.00       0.00       0.00       0.00       0.00       0.00       0.00       0.00       0.00       0.00       0.00       0.00       0.00       0.00       0.00       0.00       0.00       0.00       0.00     144.00      24.00      99.00      29.00       0.00       0.00       0.00      27.00       0.00       0.00
17시 08분 20초    1       0.00       0.00       0.00     151.00       0.00       0.00       0.00       0.00       0.00       0.00       0.00       0.00       0.00       0.00       0.00       0.00       0.00       0.00       0.00       0.00       0.00       0.00       0.00       0.00       0.00       0.00       0.00       0.00       0.00       0.00       0.00       0.00       0.00       0.00       0.00       0.00       0.00       0.00       0.00       0.00       0.00       0.00       0.00       0.00       0.00       0.00       0.00       0.00       0.00       0.00       0.00       0.00       0.00       0.00       0.00       0.00       0.00       0.00       0.00       0.00       0.00       0.00       0.00       0.00       0.00       0.00       0.00       0.00       0.00       0.00       0.00       0.00       0.00       0.00       0.00       0.00       0.00       0.00       0.00       0.00       0.00       0.00       0.00       0.00       0.00       0.00       0.00       0.00       0.00       0.00       0.00       0.00       0.00       0.00       0.00       0.00       0.00       0.00       0.00       0.00       0.00       0.00       0.00       0.00       0.00       0.00       0.00       0.00       0.00       0.00       0.00       0.00       0.00       0.00       0.00       0.00       0.00       0.00       0.00       0.00       0.00       0.00       0.00       0.00       0.00       0.00       0.00       0.00       0.00       0.00       0.00       0.00       0.00       0.00       0.00       0.00      69.00      91.00       0.00       0.00       0.00      14.00       0.00       0.00
17시 08분 20초    2       0.00       0.00       0.00     133.00       0.00       0.00       0.00       0.00       0.00       0.00       0.00       0.00       0.00       0.00       0.00       0.00       0.00       0.00       0.00       0.00       0.00       0.00       0.00       0.00       0.00       0.00       0.00       0.00       0.00       0.00       0.00       0.00       0.00       0.00       0.00       0.00       0.00       0.00       0.00       0.00       0.00       0.00       0.00       0.00       0.00       0.00       0.00       0.00       0.00       0.00       0.00       0.00       0.00       0.00       0.00       0.00       0.00       0.00       0.00       0.00       0.00       0.00       0.00       0.00       0.00       0.00       0.00       0.00       0.00       0.00       0.00       0.00       0.00       0.00       0.00       0.00       0.00       0.00       0.00       0.00       0.00       0.00       0.00       0.00       0.00       0.00       0.00       0.00       0.00       0.00       0.00       0.00       0.00       0.00       0.00       0.00       0.00       0.00       0.00       0.00       0.00       0.00       0.00       0.00       0.00       0.00       0.00       0.00       0.00       0.00       0.00       0.00       0.00       0.00       0.00       0.00       0.00       0.00       0.00       0.00       0.00       0.00       0.00       0.00       0.00       0.00       0.00       0.00       0.00       0.00       0.00       0.00       0.00       0.00       0.00       0.00      75.00      16.00       0.00       0.00       0.00      14.00       0.00       0.00
17시 08분 20초    3       0.00       0.00       0.00     121.00       0.00       0.00       0.00       0.00       0.00       0.00       0.00       0.00       0.00       0.00       0.00       0.00       0.00       0.00       0.00       0.00       0.00       0.00       0.00       0.00       0.00       0.00       0.00       0.00       0.00       0.00       0.00       0.00       0.00       0.00       0.00       0.00       0.00       0.00       0.00       0.00       0.00       0.00       0.00       0.00       0.00       0.00       0.00       0.00       0.00       0.00       0.00       0.00       0.00       0.00       0.00       0.00       0.00       0.00       0.00       0.00       0.00       0.00       0.00       0.00       0.00       0.00       0.00       0.00       0.00       0.00       0.00       0.00       0.00       0.00       0.00       0.00       0.00       0.00       0.00       0.00       0.00       0.00       0.00       0.00       0.00       0.00       0.00       0.00       0.00       0.00       0.00       0.00       0.00       0.00       0.00       0.00       0.00       0.00       0.00       0.00       0.00       0.00       0.00       0.00       0.00       0.00       0.00       0.00       0.00       0.00       0.00       0.00       0.00       0.00       0.00       0.00       0.00       0.00       0.00       0.00       0.00       0.00       0.00       0.00       0.00       0.00       0.00       0.00       0.00       0.00       0.00       0.00       0.00       0.00       0.00       0.00      72.00      10.00       0.00       0.00       0.00       7.00       0.00       0.00
17시 08분 20초    4       0.00       0.00       0.00     381.00       0.00       0.00       0.00       0.00       0.00       0.00       0.00       0.00       0.00       0.00       0.00       0.00       0.00       0.00       0.00       0.00       0.00       0.00       0.00       0.00       0.00       0.00       0.00       0.00       0.00       0.00       0.00       0.00       0.00       0.00       0.00       0.00       0.00       0.00       0.00       0.00       0.00       0.00       0.00       0.00       0.00       0.00       0.00       0.00       0.00       0.00       0.00       0.00       0.00       0.00       0.00       0.00       0.00       0.00       0.00       0.00       0.00       0.00       0.00       0.00       0.00       0.00       0.00       0.00       0.00       0.00       0.00       0.00       0.00       0.00       0.00       0.00       0.00       0.00       0.00       0.00       0.00       0.00       0.00       0.00       0.00       0.00       0.00       0.00       0.00       0.00       0.00       0.00       0.00       0.00       0.00       0.00       0.00       0.00       0.00       0.00       0.00       0.00       0.00       0.00       0.00       0.00       0.00       0.00       0.00       0.00       0.00       0.00       0.00       0.00       0.00       0.00       0.00       0.00       0.00       0.00       0.00       0.00       0.00       0.00       0.00       0.00       0.00       0.00       0.00       0.00       0.00       0.00       0.00       0.00       0.00       0.00      84.00       1.00       0.00       0.00       0.00      15.00       0.00       0.00
17시 08분 20초    5       0.00       0.00       0.00     627.00       0.00       0.00       0.00       0.00       0.00       0.00       0.00       0.00       0.00       0.00       0.00       0.00       0.00       0.00       0.00       0.00       0.00       0.00       0.00       0.00       0.00       0.00       0.00       0.00       0.00       0.00       0.00       0.00       0.00       0.00       0.00       0.00       0.00       0.00       0.00       0.00       0.00       0.00       0.00       0.00       0.00       0.00       0.00       0.00       0.00       0.00       0.00       0.00       0.00       0.00       0.00       0.00       0.00       0.00       0.00       0.00       0.00       0.00       0.00       0.00       0.00       0.00       0.00       0.00       0.00       0.00       0.00       0.00       0.00       0.00       0.00       0.00       0.00       0.00       0.00       0.00       0.00       0.00       0.00       0.00       0.00       0.00       0.00       0.00       0.00       0.00       0.00       0.00       0.00       0.00       0.00       0.00       0.00       0.00       0.00       0.00       0.00       0.00       0.00       0.00       0.00       0.00       0.00       0.00       0.00       0.00       0.00       0.00       0.00       0.00       0.00       0.00       0.00       0.00       0.00       0.00       0.00       0.00       0.00       0.00       0.00       0.00       0.00       0.00       0.00       0.00       0.00       0.00       0.00       0.00       0.00       0.00      84.00       8.00       0.00       0.00       0.00       2.00       0.00       0.00

17시 08분 19초  CPU       HI/s    TIMER/s   NET_TX/s   NET_RX/s    BLOCK/s IRQ_POLL/s  TASKLET/s    SCHED/s  HRTIMER/s      RCU/s
17시 08분 20초    0      24.00      15.00       7.00     132.00       0.00       0.00       0.00      57.00       0.00      52.00
17시 08분 20초    1       0.00      30.00       0.00       0.00       0.00       0.00       0.00     126.00       0.00      31.00
17시 08분 20초    2       0.00      18.00       0.00       0.00       0.00       0.00       0.00      54.00       0.00      46.00
17시 08분 20초    3       0.00      49.00       0.00       0.00       0.00       0.00       0.00      40.00       0.00      34.00
17시 08분 20초    4       0.00     250.00       0.00       0.00       0.00       0.00       0.00      87.00       0.00      52.00
17시 08분 20초    5       0.00       9.00       0.00       0.00       0.00       0.00       0.00      29.00       0.00      32.00

17시 08분 20초  CPU    %usr   %nice    %sys %iowait    %irq   %soft  %steal  %guest  %gnice   %idle
17시 08분 21초  all   13.61    0.00    3.87    0.17    0.17    0.00    0.00    0.00    0.00   82.18
17시 08분 21초    0   17.17    0.00   13.13    0.00    1.01    0.00    0.00    0.00    0.00   68.69
17시 08분 21초    1    8.25    0.00    2.06    0.00    0.00    0.00    0.00    0.00    0.00   89.69
17시 08분 21초    2   12.00    0.00    1.00    0.00    0.00    0.00    0.00    0.00    0.00   87.00
17시 08분 21초    3    9.00    0.00    3.00    0.00    0.00    0.00    0.00    0.00    0.00   88.00
17시 08분 21초    4    8.08    0.00    4.04    0.00    0.00    0.00    0.00    0.00    0.00   87.88
17시 08분 21초    5   27.00    0.00    0.00    1.00    0.00    0.00    0.00    0.00    0.00   72.00

17시 08분 20초  CPU    intr/s
17시 08분 21초  all   5444.00
17시 08분 21초    0    595.00
17시 08분 21초    1    181.00
17시 08분 21초    2    139.00
17시 08분 21초    3    136.00
17시 08분 21초    4    153.00
17시 08분 21초    5    143.00

17시 08분 20초  CPU        9/s       11/s       12/s       13/s       18/s       20/s       21/s       22/s       23/s       24/s       25/s       26/s       27/s       28/s       29/s       30/s       31/s       32/s       33/s       34/s       35/s       36/s       37/s       38/s       39/s       40/s       41/s       42/s       43/s       44/s       45/s       46/s       47/s       48/s       49/s       50/s       51/s       52/s       53/s       54/s       55/s       57/s       59/s       61/s       65/s       66/s       67/s       68/s       69/s       70/s       71/s       72/s       73/s       74/s       75/s       76/s       77/s       79/s       80/s       81/s       82/s       83/s       84/s       85/s       86/s       87/s       88/s       89/s       90/s       91/s       92/s       93/s       94/s       95/s       96/s       97/s       98/s      112/s      113/s      114/s      115/s      116/s      117/s      118/s      119/s      120/s      121/s      122/s      123/s      124/s      125/s      126/s      127/s      128/s      129/s      130/s      131/s      132/s      133/s      134/s      135/s      136/s      137/s      138/s      150/s      154/s      162/s      167/s      171/s      224/s      228/s      229/s      230/s      231/s      232/s      233/s      234/s      235/s      236/s      237/s      245/s      246/s      247/s      249/s      250/s      252/s      253/s      262/s      263/s      294/s      296/s      297/s      298/s      299/s      301/s      302/s     IPI0/s     IPI1/s     IPI2/s     IPI3/s     IPI4/s     IPI5/s     IPI6/s      Err/s
17시 08분 21초    0       0.00       0.00       0.00     230.00       0.00       0.00       0.00       0.00       0.00       0.00       0.00       0.00       0.00       0.00       0.00       0.00       0.00       0.00       0.00       0.00       0.00       0.00       0.00       0.00       0.00       0.00       0.00       0.00       0.00       0.00       0.00       0.00       0.00       0.00       0.00       0.00       0.00       0.00       0.00       0.00       0.00       0.00       0.00       0.00       0.00       0.00     134.00       0.00       0.00       0.00       0.00       0.00       0.00       0.00       0.00       0.00       0.00       0.00       0.00       0.00       0.00       0.00       0.00       0.00       0.00       0.00       0.00       0.00       0.00       0.00       0.00       0.00       0.00       0.00       0.00       0.00       0.00       0.00       0.00      10.00       0.00       0.00       0.00       0.00       0.00       0.00       0.00       0.00       0.00       0.00       0.00       0.00       0.00      68.00       0.00       0.00       0.00       0.00       0.00       0.00       0.00       0.00       0.00       0.00       0.00     271.00       0.00       0.00       0.00       0.00       0.00       0.00       0.00       0.00       0.00       0.00       0.00       0.00       0.00       0.00       0.00       0.00       0.00       0.00       0.00       0.00       0.00       0.00       0.00       0.00       0.00       0.00       0.00       0.00     420.00       0.00     154.00      27.00       0.00       0.00       0.00      85.00       0.00       0.00
17시 08분 21초    1       0.00       0.00       0.00     419.00       0.00       0.00       0.00       0.00       0.00       0.00       0.00       0.00       0.00       0.00       0.00       0.00       0.00       0.00       0.00       0.00       0.00       0.00       0.00       0.00       0.00       0.00       0.00       0.00       0.00       0.00       0.00       0.00       0.00       0.00       0.00       0.00       0.00       0.00       0.00       0.00       0.00       0.00       0.00       0.00       0.00       0.00       0.00       0.00       0.00       0.00       0.00       0.00       0.00       0.00       0.00       0.00       0.00       0.00       0.00       0.00       0.00       0.00       0.00       0.00       0.00       0.00       0.00       0.00       0.00       0.00       0.00       0.00       0.00       0.00       0.00       0.00       0.00       0.00       0.00       0.00       0.00       0.00       0.00       0.00       0.00       0.00       0.00       0.00       0.00       0.00       0.00       0.00       0.00       0.00       0.00       0.00       0.00       0.00       0.00       0.00       0.00       0.00       0.00       0.00       0.00       0.00       0.00       0.00       0.00       0.00       0.00       0.00       0.00       0.00       0.00       0.00       0.00       0.00       0.00       0.00       0.00       0.00       0.00       0.00       0.00       0.00       0.00       0.00       0.00       0.00       0.00       0.00       0.00       0.00       0.00       0.00     248.00      67.00       0.00       0.00       0.00      10.00       0.00       0.00
17시 08분 21초    2       0.00       0.00       0.00     656.00       0.00       0.00       0.00       0.00       0.00       0.00       0.00       0.00       0.00       0.00       0.00       0.00       0.00       0.00       0.00       0.00       0.00       0.00       0.00       0.00       0.00       0.00       0.00       0.00       0.00       0.00       0.00       0.00       0.00       0.00       0.00       0.00       0.00       0.00       0.00       0.00       0.00       0.00       0.00       0.00       0.00       0.00       0.00       0.00       0.00       0.00       0.00       0.00       0.00       0.00       0.00       0.00       0.00       0.00       0.00       0.00       0.00       0.00       0.00       0.00       0.00       0.00       0.00       0.00       0.00       0.00       0.00       0.00       0.00       0.00       0.00       0.00       0.00       0.00       0.00       0.00       0.00       0.00       0.00       0.00       0.00       0.00       0.00       0.00       0.00       0.00       0.00       0.00       0.00       0.00       0.00       0.00       0.00       0.00       0.00       0.00       0.00       0.00       0.00       0.00       0.00       0.00       0.00       0.00       0.00       0.00       0.00       0.00       0.00       0.00       0.00       0.00       0.00       0.00       0.00       0.00       0.00       0.00       0.00       0.00       0.00       0.00       0.00       0.00       0.00       0.00       0.00       0.00       0.00       0.00       0.00       0.00     157.00      32.00       0.00       0.00       0.00      20.00       0.00       0.00
17시 08분 21초    3       0.00       0.00       0.00     969.00       0.00       0.00       0.00       0.00       0.00       0.00       0.00       0.00       0.00       0.00       0.00       0.00       0.00       0.00       0.00       0.00       0.00       0.00       0.00       0.00       0.00       0.00       0.00       0.00       0.00       0.00       0.00       0.00       0.00       0.00       0.00       0.00       0.00       0.00       0.00       0.00       0.00       0.00       0.00       0.00       0.00       0.00       0.00       0.00       0.00       0.00       0.00       0.00       0.00       0.00       0.00       0.00       0.00       0.00       0.00       0.00       0.00       0.00       0.00       0.00       0.00       0.00       0.00       0.00       0.00       0.00       0.00       0.00       0.00       0.00       0.00       0.00       0.00       0.00       0.00       0.00       0.00       0.00       0.00       0.00       0.00       0.00       0.00       0.00       0.00       0.00       0.00       0.00       0.00       0.00       0.00       0.00       0.00       0.00       0.00       0.00       0.00       0.00       0.00       0.00       0.00       0.00       0.00       0.00       0.00       0.00       0.00       0.00       0.00       0.00       0.00       0.00       0.00       0.00       0.00       0.00       0.00       0.00       0.00       0.00       0.00       0.00       0.00       0.00       0.00       0.00       0.00       0.00       0.00       0.00       0.00       0.00     249.00      15.00       0.00       0.00       0.00      34.00       0.00       0.00
17시 08분 21초    4       0.00       0.00       0.00     194.00       0.00       0.00       0.00       0.00       0.00       0.00       0.00       0.00       0.00       0.00       0.00       0.00       0.00       0.00       0.00       0.00       0.00       0.00       0.00       0.00       0.00       0.00       0.00       0.00       0.00       0.00       0.00       0.00       0.00       0.00       0.00       0.00       0.00       0.00       0.00       0.00       0.00       0.00       0.00       0.00       0.00       0.00       0.00       0.00       0.00       0.00       0.00       0.00       0.00       0.00       0.00       0.00       0.00       0.00       0.00       0.00       0.00       0.00       0.00       0.00       0.00       0.00       0.00       0.00       0.00       0.00       0.00       0.00       0.00       0.00       0.00       0.00       0.00       0.00       0.00       0.00       0.00       0.00       0.00       0.00       0.00       0.00       0.00       0.00       0.00       0.00       0.00       0.00       0.00       0.00       0.00       0.00       0.00       0.00       0.00       0.00       0.00       0.00       0.00       0.00       0.00       0.00       0.00       0.00       0.00       0.00       0.00       0.00       0.00       0.00       0.00       0.00       0.00       0.00       0.00       0.00       0.00       0.00       0.00       0.00       0.00       0.00       0.00       0.00       0.00       0.00       0.00       0.00       0.00       0.00       0.00       0.00     351.00      14.00       0.00       0.00       0.00      32.00       0.00       0.00
17시 08분 21초    5       0.00       0.00       0.00     331.00       0.00       0.00       0.00       0.00       0.00       0.00       0.00       0.00       0.00       0.00       0.00       0.00       0.00       0.00       0.00       0.00       0.00       0.00       0.00       0.00       0.00       0.00       0.00       0.00       0.00       0.00       0.00       0.00       0.00       0.00       0.00       0.00       0.00       0.00       0.00       0.00       0.00       0.00       0.00       0.00       0.00       0.00       0.00       0.00       0.00       0.00       0.00       0.00       0.00       0.00       0.00       0.00       0.00       0.00       0.00       0.00       0.00       0.00       0.00       0.00       0.00       0.00       0.00       0.00       0.00       0.00       0.00       0.00       0.00       0.00       0.00       0.00       0.00       0.00       0.00       0.00       0.00       0.00       0.00       0.00       0.00       0.00       0.00       0.00       0.00       0.00       0.00       0.00       0.00       0.00       0.00       0.00       0.00       0.00       0.00       0.00       0.00       0.00       0.00       0.00       0.00       0.00       0.00       0.00       0.00       0.00       0.00       0.00       0.00       0.00       0.00       0.00       0.00       0.00       0.00       0.00       0.00       0.00       0.00       0.00       0.00       0.00       0.00       0.00       0.00       0.00       0.00       0.00       0.00       0.00       0.00       0.00     168.00      20.00       0.00       0.00       0.00      59.00       0.00       0.00

17시 08분 20초  CPU       HI/s    TIMER/s   NET_TX/s   NET_RX/s    BLOCK/s IRQ_POLL/s  TASKLET/s    SCHED/s  HRTIMER/s      RCU/s
17시 08분 21초    0       0.00      13.00      17.00     385.00       2.00       0.00       0.00     122.00       0.00      56.00
17시 08분 21초    1       0.00      34.00       0.00       0.00       0.00       0.00       0.00     103.00       0.00      44.00
17시 08분 21초    2       0.00      23.00       0.00       0.00       0.00       0.00       0.00      71.00       0.00      45.00
17시 08분 21초    3       0.00      24.00       0.00       0.00       0.00       0.00       0.00      59.00       0.00      53.00
17시 08분 21초    4       0.00      33.00       0.00       0.00       0.00       0.00       0.00      70.00       0.00      50.00
17시 08분 21초    5       0.00      14.00       0.00       0.00       0.00       0.00       0.00      76.00       0.00      53.00

17시 08분 21초  CPU    %usr   %nice    %sys %iowait    %irq   %soft  %steal  %guest  %gnice   %idle
17시 08분 22초  all   10.76    0.00    1.68    0.00    0.17    0.00    0.00    0.00    0.00   87.39
17시 08분 22초    0   10.10    0.00    1.01    0.00    0.00    0.00    0.00    0.00    0.00   88.89
17시 08분 22초    1   15.31    0.00    0.00    0.00    0.00    0.00    0.00    0.00    0.00   84.69
17시 08분 22초    2    7.07    0.00    2.02    0.00    0.00    0.00    0.00    0.00    0.00   90.91
17시 08분 22초    3   20.20    0.00    2.02    0.00    0.00    0.00    0.00    0.00    0.00   77.78
17시 08분 22초    4    4.04    0.00    3.03    0.00    0.00    0.00    0.00    0.00    0.00   92.93
17시 08분 22초    5    7.92    0.00    1.98    0.00    0.99    0.00    0.00    0.00    0.00   89.11

17시 08분 21초  CPU    intr/s
17시 08분 22초  all   4480.00
17시 08분 22초    0    539.00
17시 08분 22초    1    137.00
17시 08분 22초    2    109.00
17시 08분 22초    3    122.00
17시 08분 22초    4     95.00
17시 08분 22초    5    116.00

17시 08분 21초  CPU        9/s       11/s       12/s       13/s       18/s       20/s       21/s       22/s       23/s       24/s       25/s       26/s       27/s       28/s       29/s       30/s       31/s       32/s       33/s       34/s       35/s       36/s       37/s       38/s       39/s       40/s       41/s       42/s       43/s       44/s       45/s       46/s       47/s       48/s       49/s       50/s       51/s       52/s       53/s       54/s       55/s       57/s       59/s       61/s       65/s       66/s       67/s       68/s       69/s       70/s       71/s       72/s       73/s       74/s       75/s       76/s       77/s       79/s       80/s       81/s       82/s       83/s       84/s       85/s       86/s       87/s       88/s       89/s       90/s       91/s       92/s       93/s       94/s       95/s       96/s       97/s       98/s      112/s      113/s      114/s      115/s      116/s      117/s      118/s      119/s      120/s      121/s      122/s      123/s      124/s      125/s      126/s      127/s      128/s      129/s      130/s      131/s      132/s      133/s      134/s      135/s      136/s      137/s      138/s      150/s      154/s      162/s      167/s      171/s      224/s      228/s      229/s      230/s      231/s      232/s      233/s      234/s      235/s      236/s      237/s      245/s      246/s      247/s      249/s      250/s      252/s      253/s      262/s      263/s      294/s      296/s      297/s      298/s      299/s      301/s      302/s     IPI0/s     IPI1/s     IPI2/s     IPI3/s     IPI4/s     IPI5/s     IPI6/s      Err/s
17시 08분 22초    0       0.00       0.00       0.00     334.00       0.00       0.00       0.00       0.00       0.00       0.00       0.00       0.00       0.00       0.00       0.00       0.00       0.00       0.00       0.00       0.00       0.00       0.00       0.00       0.00       0.00       0.00       0.00       0.00       0.00       0.00       0.00       0.00       0.00       0.00       0.00       0.00       0.00       0.00       0.00       0.00       0.00       0.00       0.00       0.00       0.00       0.00       0.00       0.00       0.00       0.00       0.00       0.00       0.00       0.00       0.00       0.00       0.00       0.00       0.00       0.00       0.00       0.00       0.00       0.00       0.00       0.00       0.00       0.00       0.00       0.00       0.00       0.00       0.00       0.00       0.00       0.00       0.00       0.00       0.00       5.00       0.00       0.00       0.00       0.00       0.00       0.00       0.00       0.00       0.00       0.00       0.00       0.00       0.00      69.00       0.00       0.00       0.00       0.00       0.00       0.00       0.00       0.00       0.00       0.00       0.00     231.00       0.00       0.00       0.00       0.00       0.00       0.00       0.00       0.00       0.00       0.00       0.00       0.00       0.00       0.00       0.00       0.00       0.00       0.00       0.00       0.00       0.00       0.00       0.00       0.00       0.00       0.00       0.00       0.00     390.00       0.00     266.00      46.00       0.00       0.00       0.00      89.00       0.00       0.00
17시 08분 22초    1       0.00       0.00       0.00     223.00       0.00       0.00       0.00       0.00       0.00       0.00       0.00       0.00       0.00       0.00       0.00       0.00       0.00       0.00       0.00       0.00       0.00       0.00       0.00       0.00       0.00       0.00       0.00       0.00       0.00       0.00       0.00       0.00       0.00       0.00       0.00       0.00       0.00       0.00       0.00       0.00       0.00       0.00       0.00       0.00       0.00       0.00       0.00       0.00       0.00       0.00       0.00       0.00       0.00       0.00       0.00       0.00       0.00       0.00       0.00       0.00       0.00       0.00       0.00       0.00       0.00       0.00       0.00       0.00       0.00       0.00       0.00       0.00       0.00       0.00       0.00       0.00       0.00       0.00       0.00       0.00       0.00       0.00       0.00       0.00       0.00       0.00       0.00       0.00       0.00       0.00       0.00       0.00       0.00       0.00       0.00       0.00       0.00       0.00       0.00       0.00       0.00       0.00       0.00       0.00       0.00       0.00       0.00       0.00       0.00       0.00       0.00       0.00       0.00       0.00       0.00       0.00       0.00       0.00       0.00       0.00       0.00       0.00       0.00       0.00       0.00       0.00       0.00       0.00       0.00       0.00       0.00       0.00       0.00       0.00       0.00       0.00     192.00      26.00       0.00       0.00       0.00      53.00       0.00       0.00
17시 08분 22초    2       0.00       0.00       0.00     109.00       0.00       0.00       0.00       0.00       0.00       0.00       0.00       0.00       0.00       0.00       0.00       0.00       0.00       0.00       0.00       0.00       0.00       0.00       0.00       0.00       0.00       0.00       0.00       0.00       0.00       0.00       0.00       0.00       0.00       0.00       0.00       0.00       0.00       0.00       0.00       0.00       0.00       0.00       0.00       0.00       0.00       0.00       0.00       0.00       0.00       0.00       0.00       0.00       0.00       0.00       0.00       0.00       0.00       0.00       0.00       0.00       0.00       0.00       0.00       0.00       0.00       0.00       0.00       0.00       0.00       0.00       0.00       0.00       0.00       0.00       0.00       0.00       0.00       0.00       0.00       0.00       0.00       0.00       0.00       0.00       0.00       0.00       0.00       0.00       0.00       0.00       0.00       0.00       0.00       0.00       0.00       0.00       0.00       0.00       0.00       0.00       0.00       0.00       0.00       0.00       0.00       0.00       0.00       0.00       0.00       0.00       0.00       0.00       0.00       0.00       0.00       0.00       0.00       0.00       0.00       0.00       0.00       0.00       0.00       0.00       0.00       0.00       0.00       0.00       0.00       0.00       0.00       0.00       0.00       0.00       0.00       0.00      74.00      15.00       0.00       0.00       0.00      18.00       0.00       0.00
17시 08분 22초    3       0.00       0.00       0.00     144.00       0.00       0.00       0.00       0.00       0.00       0.00       0.00       0.00       0.00       0.00       0.00       0.00       0.00       0.00       0.00       0.00       0.00       0.00       0.00       0.00       0.00       0.00       0.00       0.00       0.00       0.00       0.00       0.00       0.00       0.00       0.00       0.00       0.00       0.00       0.00       0.00       0.00       0.00       0.00       0.00       0.00       0.00       0.00       0.00       0.00       0.00       0.00       0.00       0.00       0.00       0.00       0.00       0.00       0.00       0.00       0.00       0.00       0.00       0.00       0.00       0.00       0.00       0.00       0.00       0.00       0.00       0.00       0.00       0.00       0.00       0.00       0.00       0.00       0.00       0.00       0.00       0.00       0.00       0.00       0.00       0.00       0.00       0.00       0.00       0.00       0.00       0.00       0.00       0.00       0.00       0.00       0.00       0.00       0.00       0.00       0.00       0.00       0.00       0.00       0.00       0.00       0.00       0.00       0.00       0.00       0.00       0.00       0.00       0.00       0.00       0.00       0.00       0.00       0.00       0.00       0.00       0.00       0.00       0.00       0.00       0.00       0.00       0.00       0.00       0.00       0.00       0.00       0.00       0.00       0.00       0.00       0.00      67.00       5.00       0.00       0.00       0.00      64.00       0.00       0.00
17시 08분 22초    4       0.00       0.00       0.00     666.00       0.00       0.00       0.00       0.00       0.00       0.00       0.00       0.00       0.00       0.00       0.00       0.00       0.00       0.00       0.00       0.00       0.00       0.00       0.00       0.00       0.00       0.00       0.00       0.00       0.00       0.00       0.00       0.00       0.00       0.00       0.00       0.00       0.00       0.00       0.00       0.00       0.00       0.00       0.00       0.00       0.00       0.00       0.00       0.00       0.00       0.00       0.00       0.00       0.00       0.00       0.00       0.00       0.00       0.00       0.00       0.00       0.00       0.00       0.00       0.00       0.00       0.00       0.00       0.00       0.00       0.00       0.00       0.00       0.00       0.00       0.00       0.00       0.00       0.00       0.00       0.00       0.00       0.00       0.00       0.00       0.00       0.00       0.00       0.00       0.00       0.00       0.00       0.00       0.00       0.00       0.00       0.00       0.00       0.00       0.00       0.00       0.00       0.00       0.00       0.00       0.00       0.00       0.00       0.00       0.00       0.00       0.00       0.00       0.00       0.00       0.00       0.00       0.00       0.00       0.00       0.00       0.00       0.00       0.00       0.00       0.00       0.00       0.00       0.00       0.00       0.00       0.00       0.00       0.00       0.00       0.00       0.00     148.00       0.00       0.00       0.00       0.00       1.00       0.00       0.00
17시 08분 22초    5       0.00       0.00       0.00    1067.00       0.00       0.00       0.00       0.00       0.00       0.00       0.00       0.00       0.00       0.00       0.00       0.00       0.00       0.00       0.00       0.00       0.00       0.00       0.00       0.00       0.00       0.00       0.00       0.00       0.00       0.00       0.00       0.00       0.00       0.00       0.00       0.00       0.00       0.00       0.00       0.00       0.00       0.00       0.00       0.00       0.00       0.00       0.00       0.00       0.00       0.00       0.00       0.00       0.00       0.00       0.00       0.00       0.00       0.00       0.00       0.00       0.00       0.00       0.00       0.00       0.00       0.00       0.00       0.00       0.00       0.00       0.00       0.00       0.00       0.00       0.00       0.00       0.00       0.00       0.00       0.00       0.00       0.00       0.00       0.00       0.00       0.00       0.00       0.00       0.00       0.00       0.00       0.00       0.00       0.00       0.00       0.00       0.00       0.00       0.00       0.00       0.00       0.00       0.00       0.00       0.00       0.00       0.00       0.00       0.00       0.00       0.00       0.00       0.00       0.00       0.00       0.00       0.00       0.00       0.00       0.00       0.00       0.00       0.00       0.00       0.00       0.00       0.00       0.00       0.00       0.00       0.00       0.00       0.00       0.00       0.00       0.00     174.00       3.00       0.00       0.00       0.00       1.00       0.00       0.00

17시 08분 21초  CPU       HI/s    TIMER/s   NET_TX/s   NET_RX/s    BLOCK/s IRQ_POLL/s  TASKLET/s    SCHED/s  HRTIMER/s      RCU/s
17시 08분 22초    0       0.00      14.00      19.00     358.00       0.00       0.00       0.00     111.00       0.00      37.00
17시 08분 22초    1       0.00      29.00       0.00       0.00       0.00       0.00       0.00      81.00       0.00      27.00
17시 08분 22초    2       0.00      19.00       0.00       0.00       0.00       0.00       0.00      56.00       0.00      34.00
17시 08분 22초    3       0.00      17.00       0.00       0.00       0.00       0.00       0.00      63.00       0.00      42.00
17시 08분 22초    4       0.00      19.00       0.00       0.00       0.00       0.00       0.00      47.00       0.00      29.00
17시 08분 22초    5       0.00       8.00       0.00       0.00       0.00       0.00       0.00      74.00       0.00      34.00

17시 08분 22초  CPU    %usr   %nice    %sys %iowait    %irq   %soft  %steal  %guest  %gnice   %idle
17시 08분 23초  all   11.00    0.00    4.17    1.83    0.67    0.17    0.00    0.00    0.00   82.17
17시 08분 23초    0    6.80    0.00    2.91    0.00    1.94    0.97    0.00    0.00    0.00   87.38
17시 08분 23초    1    7.92    0.00    0.00    0.00    0.99    0.00    0.00    0.00    0.00   91.09
17시 08분 23초    2    1.01    0.00    2.02    0.00    1.01    0.00    0.00    0.00    0.00   95.96
17시 08분 23초    3   10.00    0.00   15.00   10.00    0.00    0.00    0.00    0.00    0.00   65.00
17시 08분 23초    4    0.00    0.00    5.05    1.01    0.00    0.00    0.00    0.00    0.00   93.94
17시 08분 23초    5   40.82    0.00    0.00    0.00    0.00    0.00    0.00    0.00    0.00   59.18

17시 08분 22초  CPU    intr/s
17시 08분 23초  all   5717.00
17시 08분 23초    0    552.00
17시 08분 23초    1    162.00
17시 08분 23초    2    125.00
17시 08분 23초    3    159.00
17시 08분 23초    4    110.00
17시 08분 23초    5    144.00

17시 08분 22초  CPU        9/s       11/s       12/s       13/s       18/s       20/s       21/s       22/s       23/s       24/s       25/s       26/s       27/s       28/s       29/s       30/s       31/s       32/s       33/s       34/s       35/s       36/s       37/s       38/s       39/s       40/s       41/s       42/s       43/s       44/s       45/s       46/s       47/s       48/s       49/s       50/s       51/s       52/s       53/s       54/s       55/s       57/s       59/s       61/s       65/s       66/s       67/s       68/s       69/s       70/s       71/s       72/s       73/s       74/s       75/s       76/s       77/s       79/s       80/s       81/s       82/s       83/s       84/s       85/s       86/s       87/s       88/s       89/s       90/s       91/s       92/s       93/s       94/s       95/s       96/s       97/s       98/s      112/s      113/s      114/s      115/s      116/s      117/s      118/s      119/s      120/s      121/s      122/s      123/s      124/s      125/s      126/s      127/s      128/s      129/s      130/s      131/s      132/s      133/s      134/s      135/s      136/s      137/s      138/s      150/s      154/s      162/s      167/s      171/s      224/s      228/s      229/s      230/s      231/s      232/s      233/s      234/s      235/s      236/s      237/s      245/s      246/s      247/s      249/s      250/s      252/s      253/s      262/s      263/s      294/s      296/s      297/s      298/s      299/s      301/s      302/s     IPI0/s     IPI1/s     IPI2/s     IPI3/s     IPI4/s     IPI5/s     IPI6/s      Err/s
17시 08분 23초    0       0.00       0.00       0.00     630.00       0.00       0.00       0.00       0.00       0.00       0.00       0.00       0.00       0.00       0.00       0.00       0.00       0.00       0.00       0.00       0.00       0.00       0.00       0.00       0.00       0.00       0.00       0.00       0.00       0.00       0.00       0.00       0.00       0.00       0.00       0.00       0.00       0.00       0.00       0.00       0.00       0.00       0.00       0.00       0.00       0.00       0.00     242.00       0.00       0.00       0.00       0.00       0.00       0.00       0.00       0.00       0.00       0.00       0.00       0.00       0.00       0.00       0.00       0.00       0.00       0.00       0.00       0.00       0.00       0.00       0.00       0.00       0.00       0.00       0.00       0.00       0.00       0.00      81.00       0.00       3.00       0.00       0.00       0.00       0.00       0.00       0.00       0.00       0.00       0.00       0.00       0.00       0.00       0.00      78.00       0.00       0.00       0.00       0.00       0.00       0.00       0.00       0.00       0.00       0.00       0.00     293.00       0.00       0.00       0.00       0.00       0.00       0.00       0.00       0.00       0.00       0.00       0.00       0.00       0.00       0.00       0.00       0.00       0.00       0.00       0.00       0.00       0.00       0.00       0.00       0.00       0.00       0.00       0.00       0.00     378.00       0.00     176.00      55.00       0.00       0.00       0.00      73.00       0.00       0.00
17시 08분 23초    1       0.00       0.00       0.00     153.00       0.00       0.00       0.00       0.00       0.00       0.00       0.00       0.00       0.00       0.00       0.00       0.00       0.00       0.00       0.00       0.00       0.00       0.00       0.00       0.00       0.00       0.00       0.00       0.00       0.00       0.00       0.00       0.00       0.00       0.00       0.00       0.00       0.00       0.00       0.00       0.00       0.00       0.00       0.00       0.00       0.00       0.00       0.00       0.00       0.00       0.00       0.00       0.00       0.00       0.00       0.00       0.00       0.00       0.00       0.00       0.00       0.00       0.00       0.00       0.00       0.00       0.00       0.00       0.00       0.00       0.00       0.00       0.00       0.00       0.00       0.00       0.00       0.00       0.00       0.00       0.00       0.00       0.00       0.00       0.00       0.00       0.00       0.00       0.00       0.00       0.00       0.00       0.00       0.00       0.00       0.00       0.00       0.00       0.00       0.00       0.00       0.00       0.00       0.00       0.00       0.00       0.00       0.00       0.00       0.00       0.00       0.00       0.00       0.00       0.00       0.00       0.00       0.00       0.00       0.00       0.00       0.00       0.00       0.00       0.00       0.00       0.00       0.00       0.00       0.00       0.00       0.00       0.00       0.00       0.00       0.00       0.00     135.00      47.00       0.00       0.00       0.00      16.00       0.00       0.00
17시 08분 23초    2       0.00       0.00       0.00    1243.00       0.00       0.00       0.00       0.00       0.00       0.00       0.00       0.00       0.00       0.00       0.00       0.00       0.00       0.00       0.00       0.00       0.00       0.00       0.00       0.00       0.00       0.00       0.00       0.00       0.00       0.00       0.00       0.00       0.00       0.00       0.00       0.00       0.00       0.00       0.00       0.00       0.00       0.00       0.00       0.00       0.00       0.00       0.00       0.00       0.00       0.00       0.00       0.00       0.00       0.00       0.00       0.00       0.00       0.00       0.00       0.00       0.00       0.00       0.00       0.00       0.00       0.00       0.00       0.00       0.00       0.00       0.00       0.00       0.00       0.00       0.00       0.00       0.00       0.00       0.00       0.00       0.00       0.00       0.00       0.00       0.00       0.00       0.00       0.00       0.00       0.00       0.00       0.00       0.00       0.00       0.00       0.00       0.00       0.00       0.00       0.00       0.00       0.00       0.00       0.00       0.00       0.00       0.00       0.00       0.00       0.00       0.00       0.00       0.00       0.00       0.00       0.00       0.00       0.00       0.00       0.00       0.00       0.00       0.00       0.00       0.00       0.00       0.00       0.00       0.00       0.00       0.00       0.00       0.00       0.00       0.00       0.00     201.00      12.00       0.00       0.00       0.00      13.00       0.00       0.00
17시 08분 23초    3       0.00       0.00       0.00     291.00       0.00       0.00       0.00       0.00       0.00       0.00       0.00       0.00       0.00       0.00       0.00       0.00       0.00       0.00       0.00       0.00       0.00       0.00       0.00       0.00       0.00       0.00       0.00       0.00       0.00       0.00       0.00       0.00       0.00       0.00       0.00       0.00       0.00       0.00       0.00       0.00       0.00       0.00       0.00       0.00       0.00       0.00       0.00       0.00       0.00       0.00       0.00       0.00       0.00       0.00       0.00       0.00       0.00       0.00       0.00       0.00       0.00       0.00       0.00       0.00       0.00       0.00       0.00       0.00       0.00       0.00       0.00       0.00       0.00       0.00       0.00       0.00       0.00       0.00       0.00       0.00       0.00       0.00       0.00       0.00       0.00       0.00       0.00       0.00       0.00       0.00       0.00       0.00       0.00       0.00       0.00       0.00       0.00       0.00       0.00       0.00       0.00       0.00       0.00       0.00       0.00       0.00       0.00       0.00       0.00       0.00       0.00       0.00       0.00       0.00       0.00       0.00       0.00       0.00       0.00       0.00       0.00       0.00       0.00       0.00       0.00       0.00       0.00       0.00       0.00       0.00       0.00       0.00       0.00       0.00       0.00       0.00     303.00       4.00       0.00       0.00       0.00      38.00       0.00       0.00
17시 08분 23초    4       0.00       0.00       0.00     307.00       0.00       0.00       0.00       0.00       0.00       0.00       0.00       0.00       0.00       0.00       0.00       0.00       0.00       0.00       0.00       0.00       0.00       0.00       0.00       0.00       0.00       0.00       0.00       0.00       0.00       0.00       0.00       0.00       0.00       0.00       0.00       0.00       0.00       0.00       0.00       0.00       0.00       0.00       0.00       0.00       0.00       0.00       0.00       0.00       0.00       0.00       0.00       0.00       0.00       0.00       0.00       0.00       0.00       0.00       0.00       0.00       0.00       0.00       0.00       0.00       0.00       0.00       0.00       0.00       0.00       0.00       0.00       0.00       0.00       0.00       0.00       0.00       0.00       0.00       0.00       0.00       0.00       0.00       0.00       0.00       0.00       0.00       0.00       0.00       0.00       0.00       0.00       0.00       0.00       0.00       0.00       0.00       0.00       0.00       0.00       0.00       0.00       0.00       0.00       0.00       0.00       0.00       0.00       0.00       0.00       0.00       0.00       0.00       0.00       0.00       0.00       0.00       0.00       0.00       0.00       0.00       0.00       0.00       0.00       0.00       0.00       0.00       0.00       0.00       0.00       0.00       0.00       0.00       0.00       0.00       0.00       0.00     338.00       1.00       0.00       0.00       0.00      27.00       0.00       0.00
17시 08분 23초    5       0.00       0.00       0.00     261.00       0.00       0.00       0.00       0.00       0.00       0.00       0.00       0.00       0.00       0.00       0.00       0.00       0.00       0.00       0.00       0.00       0.00       0.00       0.00       0.00       0.00       0.00       0.00       0.00       0.00       0.00       0.00       0.00       0.00       0.00       0.00       0.00       0.00       0.00       0.00       0.00       0.00       0.00       0.00       0.00       0.00       0.00       0.00       0.00       0.00       0.00       0.00       0.00       0.00       0.00       0.00       0.00       0.00       0.00       0.00       0.00       0.00       0.00       0.00       0.00       0.00       0.00       0.00       0.00       0.00       0.00       0.00       0.00       0.00       0.00       0.00       0.00       0.00       0.00       0.00       0.00       0.00       0.00       0.00       0.00       0.00       0.00       0.00       0.00       0.00       0.00       0.00       0.00       0.00       0.00       0.00       0.00       0.00       0.00       0.00       0.00       0.00       0.00       0.00       0.00       0.00       0.00       0.00       0.00       0.00       0.00       0.00       0.00       0.00       0.00       0.00       0.00       0.00       0.00       0.00       0.00       0.00       0.00       0.00       0.00       0.00       0.00       0.00       0.00       0.00       0.00       0.00       0.00       0.00       0.00       0.00       0.00     219.00       7.00       0.00       0.00       0.00      93.00       0.00       0.00

17시 08분 22초  CPU       HI/s    TIMER/s   NET_TX/s   NET_RX/s    BLOCK/s IRQ_POLL/s  TASKLET/s    SCHED/s  HRTIMER/s      RCU/s
17시 08분 23초    0       0.00      20.00      17.00     348.00       1.00       0.00       0.00     124.00       0.00      42.00
17시 08분 23초    1       0.00      34.00       0.00       0.00       0.00       0.00       0.00      95.00       0.00      33.00
17시 08분 23초    2       0.00      35.00       0.00       0.00       0.00       0.00       0.00      49.00       0.00      41.00
17시 08분 23초    3       0.00       7.00       0.00       0.00      37.00       0.00       0.00      77.00       0.00      38.00
17시 08분 23초    4       0.00      11.00       0.00       0.00       0.00       0.00       0.00      46.00       0.00      53.00
17시 08분 23초    5       0.00       4.00       0.00       0.00       0.00       0.00       0.00      88.00       0.00      52.00

17시 08분 23초  CPU    %usr   %nice    %sys %iowait    %irq   %soft  %steal  %guest  %gnice   %idle
17시 08분 24초  all   10.70    0.00    0.85    0.00    0.17    0.00    0.00    0.00    0.00   88.29
17시 08분 24초    0    9.28    0.00    1.03    0.00    0.00    0.00    0.00    0.00    0.00   89.69
17시 08분 24초    1   26.26    0.00    1.01    0.00    0.00    0.00    0.00    0.00    0.00   72.73
17시 08분 24초    2    1.01    0.00    1.01    0.00    0.00    0.00    0.00    0.00    0.00   97.98
17시 08분 24초    3    3.03    0.00    1.01    0.00    1.01    0.00    0.00    0.00    0.00   94.95
17시 08분 24초    4    5.05    0.00    1.01    0.00    0.00    0.00    0.00    0.00    0.00   93.94
17시 08분 24초    5   19.79    0.00    0.00    0.00    0.00    0.00    0.00    0.00    0.00   80.21

17시 08분 23초  CPU    intr/s
17시 08분 24초  all   4451.00
17시 08분 24초    0    552.00
17시 08분 24초    1    152.00
17시 08분 24초    2    112.00
17시 08분 24초    3    101.00
17시 08분 24초    4    118.00
17시 08분 24초    5    117.00

17시 08분 23초  CPU        9/s       11/s       12/s       13/s       18/s       20/s       21/s       22/s       23/s       24/s       25/s       26/s       27/s       28/s       29/s       30/s       31/s       32/s       33/s       34/s       35/s       36/s       37/s       38/s       39/s       40/s       41/s       42/s       43/s       44/s       45/s       46/s       47/s       48/s       49/s       50/s       51/s       52/s       53/s       54/s       55/s       57/s       59/s       61/s       65/s       66/s       67/s       68/s       69/s       70/s       71/s       72/s       73/s       74/s       75/s       76/s       77/s       79/s       80/s       81/s       82/s       83/s       84/s       85/s       86/s       87/s       88/s       89/s       90/s       91/s       92/s       93/s       94/s       95/s       96/s       97/s       98/s      112/s      113/s      114/s      115/s      116/s      117/s      118/s      119/s      120/s      121/s      122/s      123/s      124/s      125/s      126/s      127/s      128/s      129/s      130/s      131/s      132/s      133/s      134/s      135/s      136/s      137/s      138/s      150/s      154/s      162/s      167/s      171/s      224/s      228/s      229/s      230/s      231/s      232/s      233/s      234/s      235/s      236/s      237/s      245/s      246/s      247/s      249/s      250/s      252/s      253/s      262/s      263/s      294/s      296/s      297/s      298/s      299/s      301/s      302/s     IPI0/s     IPI1/s     IPI2/s     IPI3/s     IPI4/s     IPI5/s     IPI6/s      Err/s
17시 08분 24초    0       0.00       0.00       0.00     389.00       0.00       0.00       0.00       0.00       0.00       0.00       0.00       0.00       0.00       0.00       0.00       0.00       0.00       0.00       0.00       0.00       0.00       0.00       0.00       0.00       0.00       0.00       0.00       0.00       0.00       0.00       0.00       0.00       0.00       0.00       0.00       0.00       0.00       0.00       0.00       0.00       0.00       0.00       0.00       0.00       0.00       0.00       0.00       0.00       0.00       0.00       0.00       0.00       0.00       0.00       0.00       0.00       0.00       0.00       0.00       0.00       0.00       0.00       0.00       0.00       0.00       0.00       0.00       0.00       0.00       0.00       0.00       0.00       0.00       0.00       0.00       0.00       0.00       2.00       0.00       1.00       0.00       0.00       0.00       0.00       0.00       0.00       0.00       0.00       0.00       0.00       0.00       0.00       0.00      73.00       0.00       0.00       0.00       0.00       0.00       0.00       0.00       0.00       0.00       0.00       0.00     233.00       0.00       0.00       0.00       0.00       0.00       0.00       0.00       0.00       0.00       0.00       0.00       0.00       0.00       0.00       0.00       0.00       0.00       0.00       0.00       0.00       0.00       0.00       0.00       0.00       0.00       0.00       0.00       0.00     388.00       0.00     210.00      45.00       0.00       0.00       0.00      81.00       0.00       0.00
17시 08분 24초    1       0.00       0.00       0.00     170.00       0.00       0.00       0.00       0.00       0.00       0.00       0.00       0.00       0.00       0.00       0.00       0.00       0.00       0.00       0.00       0.00       0.00       0.00       0.00       0.00       0.00       0.00       0.00       0.00       0.00       0.00       0.00       0.00       0.00       0.00       0.00       0.00       0.00       0.00       0.00       0.00       0.00       0.00       0.00       0.00       0.00       0.00       0.00       0.00       0.00       0.00       0.00       0.00       0.00       0.00       0.00       0.00       0.00       0.00       0.00       0.00       0.00       0.00       0.00       0.00       0.00       0.00       0.00       0.00       0.00       0.00       0.00       0.00       0.00       0.00       0.00       0.00       0.00       0.00       0.00       0.00       0.00       0.00       0.00       0.00       0.00       0.00       0.00       0.00       0.00       0.00       0.00       0.00       0.00       0.00       0.00       0.00       0.00       0.00       0.00       0.00       0.00       0.00       0.00       0.00       0.00       0.00       0.00       0.00       0.00       0.00       0.00       0.00       0.00       0.00       0.00       0.00       0.00       0.00       0.00       0.00       0.00       0.00       0.00       0.00       0.00       0.00       0.00       0.00       0.00       0.00       0.00       0.00       0.00       0.00       0.00       0.00     136.00      19.00       0.00       0.00       0.00      52.00       0.00       0.00
17시 08분 24초    2       0.00       0.00       0.00     115.00       0.00       0.00       0.00       0.00       0.00       0.00       0.00       0.00       0.00       0.00       0.00       0.00       0.00       0.00       0.00       0.00       0.00       0.00       0.00       0.00       0.00       0.00       0.00       0.00       0.00       0.00       0.00       0.00       0.00       0.00       0.00       0.00       0.00       0.00       0.00       0.00       0.00       0.00       0.00       0.00       0.00       0.00       0.00       0.00       0.00       0.00       0.00       0.00       0.00       0.00       0.00       0.00       0.00       0.00       0.00       0.00       0.00       0.00       0.00       0.00       0.00       0.00       0.00       0.00       0.00       0.00       0.00       0.00       0.00       0.00       0.00       0.00       0.00       0.00       0.00       0.00       0.00       0.00       0.00       0.00       0.00       0.00       0.00       0.00       0.00       0.00       0.00       0.00       0.00       0.00       0.00       0.00       0.00       0.00       0.00       0.00       0.00       0.00       0.00       0.00       0.00       0.00       0.00       0.00       0.00       0.00       0.00       0.00       0.00       0.00       0.00       0.00       0.00       0.00       0.00       0.00       0.00       0.00       0.00       0.00       0.00       0.00       0.00       0.00       0.00       0.00       0.00       0.00       0.00       0.00       0.00       0.00     146.00      14.00       0.00       0.00       0.00      14.00       0.00       0.00
17시 08분 24초    3       0.00       0.00       0.00     816.00       0.00       0.00       0.00       0.00       0.00       0.00       0.00       0.00       0.00       0.00       0.00       0.00       0.00       0.00       0.00       0.00       0.00       0.00       0.00       0.00       0.00       0.00       0.00       0.00       0.00       0.00       0.00       0.00       0.00       0.00       0.00       0.00       0.00       0.00       0.00       0.00       0.00       0.00       0.00       0.00       0.00       0.00       0.00       0.00       0.00       0.00       0.00       0.00       0.00       0.00       0.00       0.00       0.00       0.00       0.00       0.00       0.00       0.00       0.00       0.00       0.00       0.00       0.00       0.00       0.00       0.00       0.00       0.00       0.00       0.00       0.00       0.00       0.00       0.00       0.00       0.00       0.00       0.00       0.00       0.00       0.00       0.00       0.00       0.00       0.00       0.00       0.00       0.00       0.00       0.00       0.00       0.00       0.00       0.00       0.00       0.00       0.00       0.00       0.00       0.00       0.00       0.00       0.00       0.00       0.00       0.00       0.00       0.00       0.00       0.00       0.00       0.00       0.00       0.00       0.00       0.00       0.00       0.00       0.00       0.00       0.00       0.00       0.00       0.00       0.00       0.00       0.00       0.00       0.00       0.00       0.00       0.00     129.00       4.00       0.00       0.00       0.00      27.00       0.00       0.00
17시 08분 24초    4       0.00       0.00       0.00     374.00       0.00       0.00       0.00       0.00       0.00       0.00       0.00       0.00       0.00       0.00       0.00       0.00       0.00       0.00       0.00       0.00       0.00       0.00       0.00       0.00       0.00       0.00       0.00       0.00       0.00       0.00       0.00       0.00       0.00       0.00       0.00       0.00       0.00       0.00       0.00       0.00       0.00       0.00       0.00       0.00       0.00       0.00       0.00       0.00       0.00       0.00       0.00       0.00       0.00       0.00       0.00       0.00       0.00       0.00       0.00       0.00       0.00       0.00       0.00       0.00       0.00       0.00       0.00       0.00       0.00       0.00       0.00       0.00       0.00       0.00       0.00       0.00       0.00       0.00       0.00       0.00       0.00       0.00       0.00       0.00       0.00       0.00       0.00       0.00       0.00       0.00       0.00       0.00       0.00       0.00       0.00       0.00       0.00       0.00       0.00       0.00       0.00       0.00       0.00       0.00       0.00       0.00       0.00       0.00       0.00       0.00       0.00       0.00       0.00       0.00       0.00       0.00       0.00       0.00       0.00       0.00       0.00       0.00       0.00       0.00       0.00       0.00       0.00       0.00       0.00       0.00       0.00       0.00       0.00       0.00       0.00       0.00     201.00       4.00       0.00       0.00       0.00       8.00       0.00       0.00
17시 08분 24초    5       0.00       0.00       0.00     590.00       0.00       0.00       0.00       0.00       0.00       0.00       0.00       0.00       0.00       0.00       0.00       0.00       0.00       0.00       0.00       0.00       0.00       0.00       0.00       0.00       0.00       0.00       0.00       0.00       0.00       0.00       0.00       0.00       0.00       0.00       0.00       0.00       0.00       0.00       0.00       0.00       0.00       0.00       0.00       0.00       0.00       0.00       0.00       0.00       0.00       0.00       0.00       0.00       0.00       0.00       0.00       0.00       0.00       0.00       0.00       0.00       0.00       0.00       0.00       0.00       0.00       0.00       0.00       0.00       0.00       0.00       0.00       0.00       0.00       0.00       0.00       0.00       0.00       0.00       0.00       0.00       0.00       0.00       0.00       0.00       0.00       0.00       0.00       0.00       0.00       0.00       0.00       0.00       0.00       0.00       0.00       0.00       0.00       0.00       0.00       0.00       0.00       0.00       0.00       0.00       0.00       0.00       0.00       0.00       0.00       0.00       0.00       0.00       0.00       0.00       0.00       0.00       0.00       0.00       0.00       0.00       0.00       0.00       0.00       0.00       0.00       0.00       0.00       0.00       0.00       0.00       0.00       0.00       0.00       0.00       0.00       0.00     164.00       2.00       0.00       0.00       0.00      43.00       0.00       0.00

17시 08분 23초  CPU       HI/s    TIMER/s   NET_TX/s   NET_RX/s    BLOCK/s IRQ_POLL/s  TASKLET/s    SCHED/s  HRTIMER/s      RCU/s
17시 08분 24초    0       0.00      23.00      17.00     356.00       0.00       0.00       0.00     119.00       0.00      37.00
17시 08분 24초    1       0.00      29.00       0.00       0.00       0.00       0.00       0.00      82.00       0.00      41.00
17시 08분 24초    2       0.00      19.00       0.00       0.00       0.00       0.00       0.00      57.00       0.00      36.00
17시 08분 24초    3       0.00      17.00       0.00       0.00       0.00       0.00       0.00      55.00       0.00      29.00
17시 08분 24초    4       0.00      16.00       0.00       0.00       0.00       0.00       0.00      56.00       0.00      46.00
17시 08분 24초    5       0.00       3.00       0.00       0.00       0.00       0.00       0.00      70.00       0.00      44.00

17시 08분 24초  CPU    %usr   %nice    %sys %iowait    %irq   %soft  %steal  %guest  %gnice   %idle
17시 08분 25초  all   11.81    0.00    1.66    0.00    0.50    0.17    0.00    0.00    0.00   85.86
17시 08분 25초    0    8.00    0.00    2.00    0.00    1.00    0.00    0.00    0.00    0.00   89.00
17시 08분 25초    1   16.16    0.00    0.00    0.00    0.00    0.00    0.00    0.00    0.00   83.84
17시 08분 25초    2    1.01    0.00    1.01    0.00    0.00    0.00    0.00    0.00    0.00   97.98
17시 08분 25초    3   22.77    0.00    1.98    0.00    0.00    0.00    0.00    0.00    0.00   75.25
17시 08분 25초    4    1.98    0.00    4.95    0.00    0.99    0.00    0.00    0.00    0.00   92.08
17시 08분 25초    5   20.79    0.00    0.00    0.00    0.99    0.99    0.00    0.00    0.00   77.23

17시 08분 24초  CPU    intr/s
17시 08분 25초  all   3711.00
17시 08분 25초    0    585.00
17시 08분 25초    1    137.00
17시 08분 25초    2    125.00
17시 08분 25초    3    113.00
17시 08분 25초    4    111.00
17시 08분 25초    5    114.00

17시 08분 24초  CPU        9/s       11/s       12/s       13/s       18/s       20/s       21/s       22/s       23/s       24/s       25/s       26/s       27/s       28/s       29/s       30/s       31/s       32/s       33/s       34/s       35/s       36/s       37/s       38/s       39/s       40/s       41/s       42/s       43/s       44/s       45/s       46/s       47/s       48/s       49/s       50/s       51/s       52/s       53/s       54/s       55/s       57/s       59/s       61/s       65/s       66/s       67/s       68/s       69/s       70/s       71/s       72/s       73/s       74/s       75/s       76/s       77/s       79/s       80/s       81/s       82/s       83/s       84/s       85/s       86/s       87/s       88/s       89/s       90/s       91/s       92/s       93/s       94/s       95/s       96/s       97/s       98/s      112/s      113/s      114/s      115/s      116/s      117/s      118/s      119/s      120/s      121/s      122/s      123/s      124/s      125/s      126/s      127/s      128/s      129/s      130/s      131/s      132/s      133/s      134/s      135/s      136/s      137/s      138/s      150/s      154/s      162/s      167/s      171/s      224/s      228/s      229/s      230/s      231/s      232/s      233/s      234/s      235/s      236/s      237/s      245/s      246/s      247/s      249/s      250/s      252/s      253/s      262/s      263/s      294/s      296/s      297/s      298/s      299/s      301/s      302/s     IPI0/s     IPI1/s     IPI2/s     IPI3/s     IPI4/s     IPI5/s     IPI6/s      Err/s
17시 08분 25초    0       0.00       0.00       0.00     537.00       0.00       0.00       0.00       0.00       0.00       0.00       0.00       0.00       0.00       0.00       0.00       0.00       0.00       0.00       0.00       0.00       0.00       0.00       0.00       0.00       0.00       0.00       0.00       0.00       0.00       0.00       0.00       0.00       0.00       0.00       0.00       0.00       0.00       0.00       0.00       0.00       0.00       0.00       0.00       0.00       0.00       0.00       0.00       0.00       0.00       0.00       0.00       0.00       0.00       0.00       0.00       0.00       0.00       0.00       0.00       0.00       0.00       0.00       0.00       0.00       0.00       0.00       0.00       0.00       0.00       0.00       0.00       0.00       0.00       0.00       0.00       0.00       0.00       0.00       0.00       1.00       0.00       0.00       0.00       0.00       0.00       0.00       0.00       0.00       0.00       0.00       0.00       0.00       0.00      91.00       0.00       0.00       0.00       0.00       0.00       0.00       0.00       0.00       0.00       0.00       0.00     239.00       0.00       0.00       0.00       0.00       0.00       0.00       0.00       0.00       0.00       0.00       0.00       0.00       0.00       0.00       0.00       0.00       0.00       0.00       0.00       0.00       0.00       0.00       0.00       0.00       0.00       0.00       0.00       0.00     419.00       0.00     233.00      45.00       0.00       0.00       0.00      87.00       0.00       0.00
17시 08분 25초    1       0.00       0.00       0.00     267.00       0.00       0.00       0.00       0.00       0.00       0.00       0.00       0.00       0.00       0.00       0.00       0.00       0.00       0.00       0.00       0.00       0.00       0.00       0.00       0.00       0.00       0.00       0.00       0.00       0.00       0.00       0.00       0.00       0.00       0.00       0.00       0.00       0.00       0.00       0.00       0.00       0.00       0.00       0.00       0.00       0.00       0.00       0.00       0.00       0.00       0.00       0.00       0.00       0.00       0.00       0.00       0.00       0.00       0.00       0.00       0.00       0.00       0.00       0.00       0.00       0.00       0.00       0.00       0.00       0.00       0.00       0.00       0.00       0.00       0.00       0.00       0.00       0.00       0.00       0.00       0.00       0.00       0.00       0.00       0.00       0.00       0.00       0.00       0.00       0.00       0.00       0.00       0.00       0.00       0.00       0.00       0.00       0.00       0.00       0.00       0.00       0.00       0.00       0.00       0.00       0.00       0.00       0.00       0.00       0.00       0.00       0.00       0.00       0.00       0.00       0.00       0.00       0.00       0.00       0.00       0.00       0.00       0.00       0.00       0.00       0.00       0.00       0.00       0.00       0.00       0.00       0.00       0.00       0.00       0.00       0.00       0.00     101.00      25.00       0.00       0.00       0.00      47.00       0.00       0.00
17시 08분 25초    2       0.00       0.00       0.00     138.00       0.00       0.00       0.00       0.00       0.00       0.00       0.00       0.00       0.00       0.00       0.00       0.00       0.00       0.00       0.00       0.00       0.00       0.00       0.00       0.00       0.00       0.00       0.00       0.00       0.00       0.00       0.00       0.00       0.00       0.00       0.00       0.00       0.00       0.00       0.00       0.00       0.00       0.00       0.00       0.00       0.00       0.00       0.00       0.00       0.00       0.00       0.00       0.00       0.00       0.00       0.00       0.00       0.00       0.00       0.00       0.00       0.00       0.00       0.00       0.00       0.00       0.00       0.00       0.00       0.00       0.00       0.00       0.00       0.00       0.00       0.00       0.00       0.00       0.00       0.00       0.00       0.00       0.00       0.00       0.00       0.00       0.00       0.00       0.00       0.00       0.00       0.00       0.00       0.00       0.00       0.00       0.00       0.00       0.00       0.00       0.00       0.00       0.00       0.00       0.00       0.00       0.00       0.00       0.00       0.00       0.00       0.00       0.00       0.00       0.00       0.00       0.00       0.00       0.00       0.00       0.00       0.00       0.00       0.00       0.00       0.00       0.00       0.00       0.00       0.00       0.00       0.00       0.00       0.00       0.00       0.00       0.00     189.00      18.00       0.00       0.00       0.00      23.00       0.00       0.00
17시 08분 25초    3       0.00       0.00       0.00     174.00       0.00       0.00       0.00       0.00       0.00       0.00       0.00       0.00       0.00       0.00       0.00       0.00       0.00       0.00       0.00       0.00       0.00       0.00       0.00       0.00       0.00       0.00       0.00       0.00       0.00       0.00       0.00       0.00       0.00       0.00       0.00       0.00       0.00       0.00       0.00       0.00       0.00       0.00       0.00       0.00       0.00       0.00       0.00       0.00       0.00       0.00       0.00       0.00       0.00       0.00       0.00       0.00       0.00       0.00       0.00       0.00       0.00       0.00       0.00       0.00       0.00       0.00       0.00       0.00       0.00       0.00       0.00       0.00       0.00       0.00       0.00       0.00       0.00       0.00       0.00       0.00       0.00       0.00       0.00       0.00       0.00       0.00       0.00       0.00       0.00       0.00       0.00       0.00       0.00       0.00       0.00       0.00       0.00       0.00       0.00       0.00       0.00       0.00       0.00       0.00       0.00       0.00       0.00       0.00       0.00       0.00       0.00       0.00       0.00       0.00       0.00       0.00       0.00       0.00       0.00       0.00       0.00       0.00       0.00       0.00       0.00       0.00       0.00       0.00       0.00       0.00       0.00       0.00       0.00       0.00       0.00       0.00     123.00       5.00       0.00       0.00       0.00      74.00       0.00       0.00
17시 08분 25초    4       0.00       0.00       0.00     408.00       0.00       0.00       0.00       0.00       0.00       0.00       0.00       0.00       0.00       0.00       0.00       0.00       0.00       0.00       0.00       0.00       0.00       0.00       0.00       0.00       0.00       0.00       0.00       0.00       0.00       0.00       0.00       0.00       0.00       0.00       0.00       0.00       0.00       0.00       0.00       0.00       0.00       0.00       0.00       0.00       0.00       0.00       0.00       0.00       0.00       0.00       0.00       0.00       0.00       0.00       0.00       0.00       0.00       0.00       0.00       0.00       0.00       0.00       0.00       0.00       0.00       0.00       0.00       0.00       0.00       0.00       0.00       0.00       0.00       0.00       0.00       0.00       0.00       0.00       0.00       0.00       0.00       0.00       0.00       0.00       0.00       0.00       0.00       0.00       0.00       0.00       0.00       0.00       0.00       0.00       0.00       0.00       0.00       0.00       0.00       0.00       0.00       0.00       0.00       0.00       0.00       0.00       0.00       0.00       0.00       0.00       0.00       0.00       0.00       0.00       0.00       0.00       0.00       0.00       0.00       0.00       0.00       0.00       0.00       0.00       0.00       0.00       0.00       0.00       0.00       0.00       0.00       0.00       0.00       0.00       0.00       0.00     112.00       1.00       0.00       0.00       0.00       0.00       0.00       0.00
17시 08분 25초    5       0.00       0.00       0.00     168.00       0.00       0.00       0.00       0.00       0.00       0.00       0.00       0.00       0.00       0.00       0.00       0.00       0.00       0.00       0.00       0.00       0.00       0.00       0.00       0.00       0.00       0.00       0.00       0.00       0.00       0.00       0.00       0.00       0.00       0.00       0.00       0.00       0.00       0.00       0.00       0.00       0.00       0.00       0.00       0.00       0.00       0.00       0.00       0.00       0.00       0.00       0.00       0.00       0.00       0.00       0.00       0.00       0.00       0.00       0.00       0.00       0.00       0.00       0.00       0.00       0.00       0.00       0.00       0.00       0.00       0.00       0.00       0.00       0.00       0.00       0.00       0.00       0.00       0.00       0.00       0.00       0.00       0.00       0.00       0.00       0.00       0.00       0.00       0.00       0.00       0.00       0.00       0.00       0.00       0.00       0.00       0.00       0.00       0.00       0.00       0.00       0.00       0.00       0.00       0.00       0.00       0.00       0.00       0.00       0.00       0.00       0.00       0.00       0.00       0.00       0.00       0.00       0.00       0.00       0.00       0.00       0.00       0.00       0.00       0.00       0.00       0.00       0.00       0.00       0.00       0.00       0.00       0.00       0.00       0.00       0.00       0.00     193.00       0.00       0.00       0.00       0.00       0.00       0.00       0.00

17시 08분 24초  CPU       HI/s    TIMER/s   NET_TX/s   NET_RX/s    BLOCK/s IRQ_POLL/s  TASKLET/s    SCHED/s  HRTIMER/s      RCU/s
17시 08분 25초    0       0.00      13.00      17.00     385.00       0.00       0.00       0.00     117.00       0.00      53.00
17시 08분 25초    1       0.00      27.00       0.00       0.00       0.00       0.00       0.00      75.00       0.00      35.00
17시 08분 25초    2       0.00      26.00       0.00       0.00       0.00       0.00       0.00      58.00       0.00      41.00
17시 08분 25초    3       0.00       8.00       0.00       0.00       0.00       0.00       0.00      73.00       0.00      32.00
17시 08분 25초    4       0.00      25.00       0.00       0.00       0.00       0.00       0.00      42.00       0.00      44.00
17시 08분 25초    5       0.00      15.00       0.00       0.00       0.00       0.00       0.00      58.00       0.00      41.00

17시 08분 25초  CPU    %usr   %nice    %sys %iowait    %irq   %soft  %steal  %guest  %gnice   %idle
17시 08분 26초  all   12.54    0.00    4.18    0.17    0.00    0.00    0.00    0.00    0.00   83.11
17시 08분 26초    0    1.01    0.00   14.14    0.00    0.00    0.00    0.00    0.00    0.00   84.85
17시 08분 26초    1   14.00    0.00    1.00    0.00    0.00    0.00    0.00    0.00    0.00   85.00
17시 08분 26초    2    8.00    0.00    1.00    1.00    0.00    0.00    0.00    0.00    0.00   90.00
17시 08분 26초    3   34.00    0.00    2.00    0.00    0.00    0.00    0.00    0.00    0.00   64.00
17시 08분 26초    4    2.00    0.00    6.00    0.00    0.00    0.00    0.00    0.00    0.00   92.00
17시 08분 26초    5   16.16    0.00    1.01    0.00    0.00    0.00    0.00    0.00    0.00   82.83

17시 08분 25초  CPU    intr/s
17시 08분 26초  all   3213.00
17시 08분 26초    0    490.00
17시 08분 26초    1    126.00
17시 08분 26초    2    116.00
17시 08분 26초    3    110.00
17시 08분 26초    4     99.00
17시 08분 26초    5     96.00

17시 08분 25초  CPU        9/s       11/s       12/s       13/s       18/s       20/s       21/s       22/s       23/s       24/s       25/s       26/s       27/s       28/s       29/s       30/s       31/s       32/s       33/s       34/s       35/s       36/s       37/s       38/s       39/s       40/s       41/s       42/s       43/s       44/s       45/s       46/s       47/s       48/s       49/s       50/s       51/s       52/s       53/s       54/s       55/s       57/s       59/s       61/s       65/s       66/s       67/s       68/s       69/s       70/s       71/s       72/s       73/s       74/s       75/s       76/s       77/s       79/s       80/s       81/s       82/s       83/s       84/s       85/s       86/s       87/s       88/s       89/s       90/s       91/s       92/s       93/s       94/s       95/s       96/s       97/s       98/s      112/s      113/s      114/s      115/s      116/s      117/s      118/s      119/s      120/s      121/s      122/s      123/s      124/s      125/s      126/s      127/s      128/s      129/s      130/s      131/s      132/s      133/s      134/s      135/s      136/s      137/s      138/s      150/s      154/s      162/s      167/s      171/s      224/s      228/s      229/s      230/s      231/s      232/s      233/s      234/s      235/s      236/s      237/s      245/s      246/s      247/s      249/s      250/s      252/s      253/s      262/s      263/s      294/s      296/s      297/s      298/s      299/s      301/s      302/s     IPI0/s     IPI1/s     IPI2/s     IPI3/s     IPI4/s     IPI5/s     IPI6/s      Err/s
17시 08분 26초    0       0.00       0.00       0.00     336.00       0.00       0.00       0.00       0.00       0.00       0.00       0.00       0.00       0.00       0.00       0.00       0.00       0.00       0.00       0.00       0.00       0.00       0.00       0.00       0.00       0.00       0.00       0.00       0.00       0.00       0.00       0.00       0.00       0.00       0.00       0.00       0.00       0.00       0.00       0.00       0.00       0.00       0.00       0.00       0.00       0.00       0.00     134.00       0.00       0.00       0.00       0.00       0.00       0.00       0.00       0.00       0.00       0.00       0.00       0.00       0.00       0.00       0.00       0.00       0.00       0.00       0.00       0.00       0.00       0.00       0.00       0.00       0.00       0.00       0.00       0.00       0.00       0.00       0.00       0.00       3.00       0.00       0.00       0.00       0.00       0.00       0.00       0.00       0.00       0.00       0.00       0.00       0.00       0.00      69.00       0.00       0.00       0.00       0.00       0.00       0.00       0.00       0.00       0.00       0.00       0.00     184.00       0.00       0.00       0.00       0.00       0.00       0.00       0.00       0.00       0.00       0.00       0.00       0.00       0.00       0.00       0.00       0.00       0.00       0.00       0.00       0.00       0.00       0.00       0.00       0.00       0.00       0.00       0.00       0.00     322.00       0.00     165.00      41.00       0.00       0.00       0.00      49.00       0.00       0.00
17시 08분 26초    1       0.00       0.00       0.00     611.00       0.00       0.00       0.00       0.00       0.00       0.00       0.00       0.00       0.00       0.00       0.00       0.00       0.00       0.00       0.00       0.00       0.00       0.00       0.00       0.00       0.00       0.00       0.00       0.00       0.00       0.00       0.00       0.00       0.00       0.00       0.00       0.00       0.00       0.00       0.00       0.00       0.00       0.00       0.00       0.00       0.00       0.00       0.00       0.00       0.00       0.00       0.00       0.00       0.00       0.00       0.00       0.00       0.00       0.00       0.00       0.00       0.00       0.00       0.00       0.00       0.00       0.00       0.00       0.00       0.00       0.00       0.00       0.00       0.00       0.00       0.00       0.00       0.00       0.00       0.00       0.00       0.00       0.00       0.00       0.00       0.00       0.00       0.00       0.00       0.00       0.00       0.00       0.00       0.00       0.00       0.00       0.00       0.00       0.00       0.00       0.00       0.00       0.00       0.00       0.00       0.00       0.00       0.00       0.00       0.00       0.00       0.00       0.00       0.00       0.00       0.00       0.00       0.00       0.00       0.00       0.00       0.00       0.00       0.00       0.00       0.00       0.00       0.00       0.00       0.00       0.00       0.00       0.00       0.00       0.00       0.00       0.00     132.00      18.00       0.00       0.00       0.00      46.00       0.00       0.00
17시 08분 26초    2       0.00       0.00       0.00     132.00       0.00       0.00       0.00       0.00       0.00       0.00       0.00       0.00       0.00       0.00       0.00       0.00       0.00       0.00       0.00       0.00       0.00       0.00       0.00       0.00       0.00       0.00       0.00       0.00       0.00       0.00       0.00       0.00       0.00       0.00       0.00       0.00       0.00       0.00       0.00       0.00       0.00       0.00       0.00       0.00       0.00       0.00       0.00       0.00       0.00       0.00       0.00       0.00       0.00       0.00       0.00       0.00       0.00       0.00       0.00       0.00       0.00       0.00       0.00       0.00       0.00       0.00       0.00       0.00       0.00       0.00       0.00       0.00       0.00       0.00       0.00       0.00       0.00       0.00       0.00       0.00       0.00       0.00       0.00       0.00       0.00       0.00       0.00       0.00       0.00       0.00       0.00       0.00       0.00       0.00       0.00       0.00       0.00       0.00       0.00       0.00       0.00       0.00       0.00       0.00       0.00       0.00       0.00       0.00       0.00       0.00       0.00       0.00       0.00       0.00       0.00       0.00       0.00       0.00       0.00       0.00       0.00       0.00       0.00       0.00       0.00       0.00       0.00       0.00       0.00       0.00       0.00       0.00       0.00       0.00       0.00       0.00     134.00      14.00       0.00       0.00       0.00      26.00       0.00       0.00
17시 08분 26초    3       0.00       0.00       0.00     185.00       0.00       0.00       0.00       0.00       0.00       0.00       0.00       0.00       0.00       0.00       0.00       0.00       0.00       0.00       0.00       0.00       0.00       0.00       0.00       0.00       0.00       0.00       0.00       0.00       0.00       0.00       0.00       0.00       0.00       0.00       0.00       0.00       0.00       0.00       0.00       0.00       0.00       0.00       0.00       0.00       0.00       0.00       0.00       0.00       0.00       0.00       0.00       0.00       0.00       0.00       0.00       0.00       0.00       0.00       0.00       0.00       0.00       0.00       0.00       0.00       0.00       0.00       0.00       0.00       0.00       0.00       0.00       0.00       0.00       0.00       0.00       0.00       0.00       0.00       0.00       0.00       0.00       0.00       0.00       0.00       0.00       0.00       0.00       0.00       0.00       0.00       0.00       0.00       0.00       0.00       0.00       0.00       0.00       0.00       0.00       0.00       0.00       0.00       0.00       0.00       0.00       0.00       0.00       0.00       0.00       0.00       0.00       0.00       0.00       0.00       0.00       0.00       0.00       0.00       0.00       0.00       0.00       0.00       0.00       0.00       0.00       0.00       0.00       0.00       0.00       0.00       0.00       0.00       0.00       0.00       0.00       0.00     117.00       1.00       0.00       0.00       0.00      38.00       0.00       0.00
17시 08분 26초    4       0.00       0.00       0.00     117.00       0.00       0.00       0.00       0.00       0.00       0.00       0.00       0.00       0.00       0.00       0.00       0.00       0.00       0.00       0.00       0.00       0.00       0.00       0.00       0.00       0.00       0.00       0.00       0.00       0.00       0.00       0.00       0.00       0.00       0.00       0.00       0.00       0.00       0.00       0.00       0.00       0.00       0.00       0.00       0.00       0.00       0.00       0.00       0.00       0.00       0.00       0.00       0.00       0.00       0.00       0.00       0.00       0.00       0.00       0.00       0.00       0.00       0.00       0.00       0.00       0.00       0.00       0.00       0.00       0.00       0.00       0.00       0.00       0.00       0.00       0.00       0.00       0.00       0.00       0.00       0.00       0.00       0.00       0.00       0.00       0.00       0.00       0.00       0.00       0.00       0.00       0.00       0.00       0.00       0.00       0.00       0.00       0.00       0.00       0.00       0.00       0.00       0.00       0.00       0.00       0.00       0.00       0.00       0.00       0.00       0.00       0.00       0.00       0.00       0.00       0.00       0.00       0.00       0.00       0.00       0.00       0.00       0.00       0.00       0.00       0.00       0.00       0.00       0.00       0.00       0.00       0.00       0.00       0.00       0.00       0.00       0.00      57.00       0.00       0.00       0.00       0.00       0.00       0.00       0.00
17시 08분 26초    5       0.00       0.00       0.00     128.00       0.00       0.00       0.00       0.00       0.00       0.00       0.00       0.00       0.00       0.00       0.00       0.00       0.00       0.00       0.00       0.00       0.00       0.00       0.00       0.00       0.00       0.00       0.00       0.00       0.00       0.00       0.00       0.00       0.00       0.00       0.00       0.00       0.00       0.00       0.00       0.00       0.00       0.00       0.00       0.00       0.00       0.00       0.00       0.00       0.00       0.00       0.00       0.00       0.00       0.00       0.00       0.00       0.00       0.00       0.00       0.00       0.00       0.00       0.00       0.00       0.00       0.00       0.00       0.00       0.00       0.00       0.00       0.00       0.00       0.00       0.00       0.00       0.00       0.00       0.00       0.00       0.00       0.00       0.00       0.00       0.00       0.00       0.00       0.00       0.00       0.00       0.00       0.00       0.00       0.00       0.00       0.00       0.00       0.00       0.00       0.00       0.00       0.00       0.00       0.00       0.00       0.00       0.00       0.00       0.00       0.00       0.00       0.00       0.00       0.00       0.00       0.00       0.00       0.00       0.00       0.00       0.00       0.00       0.00       0.00       0.00       0.00       0.00       0.00       0.00       0.00       0.00       0.00       0.00       0.00       0.00       0.00     147.00       0.00       0.00       0.00       0.00       0.00       0.00       0.00

17시 08분 25초  CPU       HI/s    TIMER/s   NET_TX/s   NET_RX/s    BLOCK/s IRQ_POLL/s  TASKLET/s    SCHED/s  HRTIMER/s      RCU/s
17시 08분 26초    0       0.00      30.00      14.00     296.00       2.00       0.00       0.00     114.00       0.00      34.00
17시 08분 26초    1       0.00      27.00       0.00       0.00       0.00       0.00       0.00      66.00       0.00      33.00
17시 08분 26초    2       0.00      19.00       0.00       0.00       0.00       0.00       0.00      62.00       0.00      35.00
17시 08분 26초    3       0.00       7.00       0.00       0.00       0.00       0.00       0.00      58.00       0.00      45.00
17시 08분 26초    4       0.00       9.00       0.00       0.00       0.00       0.00       0.00      44.00       0.00      46.00
17시 08분 26초    5       0.00      12.00       0.00       0.00       0.00       0.00       0.00      58.00       0.00      26.00

17시 08분 26초  CPU    %usr   %nice    %sys %iowait    %irq   %soft  %steal  %guest  %gnice   %idle
17시 08분 27초  all   13.04    0.00    4.68    0.00    0.00    0.17    0.00    0.00    0.00   82.11
17시 08분 27초    0    0.00    0.00   10.89    0.00    0.00    0.99    0.00    0.00    0.00   88.12
17시 08분 27초    1    1.00    0.00    1.00    0.00    0.00    0.00    0.00    0.00    0.00   98.00
17시 08분 27초    2    0.00    0.00    1.01    0.00    0.00    0.00    0.00    0.00    0.00   98.99
17시 08분 27초    3   18.37    0.00    2.04    0.00    0.00    0.00    0.00    0.00    0.00   79.59
17시 08분 27초    4    1.00    0.00    4.00    0.00    0.00    0.00    0.00    0.00    0.00   95.00
17시 08분 27초    5   58.00    0.00    9.00    0.00    0.00    0.00    0.00    0.00    0.00   33.00

17시 08분 26초  CPU    intr/s
17시 08분 27초  all   1853.00
17시 08분 27초    0    279.00
17시 08분 27초    1    125.00
17시 08분 27초    2    113.00
17시 08분 27초    3     73.00
17시 08분 27초    4     76.00
17시 08분 27초    5    111.00

17시 08분 26초  CPU        9/s       11/s       12/s       13/s       18/s       20/s       21/s       22/s       23/s       24/s       25/s       26/s       27/s       28/s       29/s       30/s       31/s       32/s       33/s       34/s       35/s       36/s       37/s       38/s       39/s       40/s       41/s       42/s       43/s       44/s       45/s       46/s       47/s       48/s       49/s       50/s       51/s       52/s       53/s       54/s       55/s       57/s       59/s       61/s       65/s       66/s       67/s       68/s       69/s       70/s       71/s       72/s       73/s       74/s       75/s       76/s       77/s       79/s       80/s       81/s       82/s       83/s       84/s       85/s       86/s       87/s       88/s       89/s       90/s       91/s       92/s       93/s       94/s       95/s       96/s       97/s       98/s      112/s      113/s      114/s      115/s      116/s      117/s      118/s      119/s      120/s      121/s      122/s      123/s      124/s      125/s      126/s      127/s      128/s      129/s      130/s      131/s      132/s      133/s      134/s      135/s      136/s      137/s      138/s      150/s      154/s      162/s      167/s      171/s      224/s      228/s      229/s      230/s      231/s      232/s      233/s      234/s      235/s      236/s      237/s      245/s      246/s      247/s      249/s      250/s      252/s      253/s      262/s      263/s      294/s      296/s      297/s      298/s      299/s      301/s      302/s     IPI0/s     IPI1/s     IPI2/s     IPI3/s     IPI4/s     IPI5/s     IPI6/s      Err/s
17시 08분 27초    0       0.00       0.00       0.00     143.00       0.00       0.00       0.00       0.00       0.00       0.00       0.00       0.00       0.00       0.00       0.00       0.00       0.00       0.00       0.00       0.00       0.00       0.00       0.00       0.00       0.00       0.00       0.00       0.00       0.00       0.00       0.00       0.00       0.00       0.00       0.00       0.00       0.00       0.00       0.00       0.00       0.00       0.00       0.00       0.00       0.00       0.00       0.00       0.00       0.00       0.00       0.00       0.00       0.00       0.00       0.00       0.00       0.00       0.00       0.00       0.00       0.00       0.00       0.00       0.00       0.00       0.00       0.00       0.00       0.00       0.00       0.00       0.00       0.00       0.00       0.00       0.00       0.00       0.00       0.00      10.00       0.00       0.00       0.00       0.00       0.00       0.00       0.00       0.00       0.00       0.00       0.00       0.00       0.00      18.00       0.00       0.00       0.00       0.00       0.00       0.00       0.00       0.00       0.00       0.00       0.00      96.00       0.00       0.00       0.00       0.00       0.00       0.00       0.00       0.00       0.00       0.00       0.00       0.00       0.00       0.00       0.00       0.00       0.00       0.00       0.00       0.00       0.00       0.00       0.00       0.00       0.00       0.00       0.00       0.00     125.00       0.00      72.00      31.00       0.00       0.00       0.00      23.00       0.00       0.00
17시 08분 27초    1       0.00       0.00       0.00     370.00       0.00       0.00       0.00       0.00       0.00       0.00       0.00       0.00       0.00       0.00       0.00       0.00       0.00       0.00       0.00       0.00       0.00       0.00       0.00       0.00       0.00       0.00       0.00       0.00       0.00       0.00       0.00       0.00       0.00       0.00       0.00       0.00       0.00       0.00       0.00       0.00       0.00       0.00       0.00       0.00       0.00       0.00       0.00       0.00       0.00       0.00       0.00       0.00       0.00       0.00       0.00       0.00       0.00       0.00       0.00       0.00       0.00       0.00       0.00       0.00       0.00       0.00       0.00       0.00       0.00       0.00       0.00       0.00       0.00       0.00       0.00       0.00       0.00       0.00       0.00       0.00       0.00       0.00       0.00       0.00       0.00       0.00       0.00       0.00       0.00       0.00       0.00       0.00       0.00       0.00       0.00       0.00       0.00       0.00       0.00       0.00       0.00       0.00       0.00       0.00       0.00       0.00       0.00       0.00       0.00       0.00       0.00       0.00       0.00       0.00       0.00       0.00       0.00       0.00       0.00       0.00       0.00       0.00       0.00       0.00       0.00       0.00       0.00       0.00       0.00       0.00       0.00       0.00       0.00       0.00       0.00       0.00      61.00      18.00       0.00       0.00       0.00      10.00       0.00       0.00
17시 08분 27초    2       0.00       0.00       0.00      99.00       0.00       0.00       0.00       0.00       0.00       0.00       0.00       0.00       0.00       0.00       0.00       0.00       0.00       0.00       0.00       0.00       0.00       0.00       0.00       0.00       0.00       0.00       0.00       0.00       0.00       0.00       0.00       0.00       0.00       0.00       0.00       0.00       0.00       0.00       0.00       0.00       0.00       0.00       0.00       0.00       0.00       0.00       0.00       0.00       0.00       0.00       0.00       0.00       0.00       0.00       0.00       0.00       0.00       0.00       0.00       0.00       0.00       0.00       0.00       0.00       0.00       0.00       0.00       0.00       0.00       0.00       0.00       0.00       0.00       0.00       0.00       0.00       0.00       0.00       0.00       0.00       0.00       0.00       0.00       0.00       0.00       0.00       0.00       0.00       0.00       0.00       0.00       0.00       0.00       0.00       0.00       0.00       0.00       0.00       0.00       0.00       0.00       0.00       0.00       0.00       0.00       0.00       0.00       0.00       0.00       0.00       0.00       0.00       0.00       0.00       0.00       0.00       0.00       0.00       0.00       0.00       0.00       0.00       0.00       0.00       0.00       0.00       0.00       0.00       0.00       0.00       0.00       0.00       0.00       0.00       0.00       0.00      48.00      12.00       0.00       0.00       0.00       7.00       0.00       0.00
17시 08분 27초    3       0.00       0.00       0.00     111.00       0.00       0.00       0.00       0.00       0.00       0.00       0.00       0.00       0.00       0.00       0.00       0.00       0.00       0.00       0.00       0.00       0.00       0.00       0.00       0.00       0.00       0.00       0.00       0.00       0.00       0.00       0.00       0.00       0.00       0.00       0.00       0.00       0.00       0.00       0.00       0.00       0.00       0.00       0.00       0.00       0.00       0.00       0.00       0.00       0.00       0.00       0.00       0.00       0.00       0.00       0.00       0.00       0.00       0.00       0.00       0.00       0.00       0.00       0.00       0.00       0.00       0.00       0.00       0.00       0.00       0.00       0.00       0.00       0.00       0.00       0.00       0.00       0.00       0.00       0.00       0.00       0.00       0.00       0.00       0.00       0.00       0.00       0.00       0.00       0.00       0.00       0.00       0.00       0.00       0.00       0.00       0.00       0.00       0.00       0.00       0.00       0.00       0.00       0.00       0.00       0.00       0.00       0.00       0.00       0.00       0.00       0.00       0.00       0.00       0.00       0.00       0.00       0.00       0.00       0.00       0.00       0.00       0.00       0.00       0.00       0.00       0.00       0.00       0.00       0.00       0.00       0.00       0.00       0.00       0.00       0.00       0.00      84.00      84.00       0.00       0.00       0.00      21.00       0.00       0.00
17시 08분 27초    4       0.00       0.00       0.00      94.00       0.00       0.00       0.00       0.00       0.00       0.00       0.00       0.00       0.00       0.00       0.00       0.00       0.00       0.00       0.00       0.00       0.00       0.00       0.00       0.00       0.00       0.00       0.00       0.00       0.00       0.00       0.00       0.00       0.00       0.00       0.00       0.00       0.00       0.00       0.00       0.00       0.00       0.00       0.00       0.00       0.00       0.00       0.00       0.00       0.00       0.00       0.00       0.00       0.00       0.00       0.00       0.00       0.00       0.00       0.00       0.00       0.00       0.00       0.00       0.00       0.00       0.00       0.00       0.00       0.00       0.00       0.00       0.00       0.00       0.00       0.00       0.00       0.00       0.00       0.00       0.00       0.00       0.00       0.00       0.00       0.00       0.00       0.00       0.00       0.00       0.00       0.00       0.00       0.00       0.00       0.00       0.00       0.00       0.00       0.00       0.00       0.00       0.00       0.00       0.00       0.00       0.00       0.00       0.00       0.00       0.00       0.00       0.00       0.00       0.00       0.00       0.00       0.00       0.00       0.00       0.00       0.00       0.00       0.00       0.00       0.00       0.00       0.00       0.00       0.00       0.00       0.00       0.00       0.00       0.00       0.00       0.00      57.00       0.00       0.00       0.00       0.00       3.00       0.00       0.00
17시 08분 27초    5       0.00       0.00       0.00     191.00       0.00       0.00       0.00       0.00       0.00       0.00       0.00       0.00       0.00       0.00       0.00       0.00       0.00       0.00       0.00       0.00       0.00       0.00       0.00       0.00       0.00       0.00       0.00       0.00       0.00       0.00       0.00       0.00       0.00       0.00       0.00       0.00       0.00       0.00       0.00       0.00       0.00       0.00       0.00       0.00       0.00       0.00       0.00       0.00       0.00       0.00       0.00       0.00       0.00       0.00       0.00       0.00       0.00       0.00       0.00       0.00       0.00       0.00       0.00       0.00       0.00       0.00       0.00       0.00       0.00       0.00       0.00       0.00       0.00       0.00       0.00       0.00       0.00       0.00       0.00       0.00       0.00       0.00       0.00       0.00       0.00       0.00       0.00       0.00       0.00       0.00       0.00       0.00       0.00       0.00       0.00       0.00       0.00       0.00       0.00       0.00       0.00       0.00       0.00       0.00       0.00       0.00       0.00       0.00       0.00       0.00       0.00       0.00       0.00       0.00       0.00       0.00       0.00       0.00       0.00       0.00       0.00       0.00       0.00       0.00       0.00       0.00       0.00       0.00       0.00       0.00       0.00       0.00       0.00       0.00       0.00       0.00      47.00       3.00       0.00       0.00       0.00      17.00       0.00       0.00

17시 08분 26초  CPU       HI/s    TIMER/s   NET_TX/s   NET_RX/s    BLOCK/s IRQ_POLL/s  TASKLET/s    SCHED/s  HRTIMER/s      RCU/s
17시 08분 27초    0       0.00      34.00       5.00     115.00       0.00       0.00       0.00      75.00       0.00      50.00
17시 08분 27초    1       0.00      35.00       0.00       0.00       0.00       0.00       0.00      54.00       0.00      36.00
17시 08분 27초    2       0.00      24.00       0.00       0.00       0.00       0.00       0.00      40.00       0.00      49.00
17시 08분 27초    3       0.00       9.00       0.00       0.00       0.00       0.00       0.00      30.00       0.00      34.00
17시 08분 27초    4       0.00       6.00       0.00       0.00       0.00       0.00       0.00      27.00       0.00      43.00
17시 08분 27초    5       0.00       3.00       0.00       0.00       0.00       0.00       0.00      30.00       0.00      78.00

17시 08분 27초  CPU    %usr   %nice    %sys %iowait    %irq   %soft  %steal  %guest  %gnice   %idle
17시 08분 28초  all   11.71    0.00    2.01    0.00    0.17    0.00    0.00    0.00    0.00   86.12
17시 08분 28초    0    0.00    0.00    1.01    0.00    1.01    0.00    0.00    0.00    0.00   97.98
17시 08분 28초    1    0.00    0.00    1.01    0.00    0.00    0.00    0.00    0.00    0.00   98.99
17시 08분 28초    2    2.00    0.00    1.00    0.00    0.00    0.00    0.00    0.00    0.00   97.00
17시 08분 28초    3   46.46    0.00    0.00    0.00    0.00    0.00    0.00    0.00    0.00   53.54
17시 08분 28초    4    1.98    0.00    7.92    0.00    0.00    0.00    0.00    0.00    0.00   90.10
17시 08분 28초    5   20.00    0.00    1.00    0.00    0.00    0.00    0.00    0.00    0.00   79.00

17시 08분 27초  CPU    intr/s
17시 08분 28초  all   3481.00
17시 08분 28초    0    536.00
17시 08분 28초    1    139.00
17시 08분 28초    2    113.00
17시 08분 28초    3    144.00
17시 08분 28초    4     98.00
17시 08분 28초    5    126.00

17시 08분 27초  CPU        9/s       11/s       12/s       13/s       18/s       20/s       21/s       22/s       23/s       24/s       25/s       26/s       27/s       28/s       29/s       30/s       31/s       32/s       33/s       34/s       35/s       36/s       37/s       38/s       39/s       40/s       41/s       42/s       43/s       44/s       45/s       46/s       47/s       48/s       49/s       50/s       51/s       52/s       53/s       54/s       55/s       57/s       59/s       61/s       65/s       66/s       67/s       68/s       69/s       70/s       71/s       72/s       73/s       74/s       75/s       76/s       77/s       79/s       80/s       81/s       82/s       83/s       84/s       85/s       86/s       87/s       88/s       89/s       90/s       91/s       92/s       93/s       94/s       95/s       96/s       97/s       98/s      112/s      113/s      114/s      115/s      116/s      117/s      118/s      119/s      120/s      121/s      122/s      123/s      124/s      125/s      126/s      127/s      128/s      129/s      130/s      131/s      132/s      133/s      134/s      135/s      136/s      137/s      138/s      150/s      154/s      162/s      167/s      171/s      224/s      228/s      229/s      230/s      231/s      232/s      233/s      234/s      235/s      236/s      237/s      245/s      246/s      247/s      249/s      250/s      252/s      253/s      262/s      263/s      294/s      296/s      297/s      298/s      299/s      301/s      302/s     IPI0/s     IPI1/s     IPI2/s     IPI3/s     IPI4/s     IPI5/s     IPI6/s      Err/s
17시 08분 28초    0       0.00       0.00       0.00     145.00       0.00       0.00       0.00       0.00       0.00       0.00       0.00       0.00       0.00       0.00       0.00       0.00       0.00       0.00       0.00       0.00       0.00       0.00       0.00       0.00       0.00       0.00       0.00       0.00       0.00       0.00       0.00       0.00       0.00       0.00       0.00       0.00       0.00       0.00       0.00       0.00       0.00       0.00       0.00       0.00       0.00       0.00       0.00       0.00       0.00       0.00       0.00       0.00       0.00       0.00       0.00       0.00       0.00       0.00       0.00       0.00       0.00       0.00       0.00       0.00       0.00       0.00       0.00       0.00       0.00       0.00       0.00       0.00       0.00       0.00       0.00       0.00       0.00       0.00       0.00       8.00       0.00       0.00       0.00       0.00       0.00       0.00       0.00       0.00       0.00       0.00       0.00       0.00       0.00      87.00       0.00       0.00       0.00       0.00       0.00       0.00       0.00       0.00       0.00       0.00       0.00     244.00       0.00       0.00       0.00       0.00       0.00       0.00       0.00       0.00       0.00       0.00       0.00       0.00       0.00       0.00       0.00       0.00       0.00       0.00       0.00       0.00       0.00       0.00       0.00       0.00       0.00       0.00       0.00       0.00     388.00       0.00     219.00      44.00       0.00       0.00       0.00      74.00       0.00       0.00
17시 08분 28초    1       0.00       0.00       0.00     729.00       0.00       0.00       0.00       0.00       0.00       0.00       0.00       0.00       0.00       0.00       0.00       0.00       0.00       0.00       0.00       0.00       0.00       0.00       0.00       0.00       0.00       0.00       0.00       0.00       0.00       0.00       0.00       0.00       0.00       0.00       0.00       0.00       0.00       0.00       0.00       0.00       0.00       0.00       0.00       0.00       0.00       0.00       0.00       0.00       0.00       0.00       0.00       0.00       0.00       0.00       0.00       0.00       0.00       0.00       0.00       0.00       0.00       0.00       0.00       0.00       0.00       0.00       0.00       0.00       0.00       0.00       0.00       0.00       0.00       0.00       0.00       0.00       0.00       0.00       0.00       0.00       0.00       0.00       0.00       0.00       0.00       0.00       0.00       0.00       0.00       0.00       0.00       0.00       0.00       0.00       0.00       0.00       0.00       0.00       0.00       0.00       0.00       0.00       0.00       0.00       0.00       0.00       0.00       0.00       0.00       0.00       0.00       0.00       0.00       0.00       0.00       0.00       0.00       0.00       0.00       0.00       0.00       0.00       0.00       0.00       0.00       0.00       0.00       0.00       0.00       0.00       0.00       0.00       0.00       0.00       0.00       0.00     210.00      40.00       0.00       0.00       0.00      25.00       0.00       0.00
17시 08분 28초    2       0.00       0.00       0.00     148.00       0.00       0.00       0.00       0.00       0.00       0.00       0.00       0.00       0.00       0.00       0.00       0.00       0.00       0.00       0.00       0.00       0.00       0.00       0.00       0.00       0.00       0.00       0.00       0.00       0.00       0.00       0.00       0.00       0.00       0.00       0.00       0.00       0.00       0.00       0.00       0.00       0.00       0.00       0.00       0.00       0.00       0.00       0.00       0.00       0.00       0.00       0.00       0.00       0.00       0.00       0.00       0.00       0.00       0.00       0.00       0.00       0.00       0.00       0.00       0.00       0.00       0.00       0.00       0.00       0.00       0.00       0.00       0.00       0.00       0.00       0.00       0.00       0.00       0.00       0.00       0.00       0.00       0.00       0.00       0.00       0.00       0.00       0.00       0.00       0.00       0.00       0.00       0.00       0.00       0.00       0.00       0.00       0.00       0.00       0.00       0.00       0.00       0.00       0.00       0.00       0.00       0.00       0.00       0.00       0.00       0.00       0.00       0.00       0.00       0.00       0.00       0.00       0.00       0.00       0.00       0.00       0.00       0.00       0.00       0.00       0.00       0.00       0.00       0.00       0.00       0.00       0.00       0.00       0.00       0.00       0.00       0.00     166.00       5.00       0.00       0.00       0.00      20.00       0.00       0.00
17시 08분 28초    3       0.00       0.00       0.00     203.00       0.00       0.00       0.00       0.00       0.00       0.00       0.00       0.00       0.00       0.00       0.00       0.00       0.00       0.00       0.00       0.00       0.00       0.00       0.00       0.00       0.00       0.00       0.00       0.00       0.00       0.00       0.00       0.00       0.00       0.00       0.00       0.00       0.00       0.00       0.00       0.00       0.00       0.00       0.00       0.00       0.00       0.00       0.00       0.00       0.00       0.00       0.00       0.00       0.00       0.00       0.00       0.00       0.00       0.00       0.00       0.00       0.00       0.00       0.00       0.00       0.00       0.00       0.00       0.00       0.00       0.00       0.00       0.00       0.00       0.00       0.00       0.00       0.00       0.00       0.00       0.00       0.00       0.00       0.00       0.00       0.00       0.00       0.00       0.00       0.00       0.00       0.00       0.00       0.00       0.00       0.00       0.00       0.00       0.00       0.00       0.00       0.00       0.00       0.00       0.00       0.00       0.00       0.00       0.00       0.00       0.00       0.00       0.00       0.00       0.00       0.00       0.00       0.00       0.00       0.00       0.00       0.00       0.00       0.00       0.00       0.00       0.00       0.00       0.00       0.00       0.00       0.00       0.00       0.00       0.00       0.00       0.00     137.00       1.00       0.00       0.00       0.00     114.00       0.00       0.00
17시 08분 28초    4       0.00       0.00       0.00     107.00       0.00       0.00       0.00       0.00       0.00       0.00       0.00       0.00       0.00       0.00       0.00       0.00       0.00       0.00       0.00       0.00       0.00       0.00       0.00       0.00       0.00       0.00       0.00       0.00       0.00       0.00       0.00       0.00       0.00       0.00       0.00       0.00       0.00       0.00       0.00       0.00       0.00       0.00       0.00       0.00       0.00       0.00       0.00       0.00       0.00       0.00       0.00       0.00       0.00       0.00       0.00       0.00       0.00       0.00       0.00       0.00       0.00       0.00       0.00       0.00       0.00       0.00       0.00       0.00       0.00       0.00       0.00       0.00       0.00       0.00       0.00       0.00       0.00       0.00       0.00       0.00       0.00       0.00       0.00       0.00       0.00       0.00       0.00       0.00       0.00       0.00       0.00       0.00       0.00       0.00       0.00       0.00       0.00       0.00       0.00       0.00       0.00       0.00       0.00       0.00       0.00       0.00       0.00       0.00       0.00       0.00       0.00       0.00       0.00       0.00       0.00       0.00       0.00       0.00       0.00       0.00       0.00       0.00       0.00       0.00       0.00       0.00       0.00       0.00       0.00       0.00       0.00       0.00       0.00       0.00       0.00       0.00      44.00       1.00       0.00       0.00       0.00       2.00       0.00       0.00
17시 08분 28초    5       0.00       0.00       0.00     149.00       0.00       0.00       0.00       0.00       0.00       0.00       0.00       0.00       0.00       0.00       0.00       0.00       0.00       0.00       0.00       0.00       0.00       0.00       0.00       0.00       0.00       0.00       0.00       0.00       0.00       0.00       0.00       0.00       0.00       0.00       0.00       0.00       0.00       0.00       0.00       0.00       0.00       0.00       0.00       0.00       0.00       0.00       0.00       0.00       0.00       0.00       0.00       0.00       0.00       0.00       0.00       0.00       0.00       0.00       0.00       0.00       0.00       0.00       0.00       0.00       0.00       0.00       0.00       0.00       0.00       0.00       0.00       0.00       0.00       0.00       0.00       0.00       0.00       0.00       0.00       0.00       0.00       0.00       0.00       0.00       0.00       0.00       0.00       0.00       0.00       0.00       0.00       0.00       0.00       0.00       0.00       0.00       0.00       0.00       0.00       0.00       0.00       0.00       0.00       0.00       0.00       0.00       0.00       0.00       0.00       0.00       0.00       0.00       0.00       0.00       0.00       0.00       0.00       0.00       0.00       0.00       0.00       0.00       0.00       0.00       0.00       0.00       0.00       0.00       0.00       0.00       0.00       0.00       0.00       0.00       0.00       0.00     168.00       0.00       0.00       0.00       0.00       1.00       0.00       0.00

17시 08분 27초  CPU       HI/s    TIMER/s   NET_TX/s   NET_RX/s    BLOCK/s IRQ_POLL/s  TASKLET/s    SCHED/s  HRTIMER/s      RCU/s
17시 08분 28초    0       0.00      22.00      18.00     356.00       0.00       0.00       0.00      93.00       0.00      47.00
17시 08분 28초    1       0.00      26.00       0.00       0.00       0.00       0.00       0.00      75.00       0.00      38.00
17시 08분 28초    2       0.00      29.00       0.00       0.00       0.00       0.00       0.00      50.00       0.00      34.00
17시 08분 28초    3       0.00       6.00       0.00       0.00       0.00       0.00       0.00      90.00       0.00      48.00
17시 08분 28초    4       0.00       7.00       0.00       0.00       0.00       0.00       0.00      41.00       0.00      50.00
17시 08분 28초    5       0.00      17.00       0.00       0.00       0.00       0.00       0.00      70.00       0.00      39.00

17시 08분 28초  CPU    %usr   %nice    %sys %iowait    %irq   %soft  %steal  %guest  %gnice   %idle
17시 08분 29초  all   12.17    0.00    5.00    0.00    0.83    0.17    0.00    0.00    0.00   81.83
17시 08분 29초    0   11.00    0.00   16.00    0.00    1.00    0.00    0.00    0.00    0.00   72.00
17시 08분 29초    1    7.07    0.00    1.01    0.00    1.01    0.00    0.00    0.00    0.00   90.91
17시 08분 29초    2    0.99    0.00    3.96    0.00    0.99    0.99    0.00    0.00    0.00   93.07
17시 08분 29초    3    9.09    0.00    2.02    0.00    1.01    0.00    0.00    0.00    0.00   87.88
17시 08분 29초    4    2.02    0.00    6.06    0.00    0.00    0.00    0.00    0.00    0.00   91.92
17시 08분 29초    5   42.16    0.00    0.98    0.00    0.98    0.00    0.00    0.00    0.00   55.88

17시 08분 28초  CPU    intr/s
17시 08분 29초  all   6227.00
17시 08분 29초    0    586.00
17시 08분 29초    1    288.00
17시 08분 29초    2    146.00
17시 08분 29초    3    122.00
17시 08분 29초    4    143.00
17시 08분 29초    5    162.00

17시 08분 28초  CPU        9/s       11/s       12/s       13/s       18/s       20/s       21/s       22/s       23/s       24/s       25/s       26/s       27/s       28/s       29/s       30/s       31/s       32/s       33/s       34/s       35/s       36/s       37/s       38/s       39/s       40/s       41/s       42/s       43/s       44/s       45/s       46/s       47/s       48/s       49/s       50/s       51/s       52/s       53/s       54/s       55/s       57/s       59/s       61/s       65/s       66/s       67/s       68/s       69/s       70/s       71/s       72/s       73/s       74/s       75/s       76/s       77/s       79/s       80/s       81/s       82/s       83/s       84/s       85/s       86/s       87/s       88/s       89/s       90/s       91/s       92/s       93/s       94/s       95/s       96/s       97/s       98/s      112/s      113/s      114/s      115/s      116/s      117/s      118/s      119/s      120/s      121/s      122/s      123/s      124/s      125/s      126/s      127/s      128/s      129/s      130/s      131/s      132/s      133/s      134/s      135/s      136/s      137/s      138/s      150/s      154/s      162/s      167/s      171/s      224/s      228/s      229/s      230/s      231/s      232/s      233/s      234/s      235/s      236/s      237/s      245/s      246/s      247/s      249/s      250/s      252/s      253/s      262/s      263/s      294/s      296/s      297/s      298/s      299/s      301/s      302/s     IPI0/s     IPI1/s     IPI2/s     IPI3/s     IPI4/s     IPI5/s     IPI6/s      Err/s
17시 08분 29초    0       0.00       0.00       0.00     472.00       0.00       0.00       0.00       0.00       0.00       0.00       0.00       0.00       0.00       0.00       0.00       0.00       0.00       0.00       0.00       0.00       0.00       0.00       0.00       0.00       0.00       0.00       0.00       0.00       0.00       0.00       0.00       0.00       0.00       0.00       0.00       0.00       0.00       0.00       0.00       0.00       0.00       0.00       0.00       0.00       0.00       0.00     140.00       0.00       0.00       0.00       0.00       0.00       0.00       0.00       0.00       0.00       0.00       0.00       0.00       0.00       0.00       0.00       0.00       0.00       0.00       0.00       0.00       0.00       0.00       0.00       0.00       0.00       0.00       0.00       0.00       0.00       0.00       0.00       0.00       3.00       0.00       0.00       0.00       0.00       0.00       0.00       0.00       0.00       0.00       0.00       0.00       0.00       0.00      83.00       0.00       0.00       0.00       0.00       0.00       0.00       0.00       0.00       0.00       0.00       0.00     249.00       0.00       0.00       0.00       0.00       0.00       0.00       0.00       0.00       0.00       0.00       0.00       0.00       0.00       0.00       0.00       0.00       0.00       0.00       0.00       0.00       0.00       0.00       0.00       0.00       0.00       0.00       0.00       0.00     397.00       0.00     228.00      24.00       0.00       0.00       0.00      61.00       0.00       0.00
17시 08분 29초    1       0.00       0.00       0.00     774.00       0.00       0.00       0.00       0.00       0.00       0.00       0.00       0.00       0.00       0.00       0.00       0.00       0.00       0.00       0.00       0.00       0.00       0.00       0.00       0.00       0.00       0.00       0.00       0.00       0.00       0.00       0.00       0.00       0.00       0.00       0.00       0.00       0.00       0.00       0.00       0.00       0.00       0.00       0.00       0.00       0.00       0.00       0.00       0.00       0.00       0.00       0.00       0.00       0.00       0.00       0.00       0.00       0.00       0.00       0.00       0.00       0.00       0.00       0.00       0.00       0.00       0.00       0.00       0.00       0.00       0.00       0.00       0.00       0.00       0.00       0.00       0.00       0.00       0.00       0.00       0.00       0.00       0.00       0.00       0.00       0.00       0.00       0.00       0.00       0.00       0.00       0.00       0.00       0.00       0.00       0.00       0.00       0.00       0.00       0.00       0.00       0.00       0.00       0.00       0.00       0.00       0.00       0.00       0.00       0.00       0.00       0.00       0.00       0.00       0.00       0.00       0.00       0.00       0.00       0.00       0.00       0.00       0.00       0.00       0.00       0.00       0.00       0.00       0.00       0.00       0.00       0.00       0.00       0.00       0.00       0.00       0.00     222.00      68.00       0.00       0.00       0.00      25.00       0.00       0.00
17시 08분 29초    2       0.00       0.00       0.00    1139.00       0.00       0.00       0.00       0.00       0.00       0.00       0.00       0.00       0.00       0.00       0.00       0.00       0.00       0.00       0.00       0.00       0.00       0.00       0.00       0.00       0.00       0.00       0.00       0.00       0.00       0.00       0.00       0.00       0.00       0.00       0.00       0.00       0.00       0.00       0.00       0.00       0.00       0.00       0.00       0.00       0.00       0.00       0.00       0.00       0.00       0.00       0.00       0.00       0.00       0.00       0.00       0.00       0.00       0.00       0.00       0.00       0.00       0.00       0.00       0.00       0.00       0.00       0.00       0.00       0.00       0.00       0.00       0.00       0.00       0.00       0.00       0.00       0.00       0.00       0.00       0.00       0.00       0.00       0.00       0.00       0.00       0.00       0.00       0.00       0.00       0.00       0.00       0.00       0.00       0.00       0.00       0.00       0.00       0.00       0.00       0.00       0.00       0.00       0.00       0.00       0.00       0.00       0.00       0.00       0.00       0.00       0.00       0.00       0.00       0.00       0.00       0.00       0.00       0.00       0.00       0.00       0.00       0.00       0.00       0.00       0.00       0.00       0.00       0.00       0.00       0.00       0.00       0.00       0.00       0.00       0.00       0.00     294.00      22.00       0.00       0.00       0.00      14.00       0.00       0.00
17시 08분 29초    3       0.00       0.00       0.00     441.00       0.00       0.00       0.00       0.00       0.00       0.00       0.00       0.00       0.00       0.00       0.00       0.00       0.00       0.00       0.00       0.00       0.00       0.00       0.00       0.00       0.00       0.00       0.00       0.00       0.00       0.00       0.00       0.00       0.00       0.00       0.00       0.00       0.00       0.00       0.00       0.00       0.00       0.00       0.00       0.00       0.00       0.00       0.00       0.00       0.00       0.00       0.00       0.00       0.00       0.00       0.00       0.00       0.00       0.00       0.00       0.00       0.00       0.00       0.00       0.00       0.00       0.00       0.00       0.00       0.00       0.00       0.00       0.00       0.00       0.00       0.00       0.00       0.00       0.00       0.00       0.00       0.00       0.00       0.00       0.00       0.00       0.00       0.00       0.00       0.00       0.00       0.00       0.00       0.00       0.00       0.00       0.00       0.00       0.00       0.00       0.00       0.00       0.00       0.00       0.00       0.00       0.00       0.00       0.00       0.00       0.00       0.00       0.00       0.00       0.00       0.00       0.00       0.00       0.00       0.00       0.00       0.00       0.00       0.00       0.00       0.00       0.00       0.00       0.00       0.00       0.00       0.00       0.00       0.00       0.00       0.00       0.00     316.00      11.00       0.00       0.00       0.00       7.00       0.00       0.00
17시 08분 29초    4       0.00       0.00       0.00     211.00       0.00       0.00       0.00       0.00       0.00       0.00       0.00       0.00       0.00       0.00       0.00       0.00       0.00       0.00       0.00       0.00       0.00       0.00       0.00       0.00       0.00       0.00       0.00       0.00       0.00       0.00       0.00       0.00       0.00       0.00       0.00       0.00       0.00       0.00       0.00       0.00       0.00       0.00       0.00       0.00       0.00       0.00       0.00       0.00       0.00       0.00       0.00       0.00       0.00       0.00       0.00       0.00       0.00       0.00       0.00       0.00       0.00       0.00       0.00       0.00       0.00       0.00       0.00       0.00       0.00       0.00       0.00       0.00       0.00       0.00       0.00       0.00       0.00       0.00       0.00       0.00       0.00       0.00       0.00       0.00       0.00       0.00       0.00       0.00       0.00       0.00       0.00       0.00       0.00       0.00       0.00       0.00       0.00       0.00       0.00       0.00       0.00       0.00       0.00       0.00       0.00       0.00       0.00       0.00       0.00       0.00       0.00       0.00       0.00       0.00       0.00       0.00       0.00       0.00       0.00       0.00       0.00       0.00       0.00       0.00       0.00       0.00       0.00       0.00       0.00       0.00       0.00       0.00       0.00       0.00       0.00       0.00     429.00       5.00       0.00       0.00       0.00      28.00       0.00       0.00
17시 08분 29초    5       0.00       0.00       0.00     270.00       0.00       0.00       0.00       0.00       0.00       0.00       0.00       0.00       0.00       0.00       0.00       0.00       0.00       0.00       0.00       0.00       0.00       0.00       0.00       0.00       0.00       0.00       0.00       0.00       0.00       0.00       0.00       0.00       0.00       0.00       0.00       0.00       0.00       0.00       0.00       0.00       0.00       0.00       0.00       0.00       0.00       0.00       0.00       0.00       0.00       0.00       0.00       0.00       0.00       0.00       0.00       0.00       0.00       0.00       0.00       0.00       0.00       0.00       0.00       0.00       0.00       0.00       0.00       0.00       0.00       0.00       0.00       0.00       0.00       0.00       0.00       0.00       0.00       0.00       0.00       0.00       0.00       0.00       0.00       0.00       0.00       0.00       0.00       0.00       0.00       0.00       0.00       0.00       0.00       0.00       0.00       0.00       0.00       0.00       0.00       0.00       0.00       0.00       0.00       0.00       0.00       0.00       0.00       0.00       0.00       0.00       0.00       0.00       0.00       0.00       0.00       0.00       0.00       0.00       0.00       0.00       0.00       0.00       0.00       0.00       0.00       0.00       0.00       0.00       0.00       0.00       0.00       0.00       0.00       0.00       0.00       0.00     198.00       6.00       0.00       0.00       0.00      90.00       0.00       0.00

17시 08분 28초  CPU       HI/s    TIMER/s   NET_TX/s   NET_RX/s    BLOCK/s IRQ_POLL/s  TASKLET/s    SCHED/s  HRTIMER/s      RCU/s
17시 08분 29초    0       0.00      13.00      16.00     364.00       4.00       0.00       0.00     123.00       0.00      66.00
17시 08분 29초    1       0.00      27.00       0.00       0.00       0.00       0.00       0.00     118.00       0.00     143.00
17시 08분 29초    2       0.00      33.00       0.00       0.00       0.00       0.00       0.00      61.00       0.00      52.00
17시 08분 29초    3       0.00      28.00       0.00       0.00       0.00       0.00       0.00      53.00       0.00      41.00
17시 08분 29초    4       0.00      20.00       0.00       0.00       0.00       0.00       0.00      56.00       0.00      67.00
17시 08분 29초    5       0.00       9.00       0.00       0.00       0.00       0.00       0.00      85.00       0.00      68.00

17시 08분 29초  CPU    %usr   %nice    %sys %iowait    %irq   %soft  %steal  %guest  %gnice   %idle
17시 08분 30초  all    9.83    0.00    1.86    0.00    0.17    0.17    0.00    0.00    0.00   87.97
17시 08분 30초    0    2.00    0.00    0.00    0.00    1.00    1.00    0.00    0.00    0.00   96.00
17시 08분 30초    1   43.16    0.00    0.00    0.00    0.00    0.00    0.00    0.00    0.00   56.84
17시 08분 30초    2    3.03    0.00    3.03    0.00    0.00    0.00    0.00    0.00    0.00   93.94
17시 08분 30초    3    8.08    0.00    2.02    0.00    0.00    0.00    0.00    0.00    0.00   89.90
17시 08분 30초    4    2.02    0.00    6.06    0.00    0.00    0.00    0.00    0.00    0.00   91.92
17시 08분 30초    5    2.04    0.00    0.00    0.00    0.00    0.00    0.00    0.00    0.00   97.96

17시 08분 29초  CPU    intr/s
17시 08분 30초  all   5645.00
17시 08분 30초    0    564.00
17시 08분 30초    1    158.00
17시 08분 30초    2    127.00
17시 08분 30초    3    116.00
17시 08분 30초    4    122.00
17시 08분 30초    5    119.00

17시 08분 29초  CPU        9/s       11/s       12/s       13/s       18/s       20/s       21/s       22/s       23/s       24/s       25/s       26/s       27/s       28/s       29/s       30/s       31/s       32/s       33/s       34/s       35/s       36/s       37/s       38/s       39/s       40/s       41/s       42/s       43/s       44/s       45/s       46/s       47/s       48/s       49/s       50/s       51/s       52/s       53/s       54/s       55/s       57/s       59/s       61/s       65/s       66/s       67/s       68/s       69/s       70/s       71/s       72/s       73/s       74/s       75/s       76/s       77/s       79/s       80/s       81/s       82/s       83/s       84/s       85/s       86/s       87/s       88/s       89/s       90/s       91/s       92/s       93/s       94/s       95/s       96/s       97/s       98/s      112/s      113/s      114/s      115/s      116/s      117/s      118/s      119/s      120/s      121/s      122/s      123/s      124/s      125/s      126/s      127/s      128/s      129/s      130/s      131/s      132/s      133/s      134/s      135/s      136/s      137/s      138/s      150/s      154/s      162/s      167/s      171/s      224/s      228/s      229/s      230/s      231/s      232/s      233/s      234/s      235/s      236/s      237/s      245/s      246/s      247/s      249/s      250/s      252/s      253/s      262/s      263/s      294/s      296/s      297/s      298/s      299/s      301/s      302/s     IPI0/s     IPI1/s     IPI2/s     IPI3/s     IPI4/s     IPI5/s     IPI6/s      Err/s
17시 08분 30초    0       0.00       0.00       0.00     836.00       0.00       0.00       0.00       0.00       0.00       0.00       0.00       0.00       0.00       0.00       0.00       0.00       0.00       0.00       0.00       0.00       0.00       0.00       0.00       0.00       0.00       0.00       0.00       0.00       0.00       0.00       0.00       0.00       0.00       0.00       0.00       0.00       0.00       0.00       0.00       0.00       0.00       0.00       0.00       0.00       0.00       0.00       0.00       0.00       0.00       0.00       0.00       0.00       0.00       0.00       0.00       0.00       0.00       0.00       0.00       0.00       0.00       0.00       0.00       0.00       0.00       0.00       0.00       0.00       0.00       0.00       0.00       0.00       0.00       0.00       0.00       0.00       0.00      79.00       0.00       1.00       0.00       0.00       0.00       0.00       0.00       0.00       0.00       0.00       0.00       0.00       0.00       0.00       0.00      59.00       0.00       0.00       0.00       0.00       0.00       0.00       0.00       0.00       0.00       0.00       0.00     259.00       0.00       0.00       0.00       0.00       0.00       0.00       0.00       0.00       0.00       0.00       0.00       0.00       0.00       0.00       0.00       0.00       0.00       0.00       0.00       0.00       0.00       0.00       0.00       0.00       0.00       0.00       0.00       0.00     401.00       0.00     223.00      50.00       0.00       0.00       0.00      81.00       0.00       0.00
17시 08분 30초    1       0.00       0.00       0.00     281.00       0.00       0.00       0.00       0.00       0.00       0.00       0.00       0.00       0.00       0.00       0.00       0.00       0.00       0.00       0.00       0.00       0.00       0.00       0.00       0.00       0.00       0.00       0.00       0.00       0.00       0.00       0.00       0.00       0.00       0.00       0.00       0.00       0.00       0.00       0.00       0.00       0.00       0.00       0.00       0.00       0.00       0.00       0.00       0.00       0.00       0.00       0.00       0.00       0.00       0.00       0.00       0.00       0.00       0.00       0.00       0.00       0.00       0.00       0.00       0.00       0.00       0.00       0.00       0.00       0.00       0.00       0.00       0.00       0.00       0.00       0.00       0.00       0.00       0.00       0.00       0.00       0.00       0.00       0.00       0.00       0.00       0.00       0.00       0.00       0.00       0.00       0.00       0.00       0.00       0.00       0.00       0.00       0.00       0.00       0.00       0.00       0.00       0.00       0.00       0.00       0.00       0.00       0.00       0.00       0.00       0.00       0.00       0.00       0.00       0.00       0.00       0.00       0.00       0.00       0.00       0.00       0.00       0.00       0.00       0.00       0.00       0.00       0.00       0.00       0.00       0.00       0.00       0.00       0.00       0.00       0.00       0.00     160.00      10.00       0.00       0.00       0.00     120.00       0.00       0.00
17시 08분 30초    2       0.00       0.00       0.00     585.00       0.00       0.00       0.00       0.00       0.00       0.00       0.00       0.00       0.00       0.00       0.00       0.00       0.00       0.00       0.00       0.00       0.00       0.00       0.00       0.00       0.00       0.00       0.00       0.00       0.00       0.00       0.00       0.00       0.00       0.00       0.00       0.00       0.00       0.00       0.00       0.00       0.00       0.00       0.00       0.00       0.00       0.00       0.00       0.00       0.00       0.00       0.00       0.00       0.00       0.00       0.00       0.00       0.00       0.00       0.00       0.00       0.00       0.00       0.00       0.00       0.00       0.00       0.00       0.00       0.00       0.00       0.00       0.00       0.00       0.00       0.00       0.00       0.00       0.00       0.00       0.00       0.00       0.00       0.00       0.00       0.00       0.00       0.00       0.00       0.00       0.00       0.00       0.00       0.00       0.00       0.00       0.00       0.00       0.00       0.00       0.00       0.00       0.00       0.00       0.00       0.00       0.00       0.00       0.00       0.00       0.00       0.00       0.00       0.00       0.00       0.00       0.00       0.00       0.00       0.00       0.00       0.00       0.00       0.00       0.00       0.00       0.00       0.00       0.00       0.00       0.00       0.00       0.00       0.00       0.00       0.00       0.00     119.00      18.00       0.00       0.00       0.00      20.00       0.00       0.00
17시 08분 30초    3       0.00       0.00       0.00     336.00       0.00       0.00       0.00       0.00       0.00       0.00       0.00       0.00       0.00       0.00       0.00       0.00       0.00       0.00       0.00       0.00       0.00       0.00       0.00       0.00       0.00       0.00       0.00       0.00       0.00       0.00       0.00       0.00       0.00       0.00       0.00       0.00       0.00       0.00       0.00       0.00       0.00       0.00       0.00       0.00       0.00       0.00       0.00       0.00       0.00       0.00       0.00       0.00       0.00       0.00       0.00       0.00       0.00       0.00       0.00       0.00       0.00       0.00       0.00       0.00       0.00       0.00       0.00       0.00       0.00       0.00       0.00       0.00       0.00       0.00       0.00       0.00       0.00       0.00       0.00       0.00       0.00       0.00       0.00       0.00       0.00       0.00       0.00       0.00       0.00       0.00       0.00       0.00       0.00       0.00       0.00       0.00       0.00       0.00       0.00       0.00       0.00       0.00       0.00       0.00       0.00       0.00       0.00       0.00       0.00       0.00       0.00       0.00       0.00       0.00       0.00       0.00       0.00       0.00       0.00       0.00       0.00       0.00       0.00       0.00       0.00       0.00       0.00       0.00       0.00       0.00       0.00       0.00       0.00       0.00       0.00       0.00     189.00      17.00       0.00       0.00       0.00      20.00       0.00       0.00
17시 08분 30초    4       0.00       0.00       0.00    1153.00       0.00       0.00       0.00       0.00       0.00       0.00       0.00       0.00       0.00       0.00       0.00       0.00       0.00       0.00       0.00       0.00       0.00       0.00       0.00       0.00       0.00       0.00       0.00       0.00       0.00       0.00       0.00       0.00       0.00       0.00       0.00       0.00       0.00       0.00       0.00       0.00       0.00       0.00       0.00       0.00       0.00       0.00       0.00       0.00       0.00       0.00       0.00       0.00       0.00       0.00       0.00       0.00       0.00       0.00       0.00       0.00       0.00       0.00       0.00       0.00       0.00       0.00       0.00       0.00       0.00       0.00       0.00       0.00       0.00       0.00       0.00       0.00       0.00       0.00       0.00       0.00       0.00       0.00       0.00       0.00       0.00       0.00       0.00       0.00       0.00       0.00       0.00       0.00       0.00       0.00       0.00       0.00       0.00       0.00       0.00       0.00       0.00       0.00       0.00       0.00       0.00       0.00       0.00       0.00       0.00       0.00       0.00       0.00       0.00       0.00       0.00       0.00       0.00       0.00       0.00       0.00       0.00       0.00       0.00       0.00       0.00       0.00       0.00       0.00       0.00       0.00       0.00       0.00       0.00       0.00       0.00       0.00     142.00       0.00       0.00       0.00       0.00       4.00       0.00       0.00
17시 08분 30초    5       0.00       0.00       0.00     245.00       0.00       0.00       0.00       0.00       0.00       0.00       0.00       0.00       0.00       0.00       0.00       0.00       0.00       0.00       0.00       0.00       0.00       0.00       0.00       0.00       0.00       0.00       0.00       0.00       0.00       0.00       0.00       0.00       0.00       0.00       0.00       0.00       0.00       0.00       0.00       0.00       0.00       0.00       0.00       0.00       0.00       0.00       0.00       0.00       0.00       0.00       0.00       0.00       0.00       0.00       0.00       0.00       0.00       0.00       0.00       0.00       0.00       0.00       0.00       0.00       0.00       0.00       0.00       0.00       0.00       0.00       0.00       0.00       0.00       0.00       0.00       0.00       0.00       0.00       0.00       0.00       0.00       0.00       0.00       0.00       0.00       0.00       0.00       0.00       0.00       0.00       0.00       0.00       0.00       0.00       0.00       0.00       0.00       0.00       0.00       0.00       0.00       0.00       0.00       0.00       0.00       0.00       0.00       0.00       0.00       0.00       0.00       0.00       0.00       0.00       0.00       0.00       0.00       0.00       0.00       0.00       0.00       0.00       0.00       0.00       0.00       0.00       0.00       0.00       0.00       0.00       0.00       0.00       0.00       0.00       0.00       0.00     224.00       8.00       0.00       0.00       0.00       6.00       0.00       0.00

17시 08분 29초  CPU       HI/s    TIMER/s   NET_TX/s   NET_RX/s    BLOCK/s IRQ_POLL/s  TASKLET/s    SCHED/s  HRTIMER/s      RCU/s
17시 08분 30초    0       0.00      17.00      18.00     369.00       0.00       0.00       0.00     108.00       0.00      52.00
17시 08분 30초    1       0.00      19.00       0.00       0.00       0.00       0.00       0.00      85.00       0.00      54.00
17시 08분 30초    2       0.00      26.00       0.00       0.00       0.00       0.00       0.00      62.00       0.00      39.00
17시 08분 30초    3       0.00      18.00       0.00       0.00       0.00       0.00       0.00      67.00       0.00      31.00
17시 08분 30초    4       0.00      10.00       0.00       0.00       0.00       0.00       0.00      56.00       0.00      56.00
17시 08분 30초    5       0.00      19.00       0.00       0.00       0.00       0.00       0.00      54.00       0.00      46.00

17시 08분 30초  CPU    %usr   %nice    %sys %iowait    %irq   %soft  %steal  %guest  %gnice   %idle
17시 08분 31초  all   10.03    0.00    4.01    0.67    0.17    0.17    0.00    0.00    0.00   84.95
17시 08분 31초    0    7.14    0.00    2.04    0.00    0.00    0.00    0.00    0.00    0.00   90.82
17시 08분 31초    1   24.76    0.00   13.33    0.95    0.00    0.00    0.00    0.00    0.00   60.95
17시 08분 31초    2   15.46    0.00    1.03    0.00    0.00    0.00    0.00    0.00    0.00   83.51
17시 08분 31초    3   11.22    0.00    0.00    0.00    0.00    1.02    0.00    0.00    0.00   87.76
17시 08분 31초    4    0.99    0.00    5.94    0.99    0.99    0.00    0.00    0.00    0.00   91.09
17시 08분 31초    5    0.00    0.00    1.01    2.02    0.00    0.00    0.00    0.00    0.00   96.97

17시 08분 30초  CPU    intr/s
17시 08분 31초  all   5759.00
17시 08분 31초    0    568.00
17시 08분 31초    1    182.00
17시 08분 31초    2    157.00
17시 08분 31초    3    105.00
17시 08분 31초    4     86.00
17시 08분 31초    5    107.00

17시 08분 30초  CPU        9/s       11/s       12/s       13/s       18/s       20/s       21/s       22/s       23/s       24/s       25/s       26/s       27/s       28/s       29/s       30/s       31/s       32/s       33/s       34/s       35/s       36/s       37/s       38/s       39/s       40/s       41/s       42/s       43/s       44/s       45/s       46/s       47/s       48/s       49/s       50/s       51/s       52/s       53/s       54/s       55/s       57/s       59/s       61/s       65/s       66/s       67/s       68/s       69/s       70/s       71/s       72/s       73/s       74/s       75/s       76/s       77/s       79/s       80/s       81/s       82/s       83/s       84/s       85/s       86/s       87/s       88/s       89/s       90/s       91/s       92/s       93/s       94/s       95/s       96/s       97/s       98/s      112/s      113/s      114/s      115/s      116/s      117/s      118/s      119/s      120/s      121/s      122/s      123/s      124/s      125/s      126/s      127/s      128/s      129/s      130/s      131/s      132/s      133/s      134/s      135/s      136/s      137/s      138/s      150/s      154/s      162/s      167/s      171/s      224/s      228/s      229/s      230/s      231/s      232/s      233/s      234/s      235/s      236/s      237/s      245/s      246/s      247/s      249/s      250/s      252/s      253/s      262/s      263/s      294/s      296/s      297/s      298/s      299/s      301/s      302/s     IPI0/s     IPI1/s     IPI2/s     IPI3/s     IPI4/s     IPI5/s     IPI6/s      Err/s
17시 08분 31초    0       0.00       0.00       0.00     208.00       0.00       0.00       0.00       0.00       0.00       0.00       0.00       0.00       0.00       0.00       0.00       0.00       0.00       0.00       0.00       0.00       0.00       0.00       0.00       0.00       0.00       0.00       0.00       0.00       0.00       0.00       0.00       0.00       0.00       0.00       0.00       0.00       0.00       0.00       0.00       0.00       0.00       0.00       0.00       0.00       0.00       0.00     134.00       0.00       0.00       0.00       0.00       0.00       0.00       0.00       0.00       0.00       0.00       0.00       0.00       0.00       0.00       0.00       0.00       0.00       0.00       0.00       0.00       0.00       0.00       0.00       0.00       0.00       0.00       0.00       0.00       0.00       0.00       2.00       0.00       1.00       0.00       0.00       0.00       0.00       0.00       0.00       0.00       0.00       0.00       0.00       0.00       0.00       0.00      57.00       0.00       0.00       0.00       0.00       0.00       0.00       0.00       0.00       0.00       0.00       0.00     233.00       0.00       0.00       0.00       0.00       0.00       0.00       0.00       0.00       0.00       0.00       0.00       0.00       0.00       0.00       0.00       0.00       0.00       0.00       0.00       0.00       0.00       0.00       0.00       0.00       0.00       0.00       0.00       0.00     420.00       0.00     294.00      31.00       0.00       0.00       0.00      48.00       0.00       0.00
17시 08분 31초    1       0.00       0.00       0.00     179.00       0.00       0.00       0.00       0.00       0.00       0.00       0.00       0.00       0.00       0.00       0.00       0.00       0.00       0.00       0.00       0.00       0.00       0.00       0.00       0.00       0.00       0.00       0.00       0.00       0.00       0.00       0.00       0.00       0.00       0.00       0.00       0.00       0.00       0.00       0.00       0.00       0.00       0.00       0.00       0.00       0.00       0.00       0.00       0.00       0.00       0.00       0.00       0.00       0.00       0.00       0.00       0.00       0.00       0.00       0.00       0.00       0.00       0.00       0.00       0.00       0.00       0.00       0.00       0.00       0.00       0.00       0.00       0.00       0.00       0.00       0.00       0.00       0.00       0.00       0.00       0.00       0.00       0.00       0.00       0.00       0.00       0.00       0.00       0.00       0.00       0.00       0.00       0.00       0.00       0.00       0.00       0.00       0.00       0.00       0.00       0.00       0.00       0.00       0.00       0.00       0.00       0.00       0.00       0.00       0.00       0.00       0.00       0.00       0.00       0.00       0.00       0.00       0.00       0.00       0.00       0.00       0.00       0.00       0.00       0.00       0.00       0.00       0.00       0.00       0.00       0.00       0.00       0.00       0.00       0.00       0.00       0.00     255.00      23.00       0.00       0.00       0.00      73.00       0.00       0.00
17시 08분 31초    2       0.00       0.00       0.00    1910.00       0.00       0.00       0.00       0.00       0.00       0.00       0.00       0.00       0.00       0.00       0.00       0.00       0.00       0.00       0.00       0.00       0.00       0.00       0.00       0.00       0.00       0.00       0.00       0.00       0.00       0.00       0.00       0.00       0.00       0.00       0.00       0.00       0.00       0.00       0.00       0.00       0.00       0.00       0.00       0.00       0.00       0.00       0.00       0.00       0.00       0.00       0.00       0.00       0.00       0.00       0.00       0.00       0.00       0.00       0.00       0.00       0.00       0.00       0.00       0.00       0.00       0.00       0.00       0.00       0.00       0.00       0.00       0.00       0.00       0.00       0.00       0.00       0.00       0.00       0.00       0.00       0.00       0.00       0.00       0.00       0.00       0.00       0.00       0.00       0.00       0.00       0.00       0.00       0.00       0.00       0.00       0.00       0.00       0.00       0.00       0.00       0.00       0.00       0.00       0.00       0.00       0.00       0.00       0.00       0.00       0.00       0.00       0.00       0.00       0.00       0.00       0.00       0.00       0.00       0.00       0.00       0.00       0.00       0.00       0.00       0.00       0.00       0.00       0.00       0.00       0.00       0.00       0.00       0.00       0.00       0.00       0.00     171.00      43.00       0.00       0.00       0.00      66.00       0.00       0.00
17시 08분 31초    3       0.00       0.00       0.00     227.00       0.00       0.00       0.00       0.00       0.00       0.00       0.00       0.00       0.00       0.00       0.00       0.00       0.00       0.00       0.00       0.00       0.00       0.00       0.00       0.00       0.00       0.00       0.00       0.00       0.00       0.00       0.00       0.00       0.00       0.00       0.00       0.00       0.00       0.00       0.00       0.00       0.00       0.00       0.00       0.00       0.00       0.00       0.00       0.00       0.00       0.00       0.00       0.00       0.00       0.00       0.00       0.00       0.00       0.00       0.00       0.00       0.00       0.00       0.00       0.00       0.00       0.00       0.00       0.00       0.00       0.00       0.00       0.00       0.00       0.00       0.00       0.00       0.00       0.00       0.00       0.00       0.00       0.00       0.00       0.00       0.00       0.00       0.00       0.00       0.00       0.00       0.00       0.00       0.00       0.00       0.00       0.00       0.00       0.00       0.00       0.00       0.00       0.00       0.00       0.00       0.00       0.00       0.00       0.00       0.00       0.00       0.00       0.00       0.00       0.00       0.00       0.00       0.00       0.00       0.00       0.00       0.00       0.00       0.00       0.00       0.00       0.00       0.00       0.00       0.00       0.00       0.00       0.00       0.00       0.00       0.00       0.00     179.00      17.00       0.00       0.00       0.00      15.00       0.00       0.00
17시 08분 31초    4       0.00       0.00       0.00     544.00       0.00       0.00       0.00       0.00       0.00       0.00       0.00       0.00       0.00       0.00       0.00       0.00       0.00       0.00       0.00       0.00       0.00       0.00       0.00       0.00       0.00       0.00       0.00       0.00       0.00       0.00       0.00       0.00       0.00       0.00       0.00       0.00       0.00       0.00       0.00       0.00       0.00       0.00       0.00       0.00       0.00       0.00       0.00       0.00       0.00       0.00       0.00       0.00       0.00       0.00       0.00       0.00       0.00       0.00       0.00       0.00       0.00       0.00       0.00       0.00       0.00       0.00       0.00       0.00       0.00       0.00       0.00       0.00       0.00       0.00       0.00       0.00       0.00       0.00       0.00       0.00       0.00       0.00       0.00       0.00       0.00       0.00       0.00       0.00       0.00       0.00       0.00       0.00       0.00       0.00       0.00       0.00       0.00       0.00       0.00       0.00       0.00       0.00       0.00       0.00       0.00       0.00       0.00       0.00       0.00       0.00       0.00       0.00       0.00       0.00       0.00       0.00       0.00       0.00       0.00       0.00       0.00       0.00       0.00       0.00       0.00       0.00       0.00       0.00       0.00       0.00       0.00       0.00       0.00       0.00       0.00       0.00      57.00       2.00       0.00       0.00       0.00       1.00       0.00       0.00
17시 08분 31초    5       0.00       0.00       0.00     422.00       0.00       0.00       0.00       0.00       0.00       0.00       0.00       0.00       0.00       0.00       0.00       0.00       0.00       0.00       0.00       0.00       0.00       0.00       0.00       0.00       0.00       0.00       0.00       0.00       0.00       0.00       0.00       0.00       0.00       0.00       0.00       0.00       0.00       0.00       0.00       0.00       0.00       0.00       0.00       0.00       0.00       0.00       0.00       0.00       0.00       0.00       0.00       0.00       0.00       0.00       0.00       0.00       0.00       0.00       0.00       0.00       0.00       0.00       0.00       0.00       0.00       0.00       0.00       0.00       0.00       0.00       0.00       0.00       0.00       0.00       0.00       0.00       0.00       0.00       0.00       0.00       0.00       0.00       0.00       0.00       0.00       0.00       0.00       0.00       0.00       0.00       0.00       0.00       0.00       0.00       0.00       0.00       0.00       0.00       0.00       0.00       0.00       0.00       0.00       0.00       0.00       0.00       0.00       0.00       0.00       0.00       0.00       0.00       0.00       0.00       0.00       0.00       0.00       0.00       0.00       0.00       0.00       0.00       0.00       0.00       0.00       0.00       0.00       0.00       0.00       0.00       0.00       0.00       0.00       0.00       0.00       0.00     143.00       2.00       0.00       0.00       0.00       1.00       0.00       0.00

17시 08분 30초  CPU       HI/s    TIMER/s   NET_TX/s   NET_RX/s    BLOCK/s IRQ_POLL/s  TASKLET/s    SCHED/s  HRTIMER/s      RCU/s
17시 08분 31초    0       0.00      14.00      17.00     385.00       2.00       0.00       0.00      98.00       0.00      52.00
17시 08분 31초    1       0.00      19.00       0.00       0.00       0.00       0.00       0.00     114.00       0.00      49.00
17시 08분 31초    2       0.00      15.00       0.00       0.00       0.00       0.00       0.00      95.00       0.00      47.00
17시 08분 31초    3       0.00      18.00       0.00       0.00       0.00       0.00       0.00      41.00       0.00      46.00
17시 08분 31초    4       0.00       2.00       0.00       0.00       0.00       0.00       0.00      36.00       0.00      48.00
17시 08분 31초    5       0.00      46.00       0.00       0.00       0.00       0.00       0.00      31.00       0.00      30.00

17시 08분 31초  CPU    %usr   %nice    %sys %iowait    %irq   %soft  %steal  %guest  %gnice   %idle
17시 08분 32초  all   10.55    0.00    1.84    0.00    0.17    0.17    0.00    0.00    0.00   87.27
17시 08분 32초    0    1.00    0.00    1.00    0.00    1.00    0.00    0.00    0.00    0.00   97.00
17시 08분 32초    1   16.00    0.00    1.00    0.00    0.00    1.00    0.00    0.00    0.00   82.00
17시 08분 32초    2   10.00    0.00    2.00    0.00    0.00    0.00    0.00    0.00    0.00   88.00
17시 08분 32초    3   13.13    0.00    1.01    0.00    0.00    0.00    0.00    0.00    0.00   85.86
17시 08분 32초    4    2.00    0.00    5.00    0.00    0.00    0.00    0.00    0.00    0.00   93.00
17시 08분 32초    5   21.43    0.00    1.02    0.00    0.00    0.00    0.00    0.00    0.00   77.55

17시 08분 31초  CPU    intr/s
17시 08분 32초  all   5501.00
17시 08분 32초    0    565.00
17시 08분 32초    1    129.00
17시 08분 32초    2    125.00
17시 08분 32초    3     99.00
17시 08분 32초    4    116.00
17시 08분 32초    5    105.00

17시 08분 31초  CPU        9/s       11/s       12/s       13/s       18/s       20/s       21/s       22/s       23/s       24/s       25/s       26/s       27/s       28/s       29/s       30/s       31/s       32/s       33/s       34/s       35/s       36/s       37/s       38/s       39/s       40/s       41/s       42/s       43/s       44/s       45/s       46/s       47/s       48/s       49/s       50/s       51/s       52/s       53/s       54/s       55/s       57/s       59/s       61/s       65/s       66/s       67/s       68/s       69/s       70/s       71/s       72/s       73/s       74/s       75/s       76/s       77/s       79/s       80/s       81/s       82/s       83/s       84/s       85/s       86/s       87/s       88/s       89/s       90/s       91/s       92/s       93/s       94/s       95/s       96/s       97/s       98/s      112/s      113/s      114/s      115/s      116/s      117/s      118/s      119/s      120/s      121/s      122/s      123/s      124/s      125/s      126/s      127/s      128/s      129/s      130/s      131/s      132/s      133/s      134/s      135/s      136/s      137/s      138/s      150/s      154/s      162/s      167/s      171/s      224/s      228/s      229/s      230/s      231/s      232/s      233/s      234/s      235/s      236/s      237/s      245/s      246/s      247/s      249/s      250/s      252/s      253/s      262/s      263/s      294/s      296/s      297/s      298/s      299/s      301/s      302/s     IPI0/s     IPI1/s     IPI2/s     IPI3/s     IPI4/s     IPI5/s     IPI6/s      Err/s
17시 08분 32초    0       0.00       0.00       0.00     382.00       0.00       0.00       0.00       0.00       0.00       0.00       0.00       0.00       0.00       0.00       0.00       0.00       0.00       0.00       0.00       0.00       0.00       0.00       0.00       0.00       0.00       0.00       0.00       0.00       0.00       0.00       0.00       0.00       0.00       0.00       0.00       0.00       0.00       0.00       0.00       0.00       0.00       0.00       0.00       0.00       0.00       0.00       0.00       0.00       0.00       0.00       0.00       0.00       0.00       0.00       0.00       0.00       0.00       0.00       0.00       0.00       0.00       0.00       0.00       0.00       0.00       0.00       0.00       0.00       0.00       0.00       0.00       0.00       0.00       0.00       0.00       0.00       0.00       0.00       0.00       0.00       0.00       0.00       0.00       0.00       0.00       0.00       0.00       0.00       0.00       0.00       0.00       0.00       0.00      60.00       0.00       0.00       0.00       0.00       0.00       0.00       0.00       0.00       0.00       0.00       0.00     250.00       0.00       0.00       0.00       0.00       0.00       0.00       0.00       0.00       0.00       0.00       0.00       0.00       0.00       0.00       0.00       0.00       0.00       0.00       0.00       0.00       0.00       0.00       0.00       0.00       0.00       0.00       0.00       0.00     396.00       0.00     207.00      73.00       0.00       0.00       0.00      58.00       0.00       0.00
17시 08분 32초    1       0.00       0.00       0.00     879.00       0.00       0.00       0.00       0.00       0.00       0.00       0.00       0.00       0.00       0.00       0.00       0.00       0.00       0.00       0.00       0.00       0.00       0.00       0.00       0.00       0.00       0.00       0.00       0.00       0.00       0.00       0.00       0.00       0.00       0.00       0.00       0.00       0.00       0.00       0.00       0.00       0.00       0.00       0.00       0.00       0.00       0.00       0.00       0.00       0.00       0.00       0.00       0.00       0.00       0.00       0.00       0.00       0.00       0.00       0.00       0.00       0.00       0.00       0.00       0.00       0.00       0.00       0.00       0.00       0.00       0.00       0.00       0.00       0.00       0.00       0.00       0.00       0.00       0.00       0.00       0.00       0.00       0.00       0.00       0.00       0.00       0.00       0.00       0.00       0.00       0.00       0.00       0.00       0.00       0.00       0.00       0.00       0.00       0.00       0.00       0.00       0.00       0.00       0.00       0.00       0.00       0.00       0.00       0.00       0.00       0.00       0.00       0.00       0.00       0.00       0.00       0.00       0.00       0.00       0.00       0.00       0.00       0.00       0.00       0.00       0.00       0.00       0.00       0.00       0.00       0.00       0.00       0.00       0.00       0.00       0.00       0.00     129.00       8.00       0.00       0.00       0.00      55.00       0.00       0.00
17시 08분 32초    2       0.00       0.00       0.00     751.00       0.00       0.00       0.00       0.00       0.00       0.00       0.00       0.00       0.00       0.00       0.00       0.00       0.00       0.00       0.00       0.00       0.00       0.00       0.00       0.00       0.00       0.00       0.00       0.00       0.00       0.00       0.00       0.00       0.00       0.00       0.00       0.00       0.00       0.00       0.00       0.00       0.00       0.00       0.00       0.00       0.00       0.00       0.00       0.00       0.00       0.00       0.00       0.00       0.00       0.00       0.00       0.00       0.00       0.00       0.00       0.00       0.00       0.00       0.00       0.00       0.00       0.00       0.00       0.00       0.00       0.00       0.00       0.00       0.00       0.00       0.00       0.00       0.00       0.00       0.00       0.00       0.00       0.00       0.00       0.00       0.00       0.00       0.00       0.00       0.00       0.00       0.00       0.00       0.00       0.00       0.00       0.00       0.00       0.00       0.00       0.00       0.00       0.00       0.00       0.00       0.00       0.00       0.00       0.00       0.00       0.00       0.00       0.00       0.00       0.00       0.00       0.00       0.00       0.00       0.00       0.00       0.00       0.00       0.00       0.00       0.00       0.00       0.00       0.00       0.00       0.00       0.00       0.00       0.00       0.00       0.00       0.00     187.00       8.00       0.00       0.00       0.00      48.00       0.00       0.00
17시 08분 32초    3       0.00       0.00       0.00     168.00       0.00       0.00       0.00       0.00       0.00       0.00       0.00       0.00       0.00       0.00       0.00       0.00       0.00       0.00       0.00       0.00       0.00       0.00       0.00       0.00       0.00       0.00       0.00       0.00       0.00       0.00       0.00       0.00       0.00       0.00       0.00       0.00       0.00       0.00       0.00       0.00       0.00       0.00       0.00       0.00       0.00       0.00       0.00       0.00       0.00       0.00       0.00       0.00       0.00       0.00       0.00       0.00       0.00       0.00       0.00       0.00       0.00       0.00       0.00       0.00       0.00       0.00       0.00       0.00       0.00       0.00       0.00       0.00       0.00       0.00       0.00       0.00       0.00       0.00       0.00       0.00       0.00       0.00       0.00       0.00       0.00       0.00       0.00       0.00       0.00       0.00       0.00       0.00       0.00       0.00       0.00       0.00       0.00       0.00       0.00       0.00       0.00       0.00       0.00       0.00       0.00       0.00       0.00       0.00       0.00       0.00       0.00       0.00       0.00       0.00       0.00       0.00       0.00       0.00       0.00       0.00       0.00       0.00       0.00       0.00       0.00       0.00       0.00       0.00       0.00       0.00       0.00       0.00       0.00       0.00       0.00       0.00     185.00      10.00       0.00       0.00       0.00      16.00       0.00       0.00
17시 08분 32초    4       0.00       0.00       0.00     206.00       0.00       0.00       0.00       0.00       0.00       0.00       0.00       0.00       0.00       0.00       0.00       0.00       0.00       0.00       0.00       0.00       0.00       0.00       0.00       0.00       0.00       0.00       0.00       0.00       0.00       0.00       0.00       0.00       0.00       0.00       0.00       0.00       0.00       0.00       0.00       0.00       0.00       0.00       0.00       0.00       0.00       0.00       0.00       0.00       0.00       0.00       0.00       0.00       0.00       0.00       0.00       0.00       0.00       0.00       0.00       0.00       0.00       0.00       0.00       0.00       0.00       0.00       0.00       0.00       0.00       0.00       0.00       0.00       0.00       0.00       0.00       0.00       0.00       0.00       0.00       0.00       0.00       0.00       0.00       0.00       0.00       0.00       0.00       0.00       0.00       0.00       0.00       0.00       0.00       0.00       0.00       0.00       0.00       0.00       0.00       0.00       0.00       0.00       0.00       0.00       0.00       0.00       0.00       0.00       0.00       0.00       0.00       0.00       0.00       0.00       0.00       0.00       0.00       0.00       0.00       0.00       0.00       0.00       0.00       0.00       0.00       0.00       0.00       0.00       0.00       0.00       0.00       0.00       0.00       0.00       0.00       0.00     190.00       3.00       0.00       0.00       0.00      11.00       0.00       0.00
17시 08분 32초    5       0.00       0.00       0.00    1015.00       0.00       0.00       0.00       0.00       0.00       0.00       0.00       0.00       0.00       0.00       0.00       0.00       0.00       0.00       0.00       0.00       0.00       0.00       0.00       0.00       0.00       0.00       0.00       0.00       0.00       0.00       0.00       0.00       0.00       0.00       0.00       0.00       0.00       0.00       0.00       0.00       0.00       0.00       0.00       0.00       0.00       0.00       0.00       0.00       0.00       0.00       0.00       0.00       0.00       0.00       0.00       0.00       0.00       0.00       0.00       0.00       0.00       0.00       0.00       0.00       0.00       0.00       0.00       0.00       0.00       0.00       0.00       0.00       0.00       0.00       0.00       0.00       0.00       0.00       0.00       0.00       0.00       0.00       0.00       0.00       0.00       0.00       0.00       0.00       0.00       0.00       0.00       0.00       0.00       0.00       0.00       0.00       0.00       0.00       0.00       0.00       0.00       0.00       0.00       0.00       0.00       0.00       0.00       0.00       0.00       0.00       0.00       0.00       0.00       0.00       0.00       0.00       0.00       0.00       0.00       0.00       0.00       0.00       0.00       0.00       0.00       0.00       0.00       0.00       0.00       0.00       0.00       0.00       0.00       0.00       0.00       0.00     143.00       1.00       0.00       0.00       0.00      62.00       0.00       0.00

17시 08분 31초  CPU       HI/s    TIMER/s   NET_TX/s   NET_RX/s    BLOCK/s IRQ_POLL/s  TASKLET/s    SCHED/s  HRTIMER/s      RCU/s
17시 08분 32초    0       0.00      21.00      17.00     363.00       0.00       0.00       0.00     125.00       0.00      39.00
17시 08분 32초    1       0.00      20.00       0.00       0.00       0.00       0.00       0.00      68.00       0.00      41.00
17시 08분 32초    2       0.00      15.00       0.00       0.00       0.00       0.00       0.00      71.00       0.00      39.00
17시 08분 32초    3       0.00      22.00       0.00       0.00       0.00       0.00       0.00      38.00       0.00      39.00
17시 08분 32초    4       0.00       9.00       0.00       0.00       0.00       0.00       0.00      52.00       0.00      55.00
17시 08분 32초    5       0.00      13.00       0.00       0.00       0.00       0.00       0.00      54.00       0.00      38.00

17시 08분 32초  CPU    %usr   %nice    %sys %iowait    %irq   %soft  %steal  %guest  %gnice   %idle
17시 08분 33초  all   12.00    0.00    1.50    0.00    0.17    0.17    0.00    0.00    0.00   86.17
17시 08분 33초    0    1.02    0.00    1.02    0.00    0.00    0.00    0.00    0.00    0.00   97.96
17시 08분 33초    1   46.46    0.00    0.00    0.00    0.00    0.00    0.00    0.00    0.00   53.54
17시 08분 33초    2    2.91    0.00    2.91    0.00    0.97    0.00    0.00    0.00    0.00   93.20
17시 08분 33초    3    9.00    0.00    1.00    0.00    0.00    0.00    0.00    0.00    0.00   90.00
17시 08분 33초    4    4.00    0.00    4.00    0.00    0.00    1.00    0.00    0.00    0.00   91.00
17시 08분 33초    5    9.00    0.00    0.00    0.00    0.00    0.00    0.00    0.00    0.00   91.00

17시 08분 32초  CPU    intr/s
17시 08분 33초  all   4552.00
17시 08분 33초    0    626.00
17시 08분 33초    1    157.00
17시 08분 33초    2    118.00
17시 08분 33초    3     85.00
17시 08분 33초    4     85.00
17시 08분 33초    5    131.00

17시 08분 32초  CPU        9/s       11/s       12/s       13/s       18/s       20/s       21/s       22/s       23/s       24/s       25/s       26/s       27/s       28/s       29/s       30/s       31/s       32/s       33/s       34/s       35/s       36/s       37/s       38/s       39/s       40/s       41/s       42/s       43/s       44/s       45/s       46/s       47/s       48/s       49/s       50/s       51/s       52/s       53/s       54/s       55/s       57/s       59/s       61/s       65/s       66/s       67/s       68/s       69/s       70/s       71/s       72/s       73/s       74/s       75/s       76/s       77/s       79/s       80/s       81/s       82/s       83/s       84/s       85/s       86/s       87/s       88/s       89/s       90/s       91/s       92/s       93/s       94/s       95/s       96/s       97/s       98/s      112/s      113/s      114/s      115/s      116/s      117/s      118/s      119/s      120/s      121/s      122/s      123/s      124/s      125/s      126/s      127/s      128/s      129/s      130/s      131/s      132/s      133/s      134/s      135/s      136/s      137/s      138/s      150/s      154/s      162/s      167/s      171/s      224/s      228/s      229/s      230/s      231/s      232/s      233/s      234/s      235/s      236/s      237/s      245/s      246/s      247/s      249/s      250/s      252/s      253/s      262/s      263/s      294/s      296/s      297/s      298/s      299/s      301/s      302/s     IPI0/s     IPI1/s     IPI2/s     IPI3/s     IPI4/s     IPI5/s     IPI6/s      Err/s
17시 08분 33초    0       0.00       0.00       0.00     609.00       0.00       0.00       0.00       0.00       0.00       0.00       0.00       0.00       0.00       0.00       0.00       0.00       0.00       0.00       0.00       0.00       0.00       0.00       0.00       0.00       0.00       0.00       0.00       0.00       0.00       0.00       0.00       0.00       0.00       0.00       0.00       0.00       0.00       0.00       0.00       0.00       0.00       0.00       0.00       0.00       0.00       0.00       0.00       0.00       0.00       0.00       0.00       0.00       0.00       0.00       0.00       0.00       0.00       0.00       0.00       0.00       0.00       0.00       0.00       0.00       0.00       0.00       0.00       0.00       0.00       0.00       0.00       0.00       0.00       0.00       0.00       0.00       0.00       0.00       0.00       1.00       0.00       0.00       0.00       0.00       0.00       0.00       0.00       0.00       0.00       0.00       0.00       0.00       0.00      67.00       0.00       0.00       0.00       0.00       0.00       0.00       0.00       0.00       0.00       0.00       0.00     246.00       0.00       0.00       0.00       0.00       0.00       0.00       0.00       0.00       0.00       0.00       0.00       0.00       0.00       0.00       0.00       0.00       0.00       0.00       0.00       0.00       0.00       0.00       0.00       0.00       0.00       0.00       0.00       0.00     469.00       0.00     283.00      56.00       0.00       0.00       0.00      60.00       0.00       0.00
17시 08분 33초    1       0.00       0.00       0.00     198.00       0.00       0.00       0.00       0.00       0.00       0.00       0.00       0.00       0.00       0.00       0.00       0.00       0.00       0.00       0.00       0.00       0.00       0.00       0.00       0.00       0.00       0.00       0.00       0.00       0.00       0.00       0.00       0.00       0.00       0.00       0.00       0.00       0.00       0.00       0.00       0.00       0.00       0.00       0.00       0.00       0.00       0.00       0.00       0.00       0.00       0.00       0.00       0.00       0.00       0.00       0.00       0.00       0.00       0.00       0.00       0.00       0.00       0.00       0.00       0.00       0.00       0.00       0.00       0.00       0.00       0.00       0.00       0.00       0.00       0.00       0.00       0.00       0.00       0.00       0.00       0.00       0.00       0.00       0.00       0.00       0.00       0.00       0.00       0.00       0.00       0.00       0.00       0.00       0.00       0.00       0.00       0.00       0.00       0.00       0.00       0.00       0.00       0.00       0.00       0.00       0.00       0.00       0.00       0.00       0.00       0.00       0.00       0.00       0.00       0.00       0.00       0.00       0.00       0.00       0.00       0.00       0.00       0.00       0.00       0.00       0.00       0.00       0.00       0.00       0.00       0.00       0.00       0.00       0.00       0.00       0.00       0.00     150.00       6.00       0.00       0.00       0.00     118.00       0.00       0.00
17시 08분 33초    2       0.00       0.00       0.00    1110.00       0.00       0.00       0.00       0.00       0.00       0.00       0.00       0.00       0.00       0.00       0.00       0.00       0.00       0.00       0.00       0.00       0.00       0.00       0.00       0.00       0.00       0.00       0.00       0.00       0.00       0.00       0.00       0.00       0.00       0.00       0.00       0.00       0.00       0.00       0.00       0.00       0.00       0.00       0.00       0.00       0.00       0.00       0.00       0.00       0.00       0.00       0.00       0.00       0.00       0.00       0.00       0.00       0.00       0.00       0.00       0.00       0.00       0.00       0.00       0.00       0.00       0.00       0.00       0.00       0.00       0.00       0.00       0.00       0.00       0.00       0.00       0.00       0.00       0.00       0.00       0.00       0.00       0.00       0.00       0.00       0.00       0.00       0.00       0.00       0.00       0.00       0.00       0.00       0.00       0.00       0.00       0.00       0.00       0.00       0.00       0.00       0.00       0.00       0.00       0.00       0.00       0.00       0.00       0.00       0.00       0.00       0.00       0.00       0.00       0.00       0.00       0.00       0.00       0.00       0.00       0.00       0.00       0.00       0.00       0.00       0.00       0.00       0.00       0.00       0.00       0.00       0.00       0.00       0.00       0.00       0.00       0.00     186.00      11.00       0.00       0.00       0.00      41.00       0.00       0.00
17시 08분 33초    3       0.00       0.00       0.00     141.00       0.00       0.00       0.00       0.00       0.00       0.00       0.00       0.00       0.00       0.00       0.00       0.00       0.00       0.00       0.00       0.00       0.00       0.00       0.00       0.00       0.00       0.00       0.00       0.00       0.00       0.00       0.00       0.00       0.00       0.00       0.00       0.00       0.00       0.00       0.00       0.00       0.00       0.00       0.00       0.00       0.00       0.00       0.00       0.00       0.00       0.00       0.00       0.00       0.00       0.00       0.00       0.00       0.00       0.00       0.00       0.00       0.00       0.00       0.00       0.00       0.00       0.00       0.00       0.00       0.00       0.00       0.00       0.00       0.00       0.00       0.00       0.00       0.00       0.00       0.00       0.00       0.00       0.00       0.00       0.00       0.00       0.00       0.00       0.00       0.00       0.00       0.00       0.00       0.00       0.00       0.00       0.00       0.00       0.00       0.00       0.00       0.00       0.00       0.00       0.00       0.00       0.00       0.00       0.00       0.00       0.00       0.00       0.00       0.00       0.00       0.00       0.00       0.00       0.00       0.00       0.00       0.00       0.00       0.00       0.00       0.00       0.00       0.00       0.00       0.00       0.00       0.00       0.00       0.00       0.00       0.00       0.00     167.00      12.00       0.00       0.00       0.00      19.00       0.00       0.00
17시 08분 33초    4       0.00       0.00       0.00      83.00       0.00       0.00       0.00       0.00       0.00       0.00       0.00       0.00       0.00       0.00       0.00       0.00       0.00       0.00       0.00       0.00       0.00       0.00       0.00       0.00       0.00       0.00       0.00       0.00       0.00       0.00       0.00       0.00       0.00       0.00       0.00       0.00       0.00       0.00       0.00       0.00       0.00       0.00       0.00       0.00       0.00       0.00       0.00       0.00       0.00       0.00       0.00       0.00       0.00       0.00       0.00       0.00       0.00       0.00       0.00       0.00       0.00       0.00       0.00       0.00       0.00       0.00       0.00       0.00       0.00       0.00       0.00       0.00       0.00       0.00       0.00       0.00       0.00       0.00       0.00       0.00       0.00       0.00       0.00       0.00       0.00       0.00       0.00       0.00       0.00       0.00       0.00       0.00       0.00       0.00       0.00       0.00       0.00       0.00       0.00       0.00       0.00       0.00       0.00       0.00       0.00       0.00       0.00       0.00       0.00       0.00       0.00       0.00       0.00       0.00       0.00       0.00       0.00       0.00       0.00       0.00       0.00       0.00       0.00       0.00       0.00       0.00       0.00       0.00       0.00       0.00       0.00       0.00       0.00       0.00       0.00       0.00      20.00       2.00       0.00       0.00       0.00       0.00       0.00       0.00
17시 08분 33초    5       0.00       0.00       0.00     302.00       0.00       0.00       0.00       0.00       0.00       0.00       0.00       0.00       0.00       0.00       0.00       0.00       0.00       0.00       0.00       0.00       0.00       0.00       0.00       0.00       0.00       0.00       0.00       0.00       0.00       0.00       0.00       0.00       0.00       0.00       0.00       0.00       0.00       0.00       0.00       0.00       0.00       0.00       0.00       0.00       0.00       0.00       0.00       0.00       0.00       0.00       0.00       0.00       0.00       0.00       0.00       0.00       0.00       0.00       0.00       0.00       0.00       0.00       0.00       0.00       0.00       0.00       0.00       0.00       0.00       0.00       0.00       0.00       0.00       0.00       0.00       0.00       0.00       0.00       0.00       0.00       0.00       0.00       0.00       0.00       0.00       0.00       0.00       0.00       0.00       0.00       0.00       0.00       0.00       0.00       0.00       0.00       0.00       0.00       0.00       0.00       0.00       0.00       0.00       0.00       0.00       0.00       0.00       0.00       0.00       0.00       0.00       0.00       0.00       0.00       0.00       0.00       0.00       0.00       0.00       0.00       0.00       0.00       0.00       0.00       0.00       0.00       0.00       0.00       0.00       0.00       0.00       0.00       0.00       0.00       0.00       0.00     191.00       4.00       0.00       0.00       0.00       0.00       0.00       0.00

17시 08분 32초  CPU       HI/s    TIMER/s   NET_TX/s   NET_RX/s    BLOCK/s IRQ_POLL/s  TASKLET/s    SCHED/s  HRTIMER/s      RCU/s
17시 08분 33초    0       0.00      27.00      19.00     431.00       0.00       0.00       0.00     106.00       1.00      42.00
17시 08분 33초    1       0.00      21.00       0.00       0.00       0.00       0.00       0.00      83.00       0.00      53.00
17시 08분 33초    2       0.00      25.00       0.00       0.00       0.00       0.00       0.00      54.00       0.00      39.00
17시 08분 33초    3       0.00      11.00       0.00       0.00       0.00       0.00       0.00      35.00       0.00      39.00
17시 08분 33초    4       0.00       8.00       0.00       0.00       0.00       0.00       0.00      31.00       0.00      46.00
17시 08분 33초    5       0.00      19.00       0.00       0.00       0.00       0.00       0.00      64.00       0.00      48.00

17시 08분 33초  CPU    %usr   %nice    %sys %iowait    %irq   %soft  %steal  %guest  %gnice   %idle
17시 08분 34초  all   11.69    0.00    4.67    0.00    0.50    0.17    0.00    0.00    0.00   82.97
17시 08분 34초    0    0.00    0.00    4.95    0.00    0.99    0.99    0.00    0.00    0.00   93.07
17시 08분 34초    1   31.00    0.00    5.00    0.00    1.00    0.00    0.00    0.00    0.00   63.00
17시 08분 34초    2    0.00    0.00    2.02    0.00    0.00    0.00    0.00    0.00    0.00   97.98
17시 08분 34초    3   11.00    0.00    1.00    0.00    0.00    0.00    0.00    0.00    0.00   88.00
17시 08분 34초    4    2.00    0.00    4.00    0.00    0.00    0.00    0.00    0.00    0.00   94.00
17시 08분 34초    5   26.26    0.00   11.11    0.00    1.01    0.00    0.00    0.00    0.00   61.62

17시 08분 33초  CPU    intr/s
17시 08분 34초  all   2730.00
17시 08분 34초    0    420.00
17시 08분 34초    1    171.00
17시 08분 34초    2    136.00
17시 08분 34초    3     76.00
17시 08분 34초    4    136.00
17시 08분 34초    5     93.00

17시 08분 33초  CPU        9/s       11/s       12/s       13/s       18/s       20/s       21/s       22/s       23/s       24/s       25/s       26/s       27/s       28/s       29/s       30/s       31/s       32/s       33/s       34/s       35/s       36/s       37/s       38/s       39/s       40/s       41/s       42/s       43/s       44/s       45/s       46/s       47/s       48/s       49/s       50/s       51/s       52/s       53/s       54/s       55/s       57/s       59/s       61/s       65/s       66/s       67/s       68/s       69/s       70/s       71/s       72/s       73/s       74/s       75/s       76/s       77/s       79/s       80/s       81/s       82/s       83/s       84/s       85/s       86/s       87/s       88/s       89/s       90/s       91/s       92/s       93/s       94/s       95/s       96/s       97/s       98/s      112/s      113/s      114/s      115/s      116/s      117/s      118/s      119/s      120/s      121/s      122/s      123/s      124/s      125/s      126/s      127/s      128/s      129/s      130/s      131/s      132/s      133/s      134/s      135/s      136/s      137/s      138/s      150/s      154/s      162/s      167/s      171/s      224/s      228/s      229/s      230/s      231/s      232/s      233/s      234/s      235/s      236/s      237/s      245/s      246/s      247/s      249/s      250/s      252/s      253/s      262/s      263/s      294/s      296/s      297/s      298/s      299/s      301/s      302/s     IPI0/s     IPI1/s     IPI2/s     IPI3/s     IPI4/s     IPI5/s     IPI6/s      Err/s
17시 08분 34초    0       0.00       0.00       0.00     186.00       0.00       0.00       0.00       0.00       0.00       0.00       0.00       0.00       0.00       0.00       0.00       0.00       0.00       0.00       0.00       0.00       0.00       0.00       0.00       0.00       0.00       0.00       0.00       0.00       0.00       0.00       0.00       0.00       0.00       0.00       0.00       0.00       0.00       0.00       0.00       0.00       0.00       0.00       0.00       0.00       0.00       0.00       0.00       0.00       0.00       0.00       0.00       0.00       0.00       0.00       0.00       0.00       0.00       0.00       0.00       0.00       0.00       0.00       0.00       0.00       0.00       0.00       0.00       0.00       0.00       0.00       0.00       0.00       0.00       0.00       0.00       0.00       0.00       0.00       0.00      10.00       0.00       0.00       0.00       0.00       0.00       0.00       0.00       0.00       0.00       0.00       0.00       0.00       0.00      30.00       0.00       0.00       0.00       0.00       0.00       0.00       0.00       0.00       0.00       0.00       0.00     123.00       0.00       0.00       0.00       0.00       0.00       0.00       0.00       0.00       0.00       0.00       0.00       0.00       0.00       0.00       0.00       0.00       0.00       0.00       0.00       0.00       0.00       0.00       0.00       0.00       0.00       0.00       0.00       0.00     227.00       0.00     127.00      72.00       0.00       0.00       0.00      34.00       0.00       0.00
17시 08분 34초    1       0.00       0.00       0.00     166.00       0.00       0.00       0.00       0.00       0.00       0.00       0.00       0.00       0.00       0.00       0.00       0.00       0.00       0.00       0.00       0.00       0.00       0.00       0.00       0.00       0.00       0.00       0.00       0.00       0.00       0.00       0.00       0.00       0.00       0.00       0.00       0.00       0.00       0.00       0.00       0.00       0.00       0.00       0.00       0.00       0.00       0.00       0.00       0.00       0.00       0.00       0.00       0.00       0.00       0.00       0.00       0.00       0.00       0.00       0.00       0.00       0.00       0.00       0.00       0.00       0.00       0.00       0.00       0.00       0.00       0.00       0.00       0.00       0.00       0.00       0.00       0.00       0.00       0.00       0.00       0.00       0.00       0.00       0.00       0.00       0.00       0.00       0.00       0.00       0.00       0.00       0.00       0.00       0.00       0.00       0.00       0.00       0.00       0.00       0.00       0.00       0.00       0.00       0.00       0.00       0.00       0.00       0.00       0.00       0.00       0.00       0.00       0.00       0.00       0.00       0.00       0.00       0.00       0.00       0.00       0.00       0.00       0.00       0.00       0.00       0.00       0.00       0.00       0.00       0.00       0.00       0.00       0.00       0.00       0.00       0.00       0.00      79.00      10.00       0.00       0.00       0.00      27.00       0.00       0.00
17시 08분 34초    2       0.00       0.00       0.00     103.00       0.00       0.00       0.00       0.00       0.00       0.00       0.00       0.00       0.00       0.00       0.00       0.00       0.00       0.00       0.00       0.00       0.00       0.00       0.00       0.00       0.00       0.00       0.00       0.00       0.00       0.00       0.00       0.00       0.00       0.00       0.00       0.00       0.00       0.00       0.00       0.00       0.00       0.00       0.00       0.00       0.00       0.00       0.00       0.00       0.00       0.00       0.00       0.00       0.00       0.00       0.00       0.00       0.00       0.00       0.00       0.00       0.00       0.00       0.00       0.00       0.00       0.00       0.00       0.00       0.00       0.00       0.00       0.00       0.00       0.00       0.00       0.00       0.00       0.00       0.00       0.00       0.00       0.00       0.00       0.00       0.00       0.00       0.00       0.00       0.00       0.00       0.00       0.00       0.00       0.00       0.00       0.00       0.00       0.00       0.00       0.00       0.00       0.00       0.00       0.00       0.00       0.00       0.00       0.00       0.00       0.00       0.00       0.00       0.00       0.00       0.00       0.00       0.00       0.00       0.00       0.00       0.00       0.00       0.00       0.00       0.00       0.00       0.00       0.00       0.00       0.00       0.00       0.00       0.00       0.00       0.00       0.00      56.00      26.00       0.00       0.00       0.00       7.00       0.00       0.00
17시 08분 34초    3       0.00       0.00       0.00     362.00       0.00       0.00       0.00       0.00       0.00       0.00       0.00       0.00       0.00       0.00       0.00       0.00       0.00       0.00       0.00       0.00       0.00       0.00       0.00       0.00       0.00       0.00       0.00       0.00       0.00       0.00       0.00       0.00       0.00       0.00       0.00       0.00       0.00       0.00       0.00       0.00       0.00       0.00       0.00       0.00       0.00       0.00       0.00       0.00       0.00       0.00       0.00       0.00       0.00       0.00       0.00       0.00       0.00       0.00       0.00       0.00       0.00       0.00       0.00       0.00       0.00       0.00       0.00       0.00       0.00       0.00       0.00       0.00       0.00       0.00       0.00       0.00       0.00       0.00       0.00       0.00       0.00       0.00       0.00       0.00       0.00       0.00       0.00       0.00       0.00       0.00       0.00       0.00       0.00       0.00       0.00       0.00       0.00       0.00       0.00       0.00       0.00       0.00       0.00       0.00       0.00       0.00       0.00       0.00       0.00       0.00       0.00       0.00       0.00       0.00       0.00       0.00       0.00       0.00       0.00       0.00       0.00       0.00       0.00       0.00       0.00       0.00       0.00       0.00       0.00       0.00       0.00       0.00       0.00       0.00       0.00       0.00      85.00       6.00       0.00       0.00       0.00      20.00       0.00       0.00
17시 08분 34초    4       0.00       0.00       0.00     306.00       0.00       0.00       0.00       0.00       0.00       0.00       0.00       0.00       0.00       0.00       0.00       0.00       0.00       0.00       0.00       0.00       0.00       0.00       0.00       0.00       0.00       0.00       0.00       0.00       0.00       0.00       0.00       0.00       0.00       0.00       0.00       0.00       0.00       0.00       0.00       0.00       0.00       0.00       0.00       0.00       0.00       0.00       0.00       0.00       0.00       0.00       0.00       0.00       0.00       0.00       0.00       0.00       0.00       0.00       0.00       0.00       0.00       0.00       0.00       0.00       0.00       0.00       0.00       0.00       0.00       0.00       0.00       0.00       0.00       0.00       0.00       0.00       0.00       0.00       0.00       0.00       0.00       0.00       0.00       0.00       0.00       0.00       0.00       0.00       0.00       0.00       0.00       0.00       0.00       0.00       0.00       0.00       0.00       0.00       0.00       0.00       0.00       0.00       0.00       0.00       0.00       0.00       0.00       0.00       0.00       0.00       0.00       0.00       0.00       0.00       0.00       0.00       0.00       0.00       0.00       0.00       0.00       0.00       0.00       0.00       0.00       0.00       0.00       0.00       0.00       0.00       0.00       0.00       0.00       0.00       0.00       0.00      66.00       0.00       0.00       0.00       0.00       4.00       0.00       0.00
17시 08분 34초    5       0.00       0.00       0.00     516.00       0.00       0.00       0.00       0.00       0.00       0.00       0.00       0.00       0.00       0.00       0.00       0.00       0.00       0.00       0.00       0.00       0.00       0.00       0.00       0.00       0.00       0.00       0.00       0.00       0.00       0.00       0.00       0.00       0.00       0.00       0.00       0.00       0.00       0.00       0.00       0.00       0.00       0.00       0.00       0.00       0.00       0.00       0.00       0.00       0.00       0.00       0.00       0.00       0.00       0.00       0.00       0.00       0.00       0.00       0.00       0.00       0.00       0.00       0.00       0.00       0.00       0.00       0.00       0.00       0.00       0.00       0.00       0.00       0.00       0.00       0.00       0.00       0.00       0.00       0.00       0.00       0.00       0.00       0.00       0.00       0.00       0.00       0.00       0.00       0.00       0.00       0.00       0.00       0.00       0.00       0.00       0.00       0.00       0.00       0.00       0.00       0.00       0.00       0.00       0.00       0.00       0.00       0.00       0.00       0.00       0.00       0.00       0.00       0.00       0.00       0.00       0.00       0.00       0.00       0.00       0.00       0.00       0.00       0.00       0.00       0.00       0.00       0.00       0.00       0.00       0.00       0.00       0.00       0.00       0.00       0.00       0.00      65.00       2.00       0.00       0.00       0.00      15.00       0.00       0.00

17시 08분 33초  CPU       HI/s    TIMER/s   NET_TX/s   NET_RX/s    BLOCK/s IRQ_POLL/s  TASKLET/s    SCHED/s  HRTIMER/s      RCU/s
17시 08분 34초    0       0.00      19.00       9.00     209.00       0.00       0.00       0.00     125.00       0.00      58.00
17시 08분 34초    1       0.00      29.00       0.00       0.00       0.00       0.00       0.00      54.00       0.00      88.00
17시 08분 34초    2       0.00      30.00       0.00       0.00       0.00       0.00       0.00      57.00       0.00      49.00
17시 08분 34초    3       0.00       4.00       0.00       0.00       0.00       0.00       0.00      34.00       0.00      38.00
17시 08분 34초    4       0.00      27.00       0.00       0.00       0.00       0.00       0.00      53.00       0.00      56.00
17시 08분 34초    5       0.00       9.00       0.00       0.00       0.00       0.00       0.00      34.00       0.00      50.00

17시 08분 34초  CPU    %usr   %nice    %sys %iowait    %irq   %soft  %steal  %guest  %gnice   %idle
17시 08분 35초  all   10.35    0.00    2.34    0.00    0.00    0.00    0.00    0.00    0.00   87.31
17시 08분 35초    0    1.00    0.00    2.00    0.00    0.00    0.00    0.00    0.00    0.00   97.00
17시 08분 35초    1   11.11    0.00    1.01    0.00    0.00    0.00    0.00    0.00    0.00   87.88
17시 08분 35초    2    1.00    0.00    2.00    0.00    0.00    0.00    0.00    0.00    0.00   97.00
17시 08분 35초    3   46.00    0.00    1.00    0.00    0.00    0.00    0.00    0.00    0.00   53.00
17시 08분 35초    4    1.98    0.00    5.94    0.00    0.00    0.00    0.00    0.00    0.00   92.08
17시 08분 35초    5    1.01    0.00    2.02    0.00    0.00    0.00    0.00    0.00    0.00   96.97

17시 08분 34초  CPU    intr/s
17시 08분 35초  all   5447.00
17시 08분 35초    0    587.00
17시 08분 35초    1    144.00
17시 08분 35초    2    128.00
17시 08분 35초    3    166.00
17시 08분 35초    4    125.00
17시 08분 35초    5    121.00

17시 08분 34초  CPU        9/s       11/s       12/s       13/s       18/s       20/s       21/s       22/s       23/s       24/s       25/s       26/s       27/s       28/s       29/s       30/s       31/s       32/s       33/s       34/s       35/s       36/s       37/s       38/s       39/s       40/s       41/s       42/s       43/s       44/s       45/s       46/s       47/s       48/s       49/s       50/s       51/s       52/s       53/s       54/s       55/s       57/s       59/s       61/s       65/s       66/s       67/s       68/s       69/s       70/s       71/s       72/s       73/s       74/s       75/s       76/s       77/s       79/s       80/s       81/s       82/s       83/s       84/s       85/s       86/s       87/s       88/s       89/s       90/s       91/s       92/s       93/s       94/s       95/s       96/s       97/s       98/s      112/s      113/s      114/s      115/s      116/s      117/s      118/s      119/s      120/s      121/s      122/s      123/s      124/s      125/s      126/s      127/s      128/s      129/s      130/s      131/s      132/s      133/s      134/s      135/s      136/s      137/s      138/s      150/s      154/s      162/s      167/s      171/s      224/s      228/s      229/s      230/s      231/s      232/s      233/s      234/s      235/s      236/s      237/s      245/s      246/s      247/s      249/s      250/s      252/s      253/s      262/s      263/s      294/s      296/s      297/s      298/s      299/s      301/s      302/s     IPI0/s     IPI1/s     IPI2/s     IPI3/s     IPI4/s     IPI5/s     IPI6/s      Err/s
17시 08분 35초    0       0.00       0.00       0.00     265.00       0.00       0.00       0.00       0.00       0.00       0.00       0.00       0.00       0.00       0.00       0.00       0.00       0.00       0.00       0.00       0.00       0.00       0.00       0.00       0.00       0.00       0.00       0.00       0.00       0.00       0.00       0.00       0.00       0.00       0.00       0.00       0.00       0.00       0.00       0.00       0.00       0.00       0.00       0.00       0.00       0.00       0.00       0.00       0.00       0.00       0.00       0.00       0.00       0.00       0.00       0.00       0.00       0.00       0.00       0.00       0.00       0.00       0.00       0.00       0.00       0.00       0.00       0.00       0.00       0.00       0.00       0.00       0.00       0.00       0.00       0.00       0.00       0.00       0.00       0.00       5.00       0.00       0.00       0.00       0.00       0.00       0.00       0.00       0.00       0.00       0.00       0.00       0.00       0.00      51.00       0.00       0.00       0.00       0.00       0.00       0.00       0.00       0.00       0.00       0.00       0.00     241.00       0.00       0.00       0.00       0.00       0.00       0.00       0.00       0.00       0.00       0.00       0.00       0.00       0.00       0.00       0.00       0.00       0.00       0.00       0.00       0.00       0.00       0.00       0.00       0.00       0.00       0.00       0.00       0.00     428.00       0.00     240.00      53.00       0.00       0.00       0.00      57.00       0.00       0.00
17시 08분 35초    1       0.00       0.00       0.00     882.00       0.00       0.00       0.00       0.00       0.00       0.00       0.00       0.00       0.00       0.00       0.00       0.00       0.00       0.00       0.00       0.00       0.00       0.00       0.00       0.00       0.00       0.00       0.00       0.00       0.00       0.00       0.00       0.00       0.00       0.00       0.00       0.00       0.00       0.00       0.00       0.00       0.00       0.00       0.00       0.00       0.00       0.00       0.00       0.00       0.00       0.00       0.00       0.00       0.00       0.00       0.00       0.00       0.00       0.00       0.00       0.00       0.00       0.00       0.00       0.00       0.00       0.00       0.00       0.00       0.00       0.00       0.00       0.00       0.00       0.00       0.00       0.00       0.00       0.00       0.00       0.00       0.00       0.00       0.00       0.00       0.00       0.00       0.00       0.00       0.00       0.00       0.00       0.00       0.00       0.00       0.00       0.00       0.00       0.00       0.00       0.00       0.00       0.00       0.00       0.00       0.00       0.00       0.00       0.00       0.00       0.00       0.00       0.00       0.00       0.00       0.00       0.00       0.00       0.00       0.00       0.00       0.00       0.00       0.00       0.00       0.00       0.00       0.00       0.00       0.00       0.00       0.00       0.00       0.00       0.00       0.00       0.00     178.00      16.00       0.00       0.00       0.00      26.00       0.00       0.00
17시 08분 35초    2       0.00       0.00       0.00     156.00       0.00       0.00       0.00       0.00       0.00       0.00       0.00       0.00       0.00       0.00       0.00       0.00       0.00       0.00       0.00       0.00       0.00       0.00       0.00       0.00       0.00       0.00       0.00       0.00       0.00       0.00       0.00       0.00       0.00       0.00       0.00       0.00       0.00       0.00       0.00       0.00       0.00       0.00       0.00       0.00       0.00       0.00       0.00       0.00       0.00       0.00       0.00       0.00       0.00       0.00       0.00       0.00       0.00       0.00       0.00       0.00       0.00       0.00       0.00       0.00       0.00       0.00       0.00       0.00       0.00       0.00       0.00       0.00       0.00       0.00       0.00       0.00       0.00       0.00       0.00       0.00       0.00       0.00       0.00       0.00       0.00       0.00       0.00       0.00       0.00       0.00       0.00       0.00       0.00       0.00       0.00       0.00       0.00       0.00       0.00       0.00       0.00       0.00       0.00       0.00       0.00       0.00       0.00       0.00       0.00       0.00       0.00       0.00       0.00       0.00       0.00       0.00       0.00       0.00       0.00       0.00       0.00       0.00       0.00       0.00       0.00       0.00       0.00       0.00       0.00       0.00       0.00       0.00       0.00       0.00       0.00       0.00     164.00       9.00       0.00       0.00       0.00      37.00       0.00       0.00
17시 08분 35초    3       0.00       0.00       0.00     226.00       0.00       0.00       0.00       0.00       0.00       0.00       0.00       0.00       0.00       0.00       0.00       0.00       0.00       0.00       0.00       0.00       0.00       0.00       0.00       0.00       0.00       0.00       0.00       0.00       0.00       0.00       0.00       0.00       0.00       0.00       0.00       0.00       0.00       0.00       0.00       0.00       0.00       0.00       0.00       0.00       0.00       0.00       0.00       0.00       0.00       0.00       0.00       0.00       0.00       0.00       0.00       0.00       0.00       0.00       0.00       0.00       0.00       0.00       0.00       0.00       0.00       0.00       0.00       0.00       0.00       0.00       0.00       0.00       0.00       0.00       0.00       0.00       0.00       0.00       0.00       0.00       0.00       0.00       0.00       0.00       0.00       0.00       0.00       0.00       0.00       0.00       0.00       0.00       0.00       0.00       0.00       0.00       0.00       0.00       0.00       0.00       0.00       0.00       0.00       0.00       0.00       0.00       0.00       0.00       0.00       0.00       0.00       0.00       0.00       0.00       0.00       0.00       0.00       0.00       0.00       0.00       0.00       0.00       0.00       0.00       0.00       0.00       0.00       0.00       0.00       0.00       0.00       0.00       0.00       0.00       0.00       0.00     165.00       3.00       0.00       0.00       0.00     111.00       0.00       0.00
17시 08분 35초    4       0.00       0.00       0.00     107.00       0.00       0.00       0.00       0.00       0.00       0.00       0.00       0.00       0.00       0.00       0.00       0.00       0.00       0.00       0.00       0.00       0.00       0.00       0.00       0.00       0.00       0.00       0.00       0.00       0.00       0.00       0.00       0.00       0.00       0.00       0.00       0.00       0.00       0.00       0.00       0.00       0.00       0.00       0.00       0.00       0.00       0.00       0.00       0.00       0.00       0.00       0.00       0.00       0.00       0.00       0.00       0.00       0.00       0.00       0.00       0.00       0.00       0.00       0.00       0.00       0.00       0.00       0.00       0.00       0.00       0.00       0.00       0.00       0.00       0.00       0.00       0.00       0.00       0.00       0.00       0.00       0.00       0.00       0.00       0.00       0.00       0.00       0.00       0.00       0.00       0.00       0.00       0.00       0.00       0.00       0.00       0.00       0.00       0.00       0.00       0.00       0.00       0.00       0.00       0.00       0.00       0.00       0.00       0.00       0.00       0.00       0.00       0.00       0.00       0.00       0.00       0.00       0.00       0.00       0.00       0.00       0.00       0.00       0.00       0.00       0.00       0.00       0.00       0.00       0.00       0.00       0.00       0.00       0.00       0.00       0.00       0.00      18.00       0.00       0.00       0.00       0.00       0.00       0.00       0.00
17시 08분 35초    5       0.00       0.00       0.00    1816.00       0.00       0.00       0.00       0.00       0.00       0.00       0.00       0.00       0.00       0.00       0.00       0.00       0.00       0.00       0.00       0.00       0.00       0.00       0.00       0.00       0.00       0.00       0.00       0.00       0.00       0.00       0.00       0.00       0.00       0.00       0.00       0.00       0.00       0.00       0.00       0.00       0.00       0.00       0.00       0.00       0.00       0.00       0.00       0.00       0.00       0.00       0.00       0.00       0.00       0.00       0.00       0.00       0.00       0.00       0.00       0.00       0.00       0.00       0.00       0.00       0.00       0.00       0.00       0.00       0.00       0.00       0.00       0.00       0.00       0.00       0.00       0.00       0.00       0.00       0.00       0.00       0.00       0.00       0.00       0.00       0.00       0.00       0.00       0.00       0.00       0.00       0.00       0.00       0.00       0.00       0.00       0.00       0.00       0.00       0.00       0.00       0.00       0.00       0.00       0.00       0.00       0.00       0.00       0.00       0.00       0.00       0.00       0.00       0.00       0.00       0.00       0.00       0.00       0.00       0.00       0.00       0.00       0.00       0.00       0.00       0.00       0.00       0.00       0.00       0.00       0.00       0.00       0.00       0.00       0.00       0.00       0.00     194.00       1.00       0.00       0.00       0.00       0.00       0.00       0.00

17시 08분 34초  CPU       HI/s    TIMER/s   NET_TX/s   NET_RX/s    BLOCK/s IRQ_POLL/s  TASKLET/s    SCHED/s  HRTIMER/s      RCU/s
17시 08분 35초    0       0.00      18.00      17.00     394.00       0.00       0.00       0.00     103.00       0.00      55.00
17시 08분 35초    1       0.00      19.00       0.00       0.00       0.00       0.00       0.00      70.00       0.00      55.00
17시 08분 35초    2       0.00      11.00       0.00       0.00       0.00       0.00       0.00      62.00       0.00      55.00
17시 08분 35초    3       0.00       3.00       0.00       0.00       0.00       0.00       0.00      98.00       0.00      65.00
17시 08분 35초    4       0.00      28.00       0.00       0.00       0.00       0.00       0.00      37.00       0.00      60.00
17시 08분 35초    5       0.00      30.00       0.00       0.00       0.00       0.00       0.00      57.00       0.00      34.00

17시 08분 35초  CPU    %usr   %nice    %sys %iowait    %irq   %soft  %steal  %guest  %gnice   %idle
17시 08분 36초  all   10.57    0.00    4.03    0.50    0.34    0.00    0.00    0.00    0.00   84.56
17시 08분 36초    0    1.00    0.00    3.00    2.00    1.00    0.00    0.00    0.00    0.00   93.00
17시 08분 36초    1    4.12    0.00    1.03    0.00    0.00    0.00    0.00    0.00    0.00   94.85
17시 08분 36초    2    1.01    0.00    2.02    0.00    0.00    0.00    0.00    0.00    0.00   96.97
17시 08분 36초    3   16.67    0.00    0.00    0.00    0.98    0.00    0.00    0.00    0.00   82.35
17시 08분 36초    4    9.28    0.00    4.12    0.00    0.00    0.00    0.00    0.00    0.00   86.60
17시 08분 36초    5   30.69    0.00   13.86    0.99    0.00    0.00    0.00    0.00    0.00   54.46

17시 08분 35초  CPU    intr/s
17시 08분 36초  all   5759.00
17시 08분 36초    0    601.00
17시 08분 36초    1    133.00
17시 08분 36초    2    117.00
17시 08분 36초    3    125.00
17시 08분 36초    4    145.00
17시 08분 36초    5    163.00

17시 08분 35초  CPU        9/s       11/s       12/s       13/s       18/s       20/s       21/s       22/s       23/s       24/s       25/s       26/s       27/s       28/s       29/s       30/s       31/s       32/s       33/s       34/s       35/s       36/s       37/s       38/s       39/s       40/s       41/s       42/s       43/s       44/s       45/s       46/s       47/s       48/s       49/s       50/s       51/s       52/s       53/s       54/s       55/s       57/s       59/s       61/s       65/s       66/s       67/s       68/s       69/s       70/s       71/s       72/s       73/s       74/s       75/s       76/s       77/s       79/s       80/s       81/s       82/s       83/s       84/s       85/s       86/s       87/s       88/s       89/s       90/s       91/s       92/s       93/s       94/s       95/s       96/s       97/s       98/s      112/s      113/s      114/s      115/s      116/s      117/s      118/s      119/s      120/s      121/s      122/s      123/s      124/s      125/s      126/s      127/s      128/s      129/s      130/s      131/s      132/s      133/s      134/s      135/s      136/s      137/s      138/s      150/s      154/s      162/s      167/s      171/s      224/s      228/s      229/s      230/s      231/s      232/s      233/s      234/s      235/s      236/s      237/s      245/s      246/s      247/s      249/s      250/s      252/s      253/s      262/s      263/s      294/s      296/s      297/s      298/s      299/s      301/s      302/s     IPI0/s     IPI1/s     IPI2/s     IPI3/s     IPI4/s     IPI5/s     IPI6/s      Err/s
17시 08분 36초    0       0.00       0.00       0.00     568.00       0.00       0.00       0.00       0.00       0.00       0.00       0.00       0.00       0.00       0.00       0.00       0.00       0.00       0.00       0.00       0.00       0.00       0.00       0.00       0.00       0.00       0.00       0.00       0.00       0.00       0.00       0.00       0.00       0.00       0.00       0.00       0.00       0.00       0.00       0.00       0.00       0.00       0.00       0.00       0.00       0.00       0.00     134.00       0.00       0.00       0.00       0.00       0.00       0.00       0.00       0.00       0.00       0.00       0.00       0.00       0.00       0.00       0.00       0.00       0.00       0.00       0.00       0.00       0.00       0.00       0.00       0.00       0.00       0.00       0.00       0.00       0.00       0.00      81.00       0.00       2.00       0.00       0.00       0.00       0.00       0.00       0.00       0.00       0.00       0.00       0.00       0.00       0.00       0.00      62.00       0.00       0.00       0.00       0.00       0.00       0.00       0.00       0.00       0.00       0.00       0.00     309.00       0.00       0.00       0.00       0.00       0.00       0.00       0.00       0.00       0.00       0.00       0.00       0.00       0.00       0.00       0.00       0.00       0.00       0.00       0.00       0.00       0.00       0.00       0.00       0.00       0.00       0.00       0.00       0.00     407.00       0.00     185.00      92.00       0.00       0.00       0.00      68.00       0.00       0.00
17시 08분 36초    1       0.00       0.00       0.00    1101.00       0.00       0.00       0.00       0.00       0.00       0.00       0.00       0.00       0.00       0.00       0.00       0.00       0.00       0.00       0.00       0.00       0.00       0.00       0.00       0.00       0.00       0.00       0.00       0.00       0.00       0.00       0.00       0.00       0.00       0.00       0.00       0.00       0.00       0.00       0.00       0.00       0.00       0.00       0.00       0.00       0.00       0.00       0.00       0.00       0.00       0.00       0.00       0.00       0.00       0.00       0.00       0.00       0.00       0.00       0.00       0.00       0.00       0.00       0.00       0.00       0.00       0.00       0.00       0.00       0.00       0.00       0.00       0.00       0.00       0.00       0.00       0.00       0.00       0.00       0.00       0.00       0.00       0.00       0.00       0.00       0.00       0.00       0.00       0.00       0.00       0.00       0.00       0.00       0.00       0.00       0.00       0.00       0.00       0.00       0.00       0.00       0.00       0.00       0.00       0.00       0.00       0.00       0.00       0.00       0.00       0.00       0.00       0.00       0.00       0.00       0.00       0.00       0.00       0.00       0.00       0.00       0.00       0.00       0.00       0.00       0.00       0.00       0.00       0.00       0.00       0.00       0.00       0.00       0.00       0.00       0.00       0.00     179.00      23.00       0.00       0.00       0.00      22.00       0.00       0.00
17시 08분 36초    2       0.00       0.00       0.00     185.00       0.00       0.00       0.00       0.00       0.00       0.00       0.00       0.00       0.00       0.00       0.00       0.00       0.00       0.00       0.00       0.00       0.00       0.00       0.00       0.00       0.00       0.00       0.00       0.00       0.00       0.00       0.00       0.00       0.00       0.00       0.00       0.00       0.00       0.00       0.00       0.00       0.00       0.00       0.00       0.00       0.00       0.00       0.00       0.00       0.00       0.00       0.00       0.00       0.00       0.00       0.00       0.00       0.00       0.00       0.00       0.00       0.00       0.00       0.00       0.00       0.00       0.00       0.00       0.00       0.00       0.00       0.00       0.00       0.00       0.00       0.00       0.00       0.00       0.00       0.00       0.00       0.00       0.00       0.00       0.00       0.00       0.00       0.00       0.00       0.00       0.00       0.00       0.00       0.00       0.00       0.00       0.00       0.00       0.00       0.00       0.00       0.00       0.00       0.00       0.00       0.00       0.00       0.00       0.00       0.00       0.00       0.00       0.00       0.00       0.00       0.00       0.00       0.00       0.00       0.00       0.00       0.00       0.00       0.00       0.00       0.00       0.00       0.00       0.00       0.00       0.00       0.00       0.00       0.00       0.00       0.00       0.00     136.00       8.00       0.00       0.00       0.00      13.00       0.00       0.00
17시 08분 36초    3       0.00       0.00       0.00     532.00       0.00       0.00       0.00       0.00       0.00       0.00       0.00       0.00       0.00       0.00       0.00       0.00       0.00       0.00       0.00       0.00       0.00       0.00       0.00       0.00       0.00       0.00       0.00       0.00       0.00       0.00       0.00       0.00       0.00       0.00       0.00       0.00       0.00       0.00       0.00       0.00       0.00       0.00       0.00       0.00       0.00       0.00       0.00       0.00       0.00       0.00       0.00       0.00       0.00       0.00       0.00       0.00       0.00       0.00       0.00       0.00       0.00       0.00       0.00       0.00       0.00       0.00       0.00       0.00       0.00       0.00       0.00       0.00       0.00       0.00       0.00       0.00       0.00       0.00       0.00       0.00       0.00       0.00       0.00       0.00       0.00       0.00       0.00       0.00       0.00       0.00       0.00       0.00       0.00       0.00       0.00       0.00       0.00       0.00       0.00       0.00       0.00       0.00       0.00       0.00       0.00       0.00       0.00       0.00       0.00       0.00       0.00       0.00       0.00       0.00       0.00       0.00       0.00       0.00       0.00       0.00       0.00       0.00       0.00       0.00       0.00       0.00       0.00       0.00       0.00       0.00       0.00       0.00       0.00       0.00       0.00       0.00     135.00       2.00       0.00       0.00       0.00      32.00       0.00       0.00
17시 08분 36초    4       0.00       0.00       0.00     390.00       0.00       0.00       0.00       0.00       0.00       0.00       0.00       0.00       0.00       0.00       0.00       0.00       0.00       0.00       0.00       0.00       0.00       0.00       0.00       0.00       0.00       0.00       0.00       0.00       0.00       0.00       0.00       0.00       0.00       0.00       0.00       0.00       0.00       0.00       0.00       0.00       0.00       0.00       0.00       0.00       0.00       0.00       0.00       0.00       0.00       0.00       0.00       0.00       0.00       0.00       0.00       0.00       0.00       0.00       0.00       0.00       0.00       0.00       0.00       0.00       0.00       0.00       0.00       0.00       0.00       0.00       0.00       0.00       0.00       0.00       0.00       0.00       0.00       0.00       0.00       0.00       0.00       0.00       0.00       0.00       0.00       0.00       0.00       0.00       0.00       0.00       0.00       0.00       0.00       0.00       0.00       0.00       0.00       0.00       0.00       0.00       0.00       0.00       0.00       0.00       0.00       0.00       0.00       0.00       0.00       0.00       0.00       0.00       0.00       0.00       0.00       0.00       0.00       0.00       0.00       0.00       0.00       0.00       0.00       0.00       0.00       0.00       0.00       0.00       0.00       0.00       0.00       0.00       0.00       0.00       0.00       0.00     373.00       7.00       0.00       0.00       0.00      57.00       0.00       0.00
17시 08분 36초    5       0.00       0.00       0.00     246.00       0.00       0.00       0.00       0.00       0.00       0.00       0.00       0.00       0.00       0.00       0.00       0.00       0.00       0.00       0.00       0.00       0.00       0.00       0.00       0.00       0.00       0.00       0.00       0.00       0.00       0.00       0.00       0.00       0.00       0.00       0.00       0.00       0.00       0.00       0.00       0.00       0.00       0.00       0.00       0.00       0.00       0.00       0.00       0.00       0.00       0.00       0.00       0.00       0.00       0.00       0.00       0.00       0.00       0.00       0.00       0.00       0.00       0.00       0.00       0.00       0.00       0.00       0.00       0.00       0.00       0.00       0.00       0.00       0.00       0.00       0.00       0.00       0.00       0.00       0.00       0.00       0.00       0.00       0.00       0.00       0.00       0.00       0.00       0.00       0.00       0.00       0.00       0.00       0.00       0.00       0.00       0.00       0.00       0.00       0.00       0.00       0.00       0.00       0.00       0.00       0.00       0.00       0.00       0.00       0.00       0.00       0.00       0.00       0.00       0.00       0.00       0.00       0.00       0.00       0.00       0.00       0.00       0.00       0.00       0.00       0.00       0.00       0.00       0.00       0.00       0.00       0.00       0.00       0.00       0.00       0.00       0.00     315.00       2.00       0.00       0.00       0.00      92.00       0.00       0.00

17시 08분 35초  CPU       HI/s    TIMER/s   NET_TX/s   NET_RX/s    BLOCK/s IRQ_POLL/s  TASKLET/s    SCHED/s  HRTIMER/s      RCU/s
17시 08분 36초    0       0.00      31.00      17.00     374.00       2.00       0.00       0.00     129.00       0.00      48.00
17시 08분 36초    1       0.00      30.00       0.00       0.00       0.00       0.00       0.00      65.00       0.00      38.00
17시 08분 36초    2       0.00       3.00       0.00       0.00       0.00       0.00       0.00      58.00       0.00      56.00
17시 08분 36초    3       0.00      24.00       0.00       0.00       0.00       0.00       0.00      62.00       0.00      39.00
17시 08분 36초    4       0.00       9.00       0.00       0.00       0.00       0.00       0.00      70.00       0.00      66.00
17시 08분 36초    5       0.00       8.00       0.00       0.00       0.00       0.00       0.00      98.00       0.00      57.00

17시 08분 36초  CPU    %usr   %nice    %sys %iowait    %irq   %soft  %steal  %guest  %gnice   %idle
17시 08분 37초  all   10.30    0.00    1.52    0.00    0.34    0.34    0.00    0.00    0.00   87.50
17시 08분 37초    0    1.98    0.00    1.98    0.00    0.99    0.99    0.00    0.00    0.00   94.06
17시 08분 37초    1    3.00    0.00    1.00    0.00    0.00    0.00    0.00    0.00    0.00   96.00
17시 08분 37초    2   17.17    0.00    2.02    0.00    0.00    0.00    0.00    0.00    0.00   80.81
17시 08분 37초    3    7.29    0.00    0.00    0.00    0.00    0.00    0.00    0.00    0.00   92.71
17시 08분 37초    4    3.06    0.00    4.08    0.00    0.00    0.00    0.00    0.00    0.00   92.86
17시 08분 37초    5   29.59    0.00    0.00    0.00    1.02    1.02    0.00    0.00    0.00   68.37

17시 08분 36초  CPU    intr/s
17시 08분 37초  all   5299.00
17시 08분 37초    0    564.00
17시 08분 37초    1    129.00
17시 08분 37초    2     91.00
17시 08분 37초    3    124.00
17시 08분 37초    4    137.00
17시 08분 37초    5    132.00

17시 08분 36초  CPU        9/s       11/s       12/s       13/s       18/s       20/s       21/s       22/s       23/s       24/s       25/s       26/s       27/s       28/s       29/s       30/s       31/s       32/s       33/s       34/s       35/s       36/s       37/s       38/s       39/s       40/s       41/s       42/s       43/s       44/s       45/s       46/s       47/s       48/s       49/s       50/s       51/s       52/s       53/s       54/s       55/s       57/s       59/s       61/s       65/s       66/s       67/s       68/s       69/s       70/s       71/s       72/s       73/s       74/s       75/s       76/s       77/s       79/s       80/s       81/s       82/s       83/s       84/s       85/s       86/s       87/s       88/s       89/s       90/s       91/s       92/s       93/s       94/s       95/s       96/s       97/s       98/s      112/s      113/s      114/s      115/s      116/s      117/s      118/s      119/s      120/s      121/s      122/s      123/s      124/s      125/s      126/s      127/s      128/s      129/s      130/s      131/s      132/s      133/s      134/s      135/s      136/s      137/s      138/s      150/s      154/s      162/s      167/s      171/s      224/s      228/s      229/s      230/s      231/s      232/s      233/s      234/s      235/s      236/s      237/s      245/s      246/s      247/s      249/s      250/s      252/s      253/s      262/s      263/s      294/s      296/s      297/s      298/s      299/s      301/s      302/s     IPI0/s     IPI1/s     IPI2/s     IPI3/s     IPI4/s     IPI5/s     IPI6/s      Err/s
17시 08분 37초    0       0.00       0.00       0.00     263.00       0.00       0.00       0.00       0.00       0.00       0.00       0.00       0.00       0.00       0.00       0.00       0.00       0.00       0.00       0.00       0.00       0.00       0.00       0.00       0.00       0.00       0.00       0.00       0.00       0.00       0.00       0.00       0.00       0.00       0.00       0.00       0.00       0.00       0.00       0.00       0.00       0.00       0.00       0.00       0.00       0.00       0.00       0.00       0.00       0.00       0.00       0.00       0.00       0.00       0.00       0.00       0.00       0.00       0.00       0.00       0.00       0.00       0.00       0.00       0.00       0.00       0.00       0.00       0.00       0.00       0.00       0.00       0.00       0.00       0.00       0.00       0.00       0.00       2.00       0.00       1.00       0.00       0.00       0.00       0.00       0.00       0.00       0.00       0.00       0.00       0.00       0.00       0.00       0.00      67.00       0.00       0.00       0.00       0.00       0.00       0.00       0.00       0.00       0.00       0.00       0.00     265.00       0.00       0.00       0.00       1.00       0.00       0.00       0.00       0.00       0.00       0.00       0.00       0.00       0.00       0.00       0.00       0.00       0.00       0.00       0.00       0.00       0.00       0.00       0.00       0.00       0.00       0.00       0.00       0.00     406.00       0.00     227.00      53.00       0.00       0.00       0.00      58.00       0.00       0.00
17시 08분 37초    1       0.00       0.00       0.00     547.00       0.00       0.00       0.00       0.00       0.00       0.00       0.00       0.00       0.00       0.00       0.00       0.00       0.00       0.00       0.00       0.00       0.00       0.00       0.00       0.00       0.00       0.00       0.00       0.00       0.00       0.00       0.00       0.00       0.00       0.00       0.00       0.00       0.00       0.00       0.00       0.00       0.00       0.00       0.00       0.00       0.00       0.00       0.00       0.00       0.00       0.00       0.00       0.00       0.00       0.00       0.00       0.00       0.00       0.00       0.00       0.00       0.00       0.00       0.00       0.00       0.00       0.00       0.00       0.00       0.00       0.00       0.00       0.00       0.00       0.00       0.00       0.00       0.00       0.00       0.00       0.00       0.00       0.00       0.00       0.00       0.00       0.00       0.00       0.00       0.00       0.00       0.00       0.00       0.00       0.00       0.00       0.00       0.00       0.00       0.00       0.00       0.00       0.00       0.00       0.00       0.00       0.00       0.00       0.00       0.00       0.00       0.00       0.00       0.00       0.00       0.00       0.00       0.00       0.00       0.00       0.00       0.00       0.00       0.00       0.00       0.00       0.00       0.00       0.00       0.00       0.00       0.00       0.00       0.00       0.00       0.00       0.00     130.00      29.00       0.00       0.00       0.00      26.00       0.00       0.00
17시 08분 37초    2       0.00       0.00       0.00     269.00       0.00       0.00       0.00       0.00       0.00       0.00       0.00       0.00       0.00       0.00       0.00       0.00       0.00       0.00       0.00       0.00       0.00       0.00       0.00       0.00       0.00       0.00       0.00       0.00       0.00       0.00       0.00       0.00       0.00       0.00       0.00       0.00       0.00       0.00       0.00       0.00       0.00       0.00       0.00       0.00       0.00       0.00       0.00       0.00       0.00       0.00       0.00       0.00       0.00       0.00       0.00       0.00       0.00       0.00       0.00       0.00       0.00       0.00       0.00       0.00       0.00       0.00       0.00       0.00       0.00       0.00       0.00       0.00       0.00       0.00       0.00       0.00       0.00       0.00       0.00       0.00       0.00       0.00       0.00       0.00       0.00       0.00       0.00       0.00       0.00       0.00       0.00       0.00       0.00       0.00       0.00       0.00       0.00       0.00       0.00       0.00       0.00       0.00       0.00       0.00       0.00       0.00       0.00       0.00       0.00       0.00       0.00       0.00       0.00       0.00       0.00       0.00       0.00       0.00       0.00       0.00       0.00       0.00       0.00       0.00       0.00       0.00       0.00       0.00       0.00       0.00       0.00       0.00       0.00       0.00       0.00       0.00     120.00       2.00       0.00       0.00       0.00      39.00       0.00       0.00
17시 08분 37초    3       0.00       0.00       0.00    1134.00       0.00       0.00       0.00       0.00       0.00       0.00       0.00       0.00       0.00       0.00       0.00       0.00       0.00       0.00       0.00       0.00       0.00       0.00       0.00       0.00       0.00       0.00       0.00       0.00       0.00       0.00       0.00       0.00       0.00       0.00       0.00       0.00       0.00       0.00       0.00       0.00       0.00       0.00       0.00       0.00       0.00       0.00       0.00       0.00       0.00       0.00       0.00       0.00       0.00       0.00       0.00       0.00       0.00       0.00       0.00       0.00       0.00       0.00       0.00       0.00       0.00       0.00       0.00       0.00       0.00       0.00       0.00       0.00       0.00       0.00       0.00       0.00       0.00       0.00       0.00       0.00       0.00       0.00       0.00       0.00       0.00       0.00       0.00       0.00       0.00       0.00       0.00       0.00       0.00       0.00       0.00       0.00       0.00       0.00       0.00       0.00       0.00       0.00       0.00       0.00       0.00       0.00       0.00       0.00       0.00       0.00       0.00       0.00       0.00       0.00       0.00       0.00       0.00       0.00       0.00       0.00       0.00       0.00       0.00       0.00       0.00       0.00       0.00       0.00       0.00       0.00       0.00       0.00       0.00       0.00       0.00       0.00     172.00       9.00       0.00       0.00       0.00      22.00       0.00       0.00
17시 08분 37초    4       0.00       0.00       0.00     376.00       0.00       0.00       0.00       0.00       0.00       0.00       0.00       0.00       0.00       0.00       0.00       0.00       0.00       0.00       0.00       0.00       0.00       0.00       0.00       0.00       0.00       0.00       0.00       0.00       0.00       0.00       0.00       0.00       0.00       0.00       0.00       0.00       0.00       0.00       0.00       0.00       0.00       0.00       0.00       0.00       0.00       0.00       0.00       0.00       0.00       0.00       0.00       0.00       0.00       0.00       0.00       0.00       0.00       0.00       0.00       0.00       0.00       0.00       0.00       0.00       0.00       0.00       0.00       0.00       0.00       0.00       0.00       0.00       0.00       0.00       0.00       0.00       0.00       0.00       0.00       0.00       0.00       0.00       0.00       0.00       0.00       0.00       0.00       0.00       0.00       0.00       0.00       0.00       0.00       0.00       0.00       0.00       0.00       0.00       0.00       0.00       0.00       0.00       0.00       0.00       0.00       0.00       0.00       0.00       0.00       0.00       0.00       0.00       0.00       0.00       0.00       0.00       0.00       0.00       0.00       0.00       0.00       0.00       0.00       0.00       0.00       0.00       0.00       0.00       0.00       0.00       0.00       0.00       0.00       0.00       0.00       0.00     298.00       2.00       0.00       0.00       0.00      16.00       0.00       0.00
17시 08분 37초    5       0.00       0.00       0.00     527.00       0.00       0.00       0.00       0.00       0.00       0.00       0.00       0.00       0.00       0.00       0.00       0.00       0.00       0.00       0.00       0.00       0.00       0.00       0.00       0.00       0.00       0.00       0.00       0.00       0.00       0.00       0.00       0.00       0.00       0.00       0.00       0.00       0.00       0.00       0.00       0.00       0.00       0.00       0.00       0.00       0.00       0.00       0.00       0.00       0.00       0.00       0.00       0.00       0.00       0.00       0.00       0.00       0.00       0.00       0.00       0.00       0.00       0.00       0.00       0.00       0.00       0.00       0.00       0.00       0.00       0.00       0.00       0.00       0.00       0.00       0.00       0.00       0.00       0.00       0.00       0.00       0.00       0.00       0.00       0.00       0.00       0.00       0.00       0.00       0.00       0.00       0.00       0.00       0.00       0.00       0.00       0.00       0.00       0.00       0.00       0.00       0.00       0.00       0.00       0.00       0.00       0.00       0.00       0.00       0.00       0.00       0.00       0.00       0.00       0.00       0.00       0.00       0.00       0.00       0.00       0.00       0.00       0.00       0.00       0.00       0.00       0.00       0.00       0.00       0.00       0.00       0.00       0.00       0.00       0.00       0.00       0.00     148.00       0.00       0.00       0.00       0.00      89.00       0.00       0.00

17시 08분 36초  CPU       HI/s    TIMER/s   NET_TX/s   NET_RX/s    BLOCK/s IRQ_POLL/s  TASKLET/s    SCHED/s  HRTIMER/s      RCU/s
17시 08분 37초    0       0.00      20.00      17.00     374.00       0.00       0.00       0.00     102.00       0.00      51.00
17시 08분 37초    1       0.00      32.00       0.00       0.00       0.00       0.00       0.00      63.00       0.00      34.00
17시 08분 37초    2       0.00       0.00       0.00       0.00       0.00       0.00       0.00      35.00       0.00      56.00
17시 08분 37초    3       0.00      37.00       0.00       0.00       0.00       0.00       0.00      51.00       0.00      36.00
17시 08분 37초    4       0.00      20.00       0.00       0.00       0.00       0.00       0.00      60.00       0.00      57.00
17시 08분 37초    5       0.00       6.00       0.00       0.00       0.00       0.00       0.00      76.00       0.00      50.00

17시 08분 37초  CPU    %usr   %nice    %sys %iowait    %irq   %soft  %steal  %guest  %gnice   %idle
17시 08분 38초  all   11.63    0.00    2.16    0.00    0.33    0.00    0.00    0.00    0.00   85.88
17시 08분 38초    0    5.05    0.00    3.03    0.00    0.00    0.00    0.00    0.00    0.00   91.92
17시 08분 38초    1    1.00    0.00    1.00    0.00    1.00    0.00    0.00    0.00    0.00   97.00
17시 08분 38초    2   14.14    0.00    0.00    0.00    0.00    0.00    0.00    0.00    0.00   85.86
17시 08분 38초    3   16.83    0.00    1.98    0.00    0.00    0.00    0.00    0.00    0.00   81.19
17시 08분 38초    4   12.87    0.00    3.96    0.00    0.99    0.00    0.00    0.00    0.00   82.18
17시 08분 38초    5   19.61    0.00    2.94    0.00    0.00    0.00    0.00    0.00    0.00   77.45

17시 08분 37초  CPU    intr/s
17시 08분 38초  all   4209.00
17시 08분 38초    0    569.00
17시 08분 38초    1    133.00
17시 08분 38초    2     70.00
17시 08분 38초    3    120.00
17시 08분 38초    4    149.00
17시 08분 38초    5    135.00

17시 08분 37초  CPU        9/s       11/s       12/s       13/s       18/s       20/s       21/s       22/s       23/s       24/s       25/s       26/s       27/s       28/s       29/s       30/s       31/s       32/s       33/s       34/s       35/s       36/s       37/s       38/s       39/s       40/s       41/s       42/s       43/s       44/s       45/s       46/s       47/s       48/s       49/s       50/s       51/s       52/s       53/s       54/s       55/s       57/s       59/s       61/s       65/s       66/s       67/s       68/s       69/s       70/s       71/s       72/s       73/s       74/s       75/s       76/s       77/s       79/s       80/s       81/s       82/s       83/s       84/s       85/s       86/s       87/s       88/s       89/s       90/s       91/s       92/s       93/s       94/s       95/s       96/s       97/s       98/s      112/s      113/s      114/s      115/s      116/s      117/s      118/s      119/s      120/s      121/s      122/s      123/s      124/s      125/s      126/s      127/s      128/s      129/s      130/s      131/s      132/s      133/s      134/s      135/s      136/s      137/s      138/s      150/s      154/s      162/s      167/s      171/s      224/s      228/s      229/s      230/s      231/s      232/s      233/s      234/s      235/s      236/s      237/s      245/s      246/s      247/s      249/s      250/s      252/s      253/s      262/s      263/s      294/s      296/s      297/s      298/s      299/s      301/s      302/s     IPI0/s     IPI1/s     IPI2/s     IPI3/s     IPI4/s     IPI5/s     IPI6/s      Err/s
17시 08분 38초    0       0.00       0.00       0.00     372.00       0.00       0.00       0.00       0.00       0.00       0.00       0.00       0.00       0.00       0.00       0.00       0.00       0.00       0.00       0.00       0.00       0.00       0.00       0.00       0.00       0.00       0.00       0.00       0.00       0.00       0.00       0.00       0.00       0.00       0.00       0.00       0.00       0.00       0.00       0.00       0.00       0.00       0.00       0.00       0.00       0.00       0.00       0.00       0.00       0.00       0.00       0.00       0.00       0.00       0.00       0.00       0.00       0.00       0.00       0.00       0.00       0.00       0.00       0.00       0.00       0.00       0.00       0.00       0.00       0.00       0.00       0.00       0.00       0.00       0.00       0.00       0.00       0.00       0.00       0.00       1.00       0.00       0.00       0.00       0.00       0.00       0.00       0.00       0.00       0.00       0.00       0.00       0.00       0.00      86.00       0.00       0.00       0.00       0.00       0.00       0.00       0.00       0.00       0.00       0.00       0.00     225.00       0.00       0.00       0.00       0.00       0.00       0.00       0.00       0.00       0.00       0.00       0.00       0.00       0.00       0.00       0.00       0.00       0.00       0.00       0.00       0.00       0.00       0.00       0.00       0.00       0.00       0.00       0.00       0.00     416.00       0.00     201.00      45.00       0.00       0.00       0.00      74.00       0.00       0.00
17시 08분 38초    1       0.00       0.00       0.00     432.00       0.00       0.00       0.00       0.00       0.00       0.00       0.00       0.00       0.00       0.00       0.00       0.00       0.00       0.00       0.00       0.00       0.00       0.00       0.00       0.00       0.00       0.00       0.00       0.00       0.00       0.00       0.00       0.00       0.00       0.00       0.00       0.00       0.00       0.00       0.00       0.00       0.00       0.00       0.00       0.00       0.00       0.00       0.00       0.00       0.00       0.00       0.00       0.00       0.00       0.00       0.00       0.00       0.00       0.00       0.00       0.00       0.00       0.00       0.00       0.00       0.00       0.00       0.00       0.00       0.00       0.00       0.00       0.00       0.00       0.00       0.00       0.00       0.00       0.00       0.00       0.00       0.00       0.00       0.00       0.00       0.00       0.00       0.00       0.00       0.00       0.00       0.00       0.00       0.00       0.00       0.00       0.00       0.00       0.00       0.00       0.00       0.00       0.00       0.00       0.00       0.00       0.00       0.00       0.00       0.00       0.00       0.00       0.00       0.00       0.00       0.00       0.00       0.00       0.00       0.00       0.00       0.00       0.00       0.00       0.00       0.00       0.00       0.00       0.00       0.00       0.00       0.00       0.00       0.00       0.00       0.00       0.00     197.00      35.00       0.00       0.00       0.00      24.00       0.00       0.00
17시 08분 38초    2       0.00       0.00       0.00     427.00       0.00       0.00       0.00       0.00       0.00       0.00       0.00       0.00       0.00       0.00       0.00       0.00       0.00       0.00       0.00       0.00       0.00       0.00       0.00       0.00       0.00       0.00       0.00       0.00       0.00       0.00       0.00       0.00       0.00       0.00       0.00       0.00       0.00       0.00       0.00       0.00       0.00       0.00       0.00       0.00       0.00       0.00       0.00       0.00       0.00       0.00       0.00       0.00       0.00       0.00       0.00       0.00       0.00       0.00       0.00       0.00       0.00       0.00       0.00       0.00       0.00       0.00       0.00       0.00       0.00       0.00       0.00       0.00       0.00       0.00       0.00       0.00       0.00       0.00       0.00       0.00       0.00       0.00       0.00       0.00       0.00       0.00       0.00       0.00       0.00       0.00       0.00       0.00       0.00       0.00       0.00       0.00       0.00       0.00       0.00       0.00       0.00       0.00       0.00       0.00       0.00       0.00       0.00       0.00       0.00       0.00       0.00       0.00       0.00       0.00       0.00       0.00       0.00       0.00       0.00       0.00       0.00       0.00       0.00       0.00       0.00       0.00       0.00       0.00       0.00       0.00       0.00       0.00       0.00       0.00       0.00       0.00      75.00       7.00       0.00       0.00       0.00      32.00       0.00       0.00
17시 08분 38초    3       0.00       0.00       0.00     374.00       0.00       0.00       0.00       0.00       0.00       0.00       0.00       0.00       0.00       0.00       0.00       0.00       0.00       0.00       0.00       0.00       0.00       0.00       0.00       0.00       0.00       0.00       0.00       0.00       0.00       0.00       0.00       0.00       0.00       0.00       0.00       0.00       0.00       0.00       0.00       0.00       0.00       0.00       0.00       0.00       0.00       0.00       0.00       0.00       0.00       0.00       0.00       0.00       0.00       0.00       0.00       0.00       0.00       0.00       0.00       0.00       0.00       0.00       0.00       0.00       0.00       0.00       0.00       0.00       0.00       0.00       0.00       0.00       0.00       0.00       0.00       0.00       0.00       0.00       0.00       0.00       0.00       0.00       0.00       0.00       0.00       0.00       0.00       0.00       0.00       0.00       0.00       0.00       0.00       0.00       0.00       0.00       0.00       0.00       0.00       0.00       0.00       0.00       0.00       0.00       0.00       0.00       0.00       0.00       0.00       0.00       0.00       0.00       0.00       0.00       0.00       0.00       0.00       0.00       0.00       0.00       0.00       0.00       0.00       0.00       0.00       0.00       0.00       0.00       0.00       0.00       0.00       0.00       0.00       0.00       0.00       0.00     121.00       1.00       0.00       0.00       0.00      44.00       0.00       0.00
17시 08분 38초    4       0.00       0.00       0.00     348.00       0.00       0.00       0.00       0.00       0.00       0.00       0.00       0.00       0.00       0.00       0.00       0.00       0.00       0.00       0.00       0.00       0.00       0.00       0.00       0.00       0.00       0.00       0.00       0.00       0.00       0.00       0.00       0.00       0.00       0.00       0.00       0.00       0.00       0.00       0.00       0.00       0.00       0.00       0.00       0.00       0.00       0.00       0.00       0.00       0.00       0.00       0.00       0.00       0.00       0.00       0.00       0.00       0.00       0.00       0.00       0.00       0.00       0.00       0.00       0.00       0.00       0.00       0.00       0.00       0.00       0.00       0.00       0.00       0.00       0.00       0.00       0.00       0.00       0.00       0.00       0.00       0.00       0.00       0.00       0.00       0.00       0.00       0.00       0.00       0.00       0.00       0.00       0.00       0.00       0.00       0.00       0.00       0.00       0.00       0.00       0.00       0.00       0.00       0.00       0.00       0.00       0.00       0.00       0.00       0.00       0.00       0.00       0.00       0.00       0.00       0.00       0.00       0.00       0.00       0.00       0.00       0.00       0.00       0.00       0.00       0.00       0.00       0.00       0.00       0.00       0.00       0.00       0.00       0.00       0.00       0.00       0.00     164.00       2.00       0.00       0.00       0.00      26.00       0.00       0.00
17시 08분 38초    5       0.00       0.00       0.00     267.00       0.00       0.00       0.00       0.00       0.00       0.00       0.00       0.00       0.00       0.00       0.00       0.00       0.00       0.00       0.00       0.00       0.00       0.00       0.00       0.00       0.00       0.00       0.00       0.00       0.00       0.00       0.00       0.00       0.00       0.00       0.00       0.00       0.00       0.00       0.00       0.00       0.00       0.00       0.00       0.00       0.00       0.00       0.00       0.00       0.00       0.00       0.00       0.00       0.00       0.00       0.00       0.00       0.00       0.00       0.00       0.00       0.00       0.00       0.00       0.00       0.00       0.00       0.00       0.00       0.00       0.00       0.00       0.00       0.00       0.00       0.00       0.00       0.00       0.00       0.00       0.00       0.00       0.00       0.00       0.00       0.00       0.00       0.00       0.00       0.00       0.00       0.00       0.00       0.00       0.00       0.00       0.00       0.00       0.00       0.00       0.00       0.00       0.00       0.00       0.00       0.00       0.00       0.00       0.00       0.00       0.00       0.00       0.00       0.00       0.00       0.00       0.00       0.00       0.00       0.00       0.00       0.00       0.00       0.00       0.00       0.00       0.00       0.00       0.00       0.00       0.00       0.00       0.00       0.00       0.00       0.00       0.00     189.00       2.00       0.00       0.00       0.00      22.00       0.00       0.00

17시 08분 37초  CPU       HI/s    TIMER/s   NET_TX/s   NET_RX/s    BLOCK/s IRQ_POLL/s  TASKLET/s    SCHED/s  HRTIMER/s      RCU/s
17시 08분 38초    0       0.00      26.00      19.00     382.00       0.00       0.00       0.00     100.00       0.00      42.00
17시 08분 38초    1       0.00      21.00       0.00       0.00       0.00       0.00       0.00      68.00       0.00      44.00
17시 08분 38초    2       0.00       1.00       0.00       0.00       0.00       0.00       0.00      34.00       0.00      35.00
17시 08분 38초    3       0.00       9.00       0.00       0.00       0.00       0.00       0.00      62.00       0.00      49.00
17시 08분 38초    4       0.00      24.00       0.00       0.00       0.00       0.00       0.00      61.00       0.00      64.00
17시 08분 38초    5       0.00      22.00       0.00       0.00       0.00       0.00       0.00      71.00       0.00      42.00

17시 08분 38초  CPU    %usr   %nice    %sys %iowait    %irq   %soft  %steal  %guest  %gnice   %idle
17시 08분 39초  all   11.67    0.00    1.50    0.00    0.33    0.00    0.00    0.00    0.00   86.50
17시 08분 39초    0    6.00    0.00    2.00    0.00    1.00    0.00    0.00    0.00    0.00   91.00
17시 08분 39초    1   10.10    0.00    1.01    0.00    0.00    0.00    0.00    0.00    0.00   88.89
17시 08분 39초    2   18.63    0.00    0.98    0.00    0.98    0.00    0.00    0.00    0.00   79.41
17시 08분 39초    3    2.02    0.00    1.01    0.00    0.00    0.00    0.00    0.00    0.00   96.97
17시 08분 39초    4    1.01    0.00    3.03    0.00    0.00    0.00    0.00    0.00    0.00   95.96
17시 08분 39초    5   31.68    0.00    0.99    0.00    0.00    0.00    0.00    0.00    0.00   67.33

17시 08분 38초  CPU    intr/s
17시 08분 39초  all   5633.00
17시 08분 39초    0    591.00
17시 08분 39초    1    156.00
17시 08분 39초    2     98.00
17시 08분 39초    3    110.00
17시 08분 39초    4    125.00
17시 08분 39초    5    116.00

17시 08분 38초  CPU        9/s       11/s       12/s       13/s       18/s       20/s       21/s       22/s       23/s       24/s       25/s       26/s       27/s       28/s       29/s       30/s       31/s       32/s       33/s       34/s       35/s       36/s       37/s       38/s       39/s       40/s       41/s       42/s       43/s       44/s       45/s       46/s       47/s       48/s       49/s       50/s       51/s       52/s       53/s       54/s       55/s       57/s       59/s       61/s       65/s       66/s       67/s       68/s       69/s       70/s       71/s       72/s       73/s       74/s       75/s       76/s       77/s       79/s       80/s       81/s       82/s       83/s       84/s       85/s       86/s       87/s       88/s       89/s       90/s       91/s       92/s       93/s       94/s       95/s       96/s       97/s       98/s      112/s      113/s      114/s      115/s      116/s      117/s      118/s      119/s      120/s      121/s      122/s      123/s      124/s      125/s      126/s      127/s      128/s      129/s      130/s      131/s      132/s      133/s      134/s      135/s      136/s      137/s      138/s      150/s      154/s      162/s      167/s      171/s      224/s      228/s      229/s      230/s      231/s      232/s      233/s      234/s      235/s      236/s      237/s      245/s      246/s      247/s      249/s      250/s      252/s      253/s      262/s      263/s      294/s      296/s      297/s      298/s      299/s      301/s      302/s     IPI0/s     IPI1/s     IPI2/s     IPI3/s     IPI4/s     IPI5/s     IPI6/s      Err/s
17시 08분 39초    0       0.00       0.00       0.00     304.00       0.00       0.00       0.00       0.00       0.00       0.00       0.00       0.00       0.00       0.00       0.00       0.00       0.00       0.00       0.00       0.00       0.00       0.00       0.00       0.00       0.00       0.00       0.00       0.00       0.00       0.00       0.00       0.00       0.00       0.00       0.00       0.00       0.00       0.00       0.00       0.00       0.00       0.00       0.00       0.00       0.00       0.00       0.00       0.00       0.00       0.00       0.00       0.00       0.00       0.00       0.00       0.00       0.00       0.00       0.00       0.00       0.00       0.00       0.00       0.00       0.00       0.00       0.00       0.00       0.00       0.00       0.00       0.00       0.00       0.00       0.00       0.00       0.00       0.00       0.00       0.00       0.00       0.00       0.00       0.00       0.00       0.00       0.00       0.00       0.00       0.00       0.00       0.00       0.00      72.00       0.00       0.00       0.00       0.00       0.00       0.00       0.00       0.00       0.00       0.00       0.00     257.00       0.00       0.00       0.00       0.00       0.00       0.00       0.00       0.00       0.00       0.00       0.00       0.00       0.00       0.00       0.00       0.00       0.00       0.00       0.00       0.00       0.00       0.00       0.00       0.00       0.00       0.00       0.00       0.00     420.00       0.00     198.00      61.00       0.00       0.00       0.00      63.00       0.00       0.00
17시 08분 39초    1       0.00       0.00       0.00     192.00       0.00       0.00       0.00       0.00       0.00       0.00       0.00       0.00       0.00       0.00       0.00       0.00       0.00       0.00       0.00       0.00       0.00       0.00       0.00       0.00       0.00       0.00       0.00       0.00       0.00       0.00       0.00       0.00       0.00       0.00       0.00       0.00       0.00       0.00       0.00       0.00       0.00       0.00       0.00       0.00       0.00       0.00       0.00       0.00       0.00       0.00       0.00       0.00       0.00       0.00       0.00       0.00       0.00       0.00       0.00       0.00       0.00       0.00       0.00       0.00       0.00       0.00       0.00       0.00       0.00       0.00       0.00       0.00       0.00       0.00       0.00       0.00       0.00       0.00       0.00       0.00       0.00       0.00       0.00       0.00       0.00       0.00       0.00       0.00       0.00       0.00       0.00       0.00       0.00       0.00       0.00       0.00       0.00       0.00       0.00       0.00       0.00       0.00       0.00       0.00       0.00       0.00       0.00       0.00       0.00       0.00       0.00       0.00       0.00       0.00       0.00       0.00       0.00       0.00       0.00       0.00       0.00       0.00       0.00       0.00       0.00       0.00       0.00       0.00       0.00       0.00       0.00       0.00       0.00       0.00       0.00       0.00     194.00      55.00       0.00       0.00       0.00      14.00       0.00       0.00
17시 08분 39초    2       0.00       0.00       0.00    1237.00       0.00       0.00       0.00       0.00       0.00       0.00       0.00       0.00       0.00       0.00       0.00       0.00       0.00       0.00       0.00       0.00       0.00       0.00       0.00       0.00       0.00       0.00       0.00       0.00       0.00       0.00       0.00       0.00       0.00       0.00       0.00       0.00       0.00       0.00       0.00       0.00       0.00       0.00       0.00       0.00       0.00       0.00       0.00       0.00       0.00       0.00       0.00       0.00       0.00       0.00       0.00       0.00       0.00       0.00       0.00       0.00       0.00       0.00       0.00       0.00       0.00       0.00       0.00       0.00       0.00       0.00       0.00       0.00       0.00       0.00       0.00       0.00       0.00       0.00       0.00       0.00       0.00       0.00       0.00       0.00       0.00       0.00       0.00       0.00       0.00       0.00       0.00       0.00       0.00       0.00       0.00       0.00       0.00       0.00       0.00       0.00       0.00       0.00       0.00       0.00       0.00       0.00       0.00       0.00       0.00       0.00       0.00       0.00       0.00       0.00       0.00       0.00       0.00       0.00       0.00       0.00       0.00       0.00       0.00       0.00       0.00       0.00       0.00       0.00       0.00       0.00       0.00       0.00       0.00       0.00       0.00       0.00     126.00       6.00       0.00       0.00       0.00      49.00       0.00       0.00
17시 08분 39초    3       0.00       0.00       0.00     961.00       0.00       0.00       0.00       0.00       0.00       0.00       0.00       0.00       0.00       0.00       0.00       0.00       0.00       0.00       0.00       0.00       0.00       0.00       0.00       0.00       0.00       0.00       0.00       0.00       0.00       0.00       0.00       0.00       0.00       0.00       0.00       0.00       0.00       0.00       0.00       0.00       0.00       0.00       0.00       0.00       0.00       0.00       0.00       0.00       0.00       0.00       0.00       0.00       0.00       0.00       0.00       0.00       0.00       0.00       0.00       0.00       0.00       0.00       0.00       0.00       0.00       0.00       0.00       0.00       0.00       0.00       0.00       0.00       0.00       0.00       0.00       0.00       0.00       0.00       0.00       0.00       0.00       0.00       0.00       0.00       0.00       0.00       0.00       0.00       0.00       0.00       0.00       0.00       0.00       0.00       0.00       0.00       0.00       0.00       0.00       0.00       0.00       0.00       0.00       0.00       0.00       0.00       0.00       0.00       0.00       0.00       0.00       0.00       0.00       0.00       0.00       0.00       0.00       0.00       0.00       0.00       0.00       0.00       0.00       0.00       0.00       0.00       0.00       0.00       0.00       0.00       0.00       0.00       0.00       0.00       0.00       0.00     126.00       4.00       0.00       0.00       0.00      24.00       0.00       0.00
17시 08분 39초    4       0.00       0.00       0.00     516.00       0.00       0.00       0.00       0.00       0.00       0.00       0.00       0.00       0.00       0.00       0.00       0.00       0.00       0.00       0.00       0.00       0.00       0.00       0.00       0.00       0.00       0.00       0.00       0.00       0.00       0.00       0.00       0.00       0.00       0.00       0.00       0.00       0.00       0.00       0.00       0.00       0.00       0.00       0.00       0.00       0.00       0.00       0.00       0.00       0.00       0.00       0.00       0.00       0.00       0.00       0.00       0.00       0.00       0.00       0.00       0.00       0.00       0.00       0.00       0.00       0.00       0.00       0.00       0.00       0.00       0.00       0.00       0.00       0.00       0.00       0.00       0.00       0.00       0.00       0.00       0.00       0.00       0.00       0.00       0.00       0.00       0.00       0.00       0.00       0.00       0.00       0.00       0.00       0.00       0.00       0.00       0.00       0.00       0.00       0.00       0.00       0.00       0.00       0.00       0.00       0.00       0.00       0.00       0.00       0.00       0.00       0.00       0.00       0.00       0.00       0.00       0.00       0.00       0.00       0.00       0.00       0.00       0.00       0.00       0.00       0.00       0.00       0.00       0.00       0.00       0.00       0.00       0.00       0.00       0.00       0.00       0.00     258.00       2.00       0.00       0.00       0.00      22.00       0.00       0.00
17시 08분 39초    5       0.00       0.00       0.00     232.00       0.00       0.00       0.00       0.00       0.00       0.00       0.00       0.00       0.00       0.00       0.00       0.00       0.00       0.00       0.00       0.00       0.00       0.00       0.00       0.00       0.00       0.00       0.00       0.00       0.00       0.00       0.00       0.00       0.00       0.00       0.00       0.00       0.00       0.00       0.00       0.00       0.00       0.00       0.00       0.00       0.00       0.00       0.00       0.00       0.00       0.00       0.00       0.00       0.00       0.00       0.00       0.00       0.00       0.00       0.00       0.00       0.00       0.00       0.00       0.00       0.00       0.00       0.00       0.00       0.00       0.00       0.00       0.00       0.00       0.00       0.00       0.00       0.00       0.00       0.00       0.00       0.00       0.00       0.00       0.00       0.00       0.00       0.00       0.00       0.00       0.00       0.00       0.00       0.00       0.00       0.00       0.00       0.00       0.00       0.00       0.00       0.00       0.00       0.00       0.00       0.00       0.00       0.00       0.00       0.00       0.00       0.00       0.00       0.00       0.00       0.00       0.00       0.00       0.00       0.00       0.00       0.00       0.00       0.00       0.00       0.00       0.00       0.00       0.00       0.00       0.00       0.00       0.00       0.00       0.00       0.00       0.00     153.00       7.00       0.00       0.00       0.00      80.00       0.00       0.00

17시 08분 38초  CPU       HI/s    TIMER/s   NET_TX/s   NET_RX/s    BLOCK/s IRQ_POLL/s  TASKLET/s    SCHED/s  HRTIMER/s      RCU/s
17시 08분 39초    0       0.00      34.00      16.00     385.00       0.00       0.00       0.00     109.00       0.00      47.00
17시 08분 39초    1       0.00      20.00       0.00       0.00       0.00       0.00       0.00      95.00       0.00      41.00
17시 08분 39초    2       0.00       9.00       0.00       0.00       0.00       0.00       0.00      43.00       0.00      46.00
17시 08분 39초    3       0.00      19.00       0.00       0.00       0.00       0.00       0.00      51.00       0.00      40.00
17시 08분 39초    4       0.00      17.00       0.00       0.00       0.00       0.00       0.00      61.00       0.00      47.00
17시 08분 39초    5       0.00      15.00       0.00       0.00       0.00       0.00       0.00      55.00       0.00      46.00

17시 08분 39초  CPU    %usr   %nice    %sys %iowait    %irq   %soft  %steal  %guest  %gnice   %idle
17시 08분 40초  all   12.27    0.00    2.69    0.00    0.50    0.17    0.00    0.00    0.00   84.37
17시 08분 40초    0   14.85    0.00    3.96    0.00    0.99    0.99    0.00    0.00    0.00   79.21
17시 08분 40초    1    6.06    0.00    0.00    0.00    0.00    0.00    0.00    0.00    0.00   93.94
17시 08분 40초    2   10.42    0.00    2.08    0.00    0.00    0.00    0.00    0.00    0.00   87.50
17시 08분 40초    3    2.00    0.00    5.00    0.00    1.00    0.00    0.00    0.00    0.00   92.00
17시 08분 40초    4    7.00    0.00    3.00    0.00    0.00    0.00    0.00    0.00    0.00   90.00
17시 08분 40초    5   33.33    0.00    2.02    0.00    1.01    0.00    0.00    0.00    0.00   63.64

17시 08분 39초  CPU    intr/s
17시 08분 40초  all   5614.00
17시 08분 40초    0    608.00
17시 08분 40초    1    257.00
17시 08분 40초    2    151.00
17시 08분 40초    3    137.00
17시 08분 40초    4    150.00
17시 08분 40초    5    163.00

17시 08분 39초  CPU        9/s       11/s       12/s       13/s       18/s       20/s       21/s       22/s       23/s       24/s       25/s       26/s       27/s       28/s       29/s       30/s       31/s       32/s       33/s       34/s       35/s       36/s       37/s       38/s       39/s       40/s       41/s       42/s       43/s       44/s       45/s       46/s       47/s       48/s       49/s       50/s       51/s       52/s       53/s       54/s       55/s       57/s       59/s       61/s       65/s       66/s       67/s       68/s       69/s       70/s       71/s       72/s       73/s       74/s       75/s       76/s       77/s       79/s       80/s       81/s       82/s       83/s       84/s       85/s       86/s       87/s       88/s       89/s       90/s       91/s       92/s       93/s       94/s       95/s       96/s       97/s       98/s      112/s      113/s      114/s      115/s      116/s      117/s      118/s      119/s      120/s      121/s      122/s      123/s      124/s      125/s      126/s      127/s      128/s      129/s      130/s      131/s      132/s      133/s      134/s      135/s      136/s      137/s      138/s      150/s      154/s      162/s      167/s      171/s      224/s      228/s      229/s      230/s      231/s      232/s      233/s      234/s      235/s      236/s      237/s      245/s      246/s      247/s      249/s      250/s      252/s      253/s      262/s      263/s      294/s      296/s      297/s      298/s      299/s      301/s      302/s     IPI0/s     IPI1/s     IPI2/s     IPI3/s     IPI4/s     IPI5/s     IPI6/s      Err/s
17시 08분 40초    0       0.00       0.00       0.00     220.00       0.00       0.00       0.00       0.00       0.00       0.00       0.00       0.00       0.00       0.00       0.00       0.00       0.00       0.00       0.00       0.00       0.00       0.00       0.00       0.00       0.00       0.00       0.00       0.00       0.00       0.00       0.00       0.00       0.00       0.00       0.00       0.00       0.00       0.00       0.00       0.00       0.00       0.00       0.00       0.00       0.00       0.00       0.00       0.00       0.00       0.00       0.00       0.00       0.00       0.00       0.00       0.00       0.00       0.00       0.00       0.00       0.00       0.00       0.00       0.00       0.00       0.00       0.00       0.00       0.00       0.00       0.00       0.00       0.00       0.00       0.00       0.00       0.00       0.00       0.00       0.00       0.00       0.00       0.00       0.00       0.00       0.00       0.00       0.00       0.00       0.00       0.00       0.00       0.00      73.00       0.00       0.00       0.00       0.00       0.00       0.00       0.00       0.00       0.00       0.00       0.00     243.00       0.00       0.00       0.00       0.00       0.00       0.00       0.00       0.00       0.00       0.00       0.00       0.00       0.00       0.00       0.00       0.00       0.00       0.00       0.00       0.00       0.00       0.00       0.00       0.00       0.00       0.00       0.00       0.00     425.00       0.00     293.00      53.00       0.00       0.00       0.00      77.00       0.00       0.00
17시 08분 40초    1       0.00       0.00       0.00     255.00       0.00       0.00       0.00       0.00       0.00       0.00       0.00       0.00       0.00       0.00       0.00       0.00       0.00       0.00       0.00       0.00       0.00       0.00       0.00       0.00       0.00       0.00       0.00       0.00       0.00       0.00       0.00       0.00       0.00       0.00       0.00       0.00       0.00       0.00       0.00       0.00       0.00       0.00       0.00       0.00       0.00       0.00       0.00       0.00       0.00       0.00       0.00       0.00       0.00       0.00       0.00       0.00       0.00       0.00       0.00       0.00       0.00       0.00       0.00       0.00       0.00       0.00       0.00       0.00       0.00       0.00       0.00       0.00       0.00       0.00       0.00       0.00       0.00       0.00       0.00       0.00       0.00       0.00       0.00       0.00       0.00       0.00       0.00       0.00       0.00       0.00       0.00       0.00       0.00       0.00       0.00       0.00       0.00       0.00       0.00       0.00       0.00       0.00       0.00       0.00       0.00       0.00       0.00       0.00       0.00       0.00       0.00       0.00       0.00       0.00       0.00       0.00       0.00       0.00       0.00       0.00       0.00       0.00       0.00       0.00       0.00       0.00       0.00       0.00       0.00       0.00       0.00       0.00       0.00       0.00       0.00       0.00     310.00      54.00       0.00       0.00       0.00       9.00       0.00       0.00
17시 08분 40초    2       0.00       0.00       0.00     264.00       0.00       0.00       0.00       0.00       0.00       0.00       0.00       0.00       0.00       0.00       0.00       0.00       0.00       0.00       0.00       0.00       0.00       0.00       0.00       0.00       0.00       0.00       0.00       0.00       0.00       0.00       0.00       0.00       0.00       0.00       0.00       0.00       0.00       0.00       0.00       0.00       0.00       0.00       0.00       0.00       0.00       0.00       0.00       0.00       0.00       0.00       0.00       0.00       0.00       0.00       0.00       0.00       0.00       0.00       0.00       0.00       0.00       0.00       0.00       0.00       0.00       0.00       0.00       0.00       0.00       0.00       0.00       0.00       0.00       0.00       0.00       0.00       0.00       0.00       0.00       0.00       0.00       0.00       0.00       0.00       0.00       0.00       0.00       0.00       0.00       0.00       0.00       0.00       0.00       0.00       0.00       0.00       0.00       0.00       0.00       0.00       0.00       0.00       0.00       0.00       0.00       0.00       0.00       0.00       0.00       0.00       0.00       0.00       0.00       0.00       0.00       0.00       0.00       0.00       0.00       0.00       0.00       0.00       0.00       0.00       0.00       0.00       0.00       0.00       0.00       0.00       0.00       0.00       0.00       0.00       0.00       0.00     227.00      13.00       0.00       0.00       0.00      18.00       0.00       0.00
17시 08분 40초    3       0.00       0.00       0.00    1230.00       0.00       0.00       0.00       0.00       0.00       0.00       0.00       0.00       0.00       0.00       0.00       0.00       0.00       0.00       0.00       0.00       0.00       0.00       0.00       0.00       0.00       0.00       0.00       0.00       0.00       0.00       0.00       0.00       0.00       0.00       0.00       0.00       0.00       0.00       0.00       0.00       0.00       0.00       0.00       0.00       0.00       0.00       0.00       0.00       0.00       0.00       0.00       0.00       0.00       0.00       0.00       0.00       0.00       0.00       0.00       0.00       0.00       0.00       0.00       0.00       0.00       0.00       0.00       0.00       0.00       0.00       0.00       0.00       0.00       0.00       0.00       0.00       0.00       0.00       0.00       0.00       0.00       0.00       0.00       0.00       0.00       0.00       0.00       0.00       0.00       0.00       0.00       0.00       0.00       0.00       0.00       0.00       0.00       0.00       0.00       0.00       0.00       0.00       0.00       0.00       0.00       0.00       0.00       0.00       0.00       0.00       0.00       0.00       0.00       0.00       0.00       0.00       0.00       0.00       0.00       0.00       0.00       0.00       0.00       0.00       0.00       0.00       0.00       0.00       0.00       0.00       0.00       0.00       0.00       0.00       0.00       0.00     286.00       8.00       0.00       0.00       0.00      21.00       0.00       0.00
17시 08분 40초    4       0.00       0.00       0.00     457.00       0.00       0.00       0.00       0.00       0.00       0.00       0.00       0.00       0.00       0.00       0.00       0.00       0.00       0.00       0.00       0.00       0.00       0.00       0.00       0.00       0.00       0.00       0.00       0.00       0.00       0.00       0.00       0.00       0.00       0.00       0.00       0.00       0.00       0.00       0.00       0.00       0.00       0.00       0.00       0.00       0.00       0.00       0.00       0.00       0.00       0.00       0.00       0.00       0.00       0.00       0.00       0.00       0.00       0.00       0.00       0.00       0.00       0.00       0.00       0.00       0.00       0.00       0.00       0.00       0.00       0.00       0.00       0.00       0.00       0.00       0.00       0.00       0.00       0.00       0.00       0.00       0.00       0.00       0.00       0.00       0.00       0.00       0.00       0.00       0.00       0.00       0.00       0.00       0.00       0.00       0.00       0.00       0.00       0.00       0.00       0.00       0.00       0.00       0.00       0.00       0.00       0.00       0.00       0.00       0.00       0.00       0.00       0.00       0.00       0.00       0.00       0.00       0.00       0.00       0.00       0.00       0.00       0.00       0.00       0.00       0.00       0.00       0.00       0.00       0.00       0.00       0.00       0.00       0.00       0.00       0.00       0.00     339.00       6.00       0.00       0.00       0.00      26.00       0.00       0.00
17시 08분 40초    5       0.00       0.00       0.00     344.00       0.00       0.00       0.00       0.00       0.00       0.00       0.00       0.00       0.00       0.00       0.00       0.00       0.00       0.00       0.00       0.00       0.00       0.00       0.00       0.00       0.00       0.00       0.00       0.00       0.00       0.00       0.00       0.00       0.00       0.00       0.00       0.00       0.00       0.00       0.00       0.00       0.00       0.00       0.00       0.00       0.00       0.00       0.00       0.00       0.00       0.00       0.00       0.00       0.00       0.00       0.00       0.00       0.00       0.00       0.00       0.00       0.00       0.00       0.00       0.00       0.00       0.00       0.00       0.00       0.00       0.00       0.00       0.00       0.00       0.00       0.00       0.00       0.00       0.00       0.00       0.00       0.00       0.00       0.00       0.00       0.00       0.00       0.00       0.00       0.00       0.00       0.00       0.00       0.00       0.00       0.00       0.00       0.00       0.00       0.00       0.00       0.00       0.00       0.00       0.00       0.00       0.00       0.00       0.00       0.00       0.00       0.00       0.00       0.00       0.00       0.00       0.00       0.00       0.00       0.00       0.00       0.00       0.00       0.00       0.00       0.00       0.00       0.00       0.00       0.00       0.00       0.00       0.00       0.00       0.00       0.00       0.00     267.00       4.00       0.00       0.00       0.00      92.00       0.00       0.00

17시 08분 39초  CPU       HI/s    TIMER/s   NET_TX/s   NET_RX/s    BLOCK/s IRQ_POLL/s  TASKLET/s    SCHED/s  HRTIMER/s      RCU/s
17시 08분 40초    0       0.00      24.00      18.00     390.00       0.00       0.00       0.00     106.00       0.00      70.00
17시 08분 40초    1       0.00      25.00       0.00       0.00       0.00       0.00       0.00      92.00       0.00     140.00
17시 08분 40초    2       0.00      26.00       0.00       0.00       0.00       0.00       0.00      63.00       0.00      62.00
17시 08분 40초    3       0.00      28.00       0.00       0.00       0.00       0.00       0.00      56.00       0.00      53.00
17시 08분 40초    4       0.00       8.00       0.00       0.00       0.00       0.00       0.00      63.00       0.00      79.00
17시 08분 40초    5       0.00      15.00       0.00       0.00       0.00       0.00       0.00      79.00       0.00      69.00

17시 08분 40초  CPU    %usr   %nice    %sys %iowait    %irq   %soft  %steal  %guest  %gnice   %idle
17시 08분 41초  all   16.53    0.00    4.34    0.33    0.00    0.00    0.00    0.00    0.00   78.80
17시 08분 41초    0    1.01    0.00    2.02    2.02    0.00    0.00    0.00    0.00    0.00   94.95
17시 08분 41초    1    1.00    0.00   14.00    0.00    0.00    0.00    0.00    0.00    0.00   85.00
17시 08분 41초    2    0.99    0.00    0.99    0.00    0.00    0.00    0.00    0.00    0.00   98.02
17시 08분 41초    3    1.00    0.00    2.00    0.00    0.00    0.00    0.00    0.00    0.00   97.00
17시 08분 41초    4    1.00    0.00    2.00    0.00    0.00    0.00    0.00    0.00    0.00   97.00
17시 08분 41초    5   94.95    0.00    5.05    0.00    0.00    0.00    0.00    0.00    0.00    0.00

17시 08분 40초  CPU    intr/s
17시 08분 41초  all   1452.48
17시 08분 41초    0    226.73
17시 08분 41초    1    158.42
17시 08분 41초    2     73.27
17시 08분 41초    3    126.73
17시 08분 41초    4     66.34
17시 08분 41초    5    116.83

17시 08분 40초  CPU        9/s       11/s       12/s       13/s       18/s       20/s       21/s       22/s       23/s       24/s       25/s       26/s       27/s       28/s       29/s       30/s       31/s       32/s       33/s       34/s       35/s       36/s       37/s       38/s       39/s       40/s       41/s       42/s       43/s       44/s       45/s       46/s       47/s       48/s       49/s       50/s       51/s       52/s       53/s       54/s       55/s       57/s       59/s       61/s       65/s       66/s       67/s       68/s       69/s       70/s       71/s       72/s       73/s       74/s       75/s       76/s       77/s       79/s       80/s       81/s       82/s       83/s       84/s       85/s       86/s       87/s       88/s       89/s       90/s       91/s       92/s       93/s       94/s       95/s       96/s       97/s       98/s      112/s      113/s      114/s      115/s      116/s      117/s      118/s      119/s      120/s      121/s      122/s      123/s      124/s      125/s      126/s      127/s      128/s      129/s      130/s      131/s      132/s      133/s      134/s      135/s      136/s      137/s      138/s      150/s      154/s      162/s      167/s      171/s      224/s      228/s      229/s      230/s      231/s      232/s      233/s      234/s      235/s      236/s      237/s      245/s      246/s      247/s      249/s      250/s      252/s      253/s      262/s      263/s      294/s      296/s      297/s      298/s      299/s      301/s      302/s     IPI0/s     IPI1/s     IPI2/s     IPI3/s     IPI4/s     IPI5/s     IPI6/s      Err/s
17시 08분 41초    0       0.00       0.00       0.00     162.38       0.00       0.00       0.00       0.00       0.00       0.00       0.00       0.00       0.00       0.00       0.00       0.00       0.00       0.00       0.00       0.00       0.00       0.00       0.00       0.00       0.00       0.00       0.00       0.00       0.00       0.00       0.00       0.00       0.00       0.00       0.00       0.00       0.00       0.00       0.00       0.00       0.00       0.00       0.00       0.00       0.00       0.00     132.67       0.00       0.00       0.00       0.00       0.00       0.00       0.00       0.00       0.00       0.00       0.00       0.00       0.00       0.00       0.00       0.00       0.00       0.00       0.00       0.00       0.00       0.00       0.00       0.00       0.00       0.00       0.00       0.00       0.00       0.00       0.00       0.00      10.89       0.00       0.00       0.00       0.00       0.00       0.00       0.00       0.00       0.00       0.00       0.00       0.00       0.00       2.97       0.00       0.00       0.00       0.00       0.00       0.00       0.00       0.00       0.00       0.00       0.00      80.20       0.00       0.00       0.00       0.00       0.00       0.00       0.00       0.00       0.00       0.00       0.00       0.00       0.00       0.00       0.00       0.00       0.00       0.00       0.00       0.00       0.00       0.00       0.00       0.00       0.00       0.00       0.00       0.00      55.45       0.00      36.63      48.51       0.00       0.00       0.00      18.81       0.00       0.00
17시 08분 41초    1       0.00       0.00       0.00     122.77       0.00       0.00       0.00       0.00       0.00       0.00       0.00       0.00       0.00       0.00       0.00       0.00       0.00       0.00       0.00       0.00       0.00       0.00       0.00       0.00       0.00       0.00       0.00       0.00       0.00       0.00       0.00       0.00       0.00       0.00       0.00       0.00       0.00       0.00       0.00       0.00       0.00       0.00       0.00       0.00       0.00       0.00       0.00       0.00       0.00       0.00       0.00       0.00       0.00       0.00       0.00       0.00       0.00       0.00       0.00       0.00       0.00       0.00       0.00       0.00       0.00       0.00       0.00       0.00       0.00       0.00       0.00       0.00       0.00       0.00       0.00       0.00       0.00       0.00       0.00       0.00       0.00       0.00       0.00       0.00       0.00       0.00       0.00       0.00       0.00       0.00       0.00       0.00       0.00       0.00       0.00       0.00       0.00       0.00       0.00       0.00       0.00       0.00       0.00       0.00       0.00       0.00       0.00       0.00       0.00       0.00       0.00       0.00       0.00       0.00       0.00       0.00       0.00       0.00       0.00       0.00       0.00       0.00       0.00       0.00       0.00       0.00       0.00       0.00       0.00       0.00       0.00       0.00       0.00       0.00       0.00       0.00     160.40      28.71       0.00       0.00       0.00      15.84       0.00       0.00
17시 08분 41초    2       0.00       0.00       0.00      53.47       0.00       0.00       0.00       0.00       0.00       0.00       0.00       0.00       0.00       0.00       0.00       0.00       0.00       0.00       0.00       0.00       0.00       0.00       0.00       0.00       0.00       0.00       0.00       0.00       0.00       0.00       0.00       0.00       0.00       0.00       0.00       0.00       0.00       0.00       0.00       0.00       0.00       0.00       0.00       0.00       0.00       0.00       0.00       0.00       0.00       0.00       0.00       0.00       0.00       0.00       0.00       0.00       0.00       0.00       0.00       0.00       0.00       0.00       0.00       0.00       0.00       0.00       0.00       0.00       0.00       0.00       0.00       0.00       0.00       0.00       0.00       0.00       0.00       0.00       0.00       0.00       0.00       0.00       0.00       0.00       0.00       0.00       0.00       0.00       0.00       0.00       0.00       0.00       0.00       0.00       0.00       0.00       0.00       0.00       0.00       0.00       0.00       0.00       0.00       0.00       0.00       0.00       0.00       0.00       0.00       0.00       0.00       0.00       0.00       0.00       0.00       0.00       0.00       0.00       0.00       0.00       0.00       0.00       0.00       0.00       0.00       0.00       0.00       0.00       0.00       0.00       0.00       0.00       0.00       0.00       0.00       0.00      26.73       9.90       0.00       0.00       0.00       0.00       0.00       0.00
17시 08분 41초    3       0.00       0.00       0.00     103.96       0.00       0.00       0.00       0.00       0.00       0.00       0.00       0.00       0.00       0.00       0.00       0.00       0.00       0.00       0.00       0.00       0.00       0.00       0.00       0.00       0.00       0.00       0.00       0.00       0.00       0.00       0.00       0.00       0.00       0.00       0.00       0.00       0.00       0.00       0.00       0.00       0.00       0.00       0.00       0.00       0.00       0.00       0.00       0.00       0.00       0.00       0.00       0.00       0.00       0.00       0.00       0.00       0.00       0.00       0.00       0.00       0.00       0.00       0.00       0.00       0.00       0.00       0.00       0.00       0.00       0.00       0.00       0.00       0.00       0.00       0.00       0.00       0.00       0.00       0.00       0.00       0.00       0.00       0.00       0.00       0.00       0.00       0.00       0.00       0.00       0.00       0.00       0.00       0.00       0.00       0.00       0.00       0.00       0.00       0.00       0.00       0.00       0.00       0.00       0.00       0.00       0.00       0.00       0.00       0.00       0.00       0.00       0.00       0.00       0.00       0.00       0.00       0.00       0.00       0.00       0.00       0.00       0.00       0.00       0.00       0.00       0.00       0.00       0.00       0.00       0.00       0.00       0.00       0.00       0.00       0.00       0.00      12.87       1.98       0.00       0.00       0.00       1.98       0.00       0.00
17시 08분 41초    4       0.00       0.00       0.00      78.22       0.00       0.00       0.00       0.00       0.00       0.00       0.00       0.00       0.00       0.00       0.00       0.00       0.00       0.00       0.00       0.00       0.00       0.00       0.00       0.00       0.00       0.00       0.00       0.00       0.00       0.00       0.00       0.00       0.00       0.00       0.00       0.00       0.00       0.00       0.00       0.00       0.00       0.00       0.00       0.00       0.00       0.00       0.00       0.00       0.00       0.00       0.00       0.00       0.00       0.00       0.00       0.00       0.00       0.00       0.00       0.00       0.00       0.00       0.00       0.00       0.00       0.00       0.00       0.00       0.00       0.00       0.00       0.00       0.00       0.00       0.00       0.00       0.00       0.00       0.00       0.00       0.00       0.00       0.00       0.00       0.00       0.00       0.00       0.00       0.00       0.00       0.00       0.00       0.00       0.00       0.00       0.00       0.00       0.00       0.00       0.00       0.00       0.00       0.00       0.00       0.00       0.00       0.00       0.00       0.00       0.00       0.00       0.00       0.00       0.00       0.00       0.00       0.00       0.00       0.00       0.00       0.00       0.00       0.00       0.00       0.00       0.00       0.00       0.00       0.00       0.00       0.00       0.00       0.00       0.00       0.00       0.00      21.78       0.99       0.00       0.00       0.00       0.00       0.00       0.00
17시 08분 41초    5       0.00       0.00       0.00     249.50       0.00       0.00       0.00       0.00       0.00       0.00       0.00       0.00       0.00       0.00       0.00       0.00       0.00       0.00       0.00       0.00       0.00       0.00       0.00       0.00       0.00       0.00       0.00       0.00       0.00       0.00       0.00       0.00       0.00       0.00       0.00       0.00       0.00       0.00       0.00       0.00       0.00       0.00       0.00       0.00       0.00       0.00       0.00       0.00       0.00       0.00       0.00       0.00       0.00       0.00       0.00       0.00       0.00       0.00       0.00       0.00       0.00       0.00       0.00       0.00       0.00       0.00       0.00       0.00       0.00       0.00       0.00       0.00       0.00       0.00       0.00       0.00       0.00       0.00       0.00       0.00       0.00       0.00       0.00       0.00       0.00       0.00       0.00       0.00       0.00       0.00       0.00       0.00       0.00       0.00       0.00       0.00       0.00       0.00       0.00       0.00       0.00       0.00       0.00       0.00       0.00       0.00       0.00       0.00       0.00       0.00       0.00       0.00       0.00       0.00       0.00       0.00       0.00       0.00       0.00       0.00       0.00       0.00       0.00       0.00       0.00       0.00       0.00       0.00       0.00       0.00       0.00       0.00       0.00       0.00       0.00       0.00       8.91       0.00       0.00       0.00       0.00       5.94       0.00       0.00

17시 08분 40초  CPU       HI/s    TIMER/s   NET_TX/s   NET_RX/s    BLOCK/s IRQ_POLL/s  TASKLET/s    SCHED/s  HRTIMER/s      RCU/s
17시 08분 41초    0       0.00      23.76       1.98      51.49       1.98       0.00       0.00      96.04       0.00      51.49
17시 08분 41초    1       0.00      22.77       0.00       0.00       0.00       0.00       0.00      89.11       0.00      46.53
17시 08분 41초    2       0.00      18.81       0.00       0.00       0.00       0.00       0.00      21.78       0.00      32.67
17시 08분 41초    3       0.00      47.52       0.00       0.00       0.00       0.00       0.00      35.64       0.00      43.56
17시 08분 41초    4       0.00       5.94       0.00       0.00       0.00       0.00       0.00      23.76       0.00      36.63
17시 08분 41초    5       0.00       3.96       0.00       0.00       0.00       0.00       0.00       7.92       0.00     104.95

17시 08분 41초  CPU    %usr   %nice    %sys %iowait    %irq   %soft  %steal  %guest  %gnice   %idle
17시 08분 42초  all   10.72    0.00    9.21    0.00    0.00    0.00    0.00    0.00    0.00   80.07
17시 08분 42초    0    0.00    0.00    2.02    0.00    0.00    0.00    0.00    0.00    0.00   97.98
17시 08분 42초    1    0.00    0.00   29.00    0.00    0.00    0.00    0.00    0.00    0.00   71.00
17시 08분 42초    2    0.00    0.00   10.10    0.00    0.00    0.00    0.00    0.00    0.00   89.90
17시 08분 42초    3    0.00    0.00    3.00    0.00    0.00    0.00    0.00    0.00    0.00   97.00
17시 08분 42초    4    0.00    0.00    3.03    0.00    0.00    0.00    0.00    0.00    0.00   96.97
17시 08분 42초    5   64.00    0.00    8.00    0.00    0.00    0.00    0.00    0.00    0.00   28.00

17시 08분 41초  CPU    intr/s
17시 08분 42초  all   1156.00
17시 08분 42초    0    175.00
17시 08분 42초    1     91.00
17시 08분 42초    2     90.00
17시 08분 42초    3    119.00
17시 08분 42초    4    111.00
17시 08분 42초    5    135.00

17시 08분 41초  CPU        9/s       11/s       12/s       13/s       18/s       20/s       21/s       22/s       23/s       24/s       25/s       26/s       27/s       28/s       29/s       30/s       31/s       32/s       33/s       34/s       35/s       36/s       37/s       38/s       39/s       40/s       41/s       42/s       43/s       44/s       45/s       46/s       47/s       48/s       49/s       50/s       51/s       52/s       53/s       54/s       55/s       57/s       59/s       61/s       65/s       66/s       67/s       68/s       69/s       70/s       71/s       72/s       73/s       74/s       75/s       76/s       77/s       79/s       80/s       81/s       82/s       83/s       84/s       85/s       86/s       87/s       88/s       89/s       90/s       91/s       92/s       93/s       94/s       95/s       96/s       97/s       98/s      112/s      113/s      114/s      115/s      116/s      117/s      118/s      119/s      120/s      121/s      122/s      123/s      124/s      125/s      126/s      127/s      128/s      129/s      130/s      131/s      132/s      133/s      134/s      135/s      136/s      137/s      138/s      150/s      154/s      162/s      167/s      171/s      224/s      228/s      229/s      230/s      231/s      232/s      233/s      234/s      235/s      236/s      237/s      245/s      246/s      247/s      249/s      250/s      252/s      253/s      262/s      263/s      294/s      296/s      297/s      298/s      299/s      301/s      302/s     IPI0/s     IPI1/s     IPI2/s     IPI3/s     IPI4/s     IPI5/s     IPI6/s      Err/s
17시 08분 42초    0       0.00       0.00       0.00      98.00       0.00       0.00       0.00       0.00       0.00       0.00       0.00       0.00       0.00       0.00       0.00       0.00       0.00       0.00       0.00       0.00       0.00       0.00       0.00       0.00       0.00       0.00       0.00       0.00       0.00       0.00       0.00       0.00       0.00       0.00       0.00       0.00       0.00       0.00       0.00       0.00       0.00       0.00       0.00       0.00       0.00       0.00       0.00       0.00       0.00       0.00       0.00       0.00       0.00       0.00       0.00       0.00       0.00       0.00       0.00       0.00       0.00       0.00       0.00       0.00       0.00       0.00       0.00       0.00       0.00       0.00       0.00       0.00       0.00       0.00       0.00       0.00       0.00      82.00       0.00       7.00       0.00       0.00       0.00       0.00       0.00       0.00       0.00       0.00       0.00       0.00       0.00       0.00       0.00       0.00       0.00       0.00       0.00       0.00       0.00       0.00       0.00       0.00       0.00       0.00       0.00      52.00       0.00       0.00       0.00       0.00       0.00       0.00       0.00       0.00       0.00       0.00       0.00       0.00       0.00       0.00       0.00       0.00       0.00       0.00       0.00       0.00       0.00       0.00       0.00       0.00       0.00       0.00       0.00       0.00      12.00       0.00      28.00      53.00       0.00       0.00       0.00      14.00       0.00       0.00
17시 08분 42초    1       0.00       0.00       0.00     105.00       0.00       0.00       0.00       0.00       0.00       0.00       0.00       0.00       0.00       0.00       0.00       0.00       0.00       0.00       0.00       0.00       0.00       0.00       0.00       0.00       0.00       0.00       0.00       0.00       0.00       0.00       0.00       0.00       0.00       0.00       0.00       0.00       0.00       0.00       0.00       0.00       0.00       0.00       0.00       0.00       0.00       0.00       0.00       0.00       0.00       0.00       0.00       0.00       0.00       0.00       0.00       0.00       0.00       0.00       0.00       0.00       0.00       0.00       0.00       0.00       0.00       0.00       0.00       0.00       0.00       0.00       0.00       0.00       0.00       0.00       0.00       0.00       0.00       0.00       0.00       0.00       0.00       0.00       0.00       0.00       0.00       0.00       0.00       0.00       0.00       0.00       0.00       0.00       0.00       0.00       0.00       0.00       0.00       0.00       0.00       0.00       0.00       0.00       0.00       0.00       0.00       0.00       0.00       0.00       0.00       0.00       0.00       0.00       0.00       0.00       0.00       0.00       0.00       0.00       0.00       0.00       0.00       0.00       0.00       0.00       0.00       0.00       0.00       0.00       0.00       0.00       0.00       0.00       0.00       0.00       0.00       0.00       5.00      11.00       0.00       0.00       0.00       9.00       0.00       0.00
17시 08분 42초    2       0.00       0.00       0.00      81.00       0.00       0.00       0.00       0.00       0.00       0.00       0.00       0.00       0.00       0.00       0.00       0.00       0.00       0.00       0.00       0.00       0.00       0.00       0.00       0.00       0.00       0.00       0.00       0.00       0.00       0.00       0.00       0.00       0.00       0.00       0.00       0.00       0.00       0.00       0.00       0.00       0.00       0.00       0.00       0.00       0.00       0.00       0.00       0.00       0.00       0.00       0.00       0.00       0.00       0.00       0.00       0.00       0.00       0.00       0.00       0.00       0.00       0.00       0.00       0.00       0.00       0.00       0.00       0.00       0.00       0.00       0.00       0.00       0.00       0.00       0.00       0.00       0.00       0.00       0.00       0.00       0.00       0.00       0.00       0.00       0.00       0.00       0.00       0.00       0.00       0.00       0.00       0.00       0.00       0.00       0.00       0.00       0.00       0.00       0.00       0.00       0.00       0.00       0.00       0.00       0.00       0.00       0.00       0.00       0.00       0.00       0.00       0.00       0.00       0.00       0.00       0.00       0.00       0.00       0.00       0.00       0.00       0.00       0.00       0.00       0.00       0.00       0.00       0.00       0.00       0.00       0.00       0.00       0.00       0.00       0.00       0.00      71.00      11.00       0.00       0.00       0.00      14.00       0.00       0.00
17시 08분 42초    3       0.00       0.00       0.00      90.00       0.00       0.00       0.00       0.00       0.00       0.00       0.00       0.00       0.00       0.00       0.00       0.00       0.00       0.00       0.00       0.00       0.00       0.00       0.00       0.00       0.00       0.00       0.00       0.00       0.00       0.00       0.00       0.00       0.00       0.00       0.00       0.00       0.00       0.00       0.00       0.00       0.00       0.00       0.00       0.00       0.00       0.00       0.00       0.00       0.00       0.00       0.00       0.00       0.00       0.00       0.00       0.00       0.00       0.00       0.00       0.00       0.00       0.00       0.00       0.00       0.00       0.00       0.00       0.00       0.00       0.00       0.00       0.00       0.00       0.00       0.00       0.00       0.00       0.00       0.00       0.00       0.00       0.00       0.00       0.00       0.00       0.00       0.00       0.00       0.00       0.00       0.00       0.00       0.00       0.00       0.00       0.00       0.00       0.00       0.00       0.00       0.00       0.00       0.00       0.00       0.00       0.00       0.00       0.00       0.00       0.00       0.00       0.00       0.00       0.00       0.00       0.00       0.00       0.00       0.00       0.00       0.00       0.00       0.00       0.00       0.00       0.00       0.00       0.00       0.00       0.00       0.00       0.00       0.00       0.00       0.00       0.00      23.00       1.00       0.00       0.00       0.00       2.00       0.00       0.00
17시 08분 42초    4       0.00       0.00       0.00     105.00       0.00       0.00       0.00       0.00       0.00       0.00       0.00       0.00       0.00       0.00       0.00       0.00       0.00       0.00       0.00       0.00       0.00       0.00       0.00       0.00       0.00       0.00       0.00       0.00       0.00       0.00       0.00       0.00       0.00       0.00       0.00       0.00       0.00       0.00       0.00       0.00       0.00       0.00       0.00       0.00       0.00       0.00       0.00       0.00       0.00       0.00       0.00       0.00       0.00       0.00       0.00       0.00       0.00       0.00       0.00       0.00       0.00       0.00       0.00       0.00       0.00       0.00       0.00       0.00       0.00       0.00       0.00       0.00       0.00       0.00       0.00       0.00       0.00       0.00       0.00       0.00       0.00       0.00       0.00       0.00       0.00       0.00       0.00       0.00       0.00       0.00       0.00       0.00       0.00       0.00       0.00       0.00       0.00       0.00       0.00       0.00       0.00       0.00       0.00       0.00       0.00       0.00       0.00       0.00       0.00       0.00       0.00       0.00       0.00       0.00       0.00       0.00       0.00       0.00       0.00       0.00       0.00       0.00       0.00       0.00       0.00       0.00       0.00       0.00       0.00       0.00       0.00       0.00       0.00       0.00       0.00       0.00       8.00       0.00       0.00       0.00       0.00       0.00       0.00       0.00
17시 08분 42초    5       0.00       0.00       0.00     199.00       0.00       0.00       0.00       0.00       0.00       0.00       0.00       0.00       0.00       0.00       0.00       0.00       0.00       0.00       0.00       0.00       0.00       0.00       0.00       0.00       0.00       0.00       0.00       0.00       0.00       0.00       0.00       0.00       0.00       0.00       0.00       0.00       0.00       0.00       0.00       0.00       0.00       0.00       0.00       0.00       0.00       0.00       0.00       0.00       0.00       0.00       0.00       0.00       0.00       0.00       0.00       0.00       0.00       0.00       0.00       0.00       0.00       0.00       0.00       0.00       0.00       0.00       0.00       0.00       0.00       0.00       0.00       0.00       0.00       0.00       0.00       0.00       0.00       0.00       0.00       0.00       0.00       0.00       0.00       0.00       0.00       0.00       0.00       0.00       0.00       0.00       0.00       0.00       0.00       0.00       0.00       0.00       0.00       0.00       0.00       0.00       0.00       0.00       0.00       0.00       0.00       0.00       0.00       0.00       0.00       0.00       0.00       0.00       0.00       0.00       0.00       0.00       0.00       0.00       0.00       0.00       0.00       0.00       0.00       0.00       0.00       0.00       0.00       0.00       0.00       0.00       0.00       0.00       0.00       0.00       0.00       0.00      72.00       2.00       0.00       0.00       0.00       1.00       0.00       0.00

17시 08분 41초  CPU       HI/s    TIMER/s   NET_TX/s   NET_RX/s    BLOCK/s IRQ_POLL/s  TASKLET/s    SCHED/s  HRTIMER/s      RCU/s
17시 08분 42초    0       0.00      26.00       0.00      11.00       0.00       0.00       0.00      89.00       0.00      49.00
17시 08분 42초    1       0.00      19.00       0.00       0.00       0.00       0.00       0.00      23.00       0.00      49.00
17시 08분 42초    2       0.00      12.00       0.00       0.00       0.00       0.00       0.00      33.00       0.00      45.00
17시 08분 42초    3       0.00      42.00       0.00       0.00       0.00       0.00       0.00      33.00       0.00      44.00
17시 08분 42초    4       0.00      24.00       0.00       0.00       0.00       0.00       0.00      37.00       0.00      50.00
17시 08분 42초    5       0.00       5.00       0.00       0.00       0.00       0.00       0.00      13.00       0.00     117.00

17시 08분 42초  CPU    %usr   %nice    %sys %iowait    %irq   %soft  %steal  %guest  %gnice   %idle
17시 08분 43초  all    0.17    0.00    5.50    0.00    0.17    0.17    0.00    0.00    0.00   94.00
17시 08분 43초    0    0.00    0.00    3.00    0.00    1.00    0.00    0.00    0.00    0.00   96.00
17시 08분 43초    1    0.00    0.00    5.94    0.00    0.00    0.99    0.00    0.00    0.00   93.07
17시 08분 43초    2    0.00    0.00   17.17    0.00    0.00    0.00    0.00    0.00    0.00   82.83
17시 08분 43초    3    0.00    0.00    3.00    0.00    0.00    0.00    0.00    0.00    0.00   97.00
17시 08분 43초    4    1.00    0.00    4.00    0.00    0.00    0.00    0.00    0.00    0.00   95.00
17시 08분 43초    5    0.00    0.00    0.00    0.00    0.00    0.00    0.00    0.00    0.00  100.00

17시 08분 42초  CPU    intr/s
17시 08분 43초  all    639.00
17시 08분 43초    0    168.00
17시 08분 43초    1    184.00
17시 08분 43초    2     53.00
17시 08분 43초    3     90.00
17시 08분 43초    4     84.00
17시 08분 43초    5     86.00

17시 08분 42초  CPU        9/s       11/s       12/s       13/s       18/s       20/s       21/s       22/s       23/s       24/s       25/s       26/s       27/s       28/s       29/s       30/s       31/s       32/s       33/s       34/s       35/s       36/s       37/s       38/s       39/s       40/s       41/s       42/s       43/s       44/s       45/s       46/s       47/s       48/s       49/s       50/s       51/s       52/s       53/s       54/s       55/s       57/s       59/s       61/s       65/s       66/s       67/s       68/s       69/s       70/s       71/s       72/s       73/s       74/s       75/s       76/s       77/s       79/s       80/s       81/s       82/s       83/s       84/s       85/s       86/s       87/s       88/s       89/s       90/s       91/s       92/s       93/s       94/s       95/s       96/s       97/s       98/s      112/s      113/s      114/s      115/s      116/s      117/s      118/s      119/s      120/s      121/s      122/s      123/s      124/s      125/s      126/s      127/s      128/s      129/s      130/s      131/s      132/s      133/s      134/s      135/s      136/s      137/s      138/s      150/s      154/s      162/s      167/s      171/s      224/s      228/s      229/s      230/s      231/s      232/s      233/s      234/s      235/s      236/s      237/s      245/s      246/s      247/s      249/s      250/s      252/s      253/s      262/s      263/s      294/s      296/s      297/s      298/s      299/s      301/s      302/s     IPI0/s     IPI1/s     IPI2/s     IPI3/s     IPI4/s     IPI5/s     IPI6/s      Err/s
17시 08분 43초    0       0.00       0.00       0.00      79.00       0.00       0.00       0.00       0.00       0.00       0.00       0.00       0.00       0.00       0.00       0.00       0.00       0.00       0.00       0.00       0.00       0.00       0.00       0.00       0.00       0.00       0.00       0.00       0.00       0.00       0.00       0.00       0.00       0.00       0.00       0.00       0.00       0.00       0.00       0.00       0.00       0.00       0.00       0.00       0.00       0.00       0.00       0.00       0.00       0.00       0.00       0.00       0.00       0.00       0.00       0.00       0.00       0.00       0.00       0.00       0.00       0.00       0.00       0.00       0.00       0.00       0.00       0.00       0.00       0.00       0.00       0.00       0.00       0.00       0.00       0.00       0.00       0.00       2.00       0.00       5.00       0.00       0.00       0.00       0.00       0.00       0.00       0.00       0.00       0.00       0.00       0.00       0.00       0.00       0.00       0.00       0.00       0.00       0.00       0.00       0.00       0.00       0.00       0.00       0.00       0.00      32.00       0.00       0.00       0.00       0.00       0.00       0.00       0.00       0.00       0.00       0.00       0.00       0.00       0.00       0.00       0.00       0.00       0.00       0.00       0.00       0.00       0.00       0.00       0.00       0.00       0.00       0.00       0.00       0.00      36.00       0.00       8.00      28.00       0.00       0.00       0.00       8.00       0.00       0.00
17시 08분 43초    1       0.00       0.00       0.00      83.00       0.00       0.00       0.00       0.00       0.00       0.00       0.00       0.00       0.00       0.00       0.00       0.00       0.00       0.00       0.00       0.00       0.00       0.00       0.00       0.00       0.00       0.00       0.00       0.00       0.00       0.00       0.00       0.00       0.00       0.00       0.00       0.00       0.00       0.00       0.00       0.00       0.00       0.00       0.00       0.00       0.00       0.00       0.00       0.00       0.00       0.00       0.00       0.00       0.00       0.00       0.00       0.00       0.00       0.00       0.00       0.00       0.00       0.00       0.00       0.00       0.00       0.00       0.00       0.00       0.00       0.00       0.00       0.00       0.00       0.00       0.00       0.00       0.00       0.00       0.00       0.00       0.00       0.00       0.00       0.00       0.00       0.00       0.00       0.00       0.00       0.00       0.00       0.00       0.00       0.00       0.00       0.00       0.00       0.00       0.00       0.00       0.00       0.00       0.00       0.00       0.00       0.00       0.00       0.00       0.00       0.00       0.00       0.00       0.00       0.00       0.00       0.00       0.00       0.00       0.00       0.00       0.00       0.00       0.00       0.00       0.00       0.00       0.00       0.00       0.00       0.00       0.00       0.00       0.00       0.00       0.00       0.00       5.00       6.00       0.00       0.00       0.00       0.00       0.00       0.00
17시 08분 43초    2       0.00       0.00       0.00      83.00       0.00       0.00       0.00       0.00       0.00       0.00       0.00       0.00       0.00       0.00       0.00       0.00       0.00       0.00       0.00       0.00       0.00       0.00       0.00       0.00       0.00       0.00       0.00       0.00       0.00       0.00       0.00       0.00       0.00       0.00       0.00       0.00       0.00       0.00       0.00       0.00       0.00       0.00       0.00       0.00       0.00       0.00       0.00       0.00       0.00       0.00       0.00       0.00       0.00       0.00       0.00       0.00       0.00       0.00       0.00       0.00       0.00       0.00       0.00       0.00       0.00       0.00       0.00       0.00       0.00       0.00       0.00       0.00       0.00       0.00       0.00       0.00       0.00       0.00       0.00       0.00       0.00       0.00       0.00       0.00       0.00       0.00       0.00       0.00       0.00       0.00       0.00       0.00       0.00       0.00       0.00       0.00       0.00       0.00       0.00       0.00       0.00       0.00       0.00       0.00       0.00       0.00       0.00       0.00       0.00       0.00       0.00       0.00       0.00       0.00       0.00       0.00       0.00       0.00       0.00       0.00       0.00       0.00       0.00       0.00       0.00       0.00       0.00       0.00       0.00       0.00       0.00       0.00       0.00       0.00       0.00       0.00      17.00       4.00       0.00       0.00       0.00       4.00       0.00       0.00
17시 08분 43초    3       0.00       0.00       0.00      76.00       0.00       0.00       0.00       0.00       0.00       0.00       0.00       0.00       0.00       0.00       0.00       0.00       0.00       0.00       0.00       0.00       0.00       0.00       0.00       0.00       0.00       0.00       0.00       0.00       0.00       0.00       0.00       0.00       0.00       0.00       0.00       0.00       0.00       0.00       0.00       0.00       0.00       0.00       0.00       0.00       0.00       0.00       0.00       0.00       0.00       0.00       0.00       0.00       0.00       0.00       0.00       0.00       0.00       0.00       0.00       0.00       0.00       0.00       0.00       0.00       0.00       0.00       0.00       0.00       0.00       0.00       0.00       0.00       0.00       0.00       0.00       0.00       0.00       0.00       0.00       0.00       0.00       0.00       0.00       0.00       0.00       0.00       0.00       0.00       0.00       0.00       0.00       0.00       0.00       0.00       0.00       0.00       0.00       0.00       0.00       0.00       0.00       0.00       0.00       0.00       0.00       0.00       0.00       0.00       0.00       0.00       0.00       0.00       0.00       0.00       0.00       0.00       0.00       0.00       0.00       0.00       0.00       0.00       0.00       0.00       0.00       0.00       0.00       0.00       0.00       0.00       0.00       0.00       0.00       0.00       0.00       0.00      14.00       0.00       0.00       0.00       0.00       1.00       0.00       0.00
17시 08분 43초    4       0.00       0.00       0.00      67.00       0.00       0.00       0.00       0.00       0.00       0.00       0.00       0.00       0.00       0.00       0.00       0.00       0.00       0.00       0.00       0.00       0.00       0.00       0.00       0.00       0.00       0.00       0.00       0.00       0.00       0.00       0.00       0.00       0.00       0.00       0.00       0.00       0.00       0.00       0.00       0.00       0.00       0.00       0.00       0.00       0.00       0.00       0.00       0.00       0.00       0.00       0.00       0.00       0.00       0.00       0.00       0.00       0.00       0.00       0.00       0.00       0.00       0.00       0.00       0.00       0.00       0.00       0.00       0.00       0.00       0.00       0.00       0.00       0.00       0.00       0.00       0.00       0.00       0.00       0.00       0.00       0.00       0.00       0.00       0.00       0.00       0.00       0.00       0.00       0.00       0.00       0.00       0.00       0.00       0.00       0.00       0.00       0.00       0.00       0.00       0.00       0.00       0.00       0.00       0.00       0.00       0.00       0.00       0.00       0.00       0.00       0.00       0.00       0.00       0.00       0.00       0.00       0.00       0.00       0.00       0.00       0.00       0.00       0.00       0.00       0.00       0.00       0.00       0.00       0.00       0.00       0.00       0.00       0.00       0.00       0.00       0.00       3.00       0.00       0.00       0.00       0.00       0.00       0.00       0.00
17시 08분 43초    5       0.00       0.00       0.00      54.00       0.00       0.00       0.00       0.00       0.00       0.00       0.00       0.00       0.00       0.00       0.00       0.00       0.00       0.00       0.00       0.00       0.00       0.00       0.00       0.00       0.00       0.00       0.00       0.00       0.00       0.00       0.00       0.00       0.00       0.00       0.00       0.00       0.00       0.00       0.00       0.00       0.00       0.00       0.00       0.00       0.00       0.00       0.00       0.00       0.00       0.00       0.00       0.00       0.00       0.00       0.00       0.00       0.00       0.00       0.00       0.00       0.00       0.00       0.00       0.00       0.00       0.00       0.00       0.00       0.00       0.00       0.00       0.00       0.00       0.00       0.00       0.00       0.00       0.00       0.00       0.00       0.00       0.00       0.00       0.00       0.00       0.00       0.00       0.00       0.00       0.00       0.00       0.00       0.00       0.00       0.00       0.00       0.00       0.00       0.00       0.00       0.00       0.00       0.00       0.00       0.00       0.00       0.00       0.00       0.00       0.00       0.00       0.00       0.00       0.00       0.00       0.00       0.00       0.00       0.00       0.00       0.00       0.00       0.00       0.00       0.00       0.00       0.00       0.00       0.00       0.00       0.00       0.00       0.00       0.00       0.00       0.00      24.00       0.00       0.00       0.00       0.00       0.00       0.00       0.00

17시 08분 42초  CPU       HI/s    TIMER/s   NET_TX/s   NET_RX/s    BLOCK/s IRQ_POLL/s  TASKLET/s    SCHED/s  HRTIMER/s      RCU/s
17시 08분 43초    0       0.00      28.00       1.00      33.00       0.00       0.00       0.00      63.00       0.00      43.00
17시 08분 43초    1       0.00      18.00       0.00       0.00       0.00       0.00       0.00      38.00       0.00     128.00
17시 08분 43초    2       0.00       1.00       0.00       0.00       0.00       0.00       0.00      19.00       0.00      33.00
17시 08분 43초    3       0.00      21.00       0.00       0.00       0.00       0.00       0.00      30.00       0.00      39.00
17시 08분 43초    4       0.00      13.00       0.00       0.00       0.00       0.00       0.00      26.00       0.00      45.00
17시 08분 43초    5       0.00      33.00       0.00       0.00       0.00       0.00       0.00      27.00       0.00      26.00

17시 08분 43초  CPU    %usr   %nice    %sys %iowait    %irq   %soft  %steal  %guest  %gnice   %idle
17시 08분 44초  all    0.17    0.00    4.51    0.00    0.00    0.00    0.00    0.00    0.00   95.33
17시 08분 44초    0    0.00    0.00   16.16    0.00    0.00    0.00    0.00    0.00    0.00   83.84
17시 08분 44초    1    0.00    0.00    1.00    0.00    0.00    0.00    0.00    0.00    0.00   99.00
17시 08분 44초    2    1.00    0.00    1.00    0.00    0.00    0.00    0.00    0.00    0.00   98.00
17시 08분 44초    3    0.00    0.00    3.96    0.00    0.00    0.00    0.00    0.00    0.00   96.04
17시 08분 44초    4    0.00    0.00    5.05    0.00    0.00    0.00    0.00    0.00    0.00   94.95
17시 08분 44초    5    0.00    0.00    0.00    0.00    0.00    0.00    0.00    0.00    0.00  100.00

17시 08분 43초  CPU    intr/s
17시 08분 44초  all    776.00
17시 08분 44초    0    177.00
17시 08분 44초    1    100.00
17시 08분 44초    2     72.00
17시 08분 44초    3     50.00
17시 08분 44초    4     47.00
17시 08분 44초    5     57.00

17시 08분 43초  CPU        9/s       11/s       12/s       13/s       18/s       20/s       21/s       22/s       23/s       24/s       25/s       26/s       27/s       28/s       29/s       30/s       31/s       32/s       33/s       34/s       35/s       36/s       37/s       38/s       39/s       40/s       41/s       42/s       43/s       44/s       45/s       46/s       47/s       48/s       49/s       50/s       51/s       52/s       53/s       54/s       55/s       57/s       59/s       61/s       65/s       66/s       67/s       68/s       69/s       70/s       71/s       72/s       73/s       74/s       75/s       76/s       77/s       79/s       80/s       81/s       82/s       83/s       84/s       85/s       86/s       87/s       88/s       89/s       90/s       91/s       92/s       93/s       94/s       95/s       96/s       97/s       98/s      112/s      113/s      114/s      115/s      116/s      117/s      118/s      119/s      120/s      121/s      122/s      123/s      124/s      125/s      126/s      127/s      128/s      129/s      130/s      131/s      132/s      133/s      134/s      135/s      136/s      137/s      138/s      150/s      154/s      162/s      167/s      171/s      224/s      228/s      229/s      230/s      231/s      232/s      233/s      234/s      235/s      236/s      237/s      245/s      246/s      247/s      249/s      250/s      252/s      253/s      262/s      263/s      294/s      296/s      297/s      298/s      299/s      301/s      302/s     IPI0/s     IPI1/s     IPI2/s     IPI3/s     IPI4/s     IPI5/s     IPI6/s      Err/s
17시 08분 44초    0       0.00       0.00       0.00     121.00       0.00       0.00       0.00       0.00       0.00       0.00       0.00       0.00       0.00       0.00       0.00       0.00       0.00       0.00       0.00       0.00       0.00       0.00       0.00       0.00       0.00       0.00       0.00       0.00       0.00       0.00       0.00       0.00       0.00       0.00       0.00       0.00       0.00       0.00       0.00       0.00       0.00       0.00       0.00       0.00       0.00       0.00     215.00       0.00       0.00       0.00       0.00       0.00       0.00       0.00       0.00       0.00       0.00       0.00       0.00       0.00       0.00       0.00       0.00       0.00       0.00       0.00       0.00       0.00       0.00       0.00       0.00       0.00       0.00       0.00       0.00       0.00       0.00       0.00       0.00       3.00       0.00       0.00       0.00       0.00       0.00       0.00       0.00       0.00       0.00       0.00       0.00       0.00       0.00       0.00       0.00       0.00       0.00       0.00       0.00       0.00       0.00       0.00       0.00       0.00       0.00      98.00       0.00       0.00       0.00       0.00       0.00       0.00       0.00       0.00       0.00       0.00       0.00       0.00       0.00       0.00       0.00       0.00       0.00       0.00       0.00       0.00       0.00       0.00       0.00       0.00       0.00       0.00       0.00       0.00      12.00       0.00       3.00       7.00       0.00       0.00       0.00      25.00       0.00       0.00
17시 08분 44초    1       0.00       0.00       0.00      57.00       0.00       0.00       0.00       0.00       0.00       0.00       0.00       0.00       0.00       0.00       0.00       0.00       0.00       0.00       0.00       0.00       0.00       0.00       0.00       0.00       0.00       0.00       0.00       0.00       0.00       0.00       0.00       0.00       0.00       0.00       0.00       0.00       0.00       0.00       0.00       0.00       0.00       0.00       0.00       0.00       0.00       0.00       0.00       0.00       0.00       0.00       0.00       0.00       0.00       0.00       0.00       0.00       0.00       0.00       0.00       0.00       0.00       0.00       0.00       0.00       0.00       0.00       0.00       0.00       0.00       0.00       0.00       0.00       0.00       0.00       0.00       0.00       0.00       0.00       0.00       0.00       0.00       0.00       0.00       0.00       0.00       0.00       0.00       0.00       0.00       0.00       0.00       0.00       0.00       0.00       0.00       0.00       0.00       0.00       0.00       0.00       0.00       0.00       0.00       0.00       0.00       0.00       0.00       0.00       0.00       0.00       0.00       0.00       0.00       0.00       0.00       0.00       0.00       0.00       0.00       0.00       0.00       0.00       0.00       0.00       0.00       0.00       0.00       0.00       0.00       0.00       0.00       0.00       0.00       0.00       0.00       0.00       8.00       8.00       0.00       0.00       0.00       0.00       0.00       0.00
17시 08분 44초    2       0.00       0.00       0.00      57.00       0.00       0.00       0.00       0.00       0.00       0.00       0.00       0.00       0.00       0.00       0.00       0.00       0.00       0.00       0.00       0.00       0.00       0.00       0.00       0.00       0.00       0.00       0.00       0.00       0.00       0.00       0.00       0.00       0.00       0.00       0.00       0.00       0.00       0.00       0.00       0.00       0.00       0.00       0.00       0.00       0.00       0.00       0.00       0.00       0.00       0.00       0.00       0.00       0.00       0.00       0.00       0.00       0.00       0.00       0.00       0.00       0.00       0.00       0.00       0.00       0.00       0.00       0.00       0.00       0.00       0.00       0.00       0.00       0.00       0.00       0.00       0.00       0.00       0.00       0.00       0.00       0.00       0.00       0.00       0.00       0.00       0.00       0.00       0.00       0.00       0.00       0.00       0.00       0.00       0.00       0.00       0.00       0.00       0.00       0.00       0.00       0.00       0.00       0.00       0.00       0.00       0.00       0.00       0.00       0.00       0.00       0.00       0.00       0.00       0.00       0.00       0.00       0.00       0.00       0.00       0.00       0.00       0.00       0.00       0.00       0.00       0.00       0.00       0.00       0.00       0.00       0.00       0.00       0.00       0.00       0.00       0.00      25.00       2.00       0.00       0.00       0.00       0.00       0.00       0.00
17시 08분 44초    3       0.00       0.00       0.00      52.00       0.00       0.00       0.00       0.00       0.00       0.00       0.00       0.00       0.00       0.00       0.00       0.00       0.00       0.00       0.00       0.00       0.00       0.00       0.00       0.00       0.00       0.00       0.00       0.00       0.00       0.00       0.00       0.00       0.00       0.00       0.00       0.00       0.00       0.00       0.00       0.00       0.00       0.00       0.00       0.00       0.00       0.00       0.00       0.00       0.00       0.00       0.00       0.00       0.00       0.00       0.00       0.00       0.00       0.00       0.00       0.00       0.00       0.00       0.00       0.00       0.00       0.00       0.00       0.00       0.00       0.00       0.00       0.00       0.00       0.00       0.00       0.00       0.00       0.00       0.00       0.00       0.00       0.00       0.00       0.00       0.00       0.00       0.00       0.00       0.00       0.00       0.00       0.00       0.00       0.00       0.00       0.00       0.00       0.00       0.00       0.00       0.00       0.00       0.00       0.00       0.00       0.00       0.00       0.00       0.00       0.00       0.00       0.00       0.00       0.00       0.00       0.00       0.00       0.00       0.00       0.00       0.00       0.00       0.00       0.00       0.00       0.00       0.00       0.00       0.00       0.00       0.00       0.00       0.00       0.00       0.00       0.00       3.00       1.00       0.00       0.00       0.00       2.00       0.00       0.00
17시 08분 44초    4       0.00       0.00       0.00      44.00       0.00       0.00       0.00       0.00       0.00       0.00       0.00       0.00       0.00       0.00       0.00       0.00       0.00       0.00       0.00       0.00       0.00       0.00       0.00       0.00       0.00       0.00       0.00       0.00       0.00       0.00       0.00       0.00       0.00       0.00       0.00       0.00       0.00       0.00       0.00       0.00       0.00       0.00       0.00       0.00       0.00       0.00       0.00       0.00       0.00       0.00       0.00       0.00       0.00       0.00       0.00       0.00       0.00       0.00       0.00       0.00       0.00       0.00       0.00       0.00       0.00       0.00       0.00       0.00       0.00       0.00       0.00       0.00       0.00       0.00       0.00       0.00       0.00       0.00       0.00       0.00       0.00       0.00       0.00       0.00       0.00       0.00       0.00       0.00       0.00       0.00       0.00       0.00       0.00       0.00       0.00       0.00       0.00       0.00       0.00       0.00       0.00       0.00       0.00       0.00       0.00       0.00       0.00       0.00       0.00       0.00       0.00       0.00       0.00       0.00       0.00       0.00       0.00       0.00       0.00       0.00       0.00       0.00       0.00       0.00       0.00       0.00       0.00       0.00       0.00       0.00       0.00       0.00       0.00       0.00       0.00       0.00       3.00       0.00       0.00       0.00       0.00       0.00       0.00       0.00
17시 08분 44초    5       0.00       0.00       0.00      26.00       0.00       0.00       0.00       0.00       0.00       0.00       0.00       0.00       0.00       0.00       0.00       0.00       0.00       0.00       0.00       0.00       0.00       0.00       0.00       0.00       0.00       0.00       0.00       0.00       0.00       0.00       0.00       0.00       0.00       0.00       0.00       0.00       0.00       0.00       0.00       0.00       0.00       0.00       0.00       0.00       0.00       0.00       0.00       0.00       0.00       0.00       0.00       0.00       0.00       0.00       0.00       0.00       0.00       0.00       0.00       0.00       0.00       0.00       0.00       0.00       0.00       0.00       0.00       0.00       0.00       0.00       0.00       0.00       0.00       0.00       0.00       0.00       0.00       0.00       0.00       0.00       0.00       0.00       0.00       0.00       0.00       0.00       0.00       0.00       0.00       0.00       0.00       0.00       0.00       0.00       0.00       0.00       0.00       0.00       0.00       0.00       0.00       0.00       0.00       0.00       0.00       0.00       0.00       0.00       0.00       0.00       0.00       0.00       0.00       0.00       0.00       0.00       0.00       0.00       0.00       0.00       0.00       0.00       0.00       0.00       0.00       0.00       0.00       0.00       0.00       0.00       0.00       0.00       0.00       0.00       0.00       0.00       4.00       0.00       0.00       0.00       0.00       0.00       0.00       0.00

17시 08분 43초  CPU       HI/s    TIMER/s   NET_TX/s   NET_RX/s    BLOCK/s IRQ_POLL/s  TASKLET/s    SCHED/s  HRTIMER/s      RCU/s
17시 08분 44초    0       0.00      20.00       1.00      11.00      29.00       0.00       0.00      75.00       0.00      41.00
17시 08분 44초    1       0.00      36.00       0.00       0.00       0.00       0.00       0.00      39.00       0.00      25.00
17시 08분 44초    2       0.00      18.00       0.00       0.00       0.00       0.00       0.00      29.00       0.00      25.00
17시 08분 44초    3       0.00       6.00       0.00       0.00       0.00       0.00       0.00      20.00       0.00      24.00
17시 08분 44초    4       0.00       1.00       0.00       0.00       0.00       0.00       0.00      17.00       0.00      29.00
17시 08분 44초    5       0.00      24.00       0.00       0.00       0.00       0.00       0.00      18.00       0.00      15.00

17시 08분 44초  CPU    %usr   %nice    %sys %iowait    %irq   %soft  %steal  %guest  %gnice   %idle
17시 08분 45초  all    0.33    0.00    2.34    0.00    0.00    0.00    0.00    0.00    0.00   97.32
17시 08분 45초    0    0.99    0.00    2.97    0.00    0.00    0.00    0.00    0.00    0.00   96.04
17시 08분 45초    1    0.00    0.00    0.00    0.00    0.00    0.00    0.00    0.00    0.00  100.00
17시 08분 45초    2    0.00    0.00    2.00    0.00    0.00    0.00    0.00    0.00    0.00   98.00
17시 08분 45초    3    0.00    0.00    3.03    0.00    0.00    0.00    0.00    0.00    0.00   96.97
17시 08분 45초    4    1.00    0.00    5.00    0.00    0.00    0.00    0.00    0.00    0.00   94.00
17시 08분 45초    5    0.00    0.00    1.00    0.00    0.00    0.00    0.00    0.00    0.00   99.00

17시 08분 44초  CPU    intr/s
17시 08분 45초  all    377.00
17시 08분 45초    0     72.00
17시 08분 45초    1     77.00
17시 08분 45초    2    105.00
17시 08분 45초    3     38.00
17시 08분 45초    4     65.00
17시 08분 45초    5     80.00

17시 08분 44초  CPU        9/s       11/s       12/s       13/s       18/s       20/s       21/s       22/s       23/s       24/s       25/s       26/s       27/s       28/s       29/s       30/s       31/s       32/s       33/s       34/s       35/s       36/s       37/s       38/s       39/s       40/s       41/s       42/s       43/s       44/s       45/s       46/s       47/s       48/s       49/s       50/s       51/s       52/s       53/s       54/s       55/s       57/s       59/s       61/s       65/s       66/s       67/s       68/s       69/s       70/s       71/s       72/s       73/s       74/s       75/s       76/s       77/s       79/s       80/s       81/s       82/s       83/s       84/s       85/s       86/s       87/s       88/s       89/s       90/s       91/s       92/s       93/s       94/s       95/s       96/s       97/s       98/s      112/s      113/s      114/s      115/s      116/s      117/s      118/s      119/s      120/s      121/s      122/s      123/s      124/s      125/s      126/s      127/s      128/s      129/s      130/s      131/s      132/s      133/s      134/s      135/s      136/s      137/s      138/s      150/s      154/s      162/s      167/s      171/s      224/s      228/s      229/s      230/s      231/s      232/s      233/s      234/s      235/s      236/s      237/s      245/s      246/s      247/s      249/s      250/s      252/s      253/s      262/s      263/s      294/s      296/s      297/s      298/s      299/s      301/s      302/s     IPI0/s     IPI1/s     IPI2/s     IPI3/s     IPI4/s     IPI5/s     IPI6/s      Err/s
17시 08분 45초    0       0.00       0.00       0.00      33.00       0.00       0.00       0.00       0.00       0.00       0.00       0.00       0.00       0.00       0.00       0.00       0.00       0.00       0.00       0.00       0.00       0.00       0.00       0.00       0.00       0.00       0.00       0.00       0.00       0.00       0.00       0.00       0.00       0.00       0.00       0.00       0.00       0.00       0.00       0.00       0.00       0.00       0.00       0.00       0.00       0.00       0.00       0.00       0.00       0.00       0.00       0.00       0.00       0.00       0.00       0.00       0.00       0.00       0.00       0.00       0.00       0.00       0.00       0.00       0.00       0.00       0.00       0.00       0.00       0.00       0.00       0.00       0.00       0.00       0.00       0.00       0.00       0.00       0.00       0.00       1.00       0.00       0.00       0.00       0.00       0.00       0.00       0.00       0.00       0.00       0.00       0.00       0.00       0.00       0.00       0.00       0.00       0.00       0.00       0.00       0.00       0.00       0.00       0.00       0.00       0.00      16.00       0.00       0.00       0.00       0.00       0.00       0.00       0.00       0.00       0.00       0.00       0.00       0.00       0.00       0.00       0.00       0.00       0.00       0.00       0.00       0.00       0.00       0.00       0.00       0.00       0.00       0.00       0.00       0.00      36.00       0.00       2.00       9.00       0.00       0.00       0.00       2.00       0.00       0.00
17시 08분 45초    1       0.00       0.00       0.00      42.00       0.00       0.00       0.00       0.00       0.00       0.00       0.00       0.00       0.00       0.00       0.00       0.00       0.00       0.00       0.00       0.00       0.00       0.00       0.00       0.00       0.00       0.00       0.00       0.00       0.00       0.00       0.00       0.00       0.00       0.00       0.00       0.00       0.00       0.00       0.00       0.00       0.00       0.00       0.00       0.00       0.00       0.00       0.00       0.00       0.00       0.00       0.00       0.00       0.00       0.00       0.00       0.00       0.00       0.00       0.00       0.00       0.00       0.00       0.00       0.00       0.00       0.00       0.00       0.00       0.00       0.00       0.00       0.00       0.00       0.00       0.00       0.00       0.00       0.00       0.00       0.00       0.00       0.00       0.00       0.00       0.00       0.00       0.00       0.00       0.00       0.00       0.00       0.00       0.00       0.00       0.00       0.00       0.00       0.00       0.00       0.00       0.00       0.00       0.00       0.00       0.00       0.00       0.00       0.00       0.00       0.00       0.00       0.00       0.00       0.00       0.00       0.00       0.00       0.00       0.00       0.00       0.00       0.00       0.00       0.00       0.00       0.00       0.00       0.00       0.00       0.00       0.00       0.00       0.00       0.00       0.00       0.00       1.00       0.00       0.00       0.00       0.00       0.00       0.00       0.00
17시 08분 45초    2       0.00       0.00       0.00      66.00       0.00       0.00       0.00       0.00       0.00       0.00       0.00       0.00       0.00       0.00       0.00       0.00       0.00       0.00       0.00       0.00       0.00       0.00       0.00       0.00       0.00       0.00       0.00       0.00       0.00       0.00       0.00       0.00       0.00       0.00       0.00       0.00       0.00       0.00       0.00       0.00       0.00       0.00       0.00       0.00       0.00       0.00       0.00       0.00       0.00       0.00       0.00       0.00       0.00       0.00       0.00       0.00       0.00       0.00       0.00       0.00       0.00       0.00       0.00       0.00       0.00       0.00       0.00       0.00       0.00       0.00       0.00       0.00       0.00       0.00       0.00       0.00       0.00       0.00       0.00       0.00       0.00       0.00       0.00       0.00       0.00       0.00       0.00       0.00       0.00       0.00       0.00       0.00       0.00       0.00       0.00       0.00       0.00       0.00       0.00       0.00       0.00       0.00       0.00       0.00       0.00       0.00       0.00       0.00       0.00       0.00       0.00       0.00       0.00       0.00       0.00       0.00       0.00       0.00       0.00       0.00       0.00       0.00       0.00       0.00       0.00       0.00       0.00       0.00       0.00       0.00       0.00       0.00       0.00       0.00       0.00       0.00       6.00       4.00       0.00       0.00       0.00       0.00       0.00       0.00
17시 08분 45초    3       0.00       0.00       0.00      33.00       0.00       0.00       0.00       0.00       0.00       0.00       0.00       0.00       0.00       0.00       0.00       0.00       0.00       0.00       0.00       0.00       0.00       0.00       0.00       0.00       0.00       0.00       0.00       0.00       0.00       0.00       0.00       0.00       0.00       0.00       0.00       0.00       0.00       0.00       0.00       0.00       0.00       0.00       0.00       0.00       0.00       0.00       0.00       0.00       0.00       0.00       0.00       0.00       0.00       0.00       0.00       0.00       0.00       0.00       0.00       0.00       0.00       0.00       0.00       0.00       0.00       0.00       0.00       0.00       0.00       0.00       0.00       0.00       0.00       0.00       0.00       0.00       0.00       0.00       0.00       0.00       0.00       0.00       0.00       0.00       0.00       0.00       0.00       0.00       0.00       0.00       0.00       0.00       0.00       0.00       0.00       0.00       0.00       0.00       0.00       0.00       0.00       0.00       0.00       0.00       0.00       0.00       0.00       0.00       0.00       0.00       0.00       0.00       0.00       0.00       0.00       0.00       0.00       0.00       0.00       0.00       0.00       0.00       0.00       0.00       0.00       0.00       0.00       0.00       0.00       0.00       0.00       0.00       0.00       0.00       0.00       0.00       3.00       0.00       0.00       0.00       0.00       0.00       0.00       0.00
17시 08분 45초    4       0.00       0.00       0.00      58.00       0.00       0.00       0.00       0.00       0.00       0.00       0.00       0.00       0.00       0.00       0.00       0.00       0.00       0.00       0.00       0.00       0.00       0.00       0.00       0.00       0.00       0.00       0.00       0.00       0.00       0.00       0.00       0.00       0.00       0.00       0.00       0.00       0.00       0.00       0.00       0.00       0.00       0.00       0.00       0.00       0.00       0.00       0.00       0.00       0.00       0.00       0.00       0.00       0.00       0.00       0.00       0.00       0.00       0.00       0.00       0.00       0.00       0.00       0.00       0.00       0.00       0.00       0.00       0.00       0.00       0.00       0.00       0.00       0.00       0.00       0.00       0.00       0.00       0.00       0.00       0.00       0.00       0.00       0.00       0.00       0.00       0.00       0.00       0.00       0.00       0.00       0.00       0.00       0.00       0.00       0.00       0.00       0.00       0.00       0.00       0.00       0.00       0.00       0.00       0.00       0.00       0.00       0.00       0.00       0.00       0.00       0.00       0.00       0.00       0.00       0.00       0.00       0.00       0.00       0.00       0.00       0.00       0.00       0.00       0.00       0.00       0.00       0.00       0.00       0.00       0.00       0.00       0.00       0.00       0.00       0.00       0.00       2.00       0.00       0.00       0.00       0.00       0.00       0.00       0.00
17시 08분 45초    5       0.00       0.00       0.00      48.00       0.00       0.00       0.00       0.00       0.00       0.00       0.00       0.00       0.00       0.00       0.00       0.00       0.00       0.00       0.00       0.00       0.00       0.00       0.00       0.00       0.00       0.00       0.00       0.00       0.00       0.00       0.00       0.00       0.00       0.00       0.00       0.00       0.00       0.00       0.00       0.00       0.00       0.00       0.00       0.00       0.00       0.00       0.00       0.00       0.00       0.00       0.00       0.00       0.00       0.00       0.00       0.00       0.00       0.00       0.00       0.00       0.00       0.00       0.00       0.00       0.00       0.00       0.00       0.00       0.00       0.00       0.00       0.00       0.00       0.00       0.00       0.00       0.00       0.00       0.00       0.00       0.00       0.00       0.00       0.00       0.00       0.00       0.00       0.00       0.00       0.00       0.00       0.00       0.00       0.00       0.00       0.00       0.00       0.00       0.00       0.00       0.00       0.00       0.00       0.00       0.00       0.00       0.00       0.00       0.00       0.00       0.00       0.00       0.00       0.00       0.00       0.00       0.00       0.00       0.00       0.00       0.00       0.00       0.00       0.00       0.00       0.00       0.00       0.00       0.00       0.00       0.00       0.00       0.00       0.00       0.00       0.00      15.00       0.00       0.00       0.00       0.00       0.00       0.00       0.00

17시 08분 44초  CPU       HI/s    TIMER/s   NET_TX/s   NET_RX/s    BLOCK/s IRQ_POLL/s  TASKLET/s    SCHED/s  HRTIMER/s      RCU/s
17시 08분 45초    0       0.00       3.00       0.00      33.00       0.00       0.00       0.00      21.00       0.00      15.00
17시 08분 45초    1       0.00      27.00       0.00       0.00       0.00       0.00       0.00      27.00       0.00      23.00
17시 08분 45초    2       0.00      32.00       0.00       0.00       0.00       0.00       0.00      41.00       0.00      32.00
17시 08분 45초    3       0.00       5.00       0.00       0.00       0.00       0.00       0.00      11.00       0.00      22.00
17시 08분 45초    4       0.00       7.00       0.00       0.00       0.00       0.00       0.00      23.00       0.00      35.00
17시 08분 45초    5       0.00      31.00       0.00       0.00       0.00       0.00       0.00      26.00       0.00      23.00

17시 08분 45초  CPU    %usr   %nice    %sys %iowait    %irq   %soft  %steal  %guest  %gnice   %idle
17시 08분 46초  all    0.50    0.00    3.67    1.17    0.00    0.00    0.00    0.00    0.00   94.66
17시 08분 46초    0    1.00    0.00    3.00    0.00    0.00    0.00    0.00    0.00    0.00   96.00
17시 08분 46초    1    0.00    0.00    0.99    2.97    0.00    0.00    0.00    0.00    0.00   96.04
17시 08분 46초    2    0.00    0.00    0.99    1.98    0.00    0.00    0.00    0.00    0.00   97.03
17시 08분 46초    3    1.02    0.00   13.27    2.04    0.00    0.00    0.00    0.00    0.00   83.67
17시 08분 46초    4    1.00    0.00    4.00    0.00    0.00    0.00    0.00    0.00    0.00   95.00
17시 08분 46초    5    0.00    0.00    0.00    0.00    0.00    0.00    0.00    0.00    0.00  100.00

17시 08분 45초  CPU    intr/s
17시 08분 46초  all    783.00
17시 08분 46초    0    114.00
17시 08분 46초    1     70.00
17시 08분 46초    2     81.00
17시 08분 46초    3     64.00
17시 08분 46초    4     60.00
17시 08분 46초    5     60.00

17시 08분 45초  CPU        9/s       11/s       12/s       13/s       18/s       20/s       21/s       22/s       23/s       24/s       25/s       26/s       27/s       28/s       29/s       30/s       31/s       32/s       33/s       34/s       35/s       36/s       37/s       38/s       39/s       40/s       41/s       42/s       43/s       44/s       45/s       46/s       47/s       48/s       49/s       50/s       51/s       52/s       53/s       54/s       55/s       57/s       59/s       61/s       65/s       66/s       67/s       68/s       69/s       70/s       71/s       72/s       73/s       74/s       75/s       76/s       77/s       79/s       80/s       81/s       82/s       83/s       84/s       85/s       86/s       87/s       88/s       89/s       90/s       91/s       92/s       93/s       94/s       95/s       96/s       97/s       98/s      112/s      113/s      114/s      115/s      116/s      117/s      118/s      119/s      120/s      121/s      122/s      123/s      124/s      125/s      126/s      127/s      128/s      129/s      130/s      131/s      132/s      133/s      134/s      135/s      136/s      137/s      138/s      150/s      154/s      162/s      167/s      171/s      224/s      228/s      229/s      230/s      231/s      232/s      233/s      234/s      235/s      236/s      237/s      245/s      246/s      247/s      249/s      250/s      252/s      253/s      262/s      263/s      294/s      296/s      297/s      298/s      299/s      301/s      302/s     IPI0/s     IPI1/s     IPI2/s     IPI3/s     IPI4/s     IPI5/s     IPI6/s      Err/s
17시 08분 46초    0       0.00       0.00       0.00      90.00       0.00       0.00       0.00       0.00       0.00       0.00       0.00       0.00       0.00       0.00       0.00       0.00       0.00       0.00       0.00       0.00       0.00       0.00       0.00       0.00       0.00       0.00       0.00       0.00       0.00       0.00       0.00       0.00       0.00       0.00       0.00       0.00       0.00       0.00       0.00       0.00       0.00       0.00       0.00       0.00       0.00       0.00     134.00       0.00       0.00       0.00       0.00       0.00       0.00       0.00       0.00       0.00       0.00       0.00       0.00       0.00       0.00       0.00       0.00       0.00       0.00       0.00       0.00       0.00       0.00       0.00       0.00       0.00       0.00       0.00       0.00       0.00       0.00       0.00       0.00       1.00       0.00       0.00       0.00       0.00       0.00       0.00       0.00       0.00       0.00       0.00       0.00       0.00       0.00       0.00       0.00       0.00       0.00       0.00       0.00       0.00       0.00       0.00       0.00       0.00       0.00      50.00       0.00       0.00       0.00       0.00       0.00       0.00       0.00       0.00       0.00       0.00       0.00       0.00       0.00       0.00       0.00       0.00       0.00       0.00       0.00       0.00       0.00       0.00       0.00       0.00       0.00       0.00       0.00       0.00      24.00       0.00       6.00       8.00       0.00       0.00       0.00      12.00       0.00       0.00
17시 08분 46초    1       0.00       0.00       0.00      43.00       0.00       0.00       0.00       0.00       0.00       0.00       0.00       0.00       0.00       0.00       0.00       0.00       0.00       0.00       0.00       0.00       0.00       0.00       0.00       0.00       0.00       0.00       0.00       0.00       0.00       0.00       0.00       0.00       0.00       0.00       0.00       0.00       0.00       0.00       0.00       0.00       0.00       0.00       0.00       0.00       0.00       0.00       0.00       0.00       0.00       0.00       0.00       0.00       0.00       0.00       0.00       0.00       0.00       0.00       0.00       0.00       0.00       0.00       0.00       0.00       0.00       0.00       0.00       0.00       0.00       0.00       0.00       0.00       0.00       0.00       0.00       0.00       0.00       0.00       0.00       0.00       0.00       0.00       0.00       0.00       0.00       0.00       0.00       0.00       0.00       0.00       0.00       0.00       0.00       0.00       0.00       0.00       0.00       0.00       0.00       0.00       0.00       0.00       0.00       0.00       0.00       0.00       0.00       0.00       0.00       0.00       0.00       0.00       0.00       0.00       0.00       0.00       0.00       0.00       0.00       0.00       0.00       0.00       0.00       0.00       0.00       0.00       0.00       0.00       0.00       0.00       0.00       0.00       0.00       0.00       0.00       0.00       5.00       0.00       0.00       0.00       0.00       2.00       0.00       0.00
17시 08분 46초    2       0.00       0.00       0.00      64.00       0.00       0.00       0.00       0.00       0.00       0.00       0.00       0.00       0.00       0.00       0.00       0.00       0.00       0.00       0.00       0.00       0.00       0.00       0.00       0.00       0.00       0.00       0.00       0.00       0.00       0.00       0.00       0.00       0.00       0.00       0.00       0.00       0.00       0.00       0.00       0.00       0.00       0.00       0.00       0.00       0.00       0.00       0.00       0.00       0.00       0.00       0.00       0.00       0.00       0.00       0.00       0.00       0.00       0.00       0.00       0.00       0.00       0.00       0.00       0.00       0.00       0.00       0.00       0.00       0.00       0.00       0.00       0.00       0.00       0.00       0.00       0.00       0.00       0.00       0.00       0.00       0.00       0.00       0.00       0.00       0.00       0.00       0.00       0.00       0.00       0.00       0.00       0.00       0.00       0.00       0.00       0.00       0.00       0.00       0.00       0.00       0.00       0.00       0.00       0.00       0.00       0.00       0.00       0.00       0.00       0.00       0.00       0.00       0.00       0.00       0.00       0.00       0.00       0.00       0.00       0.00       0.00       0.00       0.00       0.00       0.00       0.00       0.00       0.00       0.00       0.00       0.00       0.00       0.00       0.00       0.00       0.00       6.00       4.00       0.00       0.00       0.00       0.00       0.00       0.00
17시 08분 46초    3       0.00       0.00       0.00      70.00       0.00       0.00       0.00       0.00       0.00       0.00       0.00       0.00       0.00       0.00       0.00       0.00       0.00       0.00       0.00       0.00       0.00       0.00       0.00       0.00       0.00       0.00       0.00       0.00       0.00       0.00       0.00       0.00       0.00       0.00       0.00       0.00       0.00       0.00       0.00       0.00       0.00       0.00       0.00       0.00       0.00       0.00       0.00       0.00       0.00       0.00       0.00       0.00       0.00       0.00       0.00       0.00       0.00       0.00       0.00       0.00       0.00       0.00       0.00       0.00       0.00       0.00       0.00       0.00       0.00       0.00       0.00       0.00       0.00       0.00       0.00       0.00       0.00       0.00       0.00       0.00       0.00       0.00       0.00       0.00       0.00       0.00       0.00       0.00       0.00       0.00       0.00       0.00       0.00       0.00       0.00       0.00       0.00       0.00       0.00       0.00       0.00       0.00       0.00       0.00       0.00       0.00       0.00       0.00       0.00       0.00       0.00       0.00       0.00       0.00       0.00       0.00       0.00       0.00       0.00       0.00       0.00       0.00       0.00       0.00       0.00       0.00       0.00       0.00       0.00       0.00       0.00       0.00       0.00       0.00       0.00       0.00     143.00       0.00       0.00       0.00       0.00       2.00       0.00       0.00
17시 08분 46초    4       0.00       0.00       0.00      62.00       0.00       0.00       0.00       0.00       0.00       0.00       0.00       0.00       0.00       0.00       0.00       0.00       0.00       0.00       0.00       0.00       0.00       0.00       0.00       0.00       0.00       0.00       0.00       0.00       0.00       0.00       0.00       0.00       0.00       0.00       0.00       0.00       0.00       0.00       0.00       0.00       0.00       0.00       0.00       0.00       0.00       0.00       0.00       0.00       0.00       0.00       0.00       0.00       0.00       0.00       0.00       0.00       0.00       0.00       0.00       0.00       0.00       0.00       0.00       0.00       0.00       0.00       0.00       0.00       0.00       0.00       0.00       0.00       0.00       0.00       0.00       0.00       0.00       0.00       0.00       0.00       0.00       0.00       0.00       0.00       0.00       0.00       0.00       0.00       0.00       0.00       0.00       0.00       0.00       0.00       0.00       0.00       0.00       0.00       0.00       0.00       0.00       0.00       0.00       0.00       0.00       0.00       0.00       0.00       0.00       0.00       0.00       0.00       0.00       0.00       0.00       0.00       0.00       0.00       0.00       0.00       0.00       0.00       0.00       0.00       0.00       0.00       0.00       0.00       0.00       0.00       0.00       0.00       0.00       0.00       0.00       0.00       3.00       0.00       0.00       0.00       0.00       0.00       0.00       0.00
17시 08분 46초    5       0.00       0.00       0.00      41.00       0.00       0.00       0.00       0.00       0.00       0.00       0.00       0.00       0.00       0.00       0.00       0.00       0.00       0.00       0.00       0.00       0.00       0.00       0.00       0.00       0.00       0.00       0.00       0.00       0.00       0.00       0.00       0.00       0.00       0.00       0.00       0.00       0.00       0.00       0.00       0.00       0.00       0.00       0.00       0.00       0.00       0.00       0.00       0.00       0.00       0.00       0.00       0.00       0.00       0.00       0.00       0.00       0.00       0.00       0.00       0.00       0.00       0.00       0.00       0.00       0.00       0.00       0.00       0.00       0.00       0.00       0.00       0.00       0.00       0.00       0.00       0.00       0.00       0.00       0.00       0.00       0.00       0.00       0.00       0.00       0.00       0.00       0.00       0.00       0.00       0.00       0.00       0.00       0.00       0.00       0.00       0.00       0.00       0.00       0.00       0.00       0.00       0.00       0.00       0.00       0.00       0.00       0.00       0.00       0.00       0.00       0.00       0.00       0.00       0.00       0.00       0.00       0.00       0.00       0.00       0.00       0.00       0.00       0.00       0.00       0.00       0.00       0.00       0.00       0.00       0.00       0.00       0.00       0.00       0.00       0.00       0.00      13.00       0.00       0.00       0.00       0.00       0.00       0.00       0.00

17시 08분 45초  CPU       HI/s    TIMER/s   NET_TX/s   NET_RX/s    BLOCK/s IRQ_POLL/s  TASKLET/s    SCHED/s  HRTIMER/s      RCU/s
17시 08분 46초    0       0.00      16.00       0.00      22.00       2.00       0.00       0.00      44.00       0.00      30.00
17시 08분 46초    1       0.00      24.00       0.00       0.00       0.00       0.00       0.00      24.00       0.00      22.00
17시 08분 46초    2       0.00      28.00       0.00       0.00       0.00       0.00       0.00      35.00       0.00      18.00
17시 08분 46초    3       0.00       3.00       0.00       0.00       0.00       0.00       0.00      38.00       0.00      23.00
17시 08분 46초    4       0.00       4.00       0.00       0.00       0.00       0.00       0.00      26.00       0.00      30.00
17시 08분 46초    5       0.00      19.00       0.00       0.00       0.00       0.00       0.00      20.00       0.00      21.00

17시 08분 46초  CPU    %usr   %nice    %sys %iowait    %irq   %soft  %steal  %guest  %gnice   %idle
17시 08분 47초  all    0.33    0.00    2.00    0.00    0.00    0.00    0.00    0.00    0.00   97.66
17시 08분 47초    0    0.00    0.00    2.04    0.00    0.00    0.00    0.00    0.00    0.00   97.96
17시 08분 47초    1    0.00    0.00    1.00    0.00    0.00    0.00    0.00    0.00    0.00   99.00
17시 08분 47초    2    0.00    0.00    1.01    0.00    0.00    0.00    0.00    0.00    0.00   98.99
17시 08분 47초    3    0.00    0.00    2.00    0.00    0.00    0.00    0.00    0.00    0.00   98.00
17시 08분 47초    4    2.00    0.00    4.00    0.00    0.00    0.00    0.00    0.00    0.00   94.00
17시 08분 47초    5    0.00    0.00    1.96    0.00    0.00    0.00    0.00    0.00    0.00   98.04

17시 08분 46초  CPU    intr/s
17시 08분 47초  all    373.00
17시 08분 47초    0    114.00
17시 08분 47초    1     74.00
17시 08분 47초    2     81.00
17시 08분 47초    3     32.00
17시 08분 47초    4     66.00
17시 08분 47초    5     26.00

17시 08분 46초  CPU        9/s       11/s       12/s       13/s       18/s       20/s       21/s       22/s       23/s       24/s       25/s       26/s       27/s       28/s       29/s       30/s       31/s       32/s       33/s       34/s       35/s       36/s       37/s       38/s       39/s       40/s       41/s       42/s       43/s       44/s       45/s       46/s       47/s       48/s       49/s       50/s       51/s       52/s       53/s       54/s       55/s       57/s       59/s       61/s       65/s       66/s       67/s       68/s       69/s       70/s       71/s       72/s       73/s       74/s       75/s       76/s       77/s       79/s       80/s       81/s       82/s       83/s       84/s       85/s       86/s       87/s       88/s       89/s       90/s       91/s       92/s       93/s       94/s       95/s       96/s       97/s       98/s      112/s      113/s      114/s      115/s      116/s      117/s      118/s      119/s      120/s      121/s      122/s      123/s      124/s      125/s      126/s      127/s      128/s      129/s      130/s      131/s      132/s      133/s      134/s      135/s      136/s      137/s      138/s      150/s      154/s      162/s      167/s      171/s      224/s      228/s      229/s      230/s      231/s      232/s      233/s      234/s      235/s      236/s      237/s      245/s      246/s      247/s      249/s      250/s      252/s      253/s      262/s      263/s      294/s      296/s      297/s      298/s      299/s      301/s      302/s     IPI0/s     IPI1/s     IPI2/s     IPI3/s     IPI4/s     IPI5/s     IPI6/s      Err/s
17시 08분 47초    0       0.00       0.00       0.00      73.00       0.00       0.00       0.00       0.00       0.00       0.00       0.00       0.00       0.00       0.00       0.00       0.00       0.00       0.00       0.00       0.00       0.00       0.00       0.00       0.00       0.00       0.00       0.00       0.00       0.00       0.00       0.00       0.00       0.00       0.00       0.00       0.00       0.00       0.00       0.00       0.00       0.00       0.00       0.00       0.00       0.00       0.00       0.00       0.00       0.00       0.00       0.00       0.00       0.00       0.00       0.00       0.00       0.00       0.00       0.00       0.00       0.00       0.00       0.00       0.00       0.00       0.00       0.00       0.00       0.00       0.00       0.00       0.00       0.00       0.00       0.00       0.00       0.00       0.00       0.00       0.00       0.00       0.00       0.00       0.00       0.00       0.00       0.00       0.00       0.00       0.00       0.00       0.00       0.00       0.00       0.00       0.00       0.00       0.00       0.00       0.00       0.00       0.00       0.00       0.00       0.00      15.00       0.00       0.00       0.00       0.00       0.00       0.00       0.00       0.00       0.00       0.00       0.00       0.00       0.00       0.00       0.00       0.00       0.00       0.00       0.00       0.00       0.00       0.00       0.00       0.00       0.00       0.00       0.00       0.00      24.00       0.00       5.00       6.00       0.00       0.00       0.00       0.00       0.00       0.00
17시 08분 47초    1       0.00       0.00       0.00      48.00       0.00       0.00       0.00       0.00       0.00       0.00       0.00       0.00       0.00       0.00       0.00       0.00       0.00       0.00       0.00       0.00       0.00       0.00       0.00       0.00       0.00       0.00       0.00       0.00       0.00       0.00       0.00       0.00       0.00       0.00       0.00       0.00       0.00       0.00       0.00       0.00       0.00       0.00       0.00       0.00       0.00       0.00       0.00       0.00       0.00       0.00       0.00       0.00       0.00       0.00       0.00       0.00       0.00       0.00       0.00       0.00       0.00       0.00       0.00       0.00       0.00       0.00       0.00       0.00       0.00       0.00       0.00       0.00       0.00       0.00       0.00       0.00       0.00       0.00       0.00       0.00       0.00       0.00       0.00       0.00       0.00       0.00       0.00       0.00       0.00       0.00       0.00       0.00       0.00       0.00       0.00       0.00       0.00       0.00       0.00       0.00       0.00       0.00       0.00       0.00       0.00       0.00       0.00       0.00       0.00       0.00       0.00       0.00       0.00       0.00       0.00       0.00       0.00       0.00       0.00       0.00       0.00       0.00       0.00       0.00       0.00       0.00       0.00       0.00       0.00       0.00       0.00       0.00       0.00       0.00       0.00       0.00       5.00       0.00       0.00       0.00       0.00       1.00       0.00       0.00
17시 08분 47초    2       0.00       0.00       0.00      59.00       0.00       0.00       0.00       0.00       0.00       0.00       0.00       0.00       0.00       0.00       0.00       0.00       0.00       0.00       0.00       0.00       0.00       0.00       0.00       0.00       0.00       0.00       0.00       0.00       0.00       0.00       0.00       0.00       0.00       0.00       0.00       0.00       0.00       0.00       0.00       0.00       0.00       0.00       0.00       0.00       0.00       0.00       0.00       0.00       0.00       0.00       0.00       0.00       0.00       0.00       0.00       0.00       0.00       0.00       0.00       0.00       0.00       0.00       0.00       0.00       0.00       0.00       0.00       0.00       0.00       0.00       0.00       0.00       0.00       0.00       0.00       0.00       0.00       0.00       0.00       0.00       0.00       0.00       0.00       0.00       0.00       0.00       0.00       0.00       0.00       0.00       0.00       0.00       0.00       0.00       0.00       0.00       0.00       0.00       0.00       0.00       0.00       0.00       0.00       0.00       0.00       0.00       0.00       0.00       0.00       0.00       0.00       0.00       0.00       0.00       0.00       0.00       0.00       0.00       0.00       0.00       0.00       0.00       0.00       0.00       0.00       0.00       0.00       0.00       0.00       0.00       0.00       0.00       0.00       0.00       0.00       0.00      14.00       2.00       0.00       0.00       0.00       1.00       0.00       0.00
17시 08분 47초    3       0.00       0.00       0.00      37.00       0.00       0.00       0.00       0.00       0.00       0.00       0.00       0.00       0.00       0.00       0.00       0.00       0.00       0.00       0.00       0.00       0.00       0.00       0.00       0.00       0.00       0.00       0.00       0.00       0.00       0.00       0.00       0.00       0.00       0.00       0.00       0.00       0.00       0.00       0.00       0.00       0.00       0.00       0.00       0.00       0.00       0.00       0.00       0.00       0.00       0.00       0.00       0.00       0.00       0.00       0.00       0.00       0.00       0.00       0.00       0.00       0.00       0.00       0.00       0.00       0.00       0.00       0.00       0.00       0.00       0.00       0.00       0.00       0.00       0.00       0.00       0.00       0.00       0.00       0.00       0.00       0.00       0.00       0.00       0.00       0.00       0.00       0.00       0.00       0.00       0.00       0.00       0.00       0.00       0.00       0.00       0.00       0.00       0.00       0.00       0.00       0.00       0.00       0.00       0.00       0.00       0.00       0.00       0.00       0.00       0.00       0.00       0.00       0.00       0.00       0.00       0.00       0.00       0.00       0.00       0.00       0.00       0.00       0.00       0.00       0.00       0.00       0.00       0.00       0.00       0.00       0.00       0.00       0.00       0.00       0.00       0.00       3.00       0.00       0.00       0.00       0.00       0.00       0.00       0.00
17시 08분 47초    4       0.00       0.00       0.00      54.00       0.00       0.00       0.00       0.00       0.00       0.00       0.00       0.00       0.00       0.00       0.00       0.00       0.00       0.00       0.00       0.00       0.00       0.00       0.00       0.00       0.00       0.00       0.00       0.00       0.00       0.00       0.00       0.00       0.00       0.00       0.00       0.00       0.00       0.00       0.00       0.00       0.00       0.00       0.00       0.00       0.00       0.00       0.00       0.00       0.00       0.00       0.00       0.00       0.00       0.00       0.00       0.00       0.00       0.00       0.00       0.00       0.00       0.00       0.00       0.00       0.00       0.00       0.00       0.00       0.00       0.00       0.00       0.00       0.00       0.00       0.00       0.00       0.00       0.00       0.00       0.00       0.00       0.00       0.00       0.00       0.00       0.00       0.00       0.00       0.00       0.00       0.00       0.00       0.00       0.00       0.00       0.00       0.00       0.00       0.00       0.00       0.00       0.00       0.00       0.00       0.00       0.00       0.00       0.00       0.00       0.00       0.00       0.00       0.00       0.00       0.00       0.00       0.00       0.00       0.00       0.00       0.00       0.00       0.00       0.00       0.00       0.00       0.00       0.00       0.00       0.00       0.00       0.00       0.00       0.00       0.00       0.00       2.00       0.00       0.00       0.00       0.00       0.00       0.00       0.00
17시 08분 47초    5       0.00       0.00       0.00      21.00       0.00       0.00       0.00       0.00       0.00       0.00       0.00       0.00       0.00       0.00       0.00       0.00       0.00       0.00       0.00       0.00       0.00       0.00       0.00       0.00       0.00       0.00       0.00       0.00       0.00       0.00       0.00       0.00       0.00       0.00       0.00       0.00       0.00       0.00       0.00       0.00       0.00       0.00       0.00       0.00       0.00       0.00       0.00       0.00       0.00       0.00       0.00       0.00       0.00       0.00       0.00       0.00       0.00       0.00       0.00       0.00       0.00       0.00       0.00       0.00       0.00       0.00       0.00       0.00       0.00       0.00       0.00       0.00       0.00       0.00       0.00       0.00       0.00       0.00       0.00       0.00       0.00       0.00       0.00       0.00       0.00       0.00       0.00       0.00       0.00       0.00       0.00       0.00       0.00       0.00       0.00       0.00       0.00       0.00       0.00       0.00       0.00       0.00       0.00       0.00       0.00       0.00       0.00       0.00       0.00       0.00       0.00       0.00       0.00       0.00       0.00       0.00       0.00       0.00       0.00       0.00       0.00       0.00       0.00       0.00       0.00       0.00       0.00       0.00       0.00       0.00       0.00       0.00       0.00       0.00       0.00       0.00       3.00       0.00       0.00       0.00       0.00       0.00       0.00       0.00

17시 08분 46초  CPU       HI/s    TIMER/s   NET_TX/s   NET_RX/s    BLOCK/s IRQ_POLL/s  TASKLET/s    SCHED/s  HRTIMER/s      RCU/s
17시 08분 47초    0       0.00      22.00       0.00      22.00       0.00       0.00       0.00      39.00       0.00      31.00
17시 08분 47초    1       0.00      28.00       0.00       0.00       0.00       0.00       0.00      27.00       0.00      19.00
17시 08분 47초    2       0.00      27.00       0.00       0.00       0.00       0.00       0.00      31.00       0.00      23.00
17시 08분 47초    3       0.00       6.00       0.00       0.00       0.00       0.00       0.00      11.00       0.00      15.00
17시 08분 47초    4       0.00      11.00       0.00       0.00       0.00       0.00       0.00      23.00       0.00      32.00
17시 08분 47초    5       0.00       6.00       0.00       0.00       0.00       0.00       0.00       9.00       0.00      11.00

17시 08분 47초  CPU    %usr   %nice    %sys %iowait    %irq   %soft  %steal  %guest  %gnice   %idle
17시 08분 48초  all    0.83    0.00    1.67    0.00    0.17    0.17    0.00    0.00    0.00   97.17
17시 08분 48초    0    0.00    0.00    2.94    0.00    0.98    0.98    0.00    0.00    0.00   95.10
17시 08분 48초    1    1.00    0.00    0.00    0.00    0.00    0.00    0.00    0.00    0.00   99.00
17시 08분 48초    2    0.99    0.00    1.98    0.00    0.00    0.00    0.00    0.00    0.00   97.03
17시 08분 48초    3    0.00    0.00    2.02    0.00    0.00    0.00    0.00    0.00    0.00   97.98
17시 08분 48초    4    2.02    0.00    3.03    0.00    0.00    0.00    0.00    0.00    0.00   94.95
17시 08분 48초    5    1.01    0.00    0.00    0.00    0.00    0.00    0.00    0.00    0.00   98.99

17시 08분 47초  CPU    intr/s
17시 08분 48초  all    461.00
17시 08분 48초    0     89.00
17시 08분 48초    1     60.00
17시 08분 48초    2     64.00
17시 08분 48초    3     53.00
17시 08분 48초    4     81.00
17시 08분 48초    5     25.00

17시 08분 47초  CPU        9/s       11/s       12/s       13/s       18/s       20/s       21/s       22/s       23/s       24/s       25/s       26/s       27/s       28/s       29/s       30/s       31/s       32/s       33/s       34/s       35/s       36/s       37/s       38/s       39/s       40/s       41/s       42/s       43/s       44/s       45/s       46/s       47/s       48/s       49/s       50/s       51/s       52/s       53/s       54/s       55/s       57/s       59/s       61/s       65/s       66/s       67/s       68/s       69/s       70/s       71/s       72/s       73/s       74/s       75/s       76/s       77/s       79/s       80/s       81/s       82/s       83/s       84/s       85/s       86/s       87/s       88/s       89/s       90/s       91/s       92/s       93/s       94/s       95/s       96/s       97/s       98/s      112/s      113/s      114/s      115/s      116/s      117/s      118/s      119/s      120/s      121/s      122/s      123/s      124/s      125/s      126/s      127/s      128/s      129/s      130/s      131/s      132/s      133/s      134/s      135/s      136/s      137/s      138/s      150/s      154/s      162/s      167/s      171/s      224/s      228/s      229/s      230/s      231/s      232/s      233/s      234/s      235/s      236/s      237/s      245/s      246/s      247/s      249/s      250/s      252/s      253/s      262/s      263/s      294/s      296/s      297/s      298/s      299/s      301/s      302/s     IPI0/s     IPI1/s     IPI2/s     IPI3/s     IPI4/s     IPI5/s     IPI6/s      Err/s
17시 08분 48초    0       0.00       0.00       0.00      63.00       0.00       0.00       0.00       0.00       0.00       0.00       0.00       0.00       0.00       0.00       0.00       0.00       0.00       0.00       0.00       0.00       0.00       0.00       0.00       0.00       0.00       0.00       0.00       0.00       0.00       0.00       0.00       0.00       0.00       0.00       0.00       0.00       0.00       0.00       0.00       0.00       0.00       0.00       0.00       0.00       0.00       0.00       0.00       0.00       0.00       0.00       0.00       0.00       0.00       0.00       0.00       0.00       0.00       0.00       0.00       0.00       0.00       0.00       0.00       0.00       0.00       0.00       0.00       0.00       0.00       0.00       0.00       0.00       0.00       0.00       0.00       0.00       0.00      80.00       0.00       0.00       0.00       0.00       0.00       0.00       0.00       0.00       0.00       0.00       0.00       0.00       0.00       0.00       0.00       0.00       0.00       0.00       0.00       0.00       0.00       0.00       0.00       0.00       0.00       0.00       0.00       5.00       0.00       0.00       0.00       0.00       0.00       0.00       0.00       0.00       0.00       0.00       0.00       0.00       0.00       0.00       0.00       0.00       0.00       0.00       0.00       0.00       0.00       0.00       0.00       0.00       0.00       0.00       0.00       0.00      12.00       0.00       3.00       7.00       0.00       0.00       0.00       0.00       0.00       0.00
17시 08분 48초    1       0.00       0.00       0.00      34.00       0.00       0.00       0.00       0.00       0.00       0.00       0.00       0.00       0.00       0.00       0.00       0.00       0.00       0.00       0.00       0.00       0.00       0.00       0.00       0.00       0.00       0.00       0.00       0.00       0.00       0.00       0.00       0.00       0.00       0.00       0.00       0.00       0.00       0.00       0.00       0.00       0.00       0.00       0.00       0.00       0.00       0.00       0.00       0.00       0.00       0.00       0.00       0.00       0.00       0.00       0.00       0.00       0.00       0.00       0.00       0.00       0.00       0.00       0.00       0.00       0.00       0.00       0.00       0.00       0.00       0.00       0.00       0.00       0.00       0.00       0.00       0.00       0.00       0.00       0.00       0.00       0.00       0.00       0.00       0.00       0.00       0.00       0.00       0.00       0.00       0.00       0.00       0.00       0.00       0.00       0.00       0.00       0.00       0.00       0.00       0.00       0.00       0.00       0.00       0.00       0.00       0.00       0.00       0.00       0.00       0.00       0.00       0.00       0.00       0.00       0.00       0.00       0.00       0.00       0.00       0.00       0.00       0.00       0.00       0.00       0.00       0.00       0.00       0.00       0.00       0.00       0.00       0.00       0.00       0.00       0.00       0.00       2.00       2.00       0.00       0.00       0.00       0.00       0.00       0.00
17시 08분 48초    2       0.00       0.00       0.00      40.00       0.00       0.00       0.00       0.00       0.00       0.00       0.00       0.00       0.00       0.00       0.00       0.00       0.00       0.00       0.00       0.00       0.00       0.00       0.00       0.00       0.00       0.00       0.00       0.00       0.00       0.00       0.00       0.00       0.00       0.00       0.00       0.00       0.00       0.00       0.00       0.00       0.00       0.00       0.00       0.00       0.00       0.00       0.00       0.00       0.00       0.00       0.00       0.00       0.00       0.00       0.00       0.00       0.00       0.00       0.00       0.00       0.00       0.00       0.00       0.00       0.00       0.00       0.00       0.00       0.00       0.00       0.00       0.00       0.00       0.00       0.00       0.00       0.00       0.00       0.00       0.00       0.00       0.00       0.00       0.00       0.00       0.00       0.00       0.00       0.00       0.00       0.00       0.00       0.00       0.00       0.00       0.00       0.00       0.00       0.00       0.00       0.00       0.00       0.00       0.00       0.00       0.00       0.00       0.00       0.00       0.00       0.00       0.00       0.00       0.00       0.00       0.00       0.00       0.00       0.00       0.00       0.00       0.00       0.00       0.00       0.00       0.00       0.00       0.00       0.00       0.00       0.00       0.00       0.00       0.00       0.00       0.00       1.00       2.00       0.00       0.00       0.00       0.00       0.00       0.00
17시 08분 48초    3       0.00       0.00       0.00      38.00       0.00       0.00       0.00       0.00       0.00       0.00       0.00       0.00       0.00       0.00       0.00       0.00       0.00       0.00       0.00       0.00       0.00       0.00       0.00       0.00       0.00       0.00       0.00       0.00       0.00       0.00       0.00       0.00       0.00       0.00       0.00       0.00       0.00       0.00       0.00       0.00       0.00       0.00       0.00       0.00       0.00       0.00       0.00       0.00       0.00       0.00       0.00       0.00       0.00       0.00       0.00       0.00       0.00       0.00       0.00       0.00       0.00       0.00       0.00       0.00       0.00       0.00       0.00       0.00       0.00       0.00       0.00       0.00       0.00       0.00       0.00       0.00       0.00       0.00       0.00       0.00       0.00       0.00       0.00       0.00       0.00       0.00       0.00       0.00       0.00       0.00       0.00       0.00       0.00       0.00       0.00       0.00       0.00       0.00       0.00       0.00       0.00       0.00       0.00       0.00       0.00       0.00       0.00       0.00       0.00       0.00       0.00       0.00       0.00       0.00       0.00       0.00       0.00       0.00       0.00       0.00       0.00       0.00       0.00       0.00       0.00       0.00       0.00       0.00       0.00       0.00       0.00       0.00       0.00       0.00       0.00       0.00      13.00       0.00       0.00       0.00       0.00       0.00       0.00       0.00
17시 08분 48초    4       0.00       0.00       0.00      59.00       0.00       0.00       0.00       0.00       0.00       0.00       0.00       0.00       0.00       0.00       0.00       0.00       0.00       0.00       0.00       0.00       0.00       0.00       0.00       0.00       0.00       0.00       0.00       0.00       0.00       0.00       0.00       0.00       0.00       0.00       0.00       0.00       0.00       0.00       0.00       0.00       0.00       0.00       0.00       0.00       0.00       0.00       0.00       0.00       0.00       0.00       0.00       0.00       0.00       0.00       0.00       0.00       0.00       0.00       0.00       0.00       0.00       0.00       0.00       0.00       0.00       0.00       0.00       0.00       0.00       0.00       0.00       0.00       0.00       0.00       0.00       0.00       0.00       0.00       0.00       0.00       0.00       0.00       0.00       0.00       0.00       0.00       0.00       0.00       0.00       0.00       0.00       0.00       0.00       0.00       0.00       0.00       0.00       0.00       0.00       0.00       0.00       0.00       0.00       0.00       0.00       0.00       0.00       0.00       0.00       0.00       0.00       0.00       0.00       0.00       0.00       0.00       0.00       0.00       0.00       0.00       0.00       0.00       0.00       0.00       0.00       0.00       0.00       0.00       0.00       0.00       0.00       0.00       0.00       0.00       0.00       0.00       5.00       0.00       0.00       0.00       0.00       0.00       0.00       0.00
17시 08분 48초    5       0.00       0.00       0.00      24.00       0.00       0.00       0.00       0.00       0.00       0.00       0.00       0.00       0.00       0.00       0.00       0.00       0.00       0.00       0.00       0.00       0.00       0.00       0.00       0.00       0.00       0.00       0.00       0.00       0.00       0.00       0.00       0.00       0.00       0.00       0.00       0.00       0.00       0.00       0.00       0.00       0.00       0.00       0.00       0.00       0.00       0.00       0.00       0.00       0.00       0.00       0.00       0.00       0.00       0.00       0.00       0.00       0.00       0.00       0.00       0.00       0.00       0.00       0.00       0.00       0.00       0.00       0.00       0.00       0.00       0.00       0.00       0.00       0.00       0.00       0.00       0.00       0.00       0.00       0.00       0.00       0.00       0.00       0.00       0.00       0.00       0.00       0.00       0.00       0.00       0.00       0.00       0.00       0.00       0.00       0.00       0.00       0.00       0.00       0.00       0.00       0.00       0.00       0.00       0.00       0.00       0.00       0.00       0.00       0.00       0.00       0.00       0.00       0.00       0.00       0.00       0.00       0.00       0.00       0.00       0.00       0.00       0.00       0.00       0.00       0.00       0.00       0.00       0.00       0.00       0.00       0.00       0.00       0.00       0.00       0.00       0.00      72.00       0.00       0.00       0.00       0.00       0.00       0.00       0.00

17시 08분 47초  CPU       HI/s    TIMER/s   NET_TX/s   NET_RX/s    BLOCK/s IRQ_POLL/s  TASKLET/s    SCHED/s  HRTIMER/s      RCU/s
17시 08분 48초    0       0.00      17.00       0.00      11.00       0.00       0.00       0.00      34.00       0.00      27.00
17시 08분 48초    1       0.00      18.00       0.00       0.00       0.00       0.00       0.00      25.00       0.00      17.00
17시 08분 48초    2       0.00      21.00       0.00       0.00       0.00       0.00       0.00      28.00       0.00      15.00
17시 08분 48초    3       0.00      16.00       0.00       0.00       0.00       0.00       0.00      15.00       0.00      22.00
17시 08분 48초    4       0.00      16.00       0.00       0.00       0.00       0.00       0.00      29.00       0.00      36.00
17시 08분 48초    5       0.00       7.00       0.00       0.00       0.00       0.00       0.00       7.00       0.00      11.00

17시 08분 48초  CPU    %usr   %nice    %sys %iowait    %irq   %soft  %steal  %guest  %gnice   %idle
17시 08분 49초  all    0.50    0.00    1.83    0.00    0.17    0.00    0.00    0.00    0.00   97.50
17시 08분 49초    0    0.99    0.00    2.97    0.00    0.00    0.00    0.00    0.00    0.00   96.04
17시 08분 49초    1    0.00    0.00    1.01    0.00    0.00    0.00    0.00    0.00    0.00   98.99
17시 08분 49초    2    0.00    0.00    1.01    0.00    0.00    0.00    0.00    0.00    0.00   98.99
17시 08분 49초    3    1.00    0.00    1.00    0.00    0.00    0.00    0.00    0.00    0.00   98.00
17시 08분 49초    4    0.98    0.00    4.90    0.00    0.98    0.00    0.00    0.00    0.00   93.14
17시 08분 49초    5    0.00    0.00    0.00    0.00    0.00    0.00    0.00    0.00    0.00  100.00

17시 08분 48초  CPU    intr/s
17시 08분 49초  all    329.00
17시 08분 49초    0    114.00
17시 08분 49초    1     76.00
17시 08분 49초    2     31.00
17시 08분 49초    3     78.00
17시 08분 49초    4     75.00
17시 08분 49초    5     17.00

17시 08분 48초  CPU        9/s       11/s       12/s       13/s       18/s       20/s       21/s       22/s       23/s       24/s       25/s       26/s       27/s       28/s       29/s       30/s       31/s       32/s       33/s       34/s       35/s       36/s       37/s       38/s       39/s       40/s       41/s       42/s       43/s       44/s       45/s       46/s       47/s       48/s       49/s       50/s       51/s       52/s       53/s       54/s       55/s       57/s       59/s       61/s       65/s       66/s       67/s       68/s       69/s       70/s       71/s       72/s       73/s       74/s       75/s       76/s       77/s       79/s       80/s       81/s       82/s       83/s       84/s       85/s       86/s       87/s       88/s       89/s       90/s       91/s       92/s       93/s       94/s       95/s       96/s       97/s       98/s      112/s      113/s      114/s      115/s      116/s      117/s      118/s      119/s      120/s      121/s      122/s      123/s      124/s      125/s      126/s      127/s      128/s      129/s      130/s      131/s      132/s      133/s      134/s      135/s      136/s      137/s      138/s      150/s      154/s      162/s      167/s      171/s      224/s      228/s      229/s      230/s      231/s      232/s      233/s      234/s      235/s      236/s      237/s      245/s      246/s      247/s      249/s      250/s      252/s      253/s      262/s      263/s      294/s      296/s      297/s      298/s      299/s      301/s      302/s     IPI0/s     IPI1/s     IPI2/s     IPI3/s     IPI4/s     IPI5/s     IPI6/s      Err/s
17시 08분 49초    0       0.00       0.00       0.00      78.00       0.00       0.00       0.00       0.00       0.00       0.00       0.00       0.00       0.00       0.00       0.00       0.00       0.00       0.00       0.00       0.00       0.00       0.00       0.00       0.00       0.00       0.00       0.00       0.00       0.00       0.00       0.00       0.00       0.00       0.00       0.00       0.00       0.00       0.00       0.00       0.00       0.00       0.00       0.00       0.00       0.00       0.00       0.00       0.00       0.00       0.00       0.00       0.00       0.00       0.00       0.00       0.00       0.00       0.00       0.00       0.00       0.00       0.00       0.00       0.00       0.00       0.00       0.00       0.00       0.00       0.00       0.00       0.00       0.00       0.00       0.00       0.00       0.00       0.00       0.00       0.00       0.00       0.00       0.00       0.00       0.00       0.00       0.00       0.00       0.00       0.00       0.00       0.00       0.00       0.00       0.00       0.00       0.00       0.00       0.00       0.00       0.00       0.00       0.00       0.00       0.00       5.00       0.00       0.00       0.00       0.00       0.00       0.00       0.00       0.00       0.00       0.00       0.00       0.00       0.00       0.00       0.00       0.00       0.00       0.00       0.00       0.00       0.00       0.00       0.00       0.00       0.00       0.00       0.00       0.00      12.00       0.00       3.00       5.00       0.00       0.00       0.00       0.00       0.00       0.00
17시 08분 49초    1       0.00       0.00       0.00      42.00       0.00       0.00       0.00       0.00       0.00       0.00       0.00       0.00       0.00       0.00       0.00       0.00       0.00       0.00       0.00       0.00       0.00       0.00       0.00       0.00       0.00       0.00       0.00       0.00       0.00       0.00       0.00       0.00       0.00       0.00       0.00       0.00       0.00       0.00       0.00       0.00       0.00       0.00       0.00       0.00       0.00       0.00       0.00       0.00       0.00       0.00       0.00       0.00       0.00       0.00       0.00       0.00       0.00       0.00       0.00       0.00       0.00       0.00       0.00       0.00       0.00       0.00       0.00       0.00       0.00       0.00       0.00       0.00       0.00       0.00       0.00       0.00       0.00       0.00       0.00       0.00       0.00       0.00       0.00       0.00       0.00       0.00       0.00       0.00       0.00       0.00       0.00       0.00       0.00       0.00       0.00       0.00       0.00       0.00       0.00       0.00       0.00       0.00       0.00       0.00       0.00       0.00       0.00       0.00       0.00       0.00       0.00       0.00       0.00       0.00       0.00       0.00       0.00       0.00       0.00       0.00       0.00       0.00       0.00       0.00       0.00       0.00       0.00       0.00       0.00       0.00       0.00       0.00       0.00       0.00       0.00       0.00       1.00       1.00       0.00       0.00       0.00       0.00       0.00       0.00
17시 08분 49초    2       0.00       0.00       0.00      24.00       0.00       0.00       0.00       0.00       0.00       0.00       0.00       0.00       0.00       0.00       0.00       0.00       0.00       0.00       0.00       0.00       0.00       0.00       0.00       0.00       0.00       0.00       0.00       0.00       0.00       0.00       0.00       0.00       0.00       0.00       0.00       0.00       0.00       0.00       0.00       0.00       0.00       0.00       0.00       0.00       0.00       0.00       0.00       0.00       0.00       0.00       0.00       0.00       0.00       0.00       0.00       0.00       0.00       0.00       0.00       0.00       0.00       0.00       0.00       0.00       0.00       0.00       0.00       0.00       0.00       0.00       0.00       0.00       0.00       0.00       0.00       0.00       0.00       0.00       0.00       0.00       0.00       0.00       0.00       0.00       0.00       0.00       0.00       0.00       0.00       0.00       0.00       0.00       0.00       0.00       0.00       0.00       0.00       0.00       0.00       0.00       0.00       0.00       0.00       0.00       0.00       0.00       0.00       0.00       0.00       0.00       0.00       0.00       0.00       0.00       0.00       0.00       0.00       0.00       0.00       0.00       0.00       0.00       0.00       0.00       0.00       0.00       0.00       0.00       0.00       0.00       0.00       0.00       0.00       0.00       0.00       0.00       8.00       2.00       0.00       0.00       0.00       0.00       0.00       0.00
17시 08분 49초    3       0.00       0.00       0.00      55.00       0.00       0.00       0.00       0.00       0.00       0.00       0.00       0.00       0.00       0.00       0.00       0.00       0.00       0.00       0.00       0.00       0.00       0.00       0.00       0.00       0.00       0.00       0.00       0.00       0.00       0.00       0.00       0.00       0.00       0.00       0.00       0.00       0.00       0.00       0.00       0.00       0.00       0.00       0.00       0.00       0.00       0.00       0.00       0.00       0.00       0.00       0.00       0.00       0.00       0.00       0.00       0.00       0.00       0.00       0.00       0.00       0.00       0.00       0.00       0.00       0.00       0.00       0.00       0.00       0.00       0.00       0.00       0.00       0.00       0.00       0.00       0.00       0.00       0.00       0.00       0.00       0.00       0.00       0.00       0.00       0.00       0.00       0.00       0.00       0.00       0.00       0.00       0.00       0.00       0.00       0.00       0.00       0.00       0.00       0.00       0.00       0.00       0.00       0.00       0.00       0.00       0.00       0.00       0.00       0.00       0.00       0.00       0.00       0.00       0.00       0.00       0.00       0.00       0.00       0.00       0.00       0.00       0.00       0.00       0.00       0.00       0.00       0.00       0.00       0.00       0.00       0.00       0.00       0.00       0.00       0.00       0.00      14.00       1.00       0.00       0.00       0.00       0.00       0.00       0.00
17시 08분 49초    4       0.00       0.00       0.00      58.00       0.00       0.00       0.00       0.00       0.00       0.00       0.00       0.00       0.00       0.00       0.00       0.00       0.00       0.00       0.00       0.00       0.00       0.00       0.00       0.00       0.00       0.00       0.00       0.00       0.00       0.00       0.00       0.00       0.00       0.00       0.00       0.00       0.00       0.00       0.00       0.00       0.00       0.00       0.00       0.00       0.00       0.00       0.00       0.00       0.00       0.00       0.00       0.00       0.00       0.00       0.00       0.00       0.00       0.00       0.00       0.00       0.00       0.00       0.00       0.00       0.00       0.00       0.00       0.00       0.00       0.00       0.00       0.00       0.00       0.00       0.00       0.00       0.00       0.00       0.00       0.00       0.00       0.00       0.00       0.00       0.00       0.00       0.00       0.00       0.00       0.00       0.00       0.00       0.00       0.00       0.00       0.00       0.00       0.00       0.00       0.00       0.00       0.00       0.00       0.00       0.00       0.00       0.00       0.00       0.00       0.00       0.00       0.00       0.00       0.00       0.00       0.00       0.00       0.00       0.00       0.00       0.00       0.00       0.00       0.00       0.00       0.00       0.00       0.00       0.00       0.00       0.00       0.00       0.00       0.00       0.00       0.00       6.00       0.00       0.00       0.00       0.00       0.00       0.00       0.00
17시 08분 49초    5       0.00       0.00       0.00      12.00       0.00       0.00       0.00       0.00       0.00       0.00       0.00       0.00       0.00       0.00       0.00       0.00       0.00       0.00       0.00       0.00       0.00       0.00       0.00       0.00       0.00       0.00       0.00       0.00       0.00       0.00       0.00       0.00       0.00       0.00       0.00       0.00       0.00       0.00       0.00       0.00       0.00       0.00       0.00       0.00       0.00       0.00       0.00       0.00       0.00       0.00       0.00       0.00       0.00       0.00       0.00       0.00       0.00       0.00       0.00       0.00       0.00       0.00       0.00       0.00       0.00       0.00       0.00       0.00       0.00       0.00       0.00       0.00       0.00       0.00       0.00       0.00       0.00       0.00       0.00       0.00       0.00       0.00       0.00       0.00       0.00       0.00       0.00       0.00       0.00       0.00       0.00       0.00       0.00       0.00       0.00       0.00       0.00       0.00       0.00       0.00       0.00       0.00       0.00       0.00       0.00       0.00       0.00       0.00       0.00       0.00       0.00       0.00       0.00       0.00       0.00       0.00       0.00       0.00       0.00       0.00       0.00       0.00       0.00       0.00       0.00       0.00       0.00       0.00       0.00       0.00       0.00       0.00       0.00       0.00       0.00       0.00       1.00       0.00       0.00       0.00       0.00       0.00       0.00       0.00

17시 08분 48초  CPU       HI/s    TIMER/s   NET_TX/s   NET_RX/s    BLOCK/s IRQ_POLL/s  TASKLET/s    SCHED/s  HRTIMER/s      RCU/s
17시 08분 49초    0       0.00      29.00       0.00      11.00       0.00       0.00       0.00      41.00       0.00      33.00
17시 08분 49초    1       0.00      25.00       0.00       0.00       0.00       0.00       0.00      29.00       0.00      22.00
17시 08분 49초    2       0.00       4.00       0.00       0.00       0.00       0.00       0.00      13.00       0.00      14.00
17시 08분 49초    3       0.00      27.00       0.00       0.00       0.00       0.00       0.00      27.00       0.00      24.00
17시 08분 49초    4       0.00      11.00       0.00       0.00       0.00       0.00       0.00      26.00       0.00      38.00
17시 08분 49초    5       0.00       4.00       0.00       0.00       0.00       0.00       0.00       6.00       0.00       7.00

17시 08분 49초  CPU    %usr   %nice    %sys %iowait    %irq   %soft  %steal  %guest  %gnice   %idle
17시 08분 50초  all    2.50    0.00    3.01    0.00    0.00    0.17    0.00    0.00    0.00   94.32
17시 08분 50초    0    1.01    0.00    3.03    0.00    0.00    0.00    0.00    0.00    0.00   95.96
17시 08분 50초    1    5.00    0.00    2.00    0.00    0.00    0.00    0.00    0.00    0.00   93.00
17시 08분 50초    2    2.97    0.00    1.98    0.00    0.00    0.99    0.00    0.00    0.00   94.06
17시 08분 50초    3    1.00    0.00    4.00    0.00    0.00    0.00    0.00    0.00    0.00   95.00
17시 08분 50초    4    4.04    0.00    5.05    0.00    0.00    0.00    0.00    0.00    0.00   90.91
17시 08분 50초    5    1.00    0.00    2.00    0.00    0.00    0.00    0.00    0.00    0.00   97.00

17시 08분 49초  CPU    intr/s
17시 08분 50초  all   1257.00
17시 08분 50초    0    119.00
17시 08분 50초    1    113.00
17시 08분 50초    2    152.00
17시 08분 50초    3     94.00
17시 08분 50초    4    100.00
17시 08분 50초    5     92.00

17시 08분 49초  CPU        9/s       11/s       12/s       13/s       18/s       20/s       21/s       22/s       23/s       24/s       25/s       26/s       27/s       28/s       29/s       30/s       31/s       32/s       33/s       34/s       35/s       36/s       37/s       38/s       39/s       40/s       41/s       42/s       43/s       44/s       45/s       46/s       47/s       48/s       49/s       50/s       51/s       52/s       53/s       54/s       55/s       57/s       59/s       61/s       65/s       66/s       67/s       68/s       69/s       70/s       71/s       72/s       73/s       74/s       75/s       76/s       77/s       79/s       80/s       81/s       82/s       83/s       84/s       85/s       86/s       87/s       88/s       89/s       90/s       91/s       92/s       93/s       94/s       95/s       96/s       97/s       98/s      112/s      113/s      114/s      115/s      116/s      117/s      118/s      119/s      120/s      121/s      122/s      123/s      124/s      125/s      126/s      127/s      128/s      129/s      130/s      131/s      132/s      133/s      134/s      135/s      136/s      137/s      138/s      150/s      154/s      162/s      167/s      171/s      224/s      228/s      229/s      230/s      231/s      232/s      233/s      234/s      235/s      236/s      237/s      245/s      246/s      247/s      249/s      250/s      252/s      253/s      262/s      263/s      294/s      296/s      297/s      298/s      299/s      301/s      302/s     IPI0/s     IPI1/s     IPI2/s     IPI3/s     IPI4/s     IPI5/s     IPI6/s      Err/s
17시 08분 50초    0       0.00       0.00       0.00     146.00       0.00       0.00       0.00       0.00       0.00       0.00       0.00       0.00       0.00       0.00       0.00       0.00       0.00       0.00       0.00       0.00       0.00       0.00       0.00       0.00       0.00       0.00       0.00       0.00       0.00       0.00       0.00       0.00       0.00       0.00       0.00       0.00       0.00       0.00       0.00       0.00       0.00       0.00       0.00       0.00       0.00       0.00       0.00       0.00       0.00       0.00       0.00       0.00       0.00       0.00       0.00       0.00       0.00       0.00       0.00       0.00       0.00       0.00       0.00       0.00       0.00       0.00       0.00       0.00       0.00       0.00       0.00       0.00       0.00       0.00       0.00       0.00       0.00       2.00       0.00       0.00       0.00       0.00       0.00       0.00       0.00       0.00       0.00       0.00       0.00       0.00       0.00       0.00       0.00       0.00       0.00       0.00       0.00       0.00       0.00       0.00       0.00       0.00       0.00       0.00       0.00      26.00       0.00       0.00       0.00       0.00       0.00       0.00       0.00       0.00       0.00       0.00       0.00       0.00       0.00       0.00       0.00       0.00       0.00       0.00       0.00       0.00       0.00       0.00       0.00       0.00       0.00       0.00       0.00       0.00       0.00       0.00      81.00      22.00       0.00       0.00       0.00       4.00       0.00       0.00
17시 08분 50초    1       0.00       0.00       0.00      78.00       0.00       0.00       0.00       0.00       0.00       0.00       0.00       0.00       0.00       0.00       0.00       0.00       0.00       0.00       0.00       0.00       0.00       0.00       0.00       0.00       0.00       0.00       0.00       0.00       0.00       0.00       0.00       0.00       0.00       0.00       0.00       0.00       0.00       0.00       0.00       0.00       0.00       0.00       0.00       0.00       0.00       0.00       0.00       0.00       0.00       0.00       0.00       0.00       0.00       0.00       0.00       0.00       0.00       0.00       0.00       0.00       0.00       0.00       0.00       0.00       0.00       0.00       0.00       0.00       0.00       0.00       0.00       0.00       0.00       0.00       0.00       0.00       0.00       0.00       0.00       0.00       0.00       0.00       0.00       0.00       0.00       0.00       0.00       0.00       0.00       0.00       0.00       0.00       0.00       0.00       0.00       0.00       0.00       0.00       0.00       0.00       0.00       0.00       0.00       0.00       0.00       0.00       0.00       0.00       0.00       0.00       0.00       0.00       0.00       0.00       0.00       0.00       0.00       0.00       0.00       0.00       0.00       0.00       0.00       0.00       0.00       0.00       0.00       0.00       0.00       0.00       0.00       0.00       0.00       0.00       0.00       0.00     154.00      10.00       0.00       0.00       0.00       1.00       0.00       0.00
17시 08분 50초    2       0.00       0.00       0.00      76.00       0.00       0.00       0.00       0.00       0.00       0.00       0.00       0.00       0.00       0.00       0.00       0.00       0.00       0.00       0.00       0.00       0.00       0.00       0.00       0.00       0.00       0.00       0.00       0.00       0.00       0.00       0.00       0.00       0.00       0.00       0.00       0.00       0.00       0.00       0.00       0.00       0.00       0.00       0.00       0.00       0.00       0.00       0.00       0.00       0.00       0.00       0.00       0.00       0.00       0.00       0.00       0.00       0.00       0.00       0.00       0.00       0.00       0.00       0.00       0.00       0.00       0.00       0.00       0.00       0.00       0.00       0.00       0.00       0.00       0.00       0.00       0.00       0.00       0.00       0.00       0.00       0.00       0.00       0.00       0.00       0.00       0.00       0.00       0.00       0.00       0.00       0.00       0.00       0.00       0.00       0.00       0.00       0.00       0.00       0.00       0.00       0.00       0.00       0.00       0.00       0.00       0.00       0.00       0.00       0.00       0.00       0.00       0.00       0.00       0.00       0.00       0.00       0.00       0.00       0.00       0.00       0.00       0.00       0.00       0.00       0.00       0.00       0.00       0.00       0.00       0.00       0.00       0.00       0.00       0.00       0.00       0.00      42.00       5.00       0.00       0.00       0.00       3.00       0.00       0.00
17시 08분 50초    3       0.00       0.00       0.00      89.00       0.00       0.00       0.00       0.00       0.00       0.00       0.00       0.00       0.00       0.00       0.00       0.00       0.00       0.00       0.00       0.00       0.00       0.00       0.00       0.00       0.00       0.00       0.00       0.00       0.00       0.00       0.00       0.00       0.00       0.00       0.00       0.00       0.00       0.00       0.00       0.00       0.00       0.00       0.00       0.00       0.00       0.00       0.00       0.00       0.00       0.00       0.00       0.00       0.00       0.00       0.00       0.00       0.00       0.00       0.00       0.00       0.00       0.00       0.00       0.00       0.00       0.00       0.00       0.00       0.00       0.00       0.00       0.00       0.00       0.00       0.00       0.00       0.00       0.00       0.00       0.00       0.00       0.00       0.00       0.00       0.00       0.00       0.00       0.00       0.00       0.00       0.00       0.00       0.00       0.00       0.00       0.00       0.00       0.00       0.00       0.00       0.00       0.00       0.00       0.00       0.00       0.00       0.00       0.00       0.00       0.00       0.00       0.00       0.00       0.00       0.00       0.00       0.00       0.00       0.00       0.00       0.00       0.00       0.00       0.00       0.00       0.00       0.00       0.00       0.00       0.00       0.00       0.00       0.00       0.00       0.00       0.00     103.00       5.00       0.00       0.00       0.00       1.00       0.00       0.00
17시 08분 50초    4       0.00       0.00       0.00      96.00       0.00       0.00       0.00       0.00       0.00       0.00       0.00       0.00       0.00       0.00       0.00       0.00       0.00       0.00       0.00       0.00       0.00       0.00       0.00       0.00       0.00       0.00       0.00       0.00       0.00       0.00       0.00       0.00       0.00       0.00       0.00       0.00       0.00       0.00       0.00       0.00       0.00       0.00       0.00       0.00       0.00       0.00       0.00       0.00       0.00       0.00       0.00       0.00       0.00       0.00       0.00       0.00       0.00       0.00       0.00       0.00       0.00       0.00       0.00       0.00       0.00       0.00       0.00       0.00       0.00       0.00       0.00       0.00       0.00       0.00       0.00       0.00       0.00       0.00       0.00       0.00       0.00       0.00       0.00       0.00       0.00       0.00       0.00       0.00       0.00       0.00       0.00       0.00       0.00       0.00       0.00       0.00       0.00       0.00       0.00       0.00       0.00       0.00       0.00       0.00       0.00       0.00       0.00       0.00       0.00       0.00       0.00       0.00       0.00       0.00       0.00       0.00       0.00       0.00       0.00       0.00       0.00       0.00       0.00       0.00       0.00       0.00       0.00       0.00       0.00       0.00       0.00       0.00       0.00       0.00       0.00       0.00      87.00       3.00       0.00       0.00       0.00       7.00       0.00       0.00
17시 08분 50초    5       0.00       0.00       0.00      76.00       0.00       0.00       0.00       0.00       0.00       0.00       0.00       0.00       0.00       0.00       0.00       0.00       0.00       0.00       0.00       0.00       0.00       0.00       0.00       0.00       0.00       0.00       0.00       0.00       0.00       0.00       0.00       0.00       0.00       0.00       0.00       0.00       0.00       0.00       0.00       0.00       0.00       0.00       0.00       0.00       0.00       0.00       0.00       0.00       0.00       0.00       0.00       0.00       0.00       0.00       0.00       0.00       0.00       0.00       0.00       0.00       0.00       0.00       0.00       0.00       0.00       0.00       0.00       0.00       0.00       0.00       0.00       0.00       0.00       0.00       0.00       0.00       0.00       0.00       0.00       0.00       0.00       0.00       0.00       0.00       0.00       0.00       0.00       0.00       0.00       0.00       0.00       0.00       0.00       0.00       0.00       0.00       0.00       0.00       0.00       0.00       0.00       0.00       0.00       0.00       0.00       0.00       0.00       0.00       0.00       0.00       0.00       0.00       0.00       0.00       0.00       0.00       0.00       0.00       0.00       0.00       0.00       0.00       0.00       0.00       0.00       0.00       0.00       0.00       0.00       0.00       0.00       0.00       0.00       0.00       0.00       0.00     138.00       1.00       0.00       0.00       0.00       1.00       0.00       0.00

17시 08분 49초  CPU       HI/s    TIMER/s   NET_TX/s   NET_RX/s    BLOCK/s IRQ_POLL/s  TASKLET/s    SCHED/s  HRTIMER/s      RCU/s
17시 08분 50초    0       0.00      26.00       1.00       0.00       0.00       0.00       0.00      52.00       0.00      40.00
17시 08분 50초    1       0.00      29.00       0.00       0.00       0.00       0.00       0.00      45.00       0.00      39.00
17시 08분 50초    2       0.00       7.00       0.00       0.00       0.00       0.00       0.00      31.00       0.00     114.00
17시 08분 50초    3       0.00      19.00       0.00       0.00       0.00       0.00       0.00      33.00       0.00      42.00
17시 08분 50초    4       0.00      11.00       0.00       0.00       0.00       0.00       0.00      37.00       0.00      52.00
17시 08분 50초    5       0.00      29.00       0.00       0.00       0.00       0.00       0.00      29.00       0.00      34.00

17시 08분 50초  CPU    %usr   %nice    %sys %iowait    %irq   %soft  %steal  %guest  %gnice   %idle
17시 08분 51초  all    0.67    0.00    3.68    1.67    0.00    0.00    0.00    0.00    0.00   93.98
17시 08분 51초    0    2.00    0.00    2.00    0.00    0.00    0.00    0.00    0.00    0.00   96.00
17시 08분 51초    1    0.00    0.00    1.00    4.00    0.00    0.00    0.00    0.00    0.00   95.00
17시 08분 51초    2    0.00    0.00    0.99    2.97    0.00    0.00    0.00    0.00    0.00   96.04
17시 08분 51초    3    0.00    0.00   15.15    3.03    0.00    0.00    0.00    0.00    0.00   81.82
17시 08분 51초    4    2.02    0.00    3.03    0.00    0.00    0.00    0.00    0.00    0.00   94.95
17시 08분 51초    5    0.00    0.00    0.00    0.00    0.00    0.00    0.00    0.00    0.00  100.00

17시 08분 50초  CPU    intr/s
17시 08분 51초  all    781.00
17시 08분 51초    0    126.00
17시 08분 51초    1     97.00
17시 08분 51초    2     23.00
17시 08분 51초    3    110.00
17시 08분 51초    4     75.00
17시 08분 51초    5     39.00

17시 08분 50초  CPU        9/s       11/s       12/s       13/s       18/s       20/s       21/s       22/s       23/s       24/s       25/s       26/s       27/s       28/s       29/s       30/s       31/s       32/s       33/s       34/s       35/s       36/s       37/s       38/s       39/s       40/s       41/s       42/s       43/s       44/s       45/s       46/s       47/s       48/s       49/s       50/s       51/s       52/s       53/s       54/s       55/s       57/s       59/s       61/s       65/s       66/s       67/s       68/s       69/s       70/s       71/s       72/s       73/s       74/s       75/s       76/s       77/s       79/s       80/s       81/s       82/s       83/s       84/s       85/s       86/s       87/s       88/s       89/s       90/s       91/s       92/s       93/s       94/s       95/s       96/s       97/s       98/s      112/s      113/s      114/s      115/s      116/s      117/s      118/s      119/s      120/s      121/s      122/s      123/s      124/s      125/s      126/s      127/s      128/s      129/s      130/s      131/s      132/s      133/s      134/s      135/s      136/s      137/s      138/s      150/s      154/s      162/s      167/s      171/s      224/s      228/s      229/s      230/s      231/s      232/s      233/s      234/s      235/s      236/s      237/s      245/s      246/s      247/s      249/s      250/s      252/s      253/s      262/s      263/s      294/s      296/s      297/s      298/s      299/s      301/s      302/s     IPI0/s     IPI1/s     IPI2/s     IPI3/s     IPI4/s     IPI5/s     IPI6/s      Err/s
17시 08분 51초    0       0.00       0.00       0.00      91.00       0.00       0.00       0.00       0.00       0.00       0.00       0.00       0.00       0.00       0.00       0.00       0.00       0.00       0.00       0.00       0.00       0.00       0.00       0.00       0.00       0.00       0.00       0.00       0.00       0.00       0.00       0.00       0.00       0.00       0.00       0.00       0.00       0.00       0.00       0.00       0.00       0.00       0.00       0.00       0.00       0.00       0.00     134.00       0.00       0.00       0.00       0.00       0.00       0.00       0.00       0.00       0.00       0.00       0.00       0.00       0.00       0.00       0.00       0.00       0.00       0.00       0.00       0.00       0.00       0.00       0.00       0.00       0.00       0.00       0.00       0.00       0.00       0.00       0.00       0.00       0.00       0.00       0.00       0.00       0.00       0.00       0.00       0.00       0.00       0.00       0.00       0.00       0.00       0.00       0.00       0.00       0.00       0.00       0.00       0.00       0.00       0.00       0.00       0.00       0.00       0.00      44.00       0.00       0.00       0.00       0.00       0.00       0.00       0.00       0.00       0.00       0.00       0.00       0.00       0.00       0.00       0.00       0.00       0.00       0.00       0.00       0.00       0.00       0.00       0.00       0.00       0.00       0.00       0.00       0.00      36.00       0.00      17.00      13.00       0.00       0.00       0.00       2.00       0.00       0.00
17시 08분 51초    1       0.00       0.00       0.00      59.00       0.00       0.00       0.00       0.00       0.00       0.00       0.00       0.00       0.00       0.00       0.00       0.00       0.00       0.00       0.00       0.00       0.00       0.00       0.00       0.00       0.00       0.00       0.00       0.00       0.00       0.00       0.00       0.00       0.00       0.00       0.00       0.00       0.00       0.00       0.00       0.00       0.00       0.00       0.00       0.00       0.00       0.00       0.00       0.00       0.00       0.00       0.00       0.00       0.00       0.00       0.00       0.00       0.00       0.00       0.00       0.00       0.00       0.00       0.00       0.00       0.00       0.00       0.00       0.00       0.00       0.00       0.00       0.00       0.00       0.00       0.00       0.00       0.00       0.00       0.00       0.00       0.00       0.00       0.00       0.00       0.00       0.00       0.00       0.00       0.00       0.00       0.00       0.00       0.00       0.00       0.00       0.00       0.00       0.00       0.00       0.00       0.00       0.00       0.00       0.00       0.00       0.00       0.00       0.00       0.00       0.00       0.00       0.00       0.00       0.00       0.00       0.00       0.00       0.00       0.00       0.00       0.00       0.00       0.00       0.00       0.00       0.00       0.00       0.00       0.00       0.00       0.00       0.00       0.00       0.00       0.00       0.00      14.00       1.00       0.00       0.00       0.00       2.00       0.00       0.00
17시 08분 51초    2       0.00       0.00       0.00      21.00       0.00       0.00       0.00       0.00       0.00       0.00       0.00       0.00       0.00       0.00       0.00       0.00       0.00       0.00       0.00       0.00       0.00       0.00       0.00       0.00       0.00       0.00       0.00       0.00       0.00       0.00       0.00       0.00       0.00       0.00       0.00       0.00       0.00       0.00       0.00       0.00       0.00       0.00       0.00       0.00       0.00       0.00       0.00       0.00       0.00       0.00       0.00       0.00       0.00       0.00       0.00       0.00       0.00       0.00       0.00       0.00       0.00       0.00       0.00       0.00       0.00       0.00       0.00       0.00       0.00       0.00       0.00       0.00       0.00       0.00       0.00       0.00       0.00       0.00       0.00       0.00       0.00       0.00       0.00       0.00       0.00       0.00       0.00       0.00       0.00       0.00       0.00       0.00       0.00       0.00       0.00       0.00       0.00       0.00       0.00       0.00       0.00       0.00       0.00       0.00       0.00       0.00       0.00       0.00       0.00       0.00       0.00       0.00       0.00       0.00       0.00       0.00       0.00       0.00       0.00       0.00       0.00       0.00       0.00       0.00       0.00       0.00       0.00       0.00       0.00       0.00       0.00       0.00       0.00       0.00       0.00       0.00       7.00       2.00       0.00       0.00       0.00       0.00       0.00       0.00
17시 08분 51초    3       0.00       0.00       0.00      83.00       0.00       0.00       0.00       0.00       0.00       0.00       0.00       0.00       0.00       0.00       0.00       0.00       0.00       0.00       0.00       0.00       0.00       0.00       0.00       0.00       0.00       0.00       0.00       0.00       0.00       0.00       0.00       0.00       0.00       0.00       0.00       0.00       0.00       0.00       0.00       0.00       0.00       0.00       0.00       0.00       0.00       0.00       0.00       0.00       0.00       0.00       0.00       0.00       0.00       0.00       0.00       0.00       0.00       0.00       0.00       0.00       0.00       0.00       0.00       0.00       0.00       0.00       0.00       0.00       0.00       0.00       0.00       0.00       0.00       0.00       0.00       0.00       0.00       0.00       0.00       0.00       0.00       0.00       0.00       0.00       0.00       0.00       0.00       0.00       0.00       0.00       0.00       0.00       0.00       0.00       0.00       0.00       0.00       0.00       0.00       0.00       0.00       0.00       0.00       0.00       0.00       0.00       0.00       0.00       0.00       0.00       0.00       0.00       0.00       0.00       0.00       0.00       0.00       0.00       0.00       0.00       0.00       0.00       0.00       0.00       0.00       0.00       0.00       0.00       0.00       0.00       0.00       0.00       0.00       0.00       0.00       0.00     149.00       0.00       0.00       0.00       0.00      12.00       0.00       0.00
17시 08분 51초    4       0.00       0.00       0.00      61.00       0.00       0.00       0.00       0.00       0.00       0.00       0.00       0.00       0.00       0.00       0.00       0.00       0.00       0.00       0.00       0.00       0.00       0.00       0.00       0.00       0.00       0.00       0.00       0.00       0.00       0.00       0.00       0.00       0.00       0.00       0.00       0.00       0.00       0.00       0.00       0.00       0.00       0.00       0.00       0.00       0.00       0.00       0.00       0.00       0.00       0.00       0.00       0.00       0.00       0.00       0.00       0.00       0.00       0.00       0.00       0.00       0.00       0.00       0.00       0.00       0.00       0.00       0.00       0.00       0.00       0.00       0.00       0.00       0.00       0.00       0.00       0.00       0.00       0.00       0.00       0.00       0.00       0.00       0.00       0.00       0.00       0.00       0.00       0.00       0.00       0.00       0.00       0.00       0.00       0.00       0.00       0.00       0.00       0.00       0.00       0.00       0.00       0.00       0.00       0.00       0.00       0.00       0.00       0.00       0.00       0.00       0.00       0.00       0.00       0.00       0.00       0.00       0.00       0.00       0.00       0.00       0.00       0.00       0.00       0.00       0.00       0.00       0.00       0.00       0.00       0.00       0.00       0.00       0.00       0.00       0.00       0.00       7.00       0.00       0.00       0.00       0.00       0.00       0.00       0.00
17시 08분 51초    5       0.00       0.00       0.00      24.00       0.00       0.00       0.00       0.00       0.00       0.00       0.00       0.00       0.00       0.00       0.00       0.00       0.00       0.00       0.00       0.00       0.00       0.00       0.00       0.00       0.00       0.00       0.00       0.00       0.00       0.00       0.00       0.00       0.00       0.00       0.00       0.00       0.00       0.00       0.00       0.00       0.00       0.00       0.00       0.00       0.00       0.00       0.00       0.00       0.00       0.00       0.00       0.00       0.00       0.00       0.00       0.00       0.00       0.00       0.00       0.00       0.00       0.00       0.00       0.00       0.00       0.00       0.00       0.00       0.00       0.00       0.00       0.00       0.00       0.00       0.00       0.00       0.00       0.00       0.00       0.00       0.00       0.00       0.00       0.00       0.00       0.00       0.00       0.00       0.00       0.00       0.00       0.00       0.00       0.00       0.00       0.00       0.00       0.00       0.00       0.00       0.00       0.00       0.00       0.00       0.00       0.00       0.00       0.00       0.00       0.00       0.00       0.00       0.00       0.00       0.00       0.00       0.00       0.00       0.00       0.00       0.00       0.00       0.00       0.00       0.00       0.00       0.00       0.00       0.00       0.00       0.00       0.00       0.00       0.00       0.00       0.00       2.00       0.00       0.00       0.00       0.00       0.00       0.00       0.00

17시 08분 50초  CPU       HI/s    TIMER/s   NET_TX/s   NET_RX/s    BLOCK/s IRQ_POLL/s  TASKLET/s    SCHED/s  HRTIMER/s      RCU/s
17시 08분 51초    0       0.00      11.00       0.00      33.00       2.00       0.00       0.00      49.00       0.00      31.00
17시 08분 51초    1       0.00      41.00       0.00       0.00       0.00       0.00       0.00      34.00       0.00      22.00
17시 08분 51초    2       0.00       2.00       0.00       0.00       0.00       0.00       0.00       9.00       0.00      12.00
17시 08분 51초    3       0.00      20.00       0.00       0.00       0.00       0.00       0.00      58.00       0.00      32.00
17시 08분 51초    4       0.00      10.00       0.00       0.00       0.00       0.00       0.00      25.00       0.00      40.00
17시 08분 51초    5       0.00      10.00       0.00       0.00       0.00       0.00       0.00      14.00       0.00      15.00

17시 08분 51초  CPU    %usr   %nice    %sys %iowait    %irq   %soft  %steal  %guest  %gnice   %idle
17시 08분 52초  all    1.00    0.00    1.51    0.00    0.00    0.00    0.00    0.00    0.00   97.49
17시 08분 52초    0    1.01    0.00    2.02    0.00    0.00    0.00    0.00    0.00    0.00   96.97
17시 08분 52초    1    0.00    0.00    0.00    0.00    0.00    0.00    0.00    0.00    0.00  100.00
17시 08분 52초    2    0.00    0.00    0.00    0.00    0.00    0.00    0.00    0.00    0.00  100.00
17시 08분 52초    3    2.00    0.00    1.00    0.00    0.00    0.00    0.00    0.00    0.00   97.00
17시 08분 52초    4    2.00    0.00    5.00    0.00    0.00    0.00    0.00    0.00    0.00   93.00
17시 08분 52초    5    0.99    0.00    0.99    0.00    0.00    0.00    0.00    0.00    0.00   98.02

17시 08분 51초  CPU    intr/s
17시 08분 52초  all    297.00
17시 08분 52초    0     48.00
17시 08분 52초    1     73.00
17시 08분 52초    2     85.00
17시 08분 52초    3     56.00
17시 08분 52초    4     73.00
17시 08분 52초    5     39.00

17시 08분 51초  CPU        9/s       11/s       12/s       13/s       18/s       20/s       21/s       22/s       23/s       24/s       25/s       26/s       27/s       28/s       29/s       30/s       31/s       32/s       33/s       34/s       35/s       36/s       37/s       38/s       39/s       40/s       41/s       42/s       43/s       44/s       45/s       46/s       47/s       48/s       49/s       50/s       51/s       52/s       53/s       54/s       55/s       57/s       59/s       61/s       65/s       66/s       67/s       68/s       69/s       70/s       71/s       72/s       73/s       74/s       75/s       76/s       77/s       79/s       80/s       81/s       82/s       83/s       84/s       85/s       86/s       87/s       88/s       89/s       90/s       91/s       92/s       93/s       94/s       95/s       96/s       97/s       98/s      112/s      113/s      114/s      115/s      116/s      117/s      118/s      119/s      120/s      121/s      122/s      123/s      124/s      125/s      126/s      127/s      128/s      129/s      130/s      131/s      132/s      133/s      134/s      135/s      136/s      137/s      138/s      150/s      154/s      162/s      167/s      171/s      224/s      228/s      229/s      230/s      231/s      232/s      233/s      234/s      235/s      236/s      237/s      245/s      246/s      247/s      249/s      250/s      252/s      253/s      262/s      263/s      294/s      296/s      297/s      298/s      299/s      301/s      302/s     IPI0/s     IPI1/s     IPI2/s     IPI3/s     IPI4/s     IPI5/s     IPI6/s      Err/s
17시 08분 52초    0       0.00       0.00       0.00      32.00       0.00       0.00       0.00       0.00       0.00       0.00       0.00       0.00       0.00       0.00       0.00       0.00       0.00       0.00       0.00       0.00       0.00       0.00       0.00       0.00       0.00       0.00       0.00       0.00       0.00       0.00       0.00       0.00       0.00       0.00       0.00       0.00       0.00       0.00       0.00       0.00       0.00       0.00       0.00       0.00       0.00       0.00       0.00       0.00       0.00       0.00       0.00       0.00       0.00       0.00       0.00       0.00       0.00       0.00       0.00       0.00       0.00       0.00       0.00       0.00       0.00       0.00       0.00       0.00       0.00       0.00       0.00       0.00       0.00       0.00       0.00       0.00       0.00       0.00       0.00       0.00       0.00       0.00       0.00       0.00       0.00       0.00       0.00       0.00       0.00       0.00       0.00       0.00       0.00       0.00       0.00       0.00       0.00       0.00       0.00       0.00       0.00       0.00       0.00       0.00       0.00       0.00       0.00       0.00       0.00       0.00       0.00       0.00       0.00       0.00       0.00       0.00       0.00       0.00       0.00       0.00       0.00       0.00       0.00       0.00       0.00       0.00       0.00       0.00       0.00       0.00       0.00       0.00       0.00       0.00      12.00       0.00       1.00       4.00       0.00       0.00       0.00       0.00       0.00       0.00
17시 08분 52초    1       0.00       0.00       0.00      46.00       0.00       0.00       0.00       0.00       0.00       0.00       0.00       0.00       0.00       0.00       0.00       0.00       0.00       0.00       0.00       0.00       0.00       0.00       0.00       0.00       0.00       0.00       0.00       0.00       0.00       0.00       0.00       0.00       0.00       0.00       0.00       0.00       0.00       0.00       0.00       0.00       0.00       0.00       0.00       0.00       0.00       0.00       0.00       0.00       0.00       0.00       0.00       0.00       0.00       0.00       0.00       0.00       0.00       0.00       0.00       0.00       0.00       0.00       0.00       0.00       0.00       0.00       0.00       0.00       0.00       0.00       0.00       0.00       0.00       0.00       0.00       0.00       0.00       0.00       0.00       0.00       0.00       0.00       0.00       0.00       0.00       0.00       0.00       0.00       0.00       0.00       0.00       0.00       0.00       0.00       0.00       0.00       0.00       0.00       0.00       0.00       0.00       0.00       0.00       0.00       0.00       0.00       0.00       0.00       0.00       0.00       0.00       0.00       0.00       0.00       0.00       0.00       0.00       0.00       0.00       0.00       0.00       0.00       0.00       0.00       0.00       0.00       0.00       0.00       0.00       0.00       0.00       0.00       0.00       0.00       0.00       0.00       0.00       0.00       0.00       0.00       0.00       0.00       0.00       0.00
17시 08분 52초    2       0.00       0.00       0.00      53.00       0.00       0.00       0.00       0.00       0.00       0.00       0.00       0.00       0.00       0.00       0.00       0.00       0.00       0.00       0.00       0.00       0.00       0.00       0.00       0.00       0.00       0.00       0.00       0.00       0.00       0.00       0.00       0.00       0.00       0.00       0.00       0.00       0.00       0.00       0.00       0.00       0.00       0.00       0.00       0.00       0.00       0.00       0.00       0.00       0.00       0.00       0.00       0.00       0.00       0.00       0.00       0.00       0.00       0.00       0.00       0.00       0.00       0.00       0.00       0.00       0.00       0.00       0.00       0.00       0.00       0.00       0.00       0.00       0.00       0.00       0.00       0.00       0.00       0.00       0.00       0.00       0.00       0.00       0.00       0.00       0.00       0.00       0.00       0.00       0.00       0.00       0.00       0.00       0.00       0.00       0.00       0.00       0.00       0.00       0.00       0.00       0.00       0.00       0.00       0.00       0.00       0.00       0.00       0.00       0.00       0.00       0.00       0.00       0.00       0.00       0.00       0.00       0.00       0.00       0.00       0.00       0.00       0.00       0.00       0.00       0.00       0.00       0.00       0.00       0.00       0.00       0.00       0.00       0.00       0.00       0.00       0.00       3.00       2.00       0.00       0.00       0.00       0.00       0.00       0.00
17시 08분 52초    3       0.00       0.00       0.00      43.00       0.00       0.00       0.00       0.00       0.00       0.00       0.00       0.00       0.00       0.00       0.00       0.00       0.00       0.00       0.00       0.00       0.00       0.00       0.00       0.00       0.00       0.00       0.00       0.00       0.00       0.00       0.00       0.00       0.00       0.00       0.00       0.00       0.00       0.00       0.00       0.00       0.00       0.00       0.00       0.00       0.00       0.00       0.00       0.00       0.00       0.00       0.00       0.00       0.00       0.00       0.00       0.00       0.00       0.00       0.00       0.00       0.00       0.00       0.00       0.00       0.00       0.00       0.00       0.00       0.00       0.00       0.00       0.00       0.00       0.00       0.00       0.00       0.00       0.00       0.00       0.00       0.00       0.00       0.00       0.00       0.00       0.00       0.00       0.00       0.00       0.00       0.00       0.00       0.00       0.00       0.00       0.00       0.00       0.00       0.00       0.00       0.00       0.00       0.00       0.00       0.00       0.00       0.00       0.00       0.00       0.00       0.00       0.00       0.00       0.00       0.00       0.00       0.00       0.00       0.00       0.00       0.00       0.00       0.00       0.00       0.00       0.00       0.00       0.00       0.00       0.00       0.00       0.00       0.00       0.00       0.00       0.00      12.00       0.00       0.00       0.00       0.00       0.00       0.00       0.00
17시 08분 52초    4       0.00       0.00       0.00      63.00       0.00       0.00       0.00       0.00       0.00       0.00       0.00       0.00       0.00       0.00       0.00       0.00       0.00       0.00       0.00       0.00       0.00       0.00       0.00       0.00       0.00       0.00       0.00       0.00       0.00       0.00       0.00       0.00       0.00       0.00       0.00       0.00       0.00       0.00       0.00       0.00       0.00       0.00       0.00       0.00       0.00       0.00       0.00       0.00       0.00       0.00       0.00       0.00       0.00       0.00       0.00       0.00       0.00       0.00       0.00       0.00       0.00       0.00       0.00       0.00       0.00       0.00       0.00       0.00       0.00       0.00       0.00       0.00       0.00       0.00       0.00       0.00       0.00       0.00       0.00       0.00       0.00       0.00       0.00       0.00       0.00       0.00       0.00       0.00       0.00       0.00       0.00       0.00       0.00       0.00       0.00       0.00       0.00       0.00       0.00       0.00       0.00       0.00       0.00       0.00       0.00       0.00       0.00       0.00       0.00       0.00       0.00       0.00       0.00       0.00       0.00       0.00       0.00       0.00       0.00       0.00       0.00       0.00       0.00       0.00       0.00       0.00       0.00       0.00       0.00       0.00       0.00       0.00       0.00       0.00       0.00       0.00       6.00       0.00       0.00       0.00       0.00       0.00       0.00       0.00
17시 08분 52초    5       0.00       0.00       0.00      20.00       0.00       0.00       0.00       0.00       0.00       0.00       0.00       0.00       0.00       0.00       0.00       0.00       0.00       0.00       0.00       0.00       0.00       0.00       0.00       0.00       0.00       0.00       0.00       0.00       0.00       0.00       0.00       0.00       0.00       0.00       0.00       0.00       0.00       0.00       0.00       0.00       0.00       0.00       0.00       0.00       0.00       0.00       0.00       0.00       0.00       0.00       0.00       0.00       0.00       0.00       0.00       0.00       0.00       0.00       0.00       0.00       0.00       0.00       0.00       0.00       0.00       0.00       0.00       0.00       0.00       0.00       0.00       0.00       0.00       0.00       0.00       0.00       0.00       0.00       0.00       0.00       0.00       0.00       0.00       0.00       0.00       0.00       0.00       0.00       0.00       0.00       0.00       0.00       0.00       0.00       0.00       0.00       0.00       0.00       0.00       0.00       0.00       0.00       0.00       0.00       0.00       0.00       0.00       0.00       0.00       0.00       0.00       0.00       0.00       0.00       0.00       0.00       0.00       0.00       0.00       0.00       0.00       0.00       0.00       0.00       0.00       0.00       0.00       0.00       0.00       0.00       0.00       0.00       0.00       0.00       0.00       0.00       0.00       0.00       0.00       0.00       0.00       0.00       0.00       0.00

17시 08분 51초  CPU       HI/s    TIMER/s   NET_TX/s   NET_RX/s    BLOCK/s IRQ_POLL/s  TASKLET/s    SCHED/s  HRTIMER/s      RCU/s
17시 08분 52초    0       0.00       5.00       0.00      11.00       0.00       0.00       0.00      16.00       0.00      16.00
17시 08분 52초    1       0.00      24.00       0.00       0.00       0.00       0.00       0.00      28.00       0.00      21.00
17시 08분 52초    2       0.00      33.00       0.00       0.00       0.00       0.00       0.00      32.00       0.00      20.00
17시 08분 52초    3       0.00      15.00       0.00       0.00       0.00       0.00       0.00      18.00       0.00      23.00
17시 08분 52초    4       0.00      11.00       0.00       0.00       0.00       0.00       0.00      25.00       0.00      37.00
17시 08분 52초    5       0.00      11.00       0.00       0.00       0.00       0.00       0.00      13.00       0.00      15.00

17시 08분 52초  CPU    %usr   %nice    %sys %iowait    %irq   %soft  %steal  %guest  %gnice   %idle
17시 08분 53초  all    0.33    0.00    1.99    0.00    0.17    0.33    0.00    0.00    0.00   97.18
17시 08분 53초    0    1.00    0.00    2.00    0.00    0.00    0.00    0.00    0.00    0.00   97.00
17시 08분 53초    1    0.00    0.00    1.00    0.00    0.00    0.00    0.00    0.00    0.00   99.00
17시 08분 53초    2    0.00    0.00    1.00    0.00    0.00    0.00    0.00    0.00    0.00   99.00
17시 08분 53초    3    0.00    0.00    2.94    0.00    0.98    0.98    0.00    0.00    0.00   95.10
17시 08분 53초    4    0.99    0.00    4.95    0.00    0.00    0.99    0.00    0.00    0.00   93.07
17시 08분 53초    5    0.00    0.00    0.00    0.00    0.00    0.00    0.00    0.00    0.00  100.00

17시 08분 52초  CPU    intr/s
17시 08분 53초  all    364.00
17시 08분 53초    0     52.00
17시 08분 53초    1     64.00
17시 08분 53초    2     66.00
17시 08분 53초    3    106.00
17시 08분 53초    4     82.00
17시 08분 53초    5     43.00

17시 08분 52초  CPU        9/s       11/s       12/s       13/s       18/s       20/s       21/s       22/s       23/s       24/s       25/s       26/s       27/s       28/s       29/s       30/s       31/s       32/s       33/s       34/s       35/s       36/s       37/s       38/s       39/s       40/s       41/s       42/s       43/s       44/s       45/s       46/s       47/s       48/s       49/s       50/s       51/s       52/s       53/s       54/s       55/s       57/s       59/s       61/s       65/s       66/s       67/s       68/s       69/s       70/s       71/s       72/s       73/s       74/s       75/s       76/s       77/s       79/s       80/s       81/s       82/s       83/s       84/s       85/s       86/s       87/s       88/s       89/s       90/s       91/s       92/s       93/s       94/s       95/s       96/s       97/s       98/s      112/s      113/s      114/s      115/s      116/s      117/s      118/s      119/s      120/s      121/s      122/s      123/s      124/s      125/s      126/s      127/s      128/s      129/s      130/s      131/s      132/s      133/s      134/s      135/s      136/s      137/s      138/s      150/s      154/s      162/s      167/s      171/s      224/s      228/s      229/s      230/s      231/s      232/s      233/s      234/s      235/s      236/s      237/s      245/s      246/s      247/s      249/s      250/s      252/s      253/s      262/s      263/s      294/s      296/s      297/s      298/s      299/s      301/s      302/s     IPI0/s     IPI1/s     IPI2/s     IPI3/s     IPI4/s     IPI5/s     IPI6/s      Err/s
17시 08분 53초    0       0.00       0.00       0.00      26.00       0.00       0.00       0.00       0.00       0.00       0.00       0.00       0.00       0.00       0.00       0.00       0.00       0.00       0.00       0.00       0.00       0.00       0.00       0.00       0.00       0.00       0.00       0.00       0.00       0.00       0.00       0.00       0.00       0.00       0.00       0.00       0.00       0.00       0.00       0.00       0.00       0.00       0.00       0.00       0.00       0.00       0.00       0.00       0.00       0.00       0.00       0.00       0.00       0.00       0.00       0.00       0.00       0.00       0.00       0.00       0.00       0.00       0.00       0.00       0.00       0.00       0.00       0.00       0.00       0.00       0.00       0.00       0.00       0.00       0.00       0.00       0.00       0.00       0.00       0.00       0.00       0.00       0.00       0.00       0.00       0.00       0.00       0.00       0.00       0.00       0.00       0.00       0.00       0.00       0.00       0.00       0.00       0.00       0.00       0.00       0.00       0.00       0.00       0.00       0.00       0.00       5.00       0.00       0.00       0.00       0.00       0.00       0.00       0.00       0.00       0.00       0.00       0.00       0.00       0.00       0.00       0.00       0.00       0.00       0.00       0.00       0.00       0.00       0.00       0.00       0.00       0.00       0.00       0.00       0.00      24.00       0.00       1.00       4.00       0.00       0.00       0.00       0.00       0.00       0.00
17시 08분 53초    1       0.00       0.00       0.00      41.00       0.00       0.00       0.00       0.00       0.00       0.00       0.00       0.00       0.00       0.00       0.00       0.00       0.00       0.00       0.00       0.00       0.00       0.00       0.00       0.00       0.00       0.00       0.00       0.00       0.00       0.00       0.00       0.00       0.00       0.00       0.00       0.00       0.00       0.00       0.00       0.00       0.00       0.00       0.00       0.00       0.00       0.00       0.00       0.00       0.00       0.00       0.00       0.00       0.00       0.00       0.00       0.00       0.00       0.00       0.00       0.00       0.00       0.00       0.00       0.00       0.00       0.00       0.00       0.00       0.00       0.00       0.00       0.00       0.00       0.00       0.00       0.00       0.00       0.00       0.00       0.00       0.00       0.00       0.00       0.00       0.00       0.00       0.00       0.00       0.00       0.00       0.00       0.00       0.00       0.00       0.00       0.00       0.00       0.00       0.00       0.00       0.00       0.00       0.00       0.00       0.00       0.00       0.00       0.00       0.00       0.00       0.00       0.00       0.00       0.00       0.00       0.00       0.00       0.00       0.00       0.00       0.00       0.00       0.00       0.00       0.00       0.00       0.00       0.00       0.00       0.00       0.00       0.00       0.00       0.00       0.00       0.00       1.00       0.00       0.00       0.00       0.00       0.00       0.00       0.00
17시 08분 53초    2       0.00       0.00       0.00      50.00       0.00       0.00       0.00       0.00       0.00       0.00       0.00       0.00       0.00       0.00       0.00       0.00       0.00       0.00       0.00       0.00       0.00       0.00       0.00       0.00       0.00       0.00       0.00       0.00       0.00       0.00       0.00       0.00       0.00       0.00       0.00       0.00       0.00       0.00       0.00       0.00       0.00       0.00       0.00       0.00       0.00       0.00       0.00       0.00       0.00       0.00       0.00       0.00       0.00       0.00       0.00       0.00       0.00       0.00       0.00       0.00       0.00       0.00       0.00       0.00       0.00       0.00       0.00       0.00       0.00       0.00       0.00       0.00       0.00       0.00       0.00       0.00       0.00       0.00       0.00       0.00       0.00       0.00       0.00       0.00       0.00       0.00       0.00       0.00       0.00       0.00       0.00       0.00       0.00       0.00       0.00       0.00       0.00       0.00       0.00       0.00       0.00       0.00       0.00       0.00       0.00       0.00       0.00       0.00       0.00       0.00       0.00       0.00       0.00       0.00       0.00       0.00       0.00       0.00       0.00       0.00       0.00       0.00       0.00       0.00       0.00       0.00       0.00       0.00       0.00       0.00       0.00       0.00       0.00       0.00       0.00       0.00       7.00       2.00       0.00       0.00       0.00       0.00       0.00       0.00
17시 08분 53초    3       0.00       0.00       0.00      81.00       0.00       0.00       0.00       0.00       0.00       0.00       0.00       0.00       0.00       0.00       0.00       0.00       0.00       0.00       0.00       0.00       0.00       0.00       0.00       0.00       0.00       0.00       0.00       0.00       0.00       0.00       0.00       0.00       0.00       0.00       0.00       0.00       0.00       0.00       0.00       0.00       0.00       0.00       0.00       0.00       0.00       0.00       0.00       0.00       0.00       0.00       0.00       0.00       0.00       0.00       0.00       0.00       0.00       0.00       0.00       0.00       0.00       0.00       0.00       0.00       0.00       0.00       0.00       0.00       0.00       0.00       0.00       0.00       0.00       0.00       0.00       0.00       0.00       0.00       0.00       0.00       0.00       0.00       0.00       0.00       0.00       0.00       0.00       0.00       0.00       0.00       0.00       0.00       0.00       0.00       0.00       0.00       0.00       0.00       0.00       0.00       0.00       0.00       0.00       0.00       0.00       0.00       0.00       0.00       0.00       0.00       0.00       0.00       0.00       0.00       0.00       0.00       0.00       0.00       0.00       0.00       0.00       0.00       0.00       0.00       0.00       0.00       0.00       0.00       0.00       0.00       0.00       0.00       0.00       0.00       0.00       0.00      19.00       0.00       0.00       0.00       0.00       0.00       0.00       0.00
17시 08분 53초    4       0.00       0.00       0.00      64.00       0.00       0.00       0.00       0.00       0.00       0.00       0.00       0.00       0.00       0.00       0.00       0.00       0.00       0.00       0.00       0.00       0.00       0.00       0.00       0.00       0.00       0.00       0.00       0.00       0.00       0.00       0.00       0.00       0.00       0.00       0.00       0.00       0.00       0.00       0.00       0.00       0.00       0.00       0.00       0.00       0.00       0.00       0.00       0.00       0.00       0.00       0.00       0.00       0.00       0.00       0.00       0.00       0.00       0.00       0.00       0.00       0.00       0.00       0.00       0.00       0.00       0.00       0.00       0.00       0.00       0.00       0.00       0.00       0.00       0.00       0.00       0.00       0.00       0.00       0.00       0.00       0.00       0.00       0.00       0.00       0.00       0.00       0.00       0.00       0.00       0.00       0.00       0.00       0.00       0.00       0.00       0.00       0.00       0.00       0.00       0.00       0.00       0.00       0.00       0.00       0.00       0.00       0.00       0.00       0.00       0.00       0.00       0.00       0.00       0.00       0.00       0.00       0.00       0.00       0.00       0.00       0.00       0.00       0.00       0.00       0.00       0.00       0.00       0.00       0.00       0.00       0.00       0.00       0.00       0.00       0.00       0.00       8.00       0.00       0.00       0.00       0.00       0.00       0.00       0.00
17시 08분 53초    5       0.00       0.00       0.00      28.00       0.00       0.00       0.00       0.00       0.00       0.00       0.00       0.00       0.00       0.00       0.00       0.00       0.00       0.00       0.00       0.00       0.00       0.00       0.00       0.00       0.00       0.00       0.00       0.00       0.00       0.00       0.00       0.00       0.00       0.00       0.00       0.00       0.00       0.00       0.00       0.00       0.00       0.00       0.00       0.00       0.00       0.00       0.00       0.00       0.00       0.00       0.00       0.00       0.00       0.00       0.00       0.00       0.00       0.00       0.00       0.00       0.00       0.00       0.00       0.00       0.00       0.00       0.00       0.00       0.00       0.00       0.00       0.00       0.00       0.00       0.00       0.00       0.00       0.00       0.00       0.00       0.00       0.00       0.00       0.00       0.00       0.00       0.00       0.00       0.00       0.00       0.00       0.00       0.00       0.00       0.00       0.00       0.00       0.00       0.00       0.00       0.00       0.00       0.00       0.00       0.00       0.00       0.00       0.00       0.00       0.00       0.00       0.00       0.00       0.00       0.00       0.00       0.00       0.00       0.00       0.00       0.00       0.00       0.00       0.00       0.00       0.00       0.00       0.00       0.00       0.00       0.00       0.00       0.00       0.00       0.00       0.00       3.00       0.00       0.00       0.00       0.00       0.00       0.00       0.00

17시 08분 52초  CPU       HI/s    TIMER/s   NET_TX/s   NET_RX/s    BLOCK/s IRQ_POLL/s  TASKLET/s    SCHED/s  HRTIMER/s      RCU/s
17시 08분 53초    0       0.00       3.00       0.00      22.00       0.00       0.00       0.00      13.00       0.00      14.00
17시 08분 53초    1       0.00      17.00       0.00       0.00       0.00       0.00       0.00      24.00       0.00      23.00
17시 08분 53초    2       0.00      16.00       0.00       0.00       0.00       0.00       0.00      26.00       0.00      24.00
17시 08분 53초    3       0.00      39.00       0.00       0.00       0.00       0.00       0.00      37.00       0.00      30.00
17시 08분 53초    4       0.00      11.00       0.00       0.00       0.00       0.00       0.00      27.00       0.00      44.00
17시 08분 53초    5       0.00      12.00       0.00       0.00       0.00       0.00       0.00      15.00       0.00      16.00

17시 08분 53초  CPU    %usr   %nice    %sys %iowait    %irq   %soft  %steal  %guest  %gnice   %idle
17시 08분 54초  all    0.67    0.00    1.83    0.00    0.17    0.00    0.00    0.00    0.00   97.33
17시 08분 54초    0    1.98    0.00    1.98    0.00    0.00    0.00    0.00    0.00    0.00   96.04
17시 08분 54초    1    0.00    0.00    0.99    0.00    0.99    0.00    0.00    0.00    0.00   98.02
17시 08분 54초    2    0.00    0.00    1.00    0.00    0.00    0.00    0.00    0.00    0.00   99.00
17시 08분 54초    3    0.00    0.00    1.02    0.00    0.00    0.00    0.00    0.00    0.00   98.98
17시 08분 54초    4    2.00    0.00    5.00    0.00    0.00    0.00    0.00    0.00    0.00   93.00
17시 08분 54초    5    0.00    0.00    1.00    0.00    0.00    0.00    0.00    0.00    0.00   99.00

17시 08분 53초  CPU    intr/s
17시 08분 54초  all    300.00
17시 08분 54초    0     75.00
17시 08분 54초    1     61.00
17시 08분 54초    2     55.00
17시 08분 54초    3     73.00
17시 08분 54초    4     73.00
17시 08분 54초    5     21.00

17시 08분 53초  CPU        9/s       11/s       12/s       13/s       18/s       20/s       21/s       22/s       23/s       24/s       25/s       26/s       27/s       28/s       29/s       30/s       31/s       32/s       33/s       34/s       35/s       36/s       37/s       38/s       39/s       40/s       41/s       42/s       43/s       44/s       45/s       46/s       47/s       48/s       49/s       50/s       51/s       52/s       53/s       54/s       55/s       57/s       59/s       61/s       65/s       66/s       67/s       68/s       69/s       70/s       71/s       72/s       73/s       74/s       75/s       76/s       77/s       79/s       80/s       81/s       82/s       83/s       84/s       85/s       86/s       87/s       88/s       89/s       90/s       91/s       92/s       93/s       94/s       95/s       96/s       97/s       98/s      112/s      113/s      114/s      115/s      116/s      117/s      118/s      119/s      120/s      121/s      122/s      123/s      124/s      125/s      126/s      127/s      128/s      129/s      130/s      131/s      132/s      133/s      134/s      135/s      136/s      137/s      138/s      150/s      154/s      162/s      167/s      171/s      224/s      228/s      229/s      230/s      231/s      232/s      233/s      234/s      235/s      236/s      237/s      245/s      246/s      247/s      249/s      250/s      252/s      253/s      262/s      263/s      294/s      296/s      297/s      298/s      299/s      301/s      302/s     IPI0/s     IPI1/s     IPI2/s     IPI3/s     IPI4/s     IPI5/s     IPI6/s      Err/s
17시 08분 54초    0       0.00       0.00       0.00      59.00       0.00       0.00       0.00       0.00       0.00       0.00       0.00       0.00       0.00       0.00       0.00       0.00       0.00       0.00       0.00       0.00       0.00       0.00       0.00       0.00       0.00       0.00       0.00       0.00       0.00       0.00       0.00       0.00       0.00       0.00       0.00       0.00       0.00       0.00       0.00       0.00       0.00       0.00       0.00       0.00       0.00       0.00       0.00       0.00       0.00       0.00       0.00       0.00       0.00       0.00       0.00       0.00       0.00       0.00       0.00       0.00       0.00       0.00       0.00       0.00       0.00       0.00       0.00       0.00       0.00       0.00       0.00       0.00       0.00       0.00       0.00       0.00       0.00       0.00       0.00       0.00       0.00       0.00       0.00       0.00       0.00       0.00       0.00       0.00       0.00       0.00       0.00       0.00       0.00       0.00       0.00       0.00       0.00       0.00       0.00       0.00       0.00       0.00       0.00       0.00       0.00       0.00       0.00       0.00       0.00       0.00       0.00       0.00       0.00       0.00       0.00       0.00       0.00       0.00       0.00       0.00       0.00       0.00       0.00       0.00       0.00       0.00       0.00       0.00       0.00       0.00       0.00       0.00       0.00       0.00      12.00       0.00       2.00       6.00       0.00       0.00       0.00       0.00       0.00       0.00
17시 08분 54초    1       0.00       0.00       0.00      34.00       0.00       0.00       0.00       0.00       0.00       0.00       0.00       0.00       0.00       0.00       0.00       0.00       0.00       0.00       0.00       0.00       0.00       0.00       0.00       0.00       0.00       0.00       0.00       0.00       0.00       0.00       0.00       0.00       0.00       0.00       0.00       0.00       0.00       0.00       0.00       0.00       0.00       0.00       0.00       0.00       0.00       0.00       0.00       0.00       0.00       0.00       0.00       0.00       0.00       0.00       0.00       0.00       0.00       0.00       0.00       0.00       0.00       0.00       0.00       0.00       0.00       0.00       0.00       0.00       0.00       0.00       0.00       0.00       0.00       0.00       0.00       0.00       0.00       0.00       0.00       0.00       0.00       0.00       0.00       0.00       0.00       0.00       0.00       0.00       0.00       0.00       0.00       0.00       0.00       0.00       0.00       0.00       0.00       0.00       0.00       0.00       0.00       0.00       0.00       0.00       0.00       0.00       0.00       0.00       0.00       0.00       0.00       0.00       0.00       0.00       0.00       0.00       0.00       0.00       0.00       0.00       0.00       0.00       0.00       0.00       0.00       0.00       0.00       0.00       0.00       0.00       0.00       0.00       0.00       0.00       0.00       0.00       1.00       0.00       0.00       0.00       0.00       0.00       0.00       0.00
17시 08분 54초    2       0.00       0.00       0.00      34.00       0.00       0.00       0.00       0.00       0.00       0.00       0.00       0.00       0.00       0.00       0.00       0.00       0.00       0.00       0.00       0.00       0.00       0.00       0.00       0.00       0.00       0.00       0.00       0.00       0.00       0.00       0.00       0.00       0.00       0.00       0.00       0.00       0.00       0.00       0.00       0.00       0.00       0.00       0.00       0.00       0.00       0.00       0.00       0.00       0.00       0.00       0.00       0.00       0.00       0.00       0.00       0.00       0.00       0.00       0.00       0.00       0.00       0.00       0.00       0.00       0.00       0.00       0.00       0.00       0.00       0.00       0.00       0.00       0.00       0.00       0.00       0.00       0.00       0.00       0.00       0.00       0.00       0.00       0.00       0.00       0.00       0.00       0.00       0.00       0.00       0.00       0.00       0.00       0.00       0.00       0.00       0.00       0.00       0.00       0.00       0.00       0.00       0.00       0.00       0.00       0.00       0.00       0.00       0.00       0.00       0.00       0.00       0.00       0.00       0.00       0.00       0.00       0.00       0.00       0.00       0.00       0.00       0.00       0.00       0.00       0.00       0.00       0.00       0.00       0.00       0.00       0.00       0.00       0.00       0.00       0.00       0.00       3.00       3.00       0.00       0.00       0.00       0.00       0.00       0.00
17시 08분 54초    3       0.00       0.00       0.00      51.00       0.00       0.00       0.00       0.00       0.00       0.00       0.00       0.00       0.00       0.00       0.00       0.00       0.00       0.00       0.00       0.00       0.00       0.00       0.00       0.00       0.00       0.00       0.00       0.00       0.00       0.00       0.00       0.00       0.00       0.00       0.00       0.00       0.00       0.00       0.00       0.00       0.00       0.00       0.00       0.00       0.00       0.00       0.00       0.00       0.00       0.00       0.00       0.00       0.00       0.00       0.00       0.00       0.00       0.00       0.00       0.00       0.00       0.00       0.00       0.00       0.00       0.00       0.00       0.00       0.00       0.00       0.00       0.00       0.00       0.00       0.00       0.00       0.00       0.00       0.00       0.00       0.00       0.00       0.00       0.00       0.00       0.00       0.00       0.00       0.00       0.00       0.00       0.00       0.00       0.00       0.00       0.00       0.00       0.00       0.00       0.00       0.00       0.00       0.00       0.00       0.00       0.00       0.00       0.00       0.00       0.00       0.00       0.00       0.00       0.00       0.00       0.00       0.00       0.00       0.00       0.00       0.00       0.00       0.00       0.00       0.00       0.00       0.00       0.00       0.00       0.00       0.00       0.00       0.00       0.00       0.00       0.00      13.00       0.00       0.00       0.00       0.00       0.00       0.00       0.00
17시 08분 54초    4       0.00       0.00       0.00      58.00       0.00       0.00       0.00       0.00       0.00       0.00       0.00       0.00       0.00       0.00       0.00       0.00       0.00       0.00       0.00       0.00       0.00       0.00       0.00       0.00       0.00       0.00       0.00       0.00       0.00       0.00       0.00       0.00       0.00       0.00       0.00       0.00       0.00       0.00       0.00       0.00       0.00       0.00       0.00       0.00       0.00       0.00       0.00       0.00       0.00       0.00       0.00       0.00       0.00       0.00       0.00       0.00       0.00       0.00       0.00       0.00       0.00       0.00       0.00       0.00       0.00       0.00       0.00       0.00       0.00       0.00       0.00       0.00       0.00       0.00       0.00       0.00       0.00       0.00       0.00       0.00       0.00       0.00       0.00       0.00       0.00       0.00       0.00       0.00       0.00       0.00       0.00       0.00       0.00       0.00       0.00       0.00       0.00       0.00       0.00       0.00       0.00       0.00       0.00       0.00       0.00       0.00       0.00       0.00       0.00       0.00       0.00       0.00       0.00       0.00       0.00       0.00       0.00       0.00       0.00       0.00       0.00       0.00       0.00       0.00       0.00       0.00       0.00       0.00       0.00       0.00       0.00       0.00       0.00       0.00       0.00       0.00       5.00       0.00       0.00       0.00       0.00       0.00       0.00       0.00
17시 08분 54초    5       0.00       0.00       0.00      18.00       0.00       0.00       0.00       0.00       0.00       0.00       0.00       0.00       0.00       0.00       0.00       0.00       0.00       0.00       0.00       0.00       0.00       0.00       0.00       0.00       0.00       0.00       0.00       0.00       0.00       0.00       0.00       0.00       0.00       0.00       0.00       0.00       0.00       0.00       0.00       0.00       0.00       0.00       0.00       0.00       0.00       0.00       0.00       0.00       0.00       0.00       0.00       0.00       0.00       0.00       0.00       0.00       0.00       0.00       0.00       0.00       0.00       0.00       0.00       0.00       0.00       0.00       0.00       0.00       0.00       0.00       0.00       0.00       0.00       0.00       0.00       0.00       0.00       0.00       0.00       0.00       0.00       0.00       0.00       0.00       0.00       0.00       0.00       0.00       0.00       0.00       0.00       0.00       0.00       0.00       0.00       0.00       0.00       0.00       0.00       0.00       0.00       0.00       0.00       0.00       0.00       0.00       0.00       0.00       0.00       0.00       0.00       0.00       0.00       0.00       0.00       0.00       0.00       0.00       0.00       0.00       0.00       0.00       0.00       0.00       0.00       0.00       0.00       0.00       0.00       0.00       0.00       0.00       0.00       0.00       0.00       0.00       1.00       0.00       0.00       0.00       0.00       0.00       0.00       0.00

17시 08분 53초  CPU       HI/s    TIMER/s   NET_TX/s   NET_RX/s    BLOCK/s IRQ_POLL/s  TASKLET/s    SCHED/s  HRTIMER/s      RCU/s
17시 08분 54초    0       0.00      11.00       0.00      11.00       0.00       0.00       0.00      29.00       0.00      24.00
17시 08분 54초    1       0.00      18.00       0.00       0.00       0.00       0.00       0.00      23.00       0.00      20.00
17시 08분 54초    2       0.00      20.00       0.00       0.00       0.00       0.00       0.00      23.00       0.00      12.00
17시 08분 54초    3       0.00      28.00       0.00       0.00       0.00       0.00       0.00      23.00       0.00      22.00
17시 08분 54초    4       0.00      11.00       0.00       0.00       0.00       0.00       0.00      25.00       0.00      37.00
17시 08분 54초    5       0.00       6.00       0.00       0.00       0.00       0.00       0.00       8.00       0.00       7.00

17시 08분 54초  CPU    %usr   %nice    %sys %iowait    %irq   %soft  %steal  %guest  %gnice   %idle
17시 08분 55초  all    0.50    0.00    2.17    0.00    0.17    0.00    0.00    0.00    0.00   97.16
17시 08분 55초    0    1.00    0.00    2.00    0.00    1.00    0.00    0.00    0.00    0.00   96.00
17시 08분 55초    1    0.00    0.00    1.00    0.00    0.00    0.00    0.00    0.00    0.00   99.00
17시 08분 55초    2    1.00    0.00    0.00    0.00    0.00    0.00    0.00    0.00    0.00   99.00
17시 08분 55초    3    0.00    0.00    3.00    0.00    0.00    0.00    0.00    0.00    0.00   97.00
17시 08분 55초    4    1.00    0.00    6.00    0.00    0.00    0.00    0.00    0.00    0.00   93.00
17시 08분 55초    5    0.00    0.00    1.01    0.00    0.00    0.00    0.00    0.00    0.00   98.99

17시 08분 54초  CPU    intr/s
17시 08분 55초  all    493.00
17시 08분 55초    0     64.00
17시 08분 55초    1     59.00
17시 08분 55초    2     46.00
17시 08분 55초    3     48.00
17시 08분 55초    4    100.00
17시 08분 55초    5     93.00

17시 08분 54초  CPU        9/s       11/s       12/s       13/s       18/s       20/s       21/s       22/s       23/s       24/s       25/s       26/s       27/s       28/s       29/s       30/s       31/s       32/s       33/s       34/s       35/s       36/s       37/s       38/s       39/s       40/s       41/s       42/s       43/s       44/s       45/s       46/s       47/s       48/s       49/s       50/s       51/s       52/s       53/s       54/s       55/s       57/s       59/s       61/s       65/s       66/s       67/s       68/s       69/s       70/s       71/s       72/s       73/s       74/s       75/s       76/s       77/s       79/s       80/s       81/s       82/s       83/s       84/s       85/s       86/s       87/s       88/s       89/s       90/s       91/s       92/s       93/s       94/s       95/s       96/s       97/s       98/s      112/s      113/s      114/s      115/s      116/s      117/s      118/s      119/s      120/s      121/s      122/s      123/s      124/s      125/s      126/s      127/s      128/s      129/s      130/s      131/s      132/s      133/s      134/s      135/s      136/s      137/s      138/s      150/s      154/s      162/s      167/s      171/s      224/s      228/s      229/s      230/s      231/s      232/s      233/s      234/s      235/s      236/s      237/s      245/s      246/s      247/s      249/s      250/s      252/s      253/s      262/s      263/s      294/s      296/s      297/s      298/s      299/s      301/s      302/s     IPI0/s     IPI1/s     IPI2/s     IPI3/s     IPI4/s     IPI5/s     IPI6/s      Err/s
17시 08분 55초    0       0.00       0.00       0.00      41.00       0.00       0.00       0.00       0.00       0.00       0.00       0.00       0.00       0.00       0.00       0.00       0.00       0.00       0.00       0.00       0.00       0.00       0.00       0.00       0.00       0.00       0.00       0.00       0.00       0.00       0.00       0.00       0.00       0.00       0.00       0.00       0.00       0.00       0.00       0.00       0.00       0.00       0.00       0.00       0.00       0.00       0.00       0.00       0.00       0.00       0.00       0.00       0.00       0.00       0.00       0.00       0.00       0.00       0.00       0.00       0.00       0.00       0.00       0.00       0.00       0.00       0.00       0.00       0.00       0.00       0.00       0.00       0.00       0.00       0.00       0.00       0.00       0.00      66.00       0.00       0.00       0.00       0.00       0.00       0.00       0.00       0.00       0.00       0.00       0.00       0.00       0.00       0.00       0.00       0.00       0.00       0.00       0.00       0.00       0.00       0.00       0.00       0.00       0.00       0.00       0.00      10.00       0.00       0.00       0.00       0.00       0.00       0.00       0.00       0.00       0.00       0.00       0.00       0.00       0.00       0.00       0.00       0.00       0.00       0.00       0.00       0.00       0.00       0.00       0.00       0.00       0.00       0.00       0.00       0.00      12.00       0.00       2.00       6.00       0.00       0.00       0.00       0.00       0.00       0.00
17시 08분 55초    1       0.00       0.00       0.00      30.00       0.00       0.00       0.00       0.00       0.00       0.00       0.00       0.00       0.00       0.00       0.00       0.00       0.00       0.00       0.00       0.00       0.00       0.00       0.00       0.00       0.00       0.00       0.00       0.00       0.00       0.00       0.00       0.00       0.00       0.00       0.00       0.00       0.00       0.00       0.00       0.00       0.00       0.00       0.00       0.00       0.00       0.00       0.00       0.00       0.00       0.00       0.00       0.00       0.00       0.00       0.00       0.00       0.00       0.00       0.00       0.00       0.00       0.00       0.00       0.00       0.00       0.00       0.00       0.00       0.00       0.00       0.00       0.00       0.00       0.00       0.00       0.00       0.00       0.00       0.00       0.00       0.00       0.00       0.00       0.00       0.00       0.00       0.00       0.00       0.00       0.00       0.00       0.00       0.00       0.00       0.00       0.00       0.00       0.00       0.00       0.00       0.00       0.00       0.00       0.00       0.00       0.00       0.00       0.00       0.00       0.00       0.00       0.00       0.00       0.00       0.00       0.00       0.00       0.00       0.00       0.00       0.00       0.00       0.00       0.00       0.00       0.00       0.00       0.00       0.00       0.00       0.00       0.00       0.00       0.00       0.00       0.00       1.00       1.00       0.00       0.00       0.00       0.00       0.00       0.00
17시 08분 55초    2       0.00       0.00       0.00      35.00       0.00       0.00       0.00       0.00       0.00       0.00       0.00       0.00       0.00       0.00       0.00       0.00       0.00       0.00       0.00       0.00       0.00       0.00       0.00       0.00       0.00       0.00       0.00       0.00       0.00       0.00       0.00       0.00       0.00       0.00       0.00       0.00       0.00       0.00       0.00       0.00       0.00       0.00       0.00       0.00       0.00       0.00       0.00       0.00       0.00       0.00       0.00       0.00       0.00       0.00       0.00       0.00       0.00       0.00       0.00       0.00       0.00       0.00       0.00       0.00       0.00       0.00       0.00       0.00       0.00       0.00       0.00       0.00       0.00       0.00       0.00       0.00       0.00       0.00       0.00       0.00       0.00       0.00       0.00       0.00       0.00       0.00       0.00       0.00       0.00       0.00       0.00       0.00       0.00       0.00       0.00       0.00       0.00       0.00       0.00       0.00       0.00       0.00       0.00       0.00       0.00       0.00       0.00       0.00       0.00       0.00       0.00       0.00       0.00       0.00       0.00       0.00       0.00       0.00       0.00       0.00       0.00       0.00       0.00       0.00       0.00       0.00       0.00       0.00       0.00       0.00       0.00       0.00       0.00       0.00       0.00       0.00       8.00       3.00       0.00       0.00       0.00       0.00       0.00       0.00
17시 08분 55초    3       0.00       0.00       0.00      45.00       0.00       0.00       0.00       0.00       0.00       0.00       0.00       0.00       0.00       0.00       0.00       0.00       0.00       0.00       0.00       0.00       0.00       0.00       0.00       0.00       0.00       0.00       0.00       0.00       0.00       0.00       0.00       0.00       0.00       0.00       0.00       0.00       0.00       0.00       0.00       0.00       0.00       0.00       0.00       0.00       0.00       0.00       0.00       0.00       0.00       0.00       0.00       0.00       0.00       0.00       0.00       0.00       0.00       0.00       0.00       0.00       0.00       0.00       0.00       0.00       0.00       0.00       0.00       0.00       0.00       0.00       0.00       0.00       0.00       0.00       0.00       0.00       0.00       0.00       0.00       0.00       0.00       0.00       0.00       0.00       0.00       0.00       0.00       0.00       0.00       0.00       0.00       0.00       0.00       0.00       0.00       0.00       0.00       0.00       0.00       0.00       0.00       0.00       0.00       0.00       0.00       0.00       0.00       0.00       0.00       0.00       0.00       0.00       0.00       0.00       0.00       0.00       0.00       0.00       0.00       0.00       0.00       0.00       0.00       0.00       0.00       0.00       0.00       0.00       0.00       0.00       0.00       0.00       0.00       0.00       0.00       0.00      11.00       0.00       0.00       0.00       0.00       0.00       0.00       0.00
17시 08분 55초    4       0.00       0.00       0.00      78.00       0.00       0.00       0.00       0.00       0.00       0.00       0.00       0.00       0.00       0.00       0.00       0.00       0.00       0.00       0.00       0.00       0.00       0.00       0.00       0.00       0.00       0.00       0.00       0.00       0.00       0.00       0.00       0.00       0.00       0.00       0.00       0.00       0.00       0.00       0.00       0.00       0.00       0.00       0.00       0.00       0.00       0.00       0.00       0.00       0.00       0.00       0.00       0.00       0.00       0.00       0.00       0.00       0.00       0.00       0.00       0.00       0.00       0.00       0.00       0.00       0.00       0.00       0.00       0.00       0.00       0.00       0.00       0.00       0.00       0.00       0.00       0.00       0.00       0.00       0.00       0.00       0.00       0.00       0.00       0.00       0.00       0.00       0.00       0.00       0.00       0.00       0.00       0.00       0.00       0.00       0.00       0.00       0.00       0.00       0.00       0.00       0.00       0.00       0.00       0.00       0.00       0.00       0.00       0.00       0.00       0.00       0.00       0.00       0.00       0.00       0.00       0.00       0.00       0.00       0.00       0.00       0.00       0.00       0.00       0.00       0.00       0.00       0.00       0.00       0.00       0.00       0.00       0.00       0.00       0.00       0.00       0.00       4.00       0.00       0.00       0.00       0.00       0.00       0.00       0.00
17시 08분 55초    5       0.00       0.00       0.00      57.00       0.00       0.00       0.00       0.00       0.00       0.00       0.00       0.00       0.00       0.00       0.00       0.00       0.00       0.00       0.00       0.00       0.00       0.00       0.00       0.00       0.00       0.00       0.00       0.00       0.00       0.00       0.00       0.00       0.00       0.00       0.00       0.00       0.00       0.00       0.00       0.00       0.00       0.00       0.00       0.00       0.00       0.00       0.00       0.00       0.00       0.00       0.00       0.00       0.00       0.00       0.00       0.00       0.00       0.00       0.00       0.00       0.00       0.00       0.00       0.00       0.00       0.00       0.00       0.00       0.00       0.00       0.00       0.00       0.00       0.00       0.00       0.00       0.00       0.00       0.00       0.00       0.00       0.00       0.00       0.00       0.00       0.00       0.00       0.00       0.00       0.00       0.00       0.00       0.00       0.00       0.00       0.00       0.00       0.00       0.00       0.00       0.00       0.00       0.00       0.00       0.00       0.00       0.00       0.00       0.00       0.00       0.00       0.00       0.00       0.00       0.00       0.00       0.00       0.00       0.00       0.00       0.00       0.00       0.00       0.00       0.00       0.00       0.00       0.00       0.00       0.00       0.00       0.00       0.00       0.00       0.00       0.00      83.00       0.00       0.00       0.00       0.00       0.00       0.00       0.00

17시 08분 54초  CPU       HI/s    TIMER/s   NET_TX/s   NET_RX/s    BLOCK/s IRQ_POLL/s  TASKLET/s    SCHED/s  HRTIMER/s      RCU/s
17시 08분 55초    0       0.00       8.00       0.00      11.00       0.00       0.00       0.00      25.00       0.00      20.00
17시 08분 55초    1       0.00      18.00       0.00       0.00       0.00       0.00       0.00      23.00       0.00      18.00
17시 08분 55초    2       0.00      10.00       0.00       0.00       0.00       0.00       0.00      20.00       0.00      16.00
17시 08분 55초    3       0.00      10.00       0.00       0.00       0.00       0.00       0.00      17.00       0.00      21.00
17시 08분 55초    4       0.00      21.00       0.00       0.00       0.00       0.00       0.00      35.00       0.00      44.00
17시 08분 55초    5       0.00      35.00       0.00       0.00       0.00       0.00       0.00      30.00       0.00      28.00

17시 08분 55초  CPU    %usr   %nice    %sys %iowait    %irq   %soft  %steal  %guest  %gnice   %idle
17시 08분 56초  all    1.00    0.00    3.82    1.99    0.17    0.00    0.00    0.00    0.00   93.02
17시 08분 56초    0    1.01    0.00    2.02    0.00    0.00    0.00    0.00    0.00    0.00   96.97
17시 08분 56초    1    1.00    0.00    0.00    0.00    0.00    0.00    0.00    0.00    0.00   99.00
17시 08분 56초    2    0.00    0.00    0.00    4.00    0.00    0.00    0.00    0.00    0.00   96.00
17시 08분 56초    3    0.98    0.00   15.69    3.92    0.00    0.00    0.00    0.00    0.00   79.41
17시 08분 56초    4    2.00    0.00    5.00    0.00    0.00    0.00    0.00    0.00    0.00   93.00
17시 08분 56초    5    0.99    0.00    0.00    3.96    0.99    0.00    0.00    0.00    0.00   94.06

17시 08분 55초  CPU    intr/s
17시 08분 56초  all    776.00
17시 08분 56초    0     90.00
17시 08분 56초    1     56.00
17시 08분 56초    2     38.00
17시 08분 56초    3     85.00
17시 08분 56초    4    112.00
17시 08분 56초    5     72.00

17시 08분 55초  CPU        9/s       11/s       12/s       13/s       18/s       20/s       21/s       22/s       23/s       24/s       25/s       26/s       27/s       28/s       29/s       30/s       31/s       32/s       33/s       34/s       35/s       36/s       37/s       38/s       39/s       40/s       41/s       42/s       43/s       44/s       45/s       46/s       47/s       48/s       49/s       50/s       51/s       52/s       53/s       54/s       55/s       57/s       59/s       61/s       65/s       66/s       67/s       68/s       69/s       70/s       71/s       72/s       73/s       74/s       75/s       76/s       77/s       79/s       80/s       81/s       82/s       83/s       84/s       85/s       86/s       87/s       88/s       89/s       90/s       91/s       92/s       93/s       94/s       95/s       96/s       97/s       98/s      112/s      113/s      114/s      115/s      116/s      117/s      118/s      119/s      120/s      121/s      122/s      123/s      124/s      125/s      126/s      127/s      128/s      129/s      130/s      131/s      132/s      133/s      134/s      135/s      136/s      137/s      138/s      150/s      154/s      162/s      167/s      171/s      224/s      228/s      229/s      230/s      231/s      232/s      233/s      234/s      235/s      236/s      237/s      245/s      246/s      247/s      249/s      250/s      252/s      253/s      262/s      263/s      294/s      296/s      297/s      298/s      299/s      301/s      302/s     IPI0/s     IPI1/s     IPI2/s     IPI3/s     IPI4/s     IPI5/s     IPI6/s      Err/s
17시 08분 56초    0       0.00       0.00       0.00      93.00       0.00       0.00       0.00       0.00       0.00       0.00       0.00       0.00       0.00       0.00       0.00       0.00       0.00       0.00       0.00       0.00       0.00       0.00       0.00       0.00       0.00       0.00       0.00       0.00       0.00       0.00       0.00       0.00       0.00       0.00       0.00       0.00       0.00       0.00       0.00       0.00       0.00       0.00       0.00       0.00       0.00       0.00     134.00       0.00       0.00       0.00       0.00       0.00       0.00       0.00       0.00       0.00       0.00       0.00       0.00       0.00       0.00       0.00       0.00       0.00       0.00       0.00       0.00       0.00       0.00       0.00       0.00       0.00       0.00       0.00       0.00       0.00       0.00       2.00       0.00       0.00       0.00       0.00       0.00       0.00       0.00       0.00       0.00       0.00       0.00       0.00       0.00       0.00       0.00       0.00       0.00       0.00       0.00       0.00       0.00       0.00       0.00       0.00       0.00       0.00       0.00      44.00       0.00       0.00       0.00       0.00       0.00       0.00       0.00       0.00       0.00       0.00       0.00       0.00       0.00       0.00       0.00       0.00       0.00       0.00       0.00       0.00       0.00       0.00       0.00       0.00       0.00       0.00       0.00       0.00      12.00       0.00      12.00      14.00       0.00       0.00       0.00       8.00       0.00       0.00
17시 08분 56초    1       0.00       0.00       0.00      29.00       0.00       0.00       0.00       0.00       0.00       0.00       0.00       0.00       0.00       0.00       0.00       0.00       0.00       0.00       0.00       0.00       0.00       0.00       0.00       0.00       0.00       0.00       0.00       0.00       0.00       0.00       0.00       0.00       0.00       0.00       0.00       0.00       0.00       0.00       0.00       0.00       0.00       0.00       0.00       0.00       0.00       0.00       0.00       0.00       0.00       0.00       0.00       0.00       0.00       0.00       0.00       0.00       0.00       0.00       0.00       0.00       0.00       0.00       0.00       0.00       0.00       0.00       0.00       0.00       0.00       0.00       0.00       0.00       0.00       0.00       0.00       0.00       0.00       0.00       0.00       0.00       0.00       0.00       0.00       0.00       0.00       0.00       0.00       0.00       0.00       0.00       0.00       0.00       0.00       0.00       0.00       0.00       0.00       0.00       0.00       0.00       0.00       0.00       0.00       0.00       0.00       0.00       0.00       0.00       0.00       0.00       0.00       0.00       0.00       0.00       0.00       0.00       0.00       0.00       0.00       0.00       0.00       0.00       0.00       0.00       0.00       0.00       0.00       0.00       0.00       0.00       0.00       0.00       0.00       0.00       0.00       0.00       1.00       1.00       0.00       0.00       0.00       0.00       0.00       0.00
17시 08분 56초    2       0.00       0.00       0.00      27.00       0.00       0.00       0.00       0.00       0.00       0.00       0.00       0.00       0.00       0.00       0.00       0.00       0.00       0.00       0.00       0.00       0.00       0.00       0.00       0.00       0.00       0.00       0.00       0.00       0.00       0.00       0.00       0.00       0.00       0.00       0.00       0.00       0.00       0.00       0.00       0.00       0.00       0.00       0.00       0.00       0.00       0.00       0.00       0.00       0.00       0.00       0.00       0.00       0.00       0.00       0.00       0.00       0.00       0.00       0.00       0.00       0.00       0.00       0.00       0.00       0.00       0.00       0.00       0.00       0.00       0.00       0.00       0.00       0.00       0.00       0.00       0.00       0.00       0.00       0.00       0.00       0.00       0.00       0.00       0.00       0.00       0.00       0.00       0.00       0.00       0.00       0.00       0.00       0.00       0.00       0.00       0.00       0.00       0.00       0.00       0.00       0.00       0.00       0.00       0.00       0.00       0.00       0.00       0.00       0.00       0.00       0.00       0.00       0.00       0.00       0.00       0.00       0.00       0.00       0.00       0.00       0.00       0.00       0.00       0.00       0.00       0.00       0.00       0.00       0.00       0.00       0.00       0.00       0.00       0.00       0.00       0.00       2.00       2.00       0.00       0.00       0.00       0.00       0.00       0.00
17시 08분 56초    3       0.00       0.00       0.00      77.00       0.00       0.00       0.00       0.00       0.00       0.00       0.00       0.00       0.00       0.00       0.00       0.00       0.00       0.00       0.00       0.00       0.00       0.00       0.00       0.00       0.00       0.00       0.00       0.00       0.00       0.00       0.00       0.00       0.00       0.00       0.00       0.00       0.00       0.00       0.00       0.00       0.00       0.00       0.00       0.00       0.00       0.00       0.00       0.00       0.00       0.00       0.00       0.00       0.00       0.00       0.00       0.00       0.00       0.00       0.00       0.00       0.00       0.00       0.00       0.00       0.00       0.00       0.00       0.00       0.00       0.00       0.00       0.00       0.00       0.00       0.00       0.00       0.00       0.00       0.00       0.00       0.00       0.00       0.00       0.00       0.00       0.00       0.00       0.00       0.00       0.00       0.00       0.00       0.00       0.00       0.00       0.00       0.00       0.00       0.00       0.00       0.00       0.00       0.00       0.00       0.00       0.00       0.00       0.00       0.00       0.00       0.00       0.00       0.00       0.00       0.00       0.00       0.00       0.00       0.00       0.00       0.00       0.00       0.00       0.00       0.00       0.00       0.00       0.00       0.00       0.00       0.00       0.00       0.00       0.00       0.00       0.00     152.00       0.00       0.00       0.00       0.00      11.00       0.00       0.00
17시 08분 56초    4       0.00       0.00       0.00      81.00       0.00       0.00       0.00       0.00       0.00       0.00       0.00       0.00       0.00       0.00       0.00       0.00       0.00       0.00       0.00       0.00       0.00       0.00       0.00       0.00       0.00       0.00       0.00       0.00       0.00       0.00       0.00       0.00       0.00       0.00       0.00       0.00       0.00       0.00       0.00       0.00       0.00       0.00       0.00       0.00       0.00       0.00       0.00       0.00       0.00       0.00       0.00       0.00       0.00       0.00       0.00       0.00       0.00       0.00       0.00       0.00       0.00       0.00       0.00       0.00       0.00       0.00       0.00       0.00       0.00       0.00       0.00       0.00       0.00       0.00       0.00       0.00       0.00       0.00       0.00       0.00       0.00       0.00       0.00       0.00       0.00       0.00       0.00       0.00       0.00       0.00       0.00       0.00       0.00       0.00       0.00       0.00       0.00       0.00       0.00       0.00       0.00       0.00       0.00       0.00       0.00       0.00       0.00       0.00       0.00       0.00       0.00       0.00       0.00       0.00       0.00       0.00       0.00       0.00       0.00       0.00       0.00       0.00       0.00       0.00       0.00       0.00       0.00       0.00       0.00       0.00       0.00       0.00       0.00       0.00       0.00       0.00       7.00       0.00       0.00       0.00       0.00       0.00       0.00       0.00
17시 08분 56초    5       0.00       0.00       0.00      47.00       0.00       0.00       0.00       0.00       0.00       0.00       0.00       0.00       0.00       0.00       0.00       0.00       0.00       0.00       0.00       0.00       0.00       0.00       0.00       0.00       0.00       0.00       0.00       0.00       0.00       0.00       0.00       0.00       0.00       0.00       0.00       0.00       0.00       0.00       0.00       0.00       0.00       0.00       0.00       0.00       0.00       0.00       0.00       0.00       0.00       0.00       0.00       0.00       0.00       0.00       0.00       0.00       0.00       0.00       0.00       0.00       0.00       0.00       0.00       0.00       0.00       0.00       0.00       0.00       0.00       0.00       0.00       0.00       0.00       0.00       0.00       0.00       0.00       0.00       0.00       0.00       0.00       0.00       0.00       0.00       0.00       0.00       0.00       0.00       0.00       0.00       0.00       0.00       0.00       0.00       0.00       0.00       0.00       0.00       0.00       0.00       0.00       0.00       0.00       0.00       0.00       0.00       0.00       0.00       0.00       0.00       0.00       0.00       0.00       0.00       0.00       0.00       0.00       0.00       0.00       0.00       0.00       0.00       0.00       0.00       0.00       0.00       0.00       0.00       0.00       0.00       0.00       0.00       0.00       0.00       0.00       0.00      20.00       0.00       0.00       0.00       0.00       0.00       0.00       0.00

17시 08분 55초  CPU       HI/s    TIMER/s   NET_TX/s   NET_RX/s    BLOCK/s IRQ_POLL/s  TASKLET/s    SCHED/s  HRTIMER/s      RCU/s
17시 08분 56초    0       0.00       7.00       1.00      11.00       2.00       0.00       0.00      46.00       0.00      23.00
17시 08분 56초    1       0.00      18.00       0.00       0.00       0.00       0.00       0.00      21.00       0.00      17.00
17시 08분 56초    2       0.00       9.00       0.00       0.00       0.00       0.00       0.00      15.00       0.00      14.00
17시 08분 56초    3       0.00       7.00       0.00       0.00       0.00       0.00       0.00      50.00       0.00      28.00
17시 08분 56초    4       0.00      31.00       0.00       0.00       0.00       0.00       0.00      40.00       0.00      41.00
17시 08분 56초    5       0.00      26.00       0.00       0.00       0.00       0.00       0.00      26.00       0.00      20.00

17시 08분 56초  CPU    %usr   %nice    %sys %iowait    %irq   %soft  %steal  %guest  %gnice   %idle
17시 08분 57초  all    0.33    0.00    2.49    0.00    0.00    0.17    0.00    0.00    0.00   97.01
17시 08분 57초    0    0.00    0.00    2.97    0.00    0.00    0.99    0.00    0.00    0.00   96.04
17시 08분 57초    1    0.00    0.00    1.00    0.00    0.00    0.00    0.00    0.00    0.00   99.00
17시 08분 57초    2    0.00    0.00    1.01    0.00    0.00    0.00    0.00    0.00    0.00   98.99
17시 08분 57초    3    0.99    0.00    2.97    0.00    0.00    0.00    0.00    0.00    0.00   96.04
17시 08분 57초    4    0.99    0.00    5.94    0.00    0.00    0.00    0.00    0.00    0.00   93.07
17시 08분 57초    5    0.00    0.00    1.00    0.00    0.00    0.00    0.00    0.00    0.00   99.00

17시 08분 56초  CPU    intr/s
17시 08분 57초  all    361.00
17시 08분 57초    0     87.00
17시 08분 57초    1     65.00
17시 08분 57초    2     43.00
17시 08분 57초    3     32.00
17시 08분 57초    4     97.00
17시 08분 57초    5     77.00

17시 08분 56초  CPU        9/s       11/s       12/s       13/s       18/s       20/s       21/s       22/s       23/s       24/s       25/s       26/s       27/s       28/s       29/s       30/s       31/s       32/s       33/s       34/s       35/s       36/s       37/s       38/s       39/s       40/s       41/s       42/s       43/s       44/s       45/s       46/s       47/s       48/s       49/s       50/s       51/s       52/s       53/s       54/s       55/s       57/s       59/s       61/s       65/s       66/s       67/s       68/s       69/s       70/s       71/s       72/s       73/s       74/s       75/s       76/s       77/s       79/s       80/s       81/s       82/s       83/s       84/s       85/s       86/s       87/s       88/s       89/s       90/s       91/s       92/s       93/s       94/s       95/s       96/s       97/s       98/s      112/s      113/s      114/s      115/s      116/s      117/s      118/s      119/s      120/s      121/s      122/s      123/s      124/s      125/s      126/s      127/s      128/s      129/s      130/s      131/s      132/s      133/s      134/s      135/s      136/s      137/s      138/s      150/s      154/s      162/s      167/s      171/s      224/s      228/s      229/s      230/s      231/s      232/s      233/s      234/s      235/s      236/s      237/s      245/s      246/s      247/s      249/s      250/s      252/s      253/s      262/s      263/s      294/s      296/s      297/s      298/s      299/s      301/s      302/s     IPI0/s     IPI1/s     IPI2/s     IPI3/s     IPI4/s     IPI5/s     IPI6/s      Err/s
17시 08분 57초    0       0.00       0.00       0.00      47.00       0.00       0.00       0.00       0.00       0.00       0.00       0.00       0.00       0.00       0.00       0.00       0.00       0.00       0.00       0.00       0.00       0.00       0.00       0.00       0.00       0.00       0.00       0.00       0.00       0.00       0.00       0.00       0.00       0.00       0.00       0.00       0.00       0.00       0.00       0.00       0.00       0.00       0.00       0.00       0.00       0.00       0.00       0.00       0.00       0.00       0.00       0.00       0.00       0.00       0.00       0.00       0.00       0.00       0.00       0.00       0.00       0.00       0.00       0.00       0.00       0.00       0.00       0.00       0.00       0.00       0.00       0.00       0.00       0.00       0.00       0.00       0.00       0.00       0.00       0.00       0.00       0.00       0.00       0.00       0.00       0.00       0.00       0.00       0.00       0.00       0.00       0.00       0.00       0.00       0.00       0.00       0.00       0.00       0.00       0.00       0.00       0.00       0.00       0.00       0.00       0.00      15.00       0.00       0.00       0.00       0.00       0.00       0.00       0.00       0.00       0.00       0.00       0.00       0.00       0.00       0.00       0.00       0.00       0.00       0.00       0.00       0.00       0.00       0.00       0.00       0.00       0.00       0.00       0.00       0.00      36.00       0.00       4.00       6.00       0.00       0.00       0.00       1.00       0.00       0.00
17시 08분 57초    1       0.00       0.00       0.00      34.00       0.00       0.00       0.00       0.00       0.00       0.00       0.00       0.00       0.00       0.00       0.00       0.00       0.00       0.00       0.00       0.00       0.00       0.00       0.00       0.00       0.00       0.00       0.00       0.00       0.00       0.00       0.00       0.00       0.00       0.00       0.00       0.00       0.00       0.00       0.00       0.00       0.00       0.00       0.00       0.00       0.00       0.00       0.00       0.00       0.00       0.00       0.00       0.00       0.00       0.00       0.00       0.00       0.00       0.00       0.00       0.00       0.00       0.00       0.00       0.00       0.00       0.00       0.00       0.00       0.00       0.00       0.00       0.00       0.00       0.00       0.00       0.00       0.00       0.00       0.00       0.00       0.00       0.00       0.00       0.00       0.00       0.00       0.00       0.00       0.00       0.00       0.00       0.00       0.00       0.00       0.00       0.00       0.00       0.00       0.00       0.00       0.00       0.00       0.00       0.00       0.00       0.00       0.00       0.00       0.00       0.00       0.00       0.00       0.00       0.00       0.00       0.00       0.00       0.00       0.00       0.00       0.00       0.00       0.00       0.00       0.00       0.00       0.00       0.00       0.00       0.00       0.00       0.00       0.00       0.00       0.00       0.00       4.00       1.00       0.00       0.00       0.00       0.00       0.00       0.00
17시 08분 57초    2       0.00       0.00       0.00      26.00       0.00       0.00       0.00       0.00       0.00       0.00       0.00       0.00       0.00       0.00       0.00       0.00       0.00       0.00       0.00       0.00       0.00       0.00       0.00       0.00       0.00       0.00       0.00       0.00       0.00       0.00       0.00       0.00       0.00       0.00       0.00       0.00       0.00       0.00       0.00       0.00       0.00       0.00       0.00       0.00       0.00       0.00       0.00       0.00       0.00       0.00       0.00       0.00       0.00       0.00       0.00       0.00       0.00       0.00       0.00       0.00       0.00       0.00       0.00       0.00       0.00       0.00       0.00       0.00       0.00       0.00       0.00       0.00       0.00       0.00       0.00       0.00       0.00       0.00       0.00       0.00       0.00       0.00       0.00       0.00       0.00       0.00       0.00       0.00       0.00       0.00       0.00       0.00       0.00       0.00       0.00       0.00       0.00       0.00       0.00       0.00       0.00       0.00       0.00       0.00       0.00       0.00       0.00       0.00       0.00       0.00       0.00       0.00       0.00       0.00       0.00       0.00       0.00       0.00       0.00       0.00       0.00       0.00       0.00       0.00       0.00       0.00       0.00       0.00       0.00       0.00       0.00       0.00       0.00       0.00       0.00       0.00       7.00       2.00       0.00       0.00       0.00       0.00       0.00       0.00
17시 08분 57초    3       0.00       0.00       0.00      30.00       0.00       0.00       0.00       0.00       0.00       0.00       0.00       0.00       0.00       0.00       0.00       0.00       0.00       0.00       0.00       0.00       0.00       0.00       0.00       0.00       0.00       0.00       0.00       0.00       0.00       0.00       0.00       0.00       0.00       0.00       0.00       0.00       0.00       0.00       0.00       0.00       0.00       0.00       0.00       0.00       0.00       0.00       0.00       0.00       0.00       0.00       0.00       0.00       0.00       0.00       0.00       0.00       0.00       0.00       0.00       0.00       0.00       0.00       0.00       0.00       0.00       0.00       0.00       0.00       0.00       0.00       0.00       0.00       0.00       0.00       0.00       0.00       0.00       0.00       0.00       0.00       0.00       0.00       0.00       0.00       0.00       0.00       0.00       0.00       0.00       0.00       0.00       0.00       0.00       0.00       0.00       0.00       0.00       0.00       0.00       0.00       0.00       0.00       0.00       0.00       0.00       0.00       0.00       0.00       0.00       0.00       0.00       0.00       0.00       0.00       0.00       0.00       0.00       0.00       0.00       0.00       0.00       0.00       0.00       0.00       0.00       0.00       0.00       0.00       0.00       0.00       0.00       0.00       0.00       0.00       0.00       0.00       2.00       0.00       0.00       0.00       0.00       1.00       0.00       0.00
17시 08분 57초    4       0.00       0.00       0.00      73.00       0.00       0.00       0.00       0.00       0.00       0.00       0.00       0.00       0.00       0.00       0.00       0.00       0.00       0.00       0.00       0.00       0.00       0.00       0.00       0.00       0.00       0.00       0.00       0.00       0.00       0.00       0.00       0.00       0.00       0.00       0.00       0.00       0.00       0.00       0.00       0.00       0.00       0.00       0.00       0.00       0.00       0.00       0.00       0.00       0.00       0.00       0.00       0.00       0.00       0.00       0.00       0.00       0.00       0.00       0.00       0.00       0.00       0.00       0.00       0.00       0.00       0.00       0.00       0.00       0.00       0.00       0.00       0.00       0.00       0.00       0.00       0.00       0.00       0.00       0.00       0.00       0.00       0.00       0.00       0.00       0.00       0.00       0.00       0.00       0.00       0.00       0.00       0.00       0.00       0.00       0.00       0.00       0.00       0.00       0.00       0.00       0.00       0.00       0.00       0.00       0.00       0.00       0.00       0.00       0.00       0.00       0.00       0.00       0.00       0.00       0.00       0.00       0.00       0.00       0.00       0.00       0.00       0.00       0.00       0.00       0.00       0.00       0.00       0.00       0.00       0.00       0.00       0.00       0.00       0.00       0.00       0.00       3.00       0.00       0.00       0.00       0.00       0.00       0.00       0.00
17시 08분 57초    5       0.00       0.00       0.00      54.00       0.00       0.00       0.00       0.00       0.00       0.00       0.00       0.00       0.00       0.00       0.00       0.00       0.00       0.00       0.00       0.00       0.00       0.00       0.00       0.00       0.00       0.00       0.00       0.00       0.00       0.00       0.00       0.00       0.00       0.00       0.00       0.00       0.00       0.00       0.00       0.00       0.00       0.00       0.00       0.00       0.00       0.00       0.00       0.00       0.00       0.00       0.00       0.00       0.00       0.00       0.00       0.00       0.00       0.00       0.00       0.00       0.00       0.00       0.00       0.00       0.00       0.00       0.00       0.00       0.00       0.00       0.00       0.00       0.00       0.00       0.00       0.00       0.00       0.00       0.00       0.00       0.00       0.00       0.00       0.00       0.00       0.00       0.00       0.00       0.00       0.00       0.00       0.00       0.00       0.00       0.00       0.00       0.00       0.00       0.00       0.00       0.00       0.00       0.00       0.00       0.00       0.00       0.00       0.00       0.00       0.00       0.00       0.00       0.00       0.00       0.00       0.00       0.00       0.00       0.00       0.00       0.00       0.00       0.00       0.00       0.00       0.00       0.00       0.00       0.00       0.00       0.00       0.00       0.00       0.00       0.00       0.00      15.00       0.00       0.00       0.00       0.00       0.00       0.00       0.00

17시 08분 56초  CPU       HI/s    TIMER/s   NET_TX/s   NET_RX/s    BLOCK/s IRQ_POLL/s  TASKLET/s    SCHED/s  HRTIMER/s      RCU/s
17시 08분 57초    0       0.00      11.00       0.00      33.00       0.00       0.00       0.00      24.00       0.00      19.00
17시 08분 57초    1       0.00      22.00       0.00       0.00       0.00       0.00       0.00      22.00       0.00      21.00
17시 08분 57초    2       0.00      10.00       0.00       0.00       0.00       0.00       0.00      18.00       0.00      15.00
17시 08분 57초    3       0.00       4.00       0.00       0.00       0.00       0.00       0.00      10.00       0.00      18.00
17시 08분 57초    4       0.00      21.00       0.00       0.00       0.00       0.00       0.00      35.00       0.00      41.00
17시 08분 57초    5       0.00      31.00       0.00       0.00       0.00       0.00       0.00      25.00       0.00      21.00

17시 08분 57초  CPU    %usr   %nice    %sys %iowait    %irq   %soft  %steal  %guest  %gnice   %idle
17시 08분 58초  all    0.67    0.00    1.67    0.00    0.00    0.00    0.00    0.00    0.00   97.66
17시 08분 58초    0    1.01    0.00    2.02    0.00    0.00    0.00    0.00    0.00    0.00   96.97
17시 08분 58초    1    0.00    0.00    0.00    0.00    0.00    0.00    0.00    0.00    0.00  100.00
17시 08분 58초    2    0.00    0.00    0.99    0.00    0.00    0.00    0.00    0.00    0.00   99.01
17시 08분 58초    3    1.00    0.00    2.00    0.00    0.00    0.00    0.00    0.00    0.00   97.00
17시 08분 58초    4    1.01    0.00    5.05    0.00    0.00    0.00    0.00    0.00    0.00   93.94
17시 08분 58초    5    1.00    0.00    0.00    0.00    0.00    0.00    0.00    0.00    0.00   99.00

17시 08분 57초  CPU    intr/s
17시 08분 58초  all    293.00
17시 08분 58초    0     64.00
17시 08분 58초    1     75.00
17시 08분 58초    2     33.00
17시 08분 58초    3     27.00
17시 08분 58초    4     96.00
17시 08분 58초    5     57.00

17시 08분 57초  CPU        9/s       11/s       12/s       13/s       18/s       20/s       21/s       22/s       23/s       24/s       25/s       26/s       27/s       28/s       29/s       30/s       31/s       32/s       33/s       34/s       35/s       36/s       37/s       38/s       39/s       40/s       41/s       42/s       43/s       44/s       45/s       46/s       47/s       48/s       49/s       50/s       51/s       52/s       53/s       54/s       55/s       57/s       59/s       61/s       65/s       66/s       67/s       68/s       69/s       70/s       71/s       72/s       73/s       74/s       75/s       76/s       77/s       79/s       80/s       81/s       82/s       83/s       84/s       85/s       86/s       87/s       88/s       89/s       90/s       91/s       92/s       93/s       94/s       95/s       96/s       97/s       98/s      112/s      113/s      114/s      115/s      116/s      117/s      118/s      119/s      120/s      121/s      122/s      123/s      124/s      125/s      126/s      127/s      128/s      129/s      130/s      131/s      132/s      133/s      134/s      135/s      136/s      137/s      138/s      150/s      154/s      162/s      167/s      171/s      224/s      228/s      229/s      230/s      231/s      232/s      233/s      234/s      235/s      236/s      237/s      245/s      246/s      247/s      249/s      250/s      252/s      253/s      262/s      263/s      294/s      296/s      297/s      298/s      299/s      301/s      302/s     IPI0/s     IPI1/s     IPI2/s     IPI3/s     IPI4/s     IPI5/s     IPI6/s      Err/s
17시 08분 58초    0       0.00       0.00       0.00      51.00       0.00       0.00       0.00       0.00       0.00       0.00       0.00       0.00       0.00       0.00       0.00       0.00       0.00       0.00       0.00       0.00       0.00       0.00       0.00       0.00       0.00       0.00       0.00       0.00       0.00       0.00       0.00       0.00       0.00       0.00       0.00       0.00       0.00       0.00       0.00       0.00       0.00       0.00       0.00       0.00       0.00       0.00       0.00       0.00       0.00       0.00       0.00       0.00       0.00       0.00       0.00       0.00       0.00       0.00       0.00       0.00       0.00       0.00       0.00       0.00       0.00       0.00       0.00       0.00       0.00       0.00       0.00       0.00       0.00       0.00       0.00       0.00       0.00       0.00       0.00       0.00       0.00       0.00       0.00       0.00       0.00       0.00       0.00       0.00       0.00       0.00       0.00       0.00       0.00       0.00       0.00       0.00       0.00       0.00       0.00       0.00       0.00       0.00       0.00       0.00       0.00       0.00       0.00       0.00       0.00       0.00       0.00       0.00       0.00       0.00       0.00       0.00       0.00       0.00       0.00       0.00       0.00       0.00       0.00       0.00       0.00       0.00       0.00       0.00       0.00       0.00       0.00       0.00       0.00       0.00      12.00       0.00       1.00       4.00       0.00       0.00       0.00       0.00       0.00       0.00
17시 08분 58초    1       0.00       0.00       0.00      43.00       0.00       0.00       0.00       0.00       0.00       0.00       0.00       0.00       0.00       0.00       0.00       0.00       0.00       0.00       0.00       0.00       0.00       0.00       0.00       0.00       0.00       0.00       0.00       0.00       0.00       0.00       0.00       0.00       0.00       0.00       0.00       0.00       0.00       0.00       0.00       0.00       0.00       0.00       0.00       0.00       0.00       0.00       0.00       0.00       0.00       0.00       0.00       0.00       0.00       0.00       0.00       0.00       0.00       0.00       0.00       0.00       0.00       0.00       0.00       0.00       0.00       0.00       0.00       0.00       0.00       0.00       0.00       0.00       0.00       0.00       0.00       0.00       0.00       0.00       0.00       0.00       0.00       0.00       0.00       0.00       0.00       0.00       0.00       0.00       0.00       0.00       0.00       0.00       0.00       0.00       0.00       0.00       0.00       0.00       0.00       0.00       0.00       0.00       0.00       0.00       0.00       0.00       0.00       0.00       0.00       0.00       0.00       0.00       0.00       0.00       0.00       0.00       0.00       0.00       0.00       0.00       0.00       0.00       0.00       0.00       0.00       0.00       0.00       0.00       0.00       0.00       0.00       0.00       0.00       0.00       0.00       0.00      11.00       2.00       0.00       0.00       0.00       0.00       0.00       0.00
17시 08분 58초    2       0.00       0.00       0.00      16.00       0.00       0.00       0.00       0.00       0.00       0.00       0.00       0.00       0.00       0.00       0.00       0.00       0.00       0.00       0.00       0.00       0.00       0.00       0.00       0.00       0.00       0.00       0.00       0.00       0.00       0.00       0.00       0.00       0.00       0.00       0.00       0.00       0.00       0.00       0.00       0.00       0.00       0.00       0.00       0.00       0.00       0.00       0.00       0.00       0.00       0.00       0.00       0.00       0.00       0.00       0.00       0.00       0.00       0.00       0.00       0.00       0.00       0.00       0.00       0.00       0.00       0.00       0.00       0.00       0.00       0.00       0.00       0.00       0.00       0.00       0.00       0.00       0.00       0.00       0.00       0.00       0.00       0.00       0.00       0.00       0.00       0.00       0.00       0.00       0.00       0.00       0.00       0.00       0.00       0.00       0.00       0.00       0.00       0.00       0.00       0.00       0.00       0.00       0.00       0.00       0.00       0.00       0.00       0.00       0.00       0.00       0.00       0.00       0.00       0.00       0.00       0.00       0.00       0.00       0.00       0.00       0.00       0.00       0.00       0.00       0.00       0.00       0.00       0.00       0.00       0.00       0.00       0.00       0.00       0.00       0.00       0.00       0.00       2.00       0.00       0.00       0.00       0.00       0.00       0.00
17시 08분 58초    3       0.00       0.00       0.00      28.00       0.00       0.00       0.00       0.00       0.00       0.00       0.00       0.00       0.00       0.00       0.00       0.00       0.00       0.00       0.00       0.00       0.00       0.00       0.00       0.00       0.00       0.00       0.00       0.00       0.00       0.00       0.00       0.00       0.00       0.00       0.00       0.00       0.00       0.00       0.00       0.00       0.00       0.00       0.00       0.00       0.00       0.00       0.00       0.00       0.00       0.00       0.00       0.00       0.00       0.00       0.00       0.00       0.00       0.00       0.00       0.00       0.00       0.00       0.00       0.00       0.00       0.00       0.00       0.00       0.00       0.00       0.00       0.00       0.00       0.00       0.00       0.00       0.00       0.00       0.00       0.00       0.00       0.00       0.00       0.00       0.00       0.00       0.00       0.00       0.00       0.00       0.00       0.00       0.00       0.00       0.00       0.00       0.00       0.00       0.00       0.00       0.00       0.00       0.00       0.00       0.00       0.00       0.00       0.00       0.00       0.00       0.00       0.00       0.00       0.00       0.00       0.00       0.00       0.00       0.00       0.00       0.00       0.00       0.00       0.00       0.00       0.00       0.00       0.00       0.00       0.00       0.00       0.00       0.00       0.00       0.00       0.00       0.00       0.00       0.00       0.00       0.00       0.00       0.00       0.00
17시 08분 58초    4       0.00       0.00       0.00      73.00       0.00       0.00       0.00       0.00       0.00       0.00       0.00       0.00       0.00       0.00       0.00       0.00       0.00       0.00       0.00       0.00       0.00       0.00       0.00       0.00       0.00       0.00       0.00       0.00       0.00       0.00       0.00       0.00       0.00       0.00       0.00       0.00       0.00       0.00       0.00       0.00       0.00       0.00       0.00       0.00       0.00       0.00       0.00       0.00       0.00       0.00       0.00       0.00       0.00       0.00       0.00       0.00       0.00       0.00       0.00       0.00       0.00       0.00       0.00       0.00       0.00       0.00       0.00       0.00       0.00       0.00       0.00       0.00       0.00       0.00       0.00       0.00       0.00       0.00       0.00       0.00       0.00       0.00       0.00       0.00       0.00       0.00       0.00       0.00       0.00       0.00       0.00       0.00       0.00       0.00       0.00       0.00       0.00       0.00       0.00       0.00       0.00       0.00       0.00       0.00       0.00       0.00       0.00       0.00       0.00       0.00       0.00       0.00       0.00       0.00       0.00       0.00       0.00       0.00       0.00       0.00       0.00       0.00       0.00       0.00       0.00       0.00       0.00       0.00       0.00       0.00       0.00       0.00       0.00       0.00       0.00       0.00       4.00       0.00       0.00       0.00       0.00       0.00       0.00       0.00
17시 08분 58초    5       0.00       0.00       0.00      37.00       0.00       0.00       0.00       0.00       0.00       0.00       0.00       0.00       0.00       0.00       0.00       0.00       0.00       0.00       0.00       0.00       0.00       0.00       0.00       0.00       0.00       0.00       0.00       0.00       0.00       0.00       0.00       0.00       0.00       0.00       0.00       0.00       0.00       0.00       0.00       0.00       0.00       0.00       0.00       0.00       0.00       0.00       0.00       0.00       0.00       0.00       0.00       0.00       0.00       0.00       0.00       0.00       0.00       0.00       0.00       0.00       0.00       0.00       0.00       0.00       0.00       0.00       0.00       0.00       0.00       0.00       0.00       0.00       0.00       0.00       0.00       0.00       0.00       0.00       0.00       0.00       0.00       0.00       0.00       0.00       0.00       0.00       0.00       0.00       0.00       0.00       0.00       0.00       0.00       0.00       0.00       0.00       0.00       0.00       0.00       0.00       0.00       0.00       0.00       0.00       0.00       0.00       0.00       0.00       0.00       0.00       0.00       0.00       0.00       0.00       0.00       0.00       0.00       0.00       0.00       0.00       0.00       0.00       0.00       0.00       0.00       0.00       0.00       0.00       0.00       0.00       0.00       0.00       0.00       0.00       0.00       0.00       9.00       0.00       0.00       0.00       0.00       0.00       0.00       0.00

17시 08분 57초  CPU       HI/s    TIMER/s   NET_TX/s   NET_RX/s    BLOCK/s IRQ_POLL/s  TASKLET/s    SCHED/s  HRTIMER/s      RCU/s
17시 08분 58초    0       0.00       9.00       0.00      11.00       0.00       0.00       0.00      24.00       0.00      20.00
17시 08분 58초    1       0.00      28.00       0.00       0.00       0.00       0.00       0.00      27.00       0.00      20.00
17시 08분 58초    2       0.00       9.00       0.00       0.00       0.00       0.00       0.00      14.00       0.00      10.00
17시 08분 58초    3       0.00       3.00       0.00       0.00       0.00       0.00       0.00       9.00       0.00      15.00
17시 08분 58초    4       0.00      20.00       0.00       0.00       0.00       0.00       0.00      36.00       0.00      40.00
17시 08분 58초    5       0.00      19.00       0.00       0.00       0.00       0.00       0.00      19.00       0.00      19.00

17시 08분 58초  CPU    %usr   %nice    %sys %iowait    %irq   %soft  %steal  %guest  %gnice   %idle
17시 08분 59초  all    0.67    0.00    1.83    0.00    0.33    0.00    0.00    0.00    0.00   97.17
17시 08분 59초    0    0.00    0.00    2.97    0.00    0.99    0.00    0.00    0.00    0.00   96.04
17시 08분 59초    1    0.00    0.00    1.00    0.00    0.00    0.00    0.00    0.00    0.00   99.00
17시 08분 59초    2    0.99    0.00    0.00    0.00    0.99    0.00    0.00    0.00    0.00   98.02
17시 08분 59초    3    0.00    0.00    2.02    0.00    0.00    0.00    0.00    0.00    0.00   97.98
17시 08분 59초    4    2.97    0.00    4.95    0.00    0.00    0.00    0.00    0.00    0.00   92.08
17시 08분 59초    5    0.00    0.00    0.00    0.00    0.00    0.00    0.00    0.00    0.00  100.00

17시 08분 58초  CPU    intr/s
17시 08분 59초  all    295.00
17시 08분 59초    0     61.00
17시 08분 59초    1     92.00
17시 08분 59초    2     44.00
17시 08분 59초    3     27.00
17시 08분 59초    4    107.00
17시 08분 59초    5     43.00

17시 08분 58초  CPU        9/s       11/s       12/s       13/s       18/s       20/s       21/s       22/s       23/s       24/s       25/s       26/s       27/s       28/s       29/s       30/s       31/s       32/s       33/s       34/s       35/s       36/s       37/s       38/s       39/s       40/s       41/s       42/s       43/s       44/s       45/s       46/s       47/s       48/s       49/s       50/s       51/s       52/s       53/s       54/s       55/s       57/s       59/s       61/s       65/s       66/s       67/s       68/s       69/s       70/s       71/s       72/s       73/s       74/s       75/s       76/s       77/s       79/s       80/s       81/s       82/s       83/s       84/s       85/s       86/s       87/s       88/s       89/s       90/s       91/s       92/s       93/s       94/s       95/s       96/s       97/s       98/s      112/s      113/s      114/s      115/s      116/s      117/s      118/s      119/s      120/s      121/s      122/s      123/s      124/s      125/s      126/s      127/s      128/s      129/s      130/s      131/s      132/s      133/s      134/s      135/s      136/s      137/s      138/s      150/s      154/s      162/s      167/s      171/s      224/s      228/s      229/s      230/s      231/s      232/s      233/s      234/s      235/s      236/s      237/s      245/s      246/s      247/s      249/s      250/s      252/s      253/s      262/s      263/s      294/s      296/s      297/s      298/s      299/s      301/s      302/s     IPI0/s     IPI1/s     IPI2/s     IPI3/s     IPI4/s     IPI5/s     IPI6/s      Err/s
17시 08분 59초    0       0.00       0.00       0.00      39.00       0.00       0.00       0.00       0.00       0.00       0.00       0.00       0.00       0.00       0.00       0.00       0.00       0.00       0.00       0.00       0.00       0.00       0.00       0.00       0.00       0.00       0.00       0.00       0.00       0.00       0.00       0.00       0.00       0.00       0.00       0.00       0.00       0.00       0.00       0.00       0.00       0.00       0.00       0.00       0.00       0.00       0.00       0.00       0.00       0.00       0.00       0.00       0.00       0.00       0.00       0.00       0.00       0.00       0.00       0.00       0.00       0.00       0.00       0.00       0.00       0.00       0.00       0.00       0.00       0.00       0.00       0.00       0.00       0.00       0.00       0.00       0.00       0.00       0.00       0.00       0.00       0.00       0.00       0.00       0.00       0.00       0.00       0.00       0.00       0.00       0.00       0.00       0.00       0.00       0.00       0.00       0.00       0.00       0.00       0.00       0.00       0.00       0.00       0.00       0.00       0.00       5.00       0.00       0.00       0.00       0.00       0.00       0.00       0.00       0.00       0.00       0.00       0.00       0.00       0.00       0.00       0.00       0.00       0.00       0.00       0.00       0.00       0.00       0.00       0.00       0.00       0.00       0.00       0.00       0.00      24.00       0.00       1.00       4.00       0.00       0.00       0.00       0.00       0.00       0.00
17시 08분 59초    1       0.00       0.00       0.00      50.00       0.00       0.00       0.00       0.00       0.00       0.00       0.00       0.00       0.00       0.00       0.00       0.00       0.00       0.00       0.00       0.00       0.00       0.00       0.00       0.00       0.00       0.00       0.00       0.00       0.00       0.00       0.00       0.00       0.00       0.00       0.00       0.00       0.00       0.00       0.00       0.00       0.00       0.00       0.00       0.00       0.00       0.00       0.00       0.00       0.00       0.00       0.00       0.00       0.00       0.00       0.00       0.00       0.00       0.00       0.00       0.00       0.00       0.00       0.00       0.00       0.00       0.00       0.00       0.00       0.00       0.00       0.00       0.00       0.00       0.00       0.00       0.00       0.00       0.00       0.00       0.00       0.00       0.00       0.00       0.00       0.00       0.00       0.00       0.00       0.00       0.00       0.00       0.00       0.00       0.00       0.00       0.00       0.00       0.00       0.00       0.00       0.00       0.00       0.00       0.00       0.00       0.00       0.00       0.00       0.00       0.00       0.00       0.00       0.00       0.00       0.00       0.00       0.00       0.00       0.00       0.00       0.00       0.00       0.00       0.00       0.00       0.00       0.00       0.00       0.00       0.00       0.00       0.00       0.00       0.00       0.00       0.00       9.00       0.00       0.00       0.00       0.00       0.00       0.00       0.00
17시 08분 59초    2       0.00       0.00       0.00      23.00       0.00       0.00       0.00       0.00       0.00       0.00       0.00       0.00       0.00       0.00       0.00       0.00       0.00       0.00       0.00       0.00       0.00       0.00       0.00       0.00       0.00       0.00       0.00       0.00       0.00       0.00       0.00       0.00       0.00       0.00       0.00       0.00       0.00       0.00       0.00       0.00       0.00       0.00       0.00       0.00       0.00       0.00       0.00       0.00       0.00       0.00       0.00       0.00       0.00       0.00       0.00       0.00       0.00       0.00       0.00       0.00       0.00       0.00       0.00       0.00       0.00       0.00       0.00       0.00       0.00       0.00       0.00       0.00       0.00       0.00       0.00       0.00       0.00       0.00       0.00       0.00       0.00       0.00       0.00       0.00       0.00       0.00       0.00       0.00       0.00       0.00       0.00       0.00       0.00       0.00       0.00       0.00       0.00       0.00       0.00       0.00       0.00       0.00       0.00       0.00       0.00       0.00       0.00       0.00       0.00       0.00       0.00       0.00       0.00       0.00       0.00       0.00       0.00       0.00       0.00       0.00       0.00       0.00       0.00       0.00       0.00       0.00       0.00       0.00       0.00       0.00       0.00       0.00       0.00       0.00       0.00       0.00       7.00       2.00       0.00       0.00       0.00       0.00       0.00       0.00
17시 08분 59초    3       0.00       0.00       0.00      26.00       0.00       0.00       0.00       0.00       0.00       0.00       0.00       0.00       0.00       0.00       0.00       0.00       0.00       0.00       0.00       0.00       0.00       0.00       0.00       0.00       0.00       0.00       0.00       0.00       0.00       0.00       0.00       0.00       0.00       0.00       0.00       0.00       0.00       0.00       0.00       0.00       0.00       0.00       0.00       0.00       0.00       0.00       0.00       0.00       0.00       0.00       0.00       0.00       0.00       0.00       0.00       0.00       0.00       0.00       0.00       0.00       0.00       0.00       0.00       0.00       0.00       0.00       0.00       0.00       0.00       0.00       0.00       0.00       0.00       0.00       0.00       0.00       0.00       0.00       0.00       0.00       0.00       0.00       0.00       0.00       0.00       0.00       0.00       0.00       0.00       0.00       0.00       0.00       0.00       0.00       0.00       0.00       0.00       0.00       0.00       0.00       0.00       0.00       0.00       0.00       0.00       0.00       0.00       0.00       0.00       0.00       0.00       0.00       0.00       0.00       0.00       0.00       0.00       0.00       0.00       0.00       0.00       0.00       0.00       0.00       0.00       0.00       0.00       0.00       0.00       0.00       0.00       0.00       0.00       0.00       0.00       0.00       1.00       0.00       0.00       0.00       0.00       0.00       0.00       0.00
17시 08분 59초    4       0.00       0.00       0.00      73.00       0.00       0.00       0.00       0.00       0.00       0.00       0.00       0.00       0.00       0.00       0.00       0.00       0.00       0.00       0.00       0.00       0.00       0.00       0.00       0.00       0.00       0.00       0.00       0.00       0.00       0.00       0.00       0.00       0.00       0.00       0.00       0.00       0.00       0.00       0.00       0.00       0.00       0.00       0.00       0.00       0.00       0.00       0.00       0.00       0.00       0.00       0.00       0.00       0.00       0.00       0.00       0.00       0.00       0.00       0.00       0.00       0.00       0.00       0.00       0.00       0.00       0.00       0.00       0.00       0.00       0.00       0.00       0.00       0.00       0.00       0.00       0.00       0.00       0.00       0.00       0.00       0.00       0.00       0.00       0.00       0.00       0.00       0.00       0.00       0.00       0.00       0.00       0.00       0.00       0.00       0.00       0.00       0.00       0.00       0.00       0.00       0.00       0.00       0.00       0.00       0.00       0.00       0.00       0.00       0.00       0.00       0.00       0.00       0.00       0.00       0.00       0.00       0.00       0.00       0.00       0.00       0.00       0.00       0.00       0.00       0.00       0.00       0.00       0.00       0.00       0.00       0.00       0.00       0.00       0.00       0.00       0.00       2.00       0.00       0.00       0.00       0.00       0.00       0.00       0.00
17시 08분 59초    5       0.00       0.00       0.00      21.00       0.00       0.00       0.00       0.00       0.00       0.00       0.00       0.00       0.00       0.00       0.00       0.00       0.00       0.00       0.00       0.00       0.00       0.00       0.00       0.00       0.00       0.00       0.00       0.00       0.00       0.00       0.00       0.00       0.00       0.00       0.00       0.00       0.00       0.00       0.00       0.00       0.00       0.00       0.00       0.00       0.00       0.00       0.00       0.00       0.00       0.00       0.00       0.00       0.00       0.00       0.00       0.00       0.00       0.00       0.00       0.00       0.00       0.00       0.00       0.00       0.00       0.00       0.00       0.00       0.00       0.00       0.00       0.00       0.00       0.00       0.00       0.00       0.00       0.00       0.00       0.00       0.00       0.00       0.00       0.00       0.00       0.00       0.00       0.00       0.00       0.00       0.00       0.00       0.00       0.00       0.00       0.00       0.00       0.00       0.00       0.00       0.00       0.00       0.00       0.00       0.00       0.00       0.00       0.00       0.00       0.00       0.00       0.00       0.00       0.00       0.00       0.00       0.00       0.00       0.00       0.00       0.00       0.00       0.00       0.00       0.00       0.00       0.00       0.00       0.00       0.00       0.00       0.00       0.00       0.00       0.00       0.00       8.00       0.00       0.00       0.00       0.00       0.00       0.00       0.00

17시 08분 58초  CPU       HI/s    TIMER/s   NET_TX/s   NET_RX/s    BLOCK/s IRQ_POLL/s  TASKLET/s    SCHED/s  HRTIMER/s      RCU/s
17시 08분 59초    0       0.00       3.00       0.00      22.00       0.00       0.00       0.00      18.00       0.00      18.00
17시 08분 59초    1       0.00      37.00       0.00       0.00       0.00       0.00       0.00      35.00       0.00      20.00
17시 08분 59초    2       0.00      11.00       0.00       0.00       0.00       0.00       0.00      15.00       0.00      18.00
17시 08분 59초    3       0.00       2.00       0.00       0.00       0.00       0.00       0.00       9.00       0.00      16.00
17시 08분 59초    4       0.00      28.00       0.00       0.00       0.00       0.00       0.00      39.00       0.00      40.00
17시 08분 59초    5       0.00      15.00       0.00       0.00       0.00       0.00       0.00      13.00       0.00      15.00

17시 08분 59초  CPU    %usr   %nice    %sys %iowait    %irq   %soft  %steal  %guest  %gnice   %idle
17시 09분 00초  all    2.66    0.00    3.16    0.00    0.00    0.17    0.00    0.00    0.00   94.01
17시 09분 00초    0    2.02    0.00    2.02    0.00    0.00    0.00    0.00    0.00    0.00   95.96
17시 09분 00초    1    6.00    0.00    3.00    0.00    0.00    0.00    0.00    0.00    0.00   91.00
17시 09분 00초    2    2.00    0.00    2.00    0.00    0.00    0.00    0.00    0.00    0.00   96.00
17시 09분 00초    3    1.98    0.00    2.97    0.00    0.00    0.00    0.00    0.00    0.00   95.05
17시 09분 00초    4    2.00    0.00    7.00    0.00    0.00    0.00    0.00    0.00    0.00   91.00
17시 09분 00초    5    1.98    0.00    1.98    0.00    0.00    0.99    0.00    0.00    0.00   95.05

17시 08분 59초  CPU    intr/s
17시 09분 00초  all   1329.00
17시 09분 00초    0    147.00
17시 09분 00초    1    135.00
17시 09분 00초    2    155.00
17시 09분 00초    3     69.00
17시 09분 00초    4     91.00
17시 09분 00초    5    101.00

17시 08분 59초  CPU        9/s       11/s       12/s       13/s       18/s       20/s       21/s       22/s       23/s       24/s       25/s       26/s       27/s       28/s       29/s       30/s       31/s       32/s       33/s       34/s       35/s       36/s       37/s       38/s       39/s       40/s       41/s       42/s       43/s       44/s       45/s       46/s       47/s       48/s       49/s       50/s       51/s       52/s       53/s       54/s       55/s       57/s       59/s       61/s       65/s       66/s       67/s       68/s       69/s       70/s       71/s       72/s       73/s       74/s       75/s       76/s       77/s       79/s       80/s       81/s       82/s       83/s       84/s       85/s       86/s       87/s       88/s       89/s       90/s       91/s       92/s       93/s       94/s       95/s       96/s       97/s       98/s      112/s      113/s      114/s      115/s      116/s      117/s      118/s      119/s      120/s      121/s      122/s      123/s      124/s      125/s      126/s      127/s      128/s      129/s      130/s      131/s      132/s      133/s      134/s      135/s      136/s      137/s      138/s      150/s      154/s      162/s      167/s      171/s      224/s      228/s      229/s      230/s      231/s      232/s      233/s      234/s      235/s      236/s      237/s      245/s      246/s      247/s      249/s      250/s      252/s      253/s      262/s      263/s      294/s      296/s      297/s      298/s      299/s      301/s      302/s     IPI0/s     IPI1/s     IPI2/s     IPI3/s     IPI4/s     IPI5/s     IPI6/s      Err/s
17시 09분 00초    0       0.00       0.00       0.00      94.00       0.00       0.00       0.00       0.00       0.00       0.00       0.00       0.00       0.00       0.00       0.00       0.00       0.00       0.00       0.00       0.00       0.00       0.00       0.00       0.00       0.00       0.00       0.00       0.00       0.00       0.00       0.00       0.00       0.00       0.00       0.00       0.00       0.00       0.00       0.00       0.00       0.00       0.00       0.00       0.00       0.00       0.00       0.00       0.00       0.00       0.00       0.00       0.00       0.00       0.00       0.00       0.00       0.00       0.00       0.00       0.00       0.00       0.00       0.00       0.00       0.00       0.00       0.00       0.00       0.00       0.00       0.00       0.00       0.00       0.00       0.00       0.00       0.00       0.00       0.00       0.00       0.00       0.00       0.00       0.00       0.00       0.00       0.00       0.00       0.00       0.00       0.00       0.00       0.00       0.00       0.00       0.00       0.00       0.00       0.00       0.00       0.00       0.00       0.00       0.00       0.00      15.00       0.00       0.00       0.00       0.00       0.00       0.00       0.00       0.00       0.00       0.00       0.00       0.00       0.00       0.00       0.00       0.00       0.00       0.00       0.00       0.00       0.00       0.00       0.00       0.00       0.00       0.00       0.00       0.00      42.00       0.00     101.00      11.00       0.00       0.00       0.00       0.00       0.00       0.00
17시 09분 00초    1       0.00       0.00       0.00      91.00       0.00       0.00       0.00       0.00       0.00       0.00       0.00       0.00       0.00       0.00       0.00       0.00       0.00       0.00       0.00       0.00       0.00       0.00       0.00       0.00       0.00       0.00       0.00       0.00       0.00       0.00       0.00       0.00       0.00       0.00       0.00       0.00       0.00       0.00       0.00       0.00       0.00       0.00       0.00       0.00       0.00       0.00       0.00       0.00       0.00       0.00       0.00       0.00       0.00       0.00       0.00       0.00       0.00       0.00       0.00       0.00       0.00       0.00       0.00       0.00       0.00       0.00       0.00       0.00       0.00       0.00       0.00       0.00       0.00       0.00       0.00       0.00       0.00       0.00       0.00       0.00       0.00       0.00       0.00       0.00       0.00       0.00       0.00       0.00       0.00       0.00       0.00       0.00       0.00       0.00       0.00       0.00       0.00       0.00       0.00       0.00       0.00       0.00       0.00       0.00       0.00       0.00       0.00       0.00       0.00       0.00       0.00       0.00       0.00       0.00       0.00       0.00       0.00       0.00       0.00       0.00       0.00       0.00       0.00       0.00       0.00       0.00       0.00       0.00       0.00       0.00       0.00       0.00       0.00       0.00       0.00       0.00     175.00      13.00       0.00       0.00       0.00       1.00       0.00       0.00
17시 09분 00초    2       0.00       0.00       0.00      83.00       0.00       0.00       0.00       0.00       0.00       0.00       0.00       0.00       0.00       0.00       0.00       0.00       0.00       0.00       0.00       0.00       0.00       0.00       0.00       0.00       0.00       0.00       0.00       0.00       0.00       0.00       0.00       0.00       0.00       0.00       0.00       0.00       0.00       0.00       0.00       0.00       0.00       0.00       0.00       0.00       0.00       0.00       0.00       0.00       0.00       0.00       0.00       0.00       0.00       0.00       0.00       0.00       0.00       0.00       0.00       0.00       0.00       0.00       0.00       0.00       0.00       0.00       0.00       0.00       0.00       0.00       0.00       0.00       0.00       0.00       0.00       0.00       0.00       0.00       0.00       0.00       0.00       0.00       0.00       0.00       0.00       0.00       0.00       0.00       0.00       0.00       0.00       0.00       0.00       0.00       0.00       0.00       0.00       0.00       0.00       0.00       0.00       0.00       0.00       0.00       0.00       0.00       0.00       0.00       0.00       0.00       0.00       0.00       0.00       0.00       0.00       0.00       0.00       0.00       0.00       0.00       0.00       0.00       0.00       0.00       0.00       0.00       0.00       0.00       0.00       0.00       0.00       0.00       0.00       0.00       0.00       0.00     118.00       6.00       0.00       0.00       0.00       2.00       0.00       0.00
17시 09분 00초    3       0.00       0.00       0.00     124.00       0.00       0.00       0.00       0.00       0.00       0.00       0.00       0.00       0.00       0.00       0.00       0.00       0.00       0.00       0.00       0.00       0.00       0.00       0.00       0.00       0.00       0.00       0.00       0.00       0.00       0.00       0.00       0.00       0.00       0.00       0.00       0.00       0.00       0.00       0.00       0.00       0.00       0.00       0.00       0.00       0.00       0.00       0.00       0.00       0.00       0.00       0.00       0.00       0.00       0.00       0.00       0.00       0.00       0.00       0.00       0.00       0.00       0.00       0.00       0.00       0.00       0.00       0.00       0.00       0.00       0.00       0.00       0.00       0.00       0.00       0.00       0.00       0.00       0.00       0.00       0.00       0.00       0.00       0.00       0.00       0.00       0.00       0.00       0.00       0.00       0.00       0.00       0.00       0.00       0.00       0.00       0.00       0.00       0.00       0.00       0.00       0.00       0.00       0.00       0.00       0.00       0.00       0.00       0.00       0.00       0.00       0.00       0.00       0.00       0.00       0.00       0.00       0.00       0.00       0.00       0.00       0.00       0.00       0.00       0.00       0.00       0.00       0.00       0.00       0.00       0.00       0.00       0.00       0.00       0.00       0.00       0.00      46.00       7.00       0.00       0.00       0.00       1.00       0.00       0.00
17시 09분 00초    4       0.00       0.00       0.00     101.00       0.00       0.00       0.00       0.00       0.00       0.00       0.00       0.00       0.00       0.00       0.00       0.00       0.00       0.00       0.00       0.00       0.00       0.00       0.00       0.00       0.00       0.00       0.00       0.00       0.00       0.00       0.00       0.00       0.00       0.00       0.00       0.00       0.00       0.00       0.00       0.00       0.00       0.00       0.00       0.00       0.00       0.00       0.00       0.00       0.00       0.00       0.00       0.00       0.00       0.00       0.00       0.00       0.00       0.00       0.00       0.00       0.00       0.00       0.00       0.00       0.00       0.00       0.00       0.00       0.00       0.00       0.00       0.00       0.00       0.00       0.00       0.00       0.00       0.00       0.00       0.00       0.00       0.00       0.00       0.00       0.00       0.00       0.00       0.00       0.00       0.00       0.00       0.00       0.00       0.00       0.00       0.00       0.00       0.00       0.00       0.00       0.00       0.00       0.00       0.00       0.00       0.00       0.00       0.00       0.00       0.00       0.00       0.00       0.00       0.00       0.00       0.00       0.00       0.00       0.00       0.00       0.00       0.00       0.00       0.00       0.00       0.00       0.00       0.00       0.00       0.00       0.00       0.00       0.00       0.00       0.00       0.00      76.00       3.00       0.00       0.00       0.00       6.00       0.00       0.00
17시 09분 00초    5       0.00       0.00       0.00      89.00       0.00       0.00       0.00       0.00       0.00       0.00       0.00       0.00       0.00       0.00       0.00       0.00       0.00       0.00       0.00       0.00       0.00       0.00       0.00       0.00       0.00       0.00       0.00       0.00       0.00       0.00       0.00       0.00       0.00       0.00       0.00       0.00       0.00       0.00       0.00       0.00       0.00       0.00       0.00       0.00       0.00       0.00       0.00       0.00       0.00       0.00       0.00       0.00       0.00       0.00       0.00       0.00       0.00       0.00       0.00       0.00       0.00       0.00       0.00       0.00       0.00       0.00       0.00       0.00       0.00       0.00       0.00       0.00       0.00       0.00       0.00       0.00       0.00       0.00       0.00       0.00       0.00       0.00       0.00       0.00       0.00       0.00       0.00       0.00       0.00       0.00       0.00       0.00       0.00       0.00       0.00       0.00       0.00       0.00       0.00       0.00       0.00       0.00       0.00       0.00       0.00       0.00       0.00       0.00       0.00       0.00       0.00       0.00       0.00       0.00       0.00       0.00       0.00       0.00       0.00       0.00       0.00       0.00       0.00       0.00       0.00       0.00       0.00       0.00       0.00       0.00       0.00       0.00       0.00       0.00       0.00       0.00     121.00       1.00       0.00       0.00       0.00       2.00       0.00       0.00

17시 08분 59초  CPU       HI/s    TIMER/s   NET_TX/s   NET_RX/s    BLOCK/s IRQ_POLL/s  TASKLET/s    SCHED/s  HRTIMER/s      RCU/s
17시 09분 00초    0       0.00      27.00       1.00      39.00       0.00       0.00       0.00      44.00       0.00      36.00
17시 09분 00초    1       0.00      46.00       0.00       0.00       0.00       0.00       0.00      52.00       0.00      37.00
17시 09분 00초    2       0.00       9.00       0.00       0.00       0.00       0.00       0.00      26.00       0.00     120.00
17시 09분 00초    3       0.00       6.00       0.00       0.00       0.00       0.00       0.00      32.00       0.00      31.00
17시 09분 00초    4       0.00       1.00       0.00       0.00       0.00       0.00       0.00      35.00       0.00      55.00
17시 09분 00초    5       0.00      30.00       0.00       0.00       0.00       0.00       0.00      37.00       0.00      34.00

17시 09분 00초  CPU    %usr   %nice    %sys %iowait    %irq   %soft  %steal  %guest  %gnice   %idle
17시 09분 01초  all    0.66    0.00    4.49    1.83    0.17    0.17    0.00    0.00    0.00   92.69
17시 09분 01초    0    1.00    0.00    2.00    0.00    0.00    1.00    0.00    0.00    0.00   96.00
17시 09분 01초    1    0.00    0.00    0.00    0.00    0.00    0.00    0.00    0.00    0.00  100.00
17시 09분 01초    2    0.00    0.00    0.00    3.03    0.00    0.00    0.00    0.00    0.00   96.97
17시 09분 01초    3    0.99    0.00   15.84    3.96    0.00    0.00    0.00    0.00    0.00   79.21
17시 09분 01초    4    1.96    0.00    5.88    0.00    0.98    0.00    0.00    0.00    0.00   91.18
17시 09분 01초    5    0.00    0.00    2.97    3.96    0.00    0.00    0.00    0.00    0.00   93.07

17시 09분 00초  CPU    intr/s
17시 09분 01초  all    973.00
17시 09분 01초    0    144.00
17시 09분 01초    1     76.00
17시 09분 01초    2     31.00
17시 09분 01초    3     88.00
17시 09분 01초    4     58.00
17시 09분 01초    5    100.00

17시 09분 00초  CPU        9/s       11/s       12/s       13/s       18/s       20/s       21/s       22/s       23/s       24/s       25/s       26/s       27/s       28/s       29/s       30/s       31/s       32/s       33/s       34/s       35/s       36/s       37/s       38/s       39/s       40/s       41/s       42/s       43/s       44/s       45/s       46/s       47/s       48/s       49/s       50/s       51/s       52/s       53/s       54/s       55/s       57/s       59/s       61/s       65/s       66/s       67/s       68/s       69/s       70/s       71/s       72/s       73/s       74/s       75/s       76/s       77/s       79/s       80/s       81/s       82/s       83/s       84/s       85/s       86/s       87/s       88/s       89/s       90/s       91/s       92/s       93/s       94/s       95/s       96/s       97/s       98/s      112/s      113/s      114/s      115/s      116/s      117/s      118/s      119/s      120/s      121/s      122/s      123/s      124/s      125/s      126/s      127/s      128/s      129/s      130/s      131/s      132/s      133/s      134/s      135/s      136/s      137/s      138/s      150/s      154/s      162/s      167/s      171/s      224/s      228/s      229/s      230/s      231/s      232/s      233/s      234/s      235/s      236/s      237/s      245/s      246/s      247/s      249/s      250/s      252/s      253/s      262/s      263/s      294/s      296/s      297/s      298/s      299/s      301/s      302/s     IPI0/s     IPI1/s     IPI2/s     IPI3/s     IPI4/s     IPI5/s     IPI6/s      Err/s
17시 09분 01초    0       0.00       0.00       0.00      85.00       0.00       0.00       0.00       0.00       0.00       0.00       0.00       0.00       0.00       0.00       0.00       0.00       0.00       0.00       0.00       0.00       0.00       0.00       0.00       0.00       0.00       0.00       0.00       0.00       0.00       0.00       0.00       0.00       0.00       0.00       0.00       0.00       0.00       0.00       0.00       0.00       0.00       0.00       0.00       0.00       0.00       0.00     134.00       0.00       0.00       0.00       0.00       0.00       0.00       0.00       0.00       0.00       0.00       0.00       0.00       0.00       0.00       0.00       0.00       0.00       0.00       0.00       0.00       0.00       0.00       0.00       0.00       0.00       0.00       0.00       0.00       0.00       0.00      82.00       0.00       0.00       0.00       0.00       0.00       0.00       0.00       0.00       0.00       0.00       0.00       0.00       0.00       0.00       0.00       0.00       0.00       0.00       0.00       0.00       0.00       0.00       0.00       0.00       0.00       0.00       0.00      49.00       0.00       0.00       0.00       0.00       0.00       0.00       0.00       0.00       0.00       0.00       0.00       0.00       0.00       0.00       0.00       0.00       0.00       0.00       0.00       0.00       0.00       0.00       0.00       0.00       0.00       0.00       0.00       0.00      43.00       0.00      15.00      15.00       0.00       0.00       0.00       5.00       0.00       0.00
17시 09분 01초    1       0.00       0.00       0.00      30.00       0.00       0.00       0.00       0.00       0.00       0.00       0.00       0.00       0.00       0.00       0.00       0.00       0.00       0.00       0.00       0.00       0.00       0.00       0.00       0.00       0.00       0.00       0.00       0.00       0.00       0.00       0.00       0.00       0.00       0.00       0.00       0.00       0.00       0.00       0.00       0.00       0.00       0.00       0.00       0.00       0.00       0.00       0.00       0.00       0.00       0.00       0.00       0.00       0.00       0.00       0.00       0.00       0.00       0.00       0.00       0.00       0.00       0.00       0.00       0.00       0.00       0.00       0.00       0.00       0.00       0.00       0.00       0.00       0.00       0.00       0.00       0.00       0.00       0.00       0.00       0.00       0.00       0.00       0.00       0.00       0.00       0.00       0.00       0.00       0.00       0.00       0.00       0.00       0.00       0.00       0.00       0.00       0.00       0.00       0.00       0.00       0.00       0.00       0.00       0.00       0.00       0.00       0.00       0.00       0.00       0.00       0.00       0.00       0.00       0.00       0.00       0.00       0.00       0.00       0.00       0.00       0.00       0.00       0.00       0.00       0.00       0.00       0.00       0.00       0.00       0.00       0.00       0.00       0.00       0.00       0.00       0.00      15.00       6.00       0.00       0.00       0.00       0.00       0.00       0.00
17시 09분 01초    2       0.00       0.00       0.00      26.00       0.00       0.00       0.00       0.00       0.00       0.00       0.00       0.00       0.00       0.00       0.00       0.00       0.00       0.00       0.00       0.00       0.00       0.00       0.00       0.00       0.00       0.00       0.00       0.00       0.00       0.00       0.00       0.00       0.00       0.00       0.00       0.00       0.00       0.00       0.00       0.00       0.00       0.00       0.00       0.00       0.00       0.00       0.00       0.00       0.00       0.00       0.00       0.00       0.00       0.00       0.00       0.00       0.00       0.00       0.00       0.00       0.00       0.00       0.00       0.00       0.00       0.00       0.00       0.00       0.00       0.00       0.00       0.00       0.00       0.00       0.00       0.00       0.00       0.00       0.00       0.00       0.00       0.00       0.00       0.00       0.00       0.00       0.00       0.00       0.00       0.00       0.00       0.00       0.00       0.00       0.00       0.00       0.00       0.00       0.00       0.00       0.00       0.00       0.00       0.00       0.00       0.00       0.00       0.00       0.00       0.00       0.00       0.00       0.00       0.00       0.00       0.00       0.00       0.00       0.00       0.00       0.00       0.00       0.00       0.00       0.00       0.00       0.00       0.00       0.00       0.00       0.00       0.00       0.00       0.00       0.00       0.00       7.00       0.00       0.00       0.00       0.00       0.00       0.00       0.00
17시 09분 01초    3       0.00       0.00       0.00      77.00       0.00       0.00       0.00       0.00       0.00       0.00       0.00       0.00       0.00       0.00       0.00       0.00       0.00       0.00       0.00       0.00       0.00       0.00       0.00       0.00       0.00       0.00       0.00       0.00       0.00       0.00       0.00       0.00       0.00       0.00       0.00       0.00       0.00       0.00       0.00       0.00       0.00       0.00       0.00       0.00       0.00       0.00       0.00       0.00       0.00       0.00       0.00       0.00       0.00       0.00       0.00       0.00       0.00       0.00       0.00       0.00       0.00       0.00       0.00       0.00       0.00       0.00       0.00       0.00       0.00       0.00       0.00       0.00       0.00       0.00       0.00       0.00       0.00       0.00       0.00       0.00       0.00       0.00       0.00       0.00       0.00       0.00       0.00       0.00       0.00       0.00       0.00       0.00       0.00       0.00       0.00       0.00       0.00       0.00       0.00       0.00       0.00       0.00       0.00       0.00       0.00       0.00       0.00       0.00       0.00       0.00       0.00       0.00       0.00       0.00       0.00       0.00       0.00       0.00       0.00       0.00       0.00       0.00       0.00       0.00       0.00       0.00       0.00       0.00       0.00       0.00       0.00       0.00       0.00       0.00       0.00       0.00     152.00       0.00       0.00       0.00       0.00      13.00       0.00       0.00
17시 09분 01초    4       0.00       0.00       0.00      58.00       0.00       0.00       0.00       0.00       0.00       0.00       0.00       0.00       0.00       0.00       0.00       0.00       0.00       0.00       0.00       0.00       0.00       0.00       0.00       0.00       0.00       0.00       0.00       0.00       0.00       0.00       0.00       0.00       0.00       0.00       0.00       0.00       0.00       0.00       0.00       0.00       0.00       0.00       0.00       0.00       0.00       0.00       0.00       0.00       0.00       0.00       0.00       0.00       0.00       0.00       0.00       0.00       0.00       0.00       0.00       0.00       0.00       0.00       0.00       0.00       0.00       0.00       0.00       0.00       0.00       0.00       0.00       0.00       0.00       0.00       0.00       0.00       0.00       0.00       0.00       0.00       0.00       0.00       0.00       0.00       0.00       0.00       0.00       0.00       0.00       0.00       0.00       0.00       0.00       0.00       0.00       0.00       0.00       0.00       0.00       0.00       0.00       0.00       0.00       0.00       0.00       0.00       0.00       0.00       0.00       0.00       0.00       0.00       0.00       0.00       0.00       0.00       0.00       0.00       0.00       0.00       0.00       0.00       0.00       0.00       0.00       0.00       0.00       0.00       0.00       0.00       0.00       0.00       0.00       0.00       0.00       0.00       4.00       0.00       0.00       0.00       0.00       0.00       0.00       0.00
17시 09분 01초    5       0.00       0.00       0.00      75.00       0.00       0.00       0.00       0.00       0.00       0.00       0.00       0.00       0.00       0.00       0.00       0.00       0.00       0.00       0.00       0.00       0.00       0.00       0.00       0.00       0.00       0.00       0.00       0.00       0.00       0.00       0.00       0.00       0.00       0.00       0.00       0.00       0.00       0.00       0.00       0.00       0.00       0.00       0.00       0.00       0.00       0.00       0.00       0.00       0.00       0.00       0.00       0.00       0.00       0.00       0.00       0.00       0.00       0.00       0.00       0.00       0.00       0.00       0.00       0.00       0.00       0.00       0.00       0.00       0.00       0.00       0.00       0.00       0.00       0.00       0.00       0.00       0.00       0.00       0.00       0.00       0.00       0.00       0.00       0.00       0.00       0.00       0.00       0.00       0.00       0.00       0.00       0.00       0.00       0.00       0.00       0.00       0.00       0.00       0.00       0.00       0.00       0.00       0.00       0.00       0.00       0.00       0.00       0.00       0.00       0.00       0.00       0.00       0.00       0.00       0.00       0.00       0.00       0.00       0.00       0.00       0.00       0.00       0.00       0.00       0.00       0.00       0.00       0.00       0.00       0.00       0.00       0.00       0.00       0.00       0.00       0.00      82.00       0.00       0.00       0.00       0.00       0.00       0.00       0.00

17시 09분 00초  CPU       HI/s    TIMER/s   NET_TX/s   NET_RX/s    BLOCK/s IRQ_POLL/s  TASKLET/s    SCHED/s  HRTIMER/s      RCU/s
17시 09분 01초    0       0.00      25.00       1.00      40.00       2.00       0.00       0.00      50.00       0.00      26.00
17시 09분 01초    1       0.00      27.00       0.00       0.00       0.00       0.00       0.00      28.00       0.00      21.00
17시 09분 01초    2       0.00       5.00       0.00       0.00       0.00       0.00       0.00      11.00       0.00      15.00
17시 09분 01초    3       0.00       7.00       0.00       0.00       0.00       0.00       0.00      53.00       0.00      28.00
17시 09분 01초    4       0.00       2.00       0.00       0.00       0.00       0.00       0.00      17.00       0.00      39.00
17시 09분 01초    5       0.00      32.00       0.00       0.00       0.00       0.00       0.00      37.00       0.00      31.00

17시 09분 01초  CPU    %usr   %nice    %sys %iowait    %irq   %soft  %steal  %guest  %gnice   %idle
17시 09분 02초  all    0.83    0.00    2.00    0.00    0.00    0.00    0.00    0.00    0.00   97.17
17시 09분 02초    0    1.00    0.00    3.00    0.00    0.00    0.00    0.00    0.00    0.00   96.00
17시 09분 02초    1    0.00    0.00    0.00    0.00    0.00    0.00    0.00    0.00    0.00  100.00
17시 09분 02초    2    0.00    0.00    1.00    0.00    0.00    0.00    0.00    0.00    0.00   99.00
17시 09분 02초    3    0.00    0.00    1.01    0.00    0.00    0.00    0.00    0.00    0.00   98.99
17시 09분 02초    4    2.97    0.00    4.95    0.00    0.00    0.00    0.00    0.00    0.00   92.08
17시 09분 02초    5    0.99    0.00    1.98    0.00    0.00    0.00    0.00    0.00    0.00   97.03

17시 09분 01초  CPU    intr/s
17시 09분 02초  all    325.00
17시 09분 02초    0     53.00
17시 09분 02초    1     79.00
17시 09분 02초    2     34.00
17시 09분 02초    3     58.00
17시 09분 02초    4     57.00
17시 09분 02초    5     87.00

17시 09분 01초  CPU        9/s       11/s       12/s       13/s       18/s       20/s       21/s       22/s       23/s       24/s       25/s       26/s       27/s       28/s       29/s       30/s       31/s       32/s       33/s       34/s       35/s       36/s       37/s       38/s       39/s       40/s       41/s       42/s       43/s       44/s       45/s       46/s       47/s       48/s       49/s       50/s       51/s       52/s       53/s       54/s       55/s       57/s       59/s       61/s       65/s       66/s       67/s       68/s       69/s       70/s       71/s       72/s       73/s       74/s       75/s       76/s       77/s       79/s       80/s       81/s       82/s       83/s       84/s       85/s       86/s       87/s       88/s       89/s       90/s       91/s       92/s       93/s       94/s       95/s       96/s       97/s       98/s      112/s      113/s      114/s      115/s      116/s      117/s      118/s      119/s      120/s      121/s      122/s      123/s      124/s      125/s      126/s      127/s      128/s      129/s      130/s      131/s      132/s      133/s      134/s      135/s      136/s      137/s      138/s      150/s      154/s      162/s      167/s      171/s      224/s      228/s      229/s      230/s      231/s      232/s      233/s      234/s      235/s      236/s      237/s      245/s      246/s      247/s      249/s      250/s      252/s      253/s      262/s      263/s      294/s      296/s      297/s      298/s      299/s      301/s      302/s     IPI0/s     IPI1/s     IPI2/s     IPI3/s     IPI4/s     IPI5/s     IPI6/s      Err/s
17시 09분 02초    0       0.00       0.00       0.00      40.00       0.00       0.00       0.00       0.00       0.00       0.00       0.00       0.00       0.00       0.00       0.00       0.00       0.00       0.00       0.00       0.00       0.00       0.00       0.00       0.00       0.00       0.00       0.00       0.00       0.00       0.00       0.00       0.00       0.00       0.00       0.00       0.00       0.00       0.00       0.00       0.00       0.00       0.00       0.00       0.00       0.00       0.00       0.00       0.00       0.00       0.00       0.00       0.00       0.00       0.00       0.00       0.00       0.00       0.00       0.00       0.00       0.00       0.00       0.00       0.00       0.00       0.00       0.00       0.00       0.00       0.00       0.00       0.00       0.00       0.00       0.00       0.00       0.00       2.00       0.00       0.00       0.00       0.00       0.00       0.00       0.00       0.00       0.00       0.00       0.00       0.00       0.00       0.00       0.00       0.00       0.00       0.00       0.00       0.00       0.00       0.00       0.00       0.00       0.00       0.00       0.00       5.00       0.00       0.00       0.00       0.00       0.00       0.00       0.00       0.00       0.00       0.00       0.00       0.00       0.00       0.00       0.00       0.00       0.00       0.00       0.00       0.00       0.00       0.00       0.00       0.00       0.00       0.00       0.00       0.00      12.00       0.00       1.00       4.00       0.00       0.00       0.00       0.00       0.00       0.00
17시 09분 02초    1       0.00       0.00       0.00      44.00       0.00       0.00       0.00       0.00       0.00       0.00       0.00       0.00       0.00       0.00       0.00       0.00       0.00       0.00       0.00       0.00       0.00       0.00       0.00       0.00       0.00       0.00       0.00       0.00       0.00       0.00       0.00       0.00       0.00       0.00       0.00       0.00       0.00       0.00       0.00       0.00       0.00       0.00       0.00       0.00       0.00       0.00       0.00       0.00       0.00       0.00       0.00       0.00       0.00       0.00       0.00       0.00       0.00       0.00       0.00       0.00       0.00       0.00       0.00       0.00       0.00       0.00       0.00       0.00       0.00       0.00       0.00       0.00       0.00       0.00       0.00       0.00       0.00       0.00       0.00       0.00       0.00       0.00       0.00       0.00       0.00       0.00       0.00       0.00       0.00       0.00       0.00       0.00       0.00       0.00       0.00       0.00       0.00       0.00       0.00       0.00       0.00       0.00       0.00       0.00       0.00       0.00       0.00       0.00       0.00       0.00       0.00       0.00       0.00       0.00       0.00       0.00       0.00       0.00       0.00       0.00       0.00       0.00       0.00       0.00       0.00       0.00       0.00       0.00       0.00       0.00       0.00       0.00       0.00       0.00       0.00       0.00       6.00       3.00       0.00       0.00       0.00       0.00       0.00       0.00
17시 09분 02초    2       0.00       0.00       0.00      19.00       0.00       0.00       0.00       0.00       0.00       0.00       0.00       0.00       0.00       0.00       0.00       0.00       0.00       0.00       0.00       0.00       0.00       0.00       0.00       0.00       0.00       0.00       0.00       0.00       0.00       0.00       0.00       0.00       0.00       0.00       0.00       0.00       0.00       0.00       0.00       0.00       0.00       0.00       0.00       0.00       0.00       0.00       0.00       0.00       0.00       0.00       0.00       0.00       0.00       0.00       0.00       0.00       0.00       0.00       0.00       0.00       0.00       0.00       0.00       0.00       0.00       0.00       0.00       0.00       0.00       0.00       0.00       0.00       0.00       0.00       0.00       0.00       0.00       0.00       0.00       0.00       0.00       0.00       0.00       0.00       0.00       0.00       0.00       0.00       0.00       0.00       0.00       0.00       0.00       0.00       0.00       0.00       0.00       0.00       0.00       0.00       0.00       0.00       0.00       0.00       0.00       0.00       0.00       0.00       0.00       0.00       0.00       0.00       0.00       0.00       0.00       0.00       0.00       0.00       0.00       0.00       0.00       0.00       0.00       0.00       0.00       0.00       0.00       0.00       0.00       0.00       0.00       0.00       0.00       0.00       0.00       0.00       3.00       0.00       0.00       0.00       0.00       0.00       0.00       0.00
17시 09분 02초    3       0.00       0.00       0.00      55.00       0.00       0.00       0.00       0.00       0.00       0.00       0.00       0.00       0.00       0.00       0.00       0.00       0.00       0.00       0.00       0.00       0.00       0.00       0.00       0.00       0.00       0.00       0.00       0.00       0.00       0.00       0.00       0.00       0.00       0.00       0.00       0.00       0.00       0.00       0.00       0.00       0.00       0.00       0.00       0.00       0.00       0.00       0.00       0.00       0.00       0.00       0.00       0.00       0.00       0.00       0.00       0.00       0.00       0.00       0.00       0.00       0.00       0.00       0.00       0.00       0.00       0.00       0.00       0.00       0.00       0.00       0.00       0.00       0.00       0.00       0.00       0.00       0.00       0.00       0.00       0.00       0.00       0.00       0.00       0.00       0.00       0.00       0.00       0.00       0.00       0.00       0.00       0.00       0.00       0.00       0.00       0.00       0.00       0.00       0.00       0.00       0.00       0.00       0.00       0.00       0.00       0.00       0.00       0.00       0.00       0.00       0.00       0.00       0.00       0.00       0.00       0.00       0.00       0.00       0.00       0.00       0.00       0.00       0.00       0.00       0.00       0.00       0.00       0.00       0.00       0.00       0.00       0.00       0.00       0.00       0.00       0.00      10.00       0.00       0.00       0.00       0.00       0.00       0.00       0.00
17시 09분 02초    4       0.00       0.00       0.00      56.00       0.00       0.00       0.00       0.00       0.00       0.00       0.00       0.00       0.00       0.00       0.00       0.00       0.00       0.00       0.00       0.00       0.00       0.00       0.00       0.00       0.00       0.00       0.00       0.00       0.00       0.00       0.00       0.00       0.00       0.00       0.00       0.00       0.00       0.00       0.00       0.00       0.00       0.00       0.00       0.00       0.00       0.00       0.00       0.00       0.00       0.00       0.00       0.00       0.00       0.00       0.00       0.00       0.00       0.00       0.00       0.00       0.00       0.00       0.00       0.00       0.00       0.00       0.00       0.00       0.00       0.00       0.00       0.00       0.00       0.00       0.00       0.00       0.00       0.00       0.00       0.00       0.00       0.00       0.00       0.00       0.00       0.00       0.00       0.00       0.00       0.00       0.00       0.00       0.00       0.00       0.00       0.00       0.00       0.00       0.00       0.00       0.00       0.00       0.00       0.00       0.00       0.00       0.00       0.00       0.00       0.00       0.00       0.00       0.00       0.00       0.00       0.00       0.00       0.00       0.00       0.00       0.00       0.00       0.00       0.00       0.00       0.00       0.00       0.00       0.00       0.00       0.00       0.00       0.00       0.00       0.00       0.00       2.00       0.00       0.00       0.00       0.00       0.00       0.00       0.00
17시 09분 02초    5       0.00       0.00       0.00      56.00       0.00       0.00       0.00       0.00       0.00       0.00       0.00       0.00       0.00       0.00       0.00       0.00       0.00       0.00       0.00       0.00       0.00       0.00       0.00       0.00       0.00       0.00       0.00       0.00       0.00       0.00       0.00       0.00       0.00       0.00       0.00       0.00       0.00       0.00       0.00       0.00       0.00       0.00       0.00       0.00       0.00       0.00       0.00       0.00       0.00       0.00       0.00       0.00       0.00       0.00       0.00       0.00       0.00       0.00       0.00       0.00       0.00       0.00       0.00       0.00       0.00       0.00       0.00       0.00       0.00       0.00       0.00       0.00       0.00       0.00       0.00       0.00       0.00       0.00       0.00       0.00       0.00       0.00       0.00       0.00       0.00       0.00       0.00       0.00       0.00       0.00       0.00       0.00       0.00       0.00       0.00       0.00       0.00       0.00       0.00       0.00       0.00       0.00       0.00       0.00       0.00       0.00       0.00       0.00       0.00       0.00       0.00       0.00       0.00       0.00       0.00       0.00       0.00       0.00       0.00       0.00       0.00       0.00       0.00       0.00       0.00       0.00       0.00       0.00       0.00       0.00       0.00       0.00       0.00       0.00       0.00       0.00       7.00       0.00       0.00       0.00       0.00       0.00       0.00       0.00

17시 09분 01초  CPU       HI/s    TIMER/s   NET_TX/s   NET_RX/s    BLOCK/s IRQ_POLL/s  TASKLET/s    SCHED/s  HRTIMER/s      RCU/s
17시 09분 02초    0       0.00       5.00       1.00      11.00       0.00       0.00       0.00      19.00       0.00      17.00
17시 09분 02초    1       0.00      33.00       0.00       0.00       0.00       0.00       0.00      28.00       0.00      18.00
17시 09분 02초    2       0.00      10.00       0.00       0.00       0.00       0.00       0.00      12.00       0.00      12.00
17시 09분 02초    3       0.00      14.00       0.00       0.00       0.00       0.00       0.00      21.00       0.00      23.00
17시 09분 02초    4       0.00       2.00       0.00       0.00       0.00       0.00       0.00      20.00       0.00      35.00
17시 09분 02초    5       0.00      34.00       0.00       0.00       0.00       0.00       0.00      33.00       0.00      20.00

17시 09분 02초  CPU    %usr   %nice    %sys %iowait    %irq   %soft  %steal  %guest  %gnice   %idle
17시 09분 03초  all    0.50    0.00    1.67    0.00    0.00    0.17    0.00    0.00    0.00   97.66
17시 09분 03초    0    0.00    0.00    3.00    0.00    0.00    0.00    0.00    0.00    0.00   97.00
17시 09분 03초    1    0.00    0.00    0.00    0.00    0.00    0.99    0.00    0.00    0.00   99.01
17시 09분 03초    2    0.00    0.00    1.00    0.00    0.00    0.00    0.00    0.00    0.00   99.00
17시 09분 03초    3    0.99    0.00    0.99    0.00    0.00    0.00    0.00    0.00    0.00   98.02
17시 09분 03초    4    2.04    0.00    4.08    0.00    0.00    0.00    0.00    0.00    0.00   93.88
17시 09분 03초    5    0.00    0.00    1.01    0.00    0.00    0.00    0.00    0.00    0.00   98.99

17시 09분 02초  CPU    intr/s
17시 09분 03초  all    309.00
17시 09분 03초    0     61.00
17시 09분 03초    1    102.00
17시 09분 03초    2     38.00
17시 09분 03초    3     38.00
17시 09분 03초    4     60.00
17시 09분 03초    5     63.00

17시 09분 02초  CPU        9/s       11/s       12/s       13/s       18/s       20/s       21/s       22/s       23/s       24/s       25/s       26/s       27/s       28/s       29/s       30/s       31/s       32/s       33/s       34/s       35/s       36/s       37/s       38/s       39/s       40/s       41/s       42/s       43/s       44/s       45/s       46/s       47/s       48/s       49/s       50/s       51/s       52/s       53/s       54/s       55/s       57/s       59/s       61/s       65/s       66/s       67/s       68/s       69/s       70/s       71/s       72/s       73/s       74/s       75/s       76/s       77/s       79/s       80/s       81/s       82/s       83/s       84/s       85/s       86/s       87/s       88/s       89/s       90/s       91/s       92/s       93/s       94/s       95/s       96/s       97/s       98/s      112/s      113/s      114/s      115/s      116/s      117/s      118/s      119/s      120/s      121/s      122/s      123/s      124/s      125/s      126/s      127/s      128/s      129/s      130/s      131/s      132/s      133/s      134/s      135/s      136/s      137/s      138/s      150/s      154/s      162/s      167/s      171/s      224/s      228/s      229/s      230/s      231/s      232/s      233/s      234/s      235/s      236/s      237/s      245/s      246/s      247/s      249/s      250/s      252/s      253/s      262/s      263/s      294/s      296/s      297/s      298/s      299/s      301/s      302/s     IPI0/s     IPI1/s     IPI2/s     IPI3/s     IPI4/s     IPI5/s     IPI6/s      Err/s
17시 09분 03초    0       0.00       0.00       0.00      30.00       0.00       0.00       0.00       0.00       0.00       0.00       0.00       0.00       0.00       0.00       0.00       0.00       0.00       0.00       0.00       0.00       0.00       0.00       0.00       0.00       0.00       0.00       0.00       0.00       0.00       0.00       0.00       0.00       0.00       0.00       0.00       0.00       0.00       0.00       0.00       0.00       0.00       0.00       0.00       0.00       0.00       0.00       0.00       0.00       0.00       0.00       0.00       0.00       0.00       0.00       0.00       0.00       0.00       0.00       0.00       0.00       0.00       0.00       0.00       0.00       0.00       0.00       0.00       0.00       0.00       0.00       0.00       0.00       0.00       0.00       0.00       0.00       0.00       0.00       0.00       0.00       0.00       0.00       0.00       0.00       0.00       0.00       0.00       0.00       0.00       0.00       0.00       0.00       0.00       0.00       0.00       0.00       0.00       0.00       0.00       0.00       0.00       0.00       0.00       0.00       0.00       5.00       0.00       0.00       0.00       0.00       0.00       0.00       0.00       0.00       0.00       0.00       0.00       0.00       0.00       0.00       0.00       0.00       0.00       0.00       0.00       0.00       0.00       0.00       0.00       0.00       0.00       0.00       0.00       0.00      24.00       0.00       2.00       5.00       0.00       0.00       0.00       0.00       0.00       0.00
17시 09분 03초    1       0.00       0.00       0.00      58.00       0.00       0.00       0.00       0.00       0.00       0.00       0.00       0.00       0.00       0.00       0.00       0.00       0.00       0.00       0.00       0.00       0.00       0.00       0.00       0.00       0.00       0.00       0.00       0.00       0.00       0.00       0.00       0.00       0.00       0.00       0.00       0.00       0.00       0.00       0.00       0.00       0.00       0.00       0.00       0.00       0.00       0.00       0.00       0.00       0.00       0.00       0.00       0.00       0.00       0.00       0.00       0.00       0.00       0.00       0.00       0.00       0.00       0.00       0.00       0.00       0.00       0.00       0.00       0.00       0.00       0.00       0.00       0.00       0.00       0.00       0.00       0.00       0.00       0.00       0.00       0.00       0.00       0.00       0.00       0.00       0.00       0.00       0.00       0.00       0.00       0.00       0.00       0.00       0.00       0.00       0.00       0.00       0.00       0.00       0.00       0.00       0.00       0.00       0.00       0.00       0.00       0.00       0.00       0.00       0.00       0.00       0.00       0.00       0.00       0.00       0.00       0.00       0.00       0.00       0.00       0.00       0.00       0.00       0.00       0.00       0.00       0.00       0.00       0.00       0.00       0.00       0.00       0.00       0.00       0.00       0.00       0.00      13.00       3.00       0.00       0.00       0.00       0.00       0.00       0.00
17시 09분 03초    2       0.00       0.00       0.00      29.00       0.00       0.00       0.00       0.00       0.00       0.00       0.00       0.00       0.00       0.00       0.00       0.00       0.00       0.00       0.00       0.00       0.00       0.00       0.00       0.00       0.00       0.00       0.00       0.00       0.00       0.00       0.00       0.00       0.00       0.00       0.00       0.00       0.00       0.00       0.00       0.00       0.00       0.00       0.00       0.00       0.00       0.00       0.00       0.00       0.00       0.00       0.00       0.00       0.00       0.00       0.00       0.00       0.00       0.00       0.00       0.00       0.00       0.00       0.00       0.00       0.00       0.00       0.00       0.00       0.00       0.00       0.00       0.00       0.00       0.00       0.00       0.00       0.00       0.00       0.00       0.00       0.00       0.00       0.00       0.00       0.00       0.00       0.00       0.00       0.00       0.00       0.00       0.00       0.00       0.00       0.00       0.00       0.00       0.00       0.00       0.00       0.00       0.00       0.00       0.00       0.00       0.00       0.00       0.00       0.00       0.00       0.00       0.00       0.00       0.00       0.00       0.00       0.00       0.00       0.00       0.00       0.00       0.00       0.00       0.00       0.00       0.00       0.00       0.00       0.00       0.00       0.00       0.00       0.00       0.00       0.00       0.00       5.00       0.00       0.00       0.00       0.00       0.00       0.00       0.00
17시 09분 03초    3       0.00       0.00       0.00      23.00       0.00       0.00       0.00       0.00       0.00       0.00       0.00       0.00       0.00       0.00       0.00       0.00       0.00       0.00       0.00       0.00       0.00       0.00       0.00       0.00       0.00       0.00       0.00       0.00       0.00       0.00       0.00       0.00       0.00       0.00       0.00       0.00       0.00       0.00       0.00       0.00       0.00       0.00       0.00       0.00       0.00       0.00       0.00       0.00       0.00       0.00       0.00       0.00       0.00       0.00       0.00       0.00       0.00       0.00       0.00       0.00       0.00       0.00       0.00       0.00       0.00       0.00       0.00       0.00       0.00       0.00       0.00       0.00       0.00       0.00       0.00       0.00       0.00       0.00       0.00       0.00       0.00       0.00       0.00       0.00       0.00       0.00       0.00       0.00       0.00       0.00       0.00       0.00       0.00       0.00       0.00       0.00       0.00       0.00       0.00       0.00       0.00       0.00       0.00       0.00       0.00       0.00       0.00       0.00       0.00       0.00       0.00       0.00       0.00       0.00       0.00       0.00       0.00       0.00       0.00       0.00       0.00       0.00       0.00       0.00       0.00       0.00       0.00       0.00       0.00       0.00       0.00       0.00       0.00       0.00       0.00       0.00       5.00       0.00       0.00       0.00       0.00       0.00       0.00       0.00
17시 09분 03초    4       0.00       0.00       0.00      63.00       0.00       0.00       0.00       0.00       0.00       0.00       0.00       0.00       0.00       0.00       0.00       0.00       0.00       0.00       0.00       0.00       0.00       0.00       0.00       0.00       0.00       0.00       0.00       0.00       0.00       0.00       0.00       0.00       0.00       0.00       0.00       0.00       0.00       0.00       0.00       0.00       0.00       0.00       0.00       0.00       0.00       0.00       0.00       0.00       0.00       0.00       0.00       0.00       0.00       0.00       0.00       0.00       0.00       0.00       0.00       0.00       0.00       0.00       0.00       0.00       0.00       0.00       0.00       0.00       0.00       0.00       0.00       0.00       0.00       0.00       0.00       0.00       0.00       0.00       0.00       0.00       0.00       0.00       0.00       0.00       0.00       0.00       0.00       0.00       0.00       0.00       0.00       0.00       0.00       0.00       0.00       0.00       0.00       0.00       0.00       0.00       0.00       0.00       0.00       0.00       0.00       0.00       0.00       0.00       0.00       0.00       0.00       0.00       0.00       0.00       0.00       0.00       0.00       0.00       0.00       0.00       0.00       0.00       0.00       0.00       0.00       0.00       0.00       0.00       0.00       0.00       0.00       0.00       0.00       0.00       0.00       0.00       3.00       0.00       0.00       0.00       0.00       0.00       0.00       0.00
17시 09분 03초    5       0.00       0.00       0.00      40.00       0.00       0.00       0.00       0.00       0.00       0.00       0.00       0.00       0.00       0.00       0.00       0.00       0.00       0.00       0.00       0.00       0.00       0.00       0.00       0.00       0.00       0.00       0.00       0.00       0.00       0.00       0.00       0.00       0.00       0.00       0.00       0.00       0.00       0.00       0.00       0.00       0.00       0.00       0.00       0.00       0.00       0.00       0.00       0.00       0.00       0.00       0.00       0.00       0.00       0.00       0.00       0.00       0.00       0.00       0.00       0.00       0.00       0.00       0.00       0.00       0.00       0.00       0.00       0.00       0.00       0.00       0.00       0.00       0.00       0.00       0.00       0.00       0.00       0.00       0.00       0.00       0.00       0.00       0.00       0.00       0.00       0.00       0.00       0.00       0.00       0.00       0.00       0.00       0.00       0.00       0.00       0.00       0.00       0.00       0.00       0.00       0.00       0.00       0.00       0.00       0.00       0.00       0.00       0.00       0.00       0.00       0.00       0.00       0.00       0.00       0.00       0.00       0.00       0.00       0.00       0.00       0.00       0.00       0.00       0.00       0.00       0.00       0.00       0.00       0.00       0.00       0.00       0.00       0.00       0.00       0.00       0.00       1.00       0.00       0.00       0.00       0.00       0.00       0.00       0.00

17시 09분 02초  CPU       HI/s    TIMER/s   NET_TX/s   NET_RX/s    BLOCK/s IRQ_POLL/s  TASKLET/s    SCHED/s  HRTIMER/s      RCU/s
17시 09분 03초    0       0.00       7.00       0.00      22.00       0.00       0.00       0.00      17.00       0.00      15.00
17시 09분 03초    1       0.00      46.00       0.00       0.00       0.00       0.00       0.00      37.00       0.00      19.00
17시 09분 03초    2       0.00       9.00       0.00       0.00       0.00       0.00       0.00      14.00       0.00      15.00
17시 09분 03초    3       0.00       9.00       0.00       0.00       0.00       0.00       0.00      13.00       0.00      16.00
17시 09분 03초    4       0.00       2.00       0.00       0.00       0.00       0.00       0.00      20.00       0.00      38.00
17시 09분 03초    5       0.00      21.00       0.00       0.00       0.00       0.00       0.00      23.00       0.00      19.00

17시 09분 03초  CPU    %usr   %nice    %sys %iowait    %irq   %soft  %steal  %guest  %gnice   %idle
17시 09분 04초  all    0.83    0.00    1.67    0.00    0.17    0.00    0.00    0.00    0.00   97.33
17시 09분 04초    0    0.99    0.00    2.97    0.00    0.99    0.00    0.00    0.00    0.00   95.05
17시 09분 04초    1    0.00    0.00    0.00    0.00    0.00    0.00    0.00    0.00    0.00  100.00
17시 09분 04초    2    0.00    0.00    1.00    0.00    0.00    0.00    0.00    0.00    0.00   99.00
17시 09분 04초    3    0.00    0.00    1.01    0.00    0.00    0.00    0.00    0.00    0.00   98.99
17시 09분 04초    4    3.03    0.00    4.04    0.00    0.00    0.00    0.00    0.00    0.00   92.93
17시 09분 04초    5    1.00    0.00    1.00    0.00    0.00    0.00    0.00    0.00    0.00   98.00

17시 09분 03초  CPU    intr/s
17시 09분 04초  all    276.00
17시 09분 04초    0     60.00
17시 09분 04초    1    113.00
17시 09분 04초    2     34.00
17시 09분 04초    3     39.00
17시 09분 04초    4     58.00
17시 09분 04초    5     50.00

17시 09분 03초  CPU        9/s       11/s       12/s       13/s       18/s       20/s       21/s       22/s       23/s       24/s       25/s       26/s       27/s       28/s       29/s       30/s       31/s       32/s       33/s       34/s       35/s       36/s       37/s       38/s       39/s       40/s       41/s       42/s       43/s       44/s       45/s       46/s       47/s       48/s       49/s       50/s       51/s       52/s       53/s       54/s       55/s       57/s       59/s       61/s       65/s       66/s       67/s       68/s       69/s       70/s       71/s       72/s       73/s       74/s       75/s       76/s       77/s       79/s       80/s       81/s       82/s       83/s       84/s       85/s       86/s       87/s       88/s       89/s       90/s       91/s       92/s       93/s       94/s       95/s       96/s       97/s       98/s      112/s      113/s      114/s      115/s      116/s      117/s      118/s      119/s      120/s      121/s      122/s      123/s      124/s      125/s      126/s      127/s      128/s      129/s      130/s      131/s      132/s      133/s      134/s      135/s      136/s      137/s      138/s      150/s      154/s      162/s      167/s      171/s      224/s      228/s      229/s      230/s      231/s      232/s      233/s      234/s      235/s      236/s      237/s      245/s      246/s      247/s      249/s      250/s      252/s      253/s      262/s      263/s      294/s      296/s      297/s      298/s      299/s      301/s      302/s     IPI0/s     IPI1/s     IPI2/s     IPI3/s     IPI4/s     IPI5/s     IPI6/s      Err/s
17시 09분 04초    0       0.00       0.00       0.00      28.00       0.00       0.00       0.00       0.00       0.00       0.00       0.00       0.00       0.00       0.00       0.00       0.00       0.00       0.00       0.00       0.00       0.00       0.00       0.00       0.00       0.00       0.00       0.00       0.00       0.00       0.00       0.00       0.00       0.00       0.00       0.00       0.00       0.00       0.00       0.00       0.00       0.00       0.00       0.00       0.00       0.00       0.00       0.00       0.00       0.00       0.00       0.00       0.00       0.00       0.00       0.00       0.00       0.00       0.00       0.00       0.00       0.00       0.00       0.00       0.00       0.00       0.00       0.00       0.00       0.00       0.00       0.00       0.00       0.00       0.00       0.00       0.00       0.00       0.00       0.00       0.00       0.00       0.00       0.00       0.00       0.00       0.00       0.00       0.00       0.00       0.00       0.00       0.00       0.00       0.00       0.00       0.00       0.00       0.00       0.00       0.00       0.00       0.00       0.00       0.00       0.00       0.00       0.00       0.00       0.00       0.00       0.00       0.00       0.00       0.00       0.00       0.00       0.00       0.00       0.00       0.00       0.00       0.00       0.00       0.00       0.00       0.00       0.00       0.00       0.00       0.00       0.00       0.00       0.00       0.00      24.00       0.00       1.00       4.00       0.00       0.00       0.00       0.00       0.00       0.00
17시 09분 04초    1       0.00       0.00       0.00      64.00       0.00       0.00       0.00       0.00       0.00       0.00       0.00       0.00       0.00       0.00       0.00       0.00       0.00       0.00       0.00       0.00       0.00       0.00       0.00       0.00       0.00       0.00       0.00       0.00       0.00       0.00       0.00       0.00       0.00       0.00       0.00       0.00       0.00       0.00       0.00       0.00       0.00       0.00       0.00       0.00       0.00       0.00       0.00       0.00       0.00       0.00       0.00       0.00       0.00       0.00       0.00       0.00       0.00       0.00       0.00       0.00       0.00       0.00       0.00       0.00       0.00       0.00       0.00       0.00       0.00       0.00       0.00       0.00       0.00       0.00       0.00       0.00       0.00       0.00       0.00       0.00       0.00       0.00       0.00       0.00       0.00       0.00       0.00       0.00       0.00       0.00       0.00       0.00       0.00       0.00       0.00       0.00       0.00       0.00       0.00       0.00       0.00       0.00       0.00       0.00       0.00       0.00       0.00       0.00       0.00       0.00       0.00       0.00       0.00       0.00       0.00       0.00       0.00       0.00       0.00       0.00       0.00       0.00       0.00       0.00       0.00       0.00       0.00       0.00       0.00       0.00       0.00       0.00       0.00       0.00       0.00       0.00      14.00       3.00       0.00       0.00       0.00       0.00       0.00       0.00
17시 09분 04초    2       0.00       0.00       0.00      19.00       0.00       0.00       0.00       0.00       0.00       0.00       0.00       0.00       0.00       0.00       0.00       0.00       0.00       0.00       0.00       0.00       0.00       0.00       0.00       0.00       0.00       0.00       0.00       0.00       0.00       0.00       0.00       0.00       0.00       0.00       0.00       0.00       0.00       0.00       0.00       0.00       0.00       0.00       0.00       0.00       0.00       0.00       0.00       0.00       0.00       0.00       0.00       0.00       0.00       0.00       0.00       0.00       0.00       0.00       0.00       0.00       0.00       0.00       0.00       0.00       0.00       0.00       0.00       0.00       0.00       0.00       0.00       0.00       0.00       0.00       0.00       0.00       0.00       0.00       0.00       0.00       0.00       0.00       0.00       0.00       0.00       0.00       0.00       0.00       0.00       0.00       0.00       0.00       0.00       0.00       0.00       0.00       0.00       0.00       0.00       0.00       0.00       0.00       0.00       0.00       0.00       0.00       0.00       0.00       0.00       0.00       0.00       0.00       0.00       0.00       0.00       0.00       0.00       0.00       0.00       0.00       0.00       0.00       0.00       0.00       0.00       0.00       0.00       0.00       0.00       0.00       0.00       0.00       0.00       0.00       0.00       0.00       1.00       0.00       0.00       0.00       0.00       0.00       0.00       0.00
17시 09분 04초    3       0.00       0.00       0.00      22.00       0.00       0.00       0.00       0.00       0.00       0.00       0.00       0.00       0.00       0.00       0.00       0.00       0.00       0.00       0.00       0.00       0.00       0.00       0.00       0.00       0.00       0.00       0.00       0.00       0.00       0.00       0.00       0.00       0.00       0.00       0.00       0.00       0.00       0.00       0.00       0.00       0.00       0.00       0.00       0.00       0.00       0.00       0.00       0.00       0.00       0.00       0.00       0.00       0.00       0.00       0.00       0.00       0.00       0.00       0.00       0.00       0.00       0.00       0.00       0.00       0.00       0.00       0.00       0.00       0.00       0.00       0.00       0.00       0.00       0.00       0.00       0.00       0.00       0.00       0.00       0.00       0.00       0.00       0.00       0.00       0.00       0.00       0.00       0.00       0.00       0.00       0.00       0.00       0.00       0.00       0.00       0.00       0.00       0.00       0.00       0.00       0.00       0.00       0.00       0.00       0.00       0.00       0.00       0.00       0.00       0.00       0.00       0.00       0.00       0.00       0.00       0.00       0.00       0.00       0.00       0.00       0.00       0.00       0.00       0.00       0.00       0.00       0.00       0.00       0.00       0.00       0.00       0.00       0.00       0.00       0.00       0.00       7.00       0.00       0.00       0.00       0.00       0.00       0.00       0.00
17시 09분 04초    4       0.00       0.00       0.00      61.00       0.00       0.00       0.00       0.00       0.00       0.00       0.00       0.00       0.00       0.00       0.00       0.00       0.00       0.00       0.00       0.00       0.00       0.00       0.00       0.00       0.00       0.00       0.00       0.00       0.00       0.00       0.00       0.00       0.00       0.00       0.00       0.00       0.00       0.00       0.00       0.00       0.00       0.00       0.00       0.00       0.00       0.00       0.00       0.00       0.00       0.00       0.00       0.00       0.00       0.00       0.00       0.00       0.00       0.00       0.00       0.00       0.00       0.00       0.00       0.00       0.00       0.00       0.00       0.00       0.00       0.00       0.00       0.00       0.00       0.00       0.00       0.00       0.00       0.00       0.00       0.00       0.00       0.00       0.00       0.00       0.00       0.00       0.00       0.00       0.00       0.00       0.00       0.00       0.00       0.00       0.00       0.00       0.00       0.00       0.00       0.00       0.00       0.00       0.00       0.00       0.00       0.00       0.00       0.00       0.00       0.00       0.00       0.00       0.00       0.00       0.00       0.00       0.00       0.00       0.00       0.00       0.00       0.00       0.00       0.00       0.00       0.00       0.00       0.00       0.00       0.00       0.00       0.00       0.00       0.00       0.00       0.00       1.00       0.00       0.00       0.00       0.00       0.00       0.00       0.00
17시 09분 04초    5       0.00       0.00       0.00      26.00       0.00       0.00       0.00       0.00       0.00       0.00       0.00       0.00       0.00       0.00       0.00       0.00       0.00       0.00       0.00       0.00       0.00       0.00       0.00       0.00       0.00       0.00       0.00       0.00       0.00       0.00       0.00       0.00       0.00       0.00       0.00       0.00       0.00       0.00       0.00       0.00       0.00       0.00       0.00       0.00       0.00       0.00       0.00       0.00       0.00       0.00       0.00       0.00       0.00       0.00       0.00       0.00       0.00       0.00       0.00       0.00       0.00       0.00       0.00       0.00       0.00       0.00       0.00       0.00       0.00       0.00       0.00       0.00       0.00       0.00       0.00       0.00       0.00       0.00       0.00       0.00       0.00       0.00       0.00       0.00       0.00       0.00       0.00       0.00       0.00       0.00       0.00       0.00       0.00       0.00       0.00       0.00       0.00       0.00       0.00       0.00       0.00       0.00       0.00       0.00       0.00       0.00       0.00       0.00       0.00       0.00       0.00       0.00       0.00       0.00       0.00       0.00       0.00       0.00       0.00       0.00       0.00       0.00       0.00       0.00       0.00       0.00       0.00       0.00       0.00       0.00       0.00       0.00       0.00       0.00       0.00       0.00       2.00       0.00       0.00       0.00       0.00       0.00       0.00       0.00

17시 09분 03초  CPU       HI/s    TIMER/s   NET_TX/s   NET_RX/s    BLOCK/s IRQ_POLL/s  TASKLET/s    SCHED/s  HRTIMER/s      RCU/s
17시 09분 04초    0       0.00       5.00       0.00      22.00       0.00       0.00       0.00      15.00       0.00      18.00
17시 09분 04초    1       0.00      50.00       0.00       0.00       0.00       0.00       0.00      42.00       0.00      21.00
17시 09분 04초    2       0.00      10.00       0.00       0.00       0.00       0.00       0.00      11.00       0.00      13.00
17시 09분 04초    3       0.00      10.00       0.00       0.00       0.00       0.00       0.00      13.00       0.00      16.00
17시 09분 04초    4       0.00       1.00       0.00       0.00       0.00       0.00       0.00      19.00       0.00      38.00
17시 09분 04초    5       0.00      16.00       0.00       0.00       0.00       0.00       0.00      16.00       0.00      18.00

17시 09분 04초  CPU    %usr   %nice    %sys %iowait    %irq   %soft  %steal  %guest  %gnice   %idle
17시 09분 05초  all    0.67    0.00    1.51    0.00    0.00    0.00    0.00    0.00    0.00   97.82
17시 09분 05초    0    2.02    0.00    1.01    0.00    0.00    0.00    0.00    0.00    0.00   96.97
17시 09분 05초    1    0.00    0.00    0.00    0.00    0.00    0.00    0.00    0.00    0.00  100.00
17시 09분 05초    2    0.00    0.00    0.00    0.00    0.00    0.00    0.00    0.00    0.00  100.00
17시 09분 05초    3    1.00    0.00    1.00    0.00    0.00    0.00    0.00    0.00    0.00   98.00
17시 09분 05초    4    1.00    0.00    6.00    0.00    0.00    0.00    0.00    0.00    0.00   93.00
17시 09분 05초    5    0.00    0.00    1.02    0.00    0.00    0.00    0.00    0.00    0.00   98.98

17시 09분 04초  CPU    intr/s
17시 09분 05초  all    347.00
17시 09분 05초    0     93.00
17시 09분 05초    1    104.00
17시 09분 05초    2     42.00
17시 09분 05초    3     44.00
17시 09분 05초    4     64.00
17시 09분 05초    5     81.00

17시 09분 04초  CPU        9/s       11/s       12/s       13/s       18/s       20/s       21/s       22/s       23/s       24/s       25/s       26/s       27/s       28/s       29/s       30/s       31/s       32/s       33/s       34/s       35/s       36/s       37/s       38/s       39/s       40/s       41/s       42/s       43/s       44/s       45/s       46/s       47/s       48/s       49/s       50/s       51/s       52/s       53/s       54/s       55/s       57/s       59/s       61/s       65/s       66/s       67/s       68/s       69/s       70/s       71/s       72/s       73/s       74/s       75/s       76/s       77/s       79/s       80/s       81/s       82/s       83/s       84/s       85/s       86/s       87/s       88/s       89/s       90/s       91/s       92/s       93/s       94/s       95/s       96/s       97/s       98/s      112/s      113/s      114/s      115/s      116/s      117/s      118/s      119/s      120/s      121/s      122/s      123/s      124/s      125/s      126/s      127/s      128/s      129/s      130/s      131/s      132/s      133/s      134/s      135/s      136/s      137/s      138/s      150/s      154/s      162/s      167/s      171/s      224/s      228/s      229/s      230/s      231/s      232/s      233/s      234/s      235/s      236/s      237/s      245/s      246/s      247/s      249/s      250/s      252/s      253/s      262/s      263/s      294/s      296/s      297/s      298/s      299/s      301/s      302/s     IPI0/s     IPI1/s     IPI2/s     IPI3/s     IPI4/s     IPI5/s     IPI6/s      Err/s
17시 09분 05초    0       0.00       0.00       0.00      20.00       0.00       0.00       0.00       0.00       0.00       0.00       0.00       0.00       0.00       0.00       0.00       0.00       0.00       0.00       0.00       0.00       0.00       0.00       0.00       0.00       0.00       0.00       0.00       0.00       0.00       0.00       0.00       0.00       0.00       0.00       0.00       0.00       0.00       0.00       0.00       0.00       0.00       0.00       0.00       0.00       0.00       0.00       0.00       0.00       0.00       0.00       0.00       0.00       0.00       0.00       0.00       0.00       0.00       0.00       0.00       0.00       0.00       0.00       0.00       0.00       0.00       0.00       0.00       0.00       0.00       0.00       0.00       0.00       0.00       0.00       0.00       0.00       0.00       0.00       0.00       0.00       0.00       0.00       0.00       0.00       0.00       0.00       0.00       0.00       0.00       0.00       0.00       0.00       0.00       0.00       0.00       0.00       0.00       0.00       0.00       0.00       0.00       0.00       0.00       0.00       0.00       5.00       0.00       0.00       0.00       0.00       0.00       0.00       0.00       0.00       0.00       0.00       0.00       0.00       0.00       0.00       0.00       0.00       0.00       0.00       0.00       0.00       0.00       0.00       0.00       0.00       0.00       0.00       0.00       0.00      68.00       0.00       0.00       3.00       0.00       0.00       0.00       0.00       0.00       0.00
17시 09분 05초    1       0.00       0.00       0.00      52.00       0.00       0.00       0.00       0.00       0.00       0.00       0.00       0.00       0.00       0.00       0.00       0.00       0.00       0.00       0.00       0.00       0.00       0.00       0.00       0.00       0.00       0.00       0.00       0.00       0.00       0.00       0.00       0.00       0.00       0.00       0.00       0.00       0.00       0.00       0.00       0.00       0.00       0.00       0.00       0.00       0.00       0.00       0.00       0.00       0.00       0.00       0.00       0.00       0.00       0.00       0.00       0.00       0.00       0.00       0.00       0.00       0.00       0.00       0.00       0.00       0.00       0.00       0.00       0.00       0.00       0.00       0.00       0.00       0.00       0.00       0.00       0.00       0.00       0.00       0.00       0.00       0.00       0.00       0.00       0.00       0.00       0.00       0.00       0.00       0.00       0.00       0.00       0.00       0.00       0.00       0.00       0.00       0.00       0.00       0.00       0.00       0.00       0.00       0.00       0.00       0.00       0.00       0.00       0.00       0.00       0.00       0.00       0.00       0.00       0.00       0.00       0.00       0.00       0.00       0.00       0.00       0.00       0.00       0.00       0.00       0.00       0.00       0.00       0.00       0.00       0.00       0.00       0.00       0.00       0.00       0.00       0.00      12.00       2.00       0.00       0.00       0.00       0.00       0.00       0.00
17시 09분 05초    2       0.00       0.00       0.00      30.00       0.00       0.00       0.00       0.00       0.00       0.00       0.00       0.00       0.00       0.00       0.00       0.00       0.00       0.00       0.00       0.00       0.00       0.00       0.00       0.00       0.00       0.00       0.00       0.00       0.00       0.00       0.00       0.00       0.00       0.00       0.00       0.00       0.00       0.00       0.00       0.00       0.00       0.00       0.00       0.00       0.00       0.00       0.00       0.00       0.00       0.00       0.00       0.00       0.00       0.00       0.00       0.00       0.00       0.00       0.00       0.00       0.00       0.00       0.00       0.00       0.00       0.00       0.00       0.00       0.00       0.00       0.00       0.00       0.00       0.00       0.00       0.00       0.00       0.00       0.00       0.00       0.00       0.00       0.00       0.00       0.00       0.00       0.00       0.00       0.00       0.00       0.00       0.00       0.00       0.00       0.00       0.00       0.00       0.00       0.00       0.00       0.00       0.00       0.00       0.00       0.00       0.00       0.00       0.00       0.00       0.00       0.00       0.00       0.00       0.00       0.00       0.00       0.00       0.00       0.00       0.00       0.00       0.00       0.00       0.00       0.00       0.00       0.00       0.00       0.00       0.00       0.00       0.00       0.00       0.00       0.00       0.00       9.00       1.00       0.00       0.00       0.00       0.00       0.00       0.00
17시 09분 05초    3       0.00       0.00       0.00      24.00       0.00       0.00       0.00       0.00       0.00       0.00       0.00       0.00       0.00       0.00       0.00       0.00       0.00       0.00       0.00       0.00       0.00       0.00       0.00       0.00       0.00       0.00       0.00       0.00       0.00       0.00       0.00       0.00       0.00       0.00       0.00       0.00       0.00       0.00       0.00       0.00       0.00       0.00       0.00       0.00       0.00       0.00       0.00       0.00       0.00       0.00       0.00       0.00       0.00       0.00       0.00       0.00       0.00       0.00       0.00       0.00       0.00       0.00       0.00       0.00       0.00       0.00       0.00       0.00       0.00       0.00       0.00       0.00       0.00       0.00       0.00       0.00       0.00       0.00       0.00       0.00       0.00       0.00       0.00       0.00       0.00       0.00       0.00       0.00       0.00       0.00       0.00       0.00       0.00       0.00       0.00       0.00       0.00       0.00       0.00       0.00       0.00       0.00       0.00       0.00       0.00       0.00       0.00       0.00       0.00       0.00       0.00       0.00       0.00       0.00       0.00       0.00       0.00       0.00       0.00       0.00       0.00       0.00       0.00       0.00       0.00       0.00       0.00       0.00       0.00       0.00       0.00       0.00       0.00       0.00       0.00       0.00       7.00       0.00       0.00       0.00       0.00       0.00       0.00       0.00
17시 09분 05초    4       0.00       0.00       0.00      67.00       0.00       0.00       0.00       0.00       0.00       0.00       0.00       0.00       0.00       0.00       0.00       0.00       0.00       0.00       0.00       0.00       0.00       0.00       0.00       0.00       0.00       0.00       0.00       0.00       0.00       0.00       0.00       0.00       0.00       0.00       0.00       0.00       0.00       0.00       0.00       0.00       0.00       0.00       0.00       0.00       0.00       0.00       0.00       0.00       0.00       0.00       0.00       0.00       0.00       0.00       0.00       0.00       0.00       0.00       0.00       0.00       0.00       0.00       0.00       0.00       0.00       0.00       0.00       0.00       0.00       0.00       0.00       0.00       0.00       0.00       0.00       0.00       0.00       0.00       0.00       0.00       0.00       0.00       0.00       0.00       0.00       0.00       0.00       0.00       0.00       0.00       0.00       0.00       0.00       0.00       0.00       0.00       0.00       0.00       0.00       0.00       0.00       0.00       0.00       0.00       0.00       0.00       0.00       0.00       0.00       0.00       0.00       0.00       0.00       0.00       0.00       0.00       0.00       0.00       0.00       0.00       0.00       0.00       0.00       0.00       0.00       0.00       0.00       0.00       0.00       0.00       0.00       0.00       0.00       0.00       0.00       0.00       2.00       0.00       0.00       0.00       0.00       0.00       0.00       0.00
17시 09분 05초    5       0.00       0.00       0.00      47.00       0.00       0.00       0.00       0.00       0.00       0.00       0.00       0.00       0.00       0.00       0.00       0.00       0.00       0.00       0.00       0.00       0.00       0.00       0.00       0.00       0.00       0.00       0.00       0.00       0.00       0.00       0.00       0.00       0.00       0.00       0.00       0.00       0.00       0.00       0.00       0.00       0.00       0.00       0.00       0.00       0.00       0.00       0.00       0.00       0.00       0.00       0.00       0.00       0.00       0.00       0.00       0.00       0.00       0.00       0.00       0.00       0.00       0.00       0.00       0.00       0.00       0.00       0.00       0.00       0.00       0.00       0.00       0.00       0.00       0.00       0.00       0.00       0.00       0.00       0.00       0.00       0.00       0.00       0.00       0.00       0.00       0.00       0.00       0.00       0.00       0.00       0.00       0.00       0.00       0.00       0.00       0.00       0.00       0.00       0.00       0.00       0.00       0.00       0.00       0.00       0.00       0.00       0.00       0.00       0.00       0.00       0.00       0.00       0.00       0.00       0.00       0.00       0.00       0.00       0.00       0.00       0.00       0.00       0.00       0.00       0.00       0.00       0.00       0.00       0.00       0.00       0.00       0.00       0.00       0.00       0.00       0.00       2.00       0.00       0.00       0.00       0.00       0.00       0.00       0.00

17시 09분 04초  CPU       HI/s    TIMER/s   NET_TX/s   NET_RX/s    BLOCK/s IRQ_POLL/s  TASKLET/s    SCHED/s  HRTIMER/s      RCU/s
17시 09분 05초    0       0.00       3.00       1.00      63.00       0.00       0.00       0.00      11.00       0.00      15.00
17시 09분 05초    1       0.00      43.00       0.00       0.00       0.00       0.00       0.00      38.00       0.00      23.00
17시 09분 05초    2       0.00      11.00       0.00       0.00       0.00       0.00       0.00      15.00       0.00      16.00
17시 09분 05초    3       0.00      12.00       0.00       0.00       0.00       0.00       0.00      13.00       0.00      19.00
17시 09분 05초    4       0.00       2.00       0.00       0.00       0.00       0.00       0.00      21.00       0.00      41.00
17시 09분 05초    5       0.00      25.00       0.00       0.00       0.00       0.00       0.00      29.00       0.00      27.00

17시 09분 05초  CPU    %usr   %nice    %sys %iowait    %irq   %soft  %steal  %guest  %gnice   %idle
17시 09분 06초  all    0.83    0.00    4.00    1.67    0.00    0.17    0.00    0.00    0.00   93.33
17시 09분 06초    0    1.98    0.00    1.98    0.00    0.00    0.99    0.00    0.00    0.00   95.05
17시 09분 06초    1    0.00    0.00    0.00    0.00    0.00    0.00    0.00    0.00    0.00  100.00
17시 09분 06초    2    0.00    0.00    0.00    3.00    0.00    0.00    0.00    0.00    0.00   97.00
17시 09분 06초    3    0.00    0.00   15.15    3.03    0.00    0.00    0.00    0.00    0.00   81.82
17시 09분 06초    4    2.00    0.00    6.00    0.00    0.00    0.00    0.00    0.00    0.00   92.00
17시 09분 06초    5    1.00    0.00    1.00    4.00    0.00    0.00    0.00    0.00    0.00   94.00

17시 09분 05초  CPU    intr/s
17시 09분 06초  all    890.00
17시 09분 06초    0    191.00
17시 09분 06초    1    105.00
17시 09분 06초    2     39.00
17시 09분 06초    3     87.00
17시 09분 06초    4     60.00
17시 09분 06초    5     97.00

17시 09분 05초  CPU        9/s       11/s       12/s       13/s       18/s       20/s       21/s       22/s       23/s       24/s       25/s       26/s       27/s       28/s       29/s       30/s       31/s       32/s       33/s       34/s       35/s       36/s       37/s       38/s       39/s       40/s       41/s       42/s       43/s       44/s       45/s       46/s       47/s       48/s       49/s       50/s       51/s       52/s       53/s       54/s       55/s       57/s       59/s       61/s       65/s       66/s       67/s       68/s       69/s       70/s       71/s       72/s       73/s       74/s       75/s       76/s       77/s       79/s       80/s       81/s       82/s       83/s       84/s       85/s       86/s       87/s       88/s       89/s       90/s       91/s       92/s       93/s       94/s       95/s       96/s       97/s       98/s      112/s      113/s      114/s      115/s      116/s      117/s      118/s      119/s      120/s      121/s      122/s      123/s      124/s      125/s      126/s      127/s      128/s      129/s      130/s      131/s      132/s      133/s      134/s      135/s      136/s      137/s      138/s      150/s      154/s      162/s      167/s      171/s      224/s      228/s      229/s      230/s      231/s      232/s      233/s      234/s      235/s      236/s      237/s      245/s      246/s      247/s      249/s      250/s      252/s      253/s      262/s      263/s      294/s      296/s      297/s      298/s      299/s      301/s      302/s     IPI0/s     IPI1/s     IPI2/s     IPI3/s     IPI4/s     IPI5/s     IPI6/s      Err/s
17시 09분 06초    0       0.00       0.00       0.00     100.00       0.00       0.00       0.00       0.00       0.00       0.00       0.00       0.00       0.00       0.00       0.00       0.00       0.00       0.00       0.00       0.00       0.00       0.00       0.00       0.00       0.00       0.00       0.00       0.00       0.00       0.00       0.00       0.00       0.00       0.00       0.00       0.00       0.00       0.00       0.00       0.00       0.00       0.00       0.00       0.00       0.00       0.00     134.00       0.00       0.00       0.00       0.00       0.00       0.00       0.00       0.00       0.00       0.00       0.00       0.00       0.00       0.00       0.00       0.00       0.00       0.00       0.00       0.00       0.00       0.00       0.00       0.00       0.00       0.00       0.00       0.00       0.00       0.00       0.00       0.00       0.00       0.00       0.00       0.00       0.00       0.00       0.00       0.00       0.00       0.00       0.00       0.00       0.00       0.00       0.00       0.00       0.00       0.00       0.00       0.00       0.00       0.00       0.00       0.00       0.00       0.00      40.00       0.00       0.00       0.00       0.00       0.00       0.00       0.00       0.00       0.00       0.00       0.00       0.00       0.00       0.00       0.00       0.00       0.00       0.00       0.00       0.00       0.00       0.00       0.00       0.00       0.00       0.00       0.00       0.00     109.00       0.00      15.00      12.00       0.00       0.00       0.00       1.00       0.00       0.00
17시 09분 06초    1       0.00       0.00       0.00      59.00       0.00       0.00       0.00       0.00       0.00       0.00       0.00       0.00       0.00       0.00       0.00       0.00       0.00       0.00       0.00       0.00       0.00       0.00       0.00       0.00       0.00       0.00       0.00       0.00       0.00       0.00       0.00       0.00       0.00       0.00       0.00       0.00       0.00       0.00       0.00       0.00       0.00       0.00       0.00       0.00       0.00       0.00       0.00       0.00       0.00       0.00       0.00       0.00       0.00       0.00       0.00       0.00       0.00       0.00       0.00       0.00       0.00       0.00       0.00       0.00       0.00       0.00       0.00       0.00       0.00       0.00       0.00       0.00       0.00       0.00       0.00       0.00       0.00       0.00       0.00       0.00       0.00       0.00       0.00       0.00       0.00       0.00       0.00       0.00       0.00       0.00       0.00       0.00       0.00       0.00       0.00       0.00       0.00       0.00       0.00       0.00       0.00       0.00       0.00       0.00       0.00       0.00       0.00       0.00       0.00       0.00       0.00       0.00       0.00       0.00       0.00       0.00       0.00       0.00       0.00       0.00       0.00       0.00       0.00       0.00       0.00       0.00       0.00       0.00       0.00       0.00       0.00       0.00       0.00       0.00       0.00       0.00      22.00       4.00       0.00       0.00       0.00       1.00       0.00       0.00
17시 09분 06초    2       0.00       0.00       0.00      27.00       0.00       0.00       0.00       0.00       0.00       0.00       0.00       0.00       0.00       0.00       0.00       0.00       0.00       0.00       0.00       0.00       0.00       0.00       0.00       0.00       0.00       0.00       0.00       0.00       0.00       0.00       0.00       0.00       0.00       0.00       0.00       0.00       0.00       0.00       0.00       0.00       0.00       0.00       0.00       0.00       0.00       0.00       0.00       0.00       0.00       0.00       0.00       0.00       0.00       0.00       0.00       0.00       0.00       0.00       0.00       0.00       0.00       0.00       0.00       0.00       0.00       0.00       0.00       0.00       0.00       0.00       0.00       0.00       0.00       0.00       0.00       0.00       0.00       0.00       0.00       0.00       0.00       0.00       0.00       0.00       0.00       0.00       0.00       0.00       0.00       0.00       0.00       0.00       0.00       0.00       0.00       0.00       0.00       0.00       0.00       0.00       0.00       0.00       0.00       0.00       0.00       0.00       0.00       0.00       0.00       0.00       0.00       0.00       0.00       0.00       0.00       0.00       0.00       0.00       0.00       0.00       0.00       0.00       0.00       0.00       0.00       0.00       0.00       0.00       0.00       0.00       0.00       0.00       0.00       0.00       0.00       0.00       9.00       1.00       0.00       0.00       0.00       1.00       0.00       0.00
17시 09분 06초    3       0.00       0.00       0.00      61.00       0.00       0.00       0.00       0.00       0.00       0.00       0.00       0.00       0.00       0.00       0.00       0.00       0.00       0.00       0.00       0.00       0.00       0.00       0.00       0.00       0.00       0.00       0.00       0.00       0.00       0.00       0.00       0.00       0.00       0.00       0.00       0.00       0.00       0.00       0.00       0.00       0.00       0.00       0.00       0.00       0.00       0.00       0.00       0.00       0.00       0.00       0.00       0.00       0.00       0.00       0.00       0.00       0.00       0.00       0.00       0.00       0.00       0.00       0.00       0.00       0.00       0.00       0.00       0.00       0.00       0.00       0.00       0.00       0.00       0.00       0.00       0.00       0.00       0.00       0.00       0.00       0.00       0.00       0.00       0.00       0.00       0.00       0.00       0.00       0.00       0.00       0.00       0.00       0.00       0.00       0.00       0.00       0.00       0.00       0.00       0.00       0.00       0.00       0.00       0.00       0.00       0.00       0.00       0.00       0.00       0.00       0.00       0.00       0.00       0.00       0.00       0.00       0.00       0.00       0.00       0.00       0.00       0.00       0.00       0.00       0.00       0.00       0.00       0.00       0.00       0.00       0.00       0.00       0.00       0.00       0.00       0.00     152.00       0.00       0.00       0.00       0.00      14.00       0.00       0.00
17시 09분 06초    4       0.00       0.00       0.00      60.00       0.00       0.00       0.00       0.00       0.00       0.00       0.00       0.00       0.00       0.00       0.00       0.00       0.00       0.00       0.00       0.00       0.00       0.00       0.00       0.00       0.00       0.00       0.00       0.00       0.00       0.00       0.00       0.00       0.00       0.00       0.00       0.00       0.00       0.00       0.00       0.00       0.00       0.00       0.00       0.00       0.00       0.00       0.00       0.00       0.00       0.00       0.00       0.00       0.00       0.00       0.00       0.00       0.00       0.00       0.00       0.00       0.00       0.00       0.00       0.00       0.00       0.00       0.00       0.00       0.00       0.00       0.00       0.00       0.00       0.00       0.00       0.00       0.00       0.00       0.00       0.00       0.00       0.00       0.00       0.00       0.00       0.00       0.00       0.00       0.00       0.00       0.00       0.00       0.00       0.00       0.00       0.00       0.00       0.00       0.00       0.00       0.00       0.00       0.00       0.00       0.00       0.00       0.00       0.00       0.00       0.00       0.00       0.00       0.00       0.00       0.00       0.00       0.00       0.00       0.00       0.00       0.00       0.00       0.00       0.00       0.00       0.00       0.00       0.00       0.00       0.00       0.00       0.00       0.00       0.00       0.00       0.00       5.00       0.00       0.00       0.00       0.00       0.00       0.00       0.00
17시 09분 06초    5       0.00       0.00       0.00      53.00       0.00       0.00       0.00       0.00       0.00       0.00       0.00       0.00       0.00       0.00       0.00       0.00       0.00       0.00       0.00       0.00       0.00       0.00       0.00       0.00       0.00       0.00       0.00       0.00       0.00       0.00       0.00       0.00       0.00       0.00       0.00       0.00       0.00       0.00       0.00       0.00       0.00       0.00       0.00       0.00       0.00       0.00       0.00       0.00       0.00       0.00       0.00       0.00       0.00       0.00       0.00       0.00       0.00       0.00       0.00       0.00       0.00       0.00       0.00       0.00       0.00       0.00       0.00       0.00       0.00       0.00       0.00       0.00       0.00       0.00       0.00       0.00       0.00       0.00       0.00       0.00       0.00       0.00       0.00       0.00       0.00       0.00       0.00       0.00       0.00       0.00       0.00       0.00       0.00       0.00       0.00       0.00       0.00       0.00       0.00       0.00       0.00       0.00       0.00       0.00       0.00       0.00       0.00       0.00       0.00       0.00       0.00       0.00       0.00       0.00       0.00       0.00       0.00       0.00       0.00       0.00       0.00       0.00       0.00       0.00       0.00       0.00       0.00       0.00       0.00       0.00       0.00       0.00       0.00       0.00       0.00       0.00       5.00       0.00       0.00       0.00       0.00       0.00       0.00       0.00

17시 09분 05초  CPU       HI/s    TIMER/s   NET_TX/s   NET_RX/s    BLOCK/s IRQ_POLL/s  TASKLET/s    SCHED/s  HRTIMER/s      RCU/s
17시 09분 06초    0       0.00       8.00       4.00     102.00       2.00       0.00       0.00      47.00       0.00      28.00
17시 09분 06초    1       0.00      41.00       0.00       0.00       0.00       0.00       0.00      39.00       0.00      25.00
17시 09분 06초    2       0.00      10.00       0.00       0.00       0.00       0.00       0.00      15.00       0.00      14.00
17시 09분 06초    3       0.00       7.00       0.00       0.00       0.00       0.00       0.00      45.00       0.00      35.00
17시 09분 06초    4       0.00       1.00       0.00       0.00       0.00       0.00       0.00      18.00       0.00      41.00
17시 09분 06초    5       0.00      35.00       0.00       0.00       0.00       0.00       0.00      36.00       0.00      26.00

17시 09분 06초  CPU    %usr   %nice    %sys %iowait    %irq   %soft  %steal  %guest  %gnice   %idle
17시 09분 07초  all    0.83    0.00    1.99    0.00    0.17    0.00    0.00    0.00    0.00   97.01
17시 09분 07초    0    0.99    0.00    2.97    0.00    0.99    0.00    0.00    0.00    0.00   95.05
17시 09분 07초    1    0.00    0.00    0.00    0.00    0.00    0.00    0.00    0.00    0.00  100.00
17시 09분 07초    2    0.00    0.00    1.98    0.00    0.00    0.00    0.00    0.00    0.00   98.02
17시 09분 07초    3    1.00    0.00    1.00    0.00    0.00    0.00    0.00    0.00    0.00   98.00
17시 09분 07초    4    2.00    0.00    5.00    0.00    0.00    0.00    0.00    0.00    0.00   93.00
17시 09분 07초    5    1.00    0.00    1.00    0.00    0.00    0.00    0.00    0.00    0.00   98.00

17시 09분 06초  CPU    intr/s
17시 09분 07초  all    521.00
17시 09분 07초    0     89.00
17시 09분 07초    1     73.00
17시 09분 07초    2     39.00
17시 09분 07초    3     41.00
17시 09분 07초    4     59.00
17시 09분 07초    5     97.00

17시 09분 06초  CPU        9/s       11/s       12/s       13/s       18/s       20/s       21/s       22/s       23/s       24/s       25/s       26/s       27/s       28/s       29/s       30/s       31/s       32/s       33/s       34/s       35/s       36/s       37/s       38/s       39/s       40/s       41/s       42/s       43/s       44/s       45/s       46/s       47/s       48/s       49/s       50/s       51/s       52/s       53/s       54/s       55/s       57/s       59/s       61/s       65/s       66/s       67/s       68/s       69/s       70/s       71/s       72/s       73/s       74/s       75/s       76/s       77/s       79/s       80/s       81/s       82/s       83/s       84/s       85/s       86/s       87/s       88/s       89/s       90/s       91/s       92/s       93/s       94/s       95/s       96/s       97/s       98/s      112/s      113/s      114/s      115/s      116/s      117/s      118/s      119/s      120/s      121/s      122/s      123/s      124/s      125/s      126/s      127/s      128/s      129/s      130/s      131/s      132/s      133/s      134/s      135/s      136/s      137/s      138/s      150/s      154/s      162/s      167/s      171/s      224/s      228/s      229/s      230/s      231/s      232/s      233/s      234/s      235/s      236/s      237/s      245/s      246/s      247/s      249/s      250/s      252/s      253/s      262/s      263/s      294/s      296/s      297/s      298/s      299/s      301/s      302/s     IPI0/s     IPI1/s     IPI2/s     IPI3/s     IPI4/s     IPI5/s     IPI6/s      Err/s
17시 09분 07초    0       0.00       0.00       0.00      77.00       0.00       0.00       0.00       0.00       0.00       0.00       0.00       0.00       0.00       0.00       0.00       0.00       0.00       0.00       0.00       0.00       0.00       0.00       0.00       0.00       0.00       0.00       0.00       0.00       0.00       0.00       0.00       0.00       0.00       0.00       0.00       0.00       0.00       0.00       0.00       0.00       0.00       0.00       0.00       0.00       0.00       0.00       0.00       0.00       0.00       0.00       0.00       0.00       0.00       0.00       0.00       0.00       0.00       0.00       0.00       0.00       0.00       0.00       0.00       0.00       0.00       0.00       0.00       0.00       0.00       0.00       0.00       0.00       0.00       0.00       0.00       0.00       0.00      66.00       0.00       0.00       0.00       0.00       0.00       0.00       0.00       0.00       0.00       0.00       0.00       0.00       0.00       0.00       0.00       0.00       0.00       0.00       0.00       0.00       0.00       0.00       0.00       0.00       0.00       0.00       0.00      30.00       0.00       0.00       0.00       1.00       0.00       0.00       0.00       0.00       0.00       0.00       0.00       0.00       0.00       0.00       0.00       0.00       0.00       0.00       0.00       0.00       0.00       0.00       0.00       0.00       0.00       0.00       0.00       0.00      24.00       0.00       2.00       6.00       0.00       0.00       0.00       3.00       0.00       0.00
17시 09분 07초    1       0.00       0.00       0.00      34.00       0.00       0.00       0.00       0.00       0.00       0.00       0.00       0.00       0.00       0.00       0.00       0.00       0.00       0.00       0.00       0.00       0.00       0.00       0.00       0.00       0.00       0.00       0.00       0.00       0.00       0.00       0.00       0.00       0.00       0.00       0.00       0.00       0.00       0.00       0.00       0.00       0.00       0.00       0.00       0.00       0.00       0.00       0.00       0.00       0.00       0.00       0.00       0.00       0.00       0.00       0.00       0.00       0.00       0.00       0.00       0.00       0.00       0.00       0.00       0.00       0.00       0.00       0.00       0.00       0.00       0.00       0.00       0.00       0.00       0.00       0.00       0.00       0.00       0.00       0.00       0.00       0.00       0.00       0.00       0.00       0.00       0.00       0.00       0.00       0.00       0.00       0.00       0.00       0.00       0.00       0.00       0.00       0.00       0.00       0.00       0.00       0.00       0.00       0.00       0.00       0.00       0.00       0.00       0.00       0.00       0.00       0.00       0.00       0.00       0.00       0.00       0.00       0.00       0.00       0.00       0.00       0.00       0.00       0.00       0.00       0.00       0.00       0.00       0.00       0.00       0.00       0.00       0.00       0.00       0.00       0.00       0.00      10.00       6.00       0.00       0.00       0.00       0.00       0.00       0.00
17시 09분 07초    2       0.00       0.00       0.00      26.00       0.00       0.00       0.00       0.00       0.00       0.00       0.00       0.00       0.00       0.00       0.00       0.00       0.00       0.00       0.00       0.00       0.00       0.00       0.00       0.00       0.00       0.00       0.00       0.00       0.00       0.00       0.00       0.00       0.00       0.00       0.00       0.00       0.00       0.00       0.00       0.00       0.00       0.00       0.00       0.00       0.00       0.00       0.00       0.00       0.00       0.00       0.00       0.00       0.00       0.00       0.00       0.00       0.00       0.00       0.00       0.00       0.00       0.00       0.00       0.00       0.00       0.00       0.00       0.00       0.00       0.00       0.00       0.00       0.00       0.00       0.00       0.00       0.00       0.00       0.00       0.00       0.00       0.00       0.00       0.00       0.00       0.00       0.00       0.00       0.00       0.00       0.00       0.00       0.00       0.00       0.00       0.00       0.00       0.00       0.00       0.00       0.00       0.00       0.00       0.00       0.00       0.00       0.00       0.00       0.00       0.00       0.00       0.00       0.00       0.00       0.00       0.00       0.00       0.00       0.00       0.00       0.00       0.00       0.00       0.00       0.00       0.00       0.00       0.00       0.00       0.00       0.00       0.00       0.00       0.00       0.00       0.00       7.00       0.00       0.00       0.00       0.00       0.00       0.00       0.00
17시 09분 07초    3       0.00       0.00       0.00      24.00       0.00       0.00       0.00       0.00       0.00       0.00       0.00       0.00       0.00       0.00       0.00       0.00       0.00       0.00       0.00       0.00       0.00       0.00       0.00       0.00       0.00       0.00       0.00       0.00       0.00       0.00       0.00       0.00       0.00       0.00       0.00       0.00       0.00       0.00       0.00       0.00       0.00       0.00       0.00       0.00       0.00       0.00       0.00       0.00       0.00       0.00       0.00       0.00       0.00       0.00       0.00       0.00       0.00       0.00       0.00       0.00       0.00       0.00       0.00       0.00       0.00       0.00       0.00       0.00       0.00       0.00       0.00       0.00       0.00       0.00       0.00       0.00       0.00       0.00       0.00       0.00       0.00       0.00       0.00       0.00       0.00       0.00       0.00       0.00       0.00       0.00       0.00       0.00       0.00       0.00       0.00       0.00       0.00       0.00       0.00       0.00       0.00       0.00       0.00       0.00       0.00       0.00       0.00       0.00       0.00       0.00       0.00       0.00       0.00       0.00       0.00       0.00       0.00       0.00       0.00       0.00       0.00       0.00       0.00       0.00       0.00       0.00       0.00       0.00       0.00       0.00       0.00       0.00       0.00       0.00       0.00       0.00       7.00       0.00       0.00       0.00       0.00       1.00       0.00       0.00
17시 09분 07초    4       0.00       0.00       0.00      62.00       0.00       0.00       0.00       0.00       0.00       0.00       0.00       0.00       0.00       0.00       0.00       0.00       0.00       0.00       0.00       0.00       0.00       0.00       0.00       0.00       0.00       0.00       0.00       0.00       0.00       0.00       0.00       0.00       0.00       0.00       0.00       0.00       0.00       0.00       0.00       0.00       0.00       0.00       0.00       0.00       0.00       0.00       0.00       0.00       0.00       0.00       0.00       0.00       0.00       0.00       0.00       0.00       0.00       0.00       0.00       0.00       0.00       0.00       0.00       0.00       0.00       0.00       0.00       0.00       0.00       0.00       0.00       0.00       0.00       0.00       0.00       0.00       0.00       0.00       0.00       0.00       0.00       0.00       0.00       0.00       0.00       0.00       0.00       0.00       0.00       0.00       0.00       0.00       0.00       0.00       0.00       0.00       0.00       0.00       0.00       0.00       0.00       0.00       0.00       0.00       0.00       0.00       0.00       0.00       0.00       0.00       0.00       0.00       0.00       0.00       0.00       0.00       0.00       0.00       0.00       0.00       0.00       0.00       0.00       0.00       0.00       0.00       0.00       0.00       0.00       0.00       0.00       0.00       0.00       0.00       0.00       0.00       2.00       0.00       0.00       0.00       0.00       0.00       0.00       0.00
17시 09분 07초    5       0.00       0.00       0.00      58.00       0.00       0.00       0.00       0.00       0.00       0.00       0.00       0.00       0.00       0.00       0.00       0.00       0.00       0.00       0.00       0.00       0.00       0.00       0.00       0.00       0.00       0.00       0.00       0.00       0.00       0.00       0.00       0.00       0.00       0.00       0.00       0.00       0.00       0.00       0.00       0.00       0.00       0.00       0.00       0.00       0.00       0.00       0.00       0.00       0.00       0.00       0.00       0.00       0.00       0.00       0.00       0.00       0.00       0.00       0.00       0.00       0.00       0.00       0.00       0.00       0.00       0.00       0.00       0.00       0.00       0.00       0.00       0.00       0.00       0.00       0.00       0.00       0.00       0.00       0.00       0.00       0.00       0.00       0.00       0.00       0.00       0.00       0.00       0.00       0.00       0.00       0.00       0.00       0.00       0.00       0.00       0.00       0.00       0.00       0.00       0.00       0.00       0.00       0.00       0.00       0.00       0.00       0.00       0.00       0.00       0.00       0.00       0.00       0.00       0.00       0.00       0.00       0.00       0.00       0.00       0.00       0.00       0.00       0.00       0.00       0.00       0.00       0.00       0.00       0.00       0.00       0.00       0.00       0.00       0.00       0.00       0.00      75.00       0.00       0.00       0.00       0.00       0.00       0.00       0.00

17시 09분 06초  CPU       HI/s    TIMER/s   NET_TX/s   NET_RX/s    BLOCK/s IRQ_POLL/s  TASKLET/s    SCHED/s  HRTIMER/s      RCU/s
17시 09분 07초    0       0.00       7.00       0.00      22.00       0.00       0.00       0.00      34.00       0.00      26.00
17시 09분 07초    1       0.00      30.00       0.00       0.00       0.00       0.00       0.00      26.00       0.00      17.00
17시 09분 07초    2       0.00      10.00       0.00       0.00       0.00       0.00       0.00      14.00       0.00      15.00
17시 09분 07초    3       0.00      11.00       0.00       0.00       0.00       0.00       0.00      12.00       0.00      18.00
17시 09분 07초    4       0.00       3.00       0.00       0.00       0.00       0.00       0.00      20.00       0.00      36.00
17시 09분 07초    5       0.00      38.00       0.00       0.00       0.00       0.00       0.00      35.00       0.00      24.00

17시 09분 07초  CPU    %usr   %nice    %sys %iowait    %irq   %soft  %steal  %guest  %gnice   %idle
17시 09분 08초  all    0.67    0.00    2.18    0.00    0.00    0.00    0.00    0.00    0.00   97.15
17시 09분 08초    0    1.01    0.00    3.03    0.00    0.00    0.00    0.00    0.00    0.00   95.96
17시 09분 08초    1    0.00    0.00    1.00    0.00    0.00    0.00    0.00    0.00    0.00   99.00
17시 09분 08초    2    1.01    0.00    0.00    0.00    0.00    0.00    0.00    0.00    0.00   98.99
17시 09분 08초    3    0.00    0.00    2.00    0.00    0.00    0.00    0.00    0.00    0.00   98.00
17시 09분 08초    4    2.02    0.00    5.05    0.00    0.00    0.00    0.00    0.00    0.00   92.93
17시 09분 08초    5    0.00    0.00    2.00    0.00    0.00    0.00    0.00    0.00    0.00   98.00

17시 09분 07초  CPU    intr/s
17시 09분 08초  all    464.00
17시 09분 08초    0    190.00
17시 09분 08초    1    103.00
17시 09분 08초    2     51.00
17시 09분 08초    3     16.00
17시 09분 08초    4     61.00
17시 09분 08초    5     82.00

17시 09분 07초  CPU        9/s       11/s       12/s       13/s       18/s       20/s       21/s       22/s       23/s       24/s       25/s       26/s       27/s       28/s       29/s       30/s       31/s       32/s       33/s       34/s       35/s       36/s       37/s       38/s       39/s       40/s       41/s       42/s       43/s       44/s       45/s       46/s       47/s       48/s       49/s       50/s       51/s       52/s       53/s       54/s       55/s       57/s       59/s       61/s       65/s       66/s       67/s       68/s       69/s       70/s       71/s       72/s       73/s       74/s       75/s       76/s       77/s       79/s       80/s       81/s       82/s       83/s       84/s       85/s       86/s       87/s       88/s       89/s       90/s       91/s       92/s       93/s       94/s       95/s       96/s       97/s       98/s      112/s      113/s      114/s      115/s      116/s      117/s      118/s      119/s      120/s      121/s      122/s      123/s      124/s      125/s      126/s      127/s      128/s      129/s      130/s      131/s      132/s      133/s      134/s      135/s      136/s      137/s      138/s      150/s      154/s      162/s      167/s      171/s      224/s      228/s      229/s      230/s      231/s      232/s      233/s      234/s      235/s      236/s      237/s      245/s      246/s      247/s      249/s      250/s      252/s      253/s      262/s      263/s      294/s      296/s      297/s      298/s      299/s      301/s      302/s     IPI0/s     IPI1/s     IPI2/s     IPI3/s     IPI4/s     IPI5/s     IPI6/s      Err/s
17시 09분 08초    0       0.00       0.00       0.00      52.00       0.00       0.00       0.00       0.00       0.00       0.00       0.00       0.00       0.00       0.00       0.00       0.00       0.00       0.00       0.00       0.00       0.00       0.00       0.00       0.00       0.00       0.00       0.00       0.00       0.00       0.00       0.00       0.00       0.00       0.00       0.00       0.00       0.00       0.00       0.00       0.00       0.00       0.00       0.00       0.00       0.00       0.00       0.00       0.00       0.00       0.00       0.00       0.00       0.00       0.00       0.00       0.00       0.00       0.00       0.00       0.00       0.00       0.00       0.00       0.00       0.00       0.00       0.00       0.00       0.00       0.00       0.00       0.00       0.00       0.00       0.00       0.00       0.00       0.00       0.00       0.00       0.00       0.00       0.00       0.00       0.00       0.00       0.00       0.00       0.00       0.00       0.00       0.00       0.00       0.00       0.00       0.00       0.00       0.00       0.00       0.00       0.00       0.00       0.00       0.00       0.00       0.00       0.00       0.00       0.00       0.00       0.00       0.00       0.00       0.00       0.00       0.00       0.00       0.00       0.00       0.00       0.00       0.00       0.00       0.00       0.00       0.00       0.00       0.00       0.00       0.00       0.00       0.00       0.00       0.00     136.00       0.00       1.00       5.00       0.00       0.00       0.00       0.00       0.00       0.00
17시 09분 08초    1       0.00       0.00       0.00      55.00       0.00       0.00       0.00       0.00       0.00       0.00       0.00       0.00       0.00       0.00       0.00       0.00       0.00       0.00       0.00       0.00       0.00       0.00       0.00       0.00       0.00       0.00       0.00       0.00       0.00       0.00       0.00       0.00       0.00       0.00       0.00       0.00       0.00       0.00       0.00       0.00       0.00       0.00       0.00       0.00       0.00       0.00       0.00       0.00       0.00       0.00       0.00       0.00       0.00       0.00       0.00       0.00       0.00       0.00       0.00       0.00       0.00       0.00       0.00       0.00       0.00       0.00       0.00       0.00       0.00       0.00       0.00       0.00       0.00       0.00       0.00       0.00       0.00       0.00       0.00       0.00       0.00       0.00       0.00       0.00       0.00       0.00       0.00       0.00       0.00       0.00       0.00       0.00       0.00       0.00       0.00       0.00       0.00       0.00       0.00       0.00       0.00       0.00       0.00       0.00       0.00       0.00       0.00       0.00       0.00       0.00       0.00       0.00       0.00       0.00       0.00       0.00       0.00       0.00       0.00       0.00       0.00       0.00       0.00       0.00       0.00       0.00       0.00       0.00       0.00       0.00       0.00       0.00       0.00       0.00       0.00       0.00       7.00       3.00       0.00       0.00       0.00       0.00       0.00       0.00
17시 09분 08초    2       0.00       0.00       0.00      35.00       0.00       0.00       0.00       0.00       0.00       0.00       0.00       0.00       0.00       0.00       0.00       0.00       0.00       0.00       0.00       0.00       0.00       0.00       0.00       0.00       0.00       0.00       0.00       0.00       0.00       0.00       0.00       0.00       0.00       0.00       0.00       0.00       0.00       0.00       0.00       0.00       0.00       0.00       0.00       0.00       0.00       0.00       0.00       0.00       0.00       0.00       0.00       0.00       0.00       0.00       0.00       0.00       0.00       0.00       0.00       0.00       0.00       0.00       0.00       0.00       0.00       0.00       0.00       0.00       0.00       0.00       0.00       0.00       0.00       0.00       0.00       0.00       0.00       0.00       0.00       0.00       0.00       0.00       0.00       0.00       0.00       0.00       0.00       0.00       0.00       0.00       0.00       0.00       0.00       0.00       0.00       0.00       0.00       0.00       0.00       0.00       0.00       0.00       0.00       0.00       0.00       0.00       0.00       0.00       0.00       0.00       0.00       0.00       0.00       0.00       0.00       0.00       0.00       0.00       0.00       0.00       0.00       0.00       0.00       0.00       0.00       0.00       0.00       0.00       0.00       0.00       0.00       0.00       0.00       0.00       0.00       0.00      17.00       1.00       0.00       0.00       0.00       0.00       0.00       0.00
17시 09분 08초    3       0.00       0.00       0.00      17.00       0.00       0.00       0.00       0.00       0.00       0.00       0.00       0.00       0.00       0.00       0.00       0.00       0.00       0.00       0.00       0.00       0.00       0.00       0.00       0.00       0.00       0.00       0.00       0.00       0.00       0.00       0.00       0.00       0.00       0.00       0.00       0.00       0.00       0.00       0.00       0.00       0.00       0.00       0.00       0.00       0.00       0.00       0.00       0.00       0.00       0.00       0.00       0.00       0.00       0.00       0.00       0.00       0.00       0.00       0.00       0.00       0.00       0.00       0.00       0.00       0.00       0.00       0.00       0.00       0.00       0.00       0.00       0.00       0.00       0.00       0.00       0.00       0.00       0.00       0.00       0.00       0.00       0.00       0.00       0.00       0.00       0.00       0.00       0.00       0.00       0.00       0.00       0.00       0.00       0.00       0.00       0.00       0.00       0.00       0.00       0.00       0.00       0.00       0.00       0.00       0.00       0.00       0.00       0.00       0.00       0.00       0.00       0.00       0.00       0.00       0.00       0.00       0.00       0.00       0.00       0.00       0.00       0.00       0.00       0.00       0.00       0.00       0.00       0.00       0.00       0.00       0.00       0.00       0.00       0.00       0.00       0.00       5.00       0.00       0.00       0.00       0.00       0.00       0.00       0.00
17시 09분 08초    4       0.00       0.00       0.00      67.00       0.00       0.00       0.00       0.00       0.00       0.00       0.00       0.00       0.00       0.00       0.00       0.00       0.00       0.00       0.00       0.00       0.00       0.00       0.00       0.00       0.00       0.00       0.00       0.00       0.00       0.00       0.00       0.00       0.00       0.00       0.00       0.00       0.00       0.00       0.00       0.00       0.00       0.00       0.00       0.00       0.00       0.00       0.00       0.00       0.00       0.00       0.00       0.00       0.00       0.00       0.00       0.00       0.00       0.00       0.00       0.00       0.00       0.00       0.00       0.00       0.00       0.00       0.00       0.00       0.00       0.00       0.00       0.00       0.00       0.00       0.00       0.00       0.00       0.00       0.00       0.00       0.00       0.00       0.00       0.00       0.00       0.00       0.00       0.00       0.00       0.00       0.00       0.00       0.00       0.00       0.00       0.00       0.00       0.00       0.00       0.00       0.00       0.00       0.00       0.00       0.00       0.00       0.00       0.00       0.00       0.00       0.00       0.00       0.00       0.00       0.00       0.00       0.00       0.00       0.00       0.00       0.00       0.00       0.00       0.00       0.00       0.00       0.00       0.00       0.00       0.00       0.00       0.00       0.00       0.00       0.00       0.00       3.00       0.00       0.00       0.00       0.00       0.00       0.00       0.00
17시 09분 08초    5       0.00       0.00       0.00      51.00       0.00       0.00       0.00       0.00       0.00       0.00       0.00       0.00       0.00       0.00       0.00       0.00       0.00       0.00       0.00       0.00       0.00       0.00       0.00       0.00       0.00       0.00       0.00       0.00       0.00       0.00       0.00       0.00       0.00       0.00       0.00       0.00       0.00       0.00       0.00       0.00       0.00       0.00       0.00       0.00       0.00       0.00       0.00       0.00       0.00       0.00       0.00       0.00       0.00       0.00       0.00       0.00       0.00       0.00       0.00       0.00       0.00       0.00       0.00       0.00       0.00       0.00       0.00       0.00       0.00       0.00       0.00       0.00       0.00       0.00       0.00       0.00       0.00       0.00       0.00       0.00       0.00       0.00       0.00       0.00       0.00       0.00       0.00       0.00       0.00       0.00       0.00       0.00       0.00       0.00       0.00       0.00       0.00       0.00       0.00       0.00       0.00       0.00       0.00       0.00       0.00       0.00       0.00       0.00       0.00       0.00       0.00       0.00       0.00       0.00       0.00       0.00       0.00       0.00       0.00       0.00       0.00       0.00       0.00       0.00       0.00       0.00       0.00       0.00       0.00       0.00       0.00       0.00       0.00       0.00       0.00       0.00       9.00       0.00       0.00       0.00       0.00       0.00       0.00       0.00

17시 09분 07초  CPU       HI/s    TIMER/s   NET_TX/s   NET_RX/s    BLOCK/s IRQ_POLL/s  TASKLET/s    SCHED/s  HRTIMER/s      RCU/s
17시 09분 08초    0       0.00       9.00       6.00     126.00       0.00       0.00       0.00      25.00       0.00      24.00
17시 09분 08초    1       0.00      42.00       0.00       0.00       0.00       0.00       0.00      40.00       0.00      21.00
17시 09분 08초    2       0.00      18.00       0.00       0.00       0.00       0.00       0.00      18.00       0.00      15.00
17시 09분 08초    3       0.00       0.00       0.00       0.00       0.00       0.00       0.00       6.00       0.00      10.00
17시 09분 08초    4       0.00       3.00       0.00       0.00       0.00       0.00       0.00      19.00       0.00      39.00
17시 09분 08초    5       0.00      28.00       0.00       0.00       0.00       0.00       0.00      28.00       0.00      26.00

17시 09분 08초  CPU    %usr   %nice    %sys %iowait    %irq   %soft  %steal  %guest  %gnice   %idle
17시 09분 09초  all    0.67    0.00    2.00    0.00    0.00    0.00    0.00    0.00    0.00   97.34
17시 09분 09초    0    1.98    0.00    2.97    0.00    0.00    0.00    0.00    0.00    0.00   95.05
17시 09분 09초    1    0.00    0.00    0.00    0.00    0.00    0.00    0.00    0.00    0.00  100.00
17시 09분 09초    2    0.00    0.00    0.99    0.00    0.00    0.00    0.00    0.00    0.00   99.01
17시 09분 09초    3    0.99    0.00    1.98    0.00    0.00    0.00    0.00    0.00    0.00   97.03
17시 09분 09초    4    1.01    0.00    6.06    0.00    0.00    0.00    0.00    0.00    0.00   92.93
17시 09분 09초    5    0.00    0.00    0.00    0.00    0.00    0.00    0.00    0.00    0.00  100.00

17시 09분 08초  CPU    intr/s
17시 09분 09초  all    404.00
17시 09분 09초    0    111.00
17시 09분 09초    1     98.00
17시 09분 09초    2     44.00
17시 09분 09초    3     21.00
17시 09분 09초    4     63.00
17시 09분 09초    5     88.00

17시 09분 08초  CPU        9/s       11/s       12/s       13/s       18/s       20/s       21/s       22/s       23/s       24/s       25/s       26/s       27/s       28/s       29/s       30/s       31/s       32/s       33/s       34/s       35/s       36/s       37/s       38/s       39/s       40/s       41/s       42/s       43/s       44/s       45/s       46/s       47/s       48/s       49/s       50/s       51/s       52/s       53/s       54/s       55/s       57/s       59/s       61/s       65/s       66/s       67/s       68/s       69/s       70/s       71/s       72/s       73/s       74/s       75/s       76/s       77/s       79/s       80/s       81/s       82/s       83/s       84/s       85/s       86/s       87/s       88/s       89/s       90/s       91/s       92/s       93/s       94/s       95/s       96/s       97/s       98/s      112/s      113/s      114/s      115/s      116/s      117/s      118/s      119/s      120/s      121/s      122/s      123/s      124/s      125/s      126/s      127/s      128/s      129/s      130/s      131/s      132/s      133/s      134/s      135/s      136/s      137/s      138/s      150/s      154/s      162/s      167/s      171/s      224/s      228/s      229/s      230/s      231/s      232/s      233/s      234/s      235/s      236/s      237/s      245/s      246/s      247/s      249/s      250/s      252/s      253/s      262/s      263/s      294/s      296/s      297/s      298/s      299/s      301/s      302/s     IPI0/s     IPI1/s     IPI2/s     IPI3/s     IPI4/s     IPI5/s     IPI6/s      Err/s
17시 09분 09초    0       0.00       0.00       0.00      71.00       0.00       0.00       0.00       0.00       0.00       0.00       0.00       0.00       0.00       0.00       0.00       0.00       0.00       0.00       0.00       0.00       0.00       0.00       0.00       0.00       0.00       0.00       0.00       0.00       0.00       0.00       0.00       0.00       0.00       0.00       0.00       0.00       0.00       0.00       0.00       0.00       0.00       0.00       0.00       0.00       0.00       0.00       0.00       0.00       0.00       0.00       0.00       0.00       0.00       0.00       0.00       0.00       0.00       0.00       0.00       0.00       0.00       0.00       0.00       0.00       0.00       0.00       0.00       0.00       0.00       0.00       0.00       0.00       0.00       0.00       0.00       0.00       0.00       2.00       0.00       0.00       0.00       0.00       0.00       0.00       0.00       0.00       0.00       0.00       0.00       0.00       0.00       0.00       0.00       0.00       0.00       0.00       0.00       0.00       0.00       0.00       0.00       0.00       0.00       0.00       0.00      10.00       0.00       0.00       0.00       0.00       0.00       0.00       0.00       0.00       0.00       0.00       0.00       0.00       0.00       0.00       0.00       0.00       0.00       0.00       0.00       0.00       0.00       0.00       0.00       0.00       0.00       0.00       0.00       0.00      48.00       0.00       1.00       3.00       0.00       0.00       0.00       0.00       0.00       0.00
17시 09분 09초    1       0.00       0.00       0.00      49.00       0.00       0.00       0.00       0.00       0.00       0.00       0.00       0.00       0.00       0.00       0.00       0.00       0.00       0.00       0.00       0.00       0.00       0.00       0.00       0.00       0.00       0.00       0.00       0.00       0.00       0.00       0.00       0.00       0.00       0.00       0.00       0.00       0.00       0.00       0.00       0.00       0.00       0.00       0.00       0.00       0.00       0.00       0.00       0.00       0.00       0.00       0.00       0.00       0.00       0.00       0.00       0.00       0.00  