Linux 5.10.120-tegra (orin-desktop) 	2024년 09월 30일 	_aarch64_	(6 CPU)

17시 06분 52초  CPU    %usr   %nice    %sys %iowait    %irq   %soft  %steal  %guest  %gnice   %idle
17시 06분 53초  all   15.12    0.00    2.66    0.00    0.17    0.17    0.00    0.00    0.00   81.89
17시 06분 53초    0   13.59    0.00    2.91    0.00    0.00    0.00    0.00    0.00    0.00   83.50
17시 06분 53초    1   30.93    0.00    3.09    0.00    0.00    0.00    0.00    0.00    0.00   65.98
17시 06분 53초    2    7.07    0.00    2.02    0.00    0.00    0.00    0.00    0.00    0.00   90.91
17시 06분 53초    3   11.65    0.00    2.91    0.00    0.97    0.97    0.00    0.00    0.00   83.50
17시 06분 53초    4   13.73    0.00    2.94    0.00    0.00    0.00    0.00    0.00    0.00   83.33
17시 06분 53초    5   14.29    0.00    2.04    0.00    0.00    0.00    0.00    0.00    0.00   83.67

17시 06분 52초  CPU    intr/s
17시 06분 53초  all   2606.00
17시 06분 53초    0    485.00
17시 06분 53초    1    170.00
17시 06분 53초    2    105.00
17시 06분 53초    3    133.00
17시 06분 53초    4    114.00
17시 06분 53초    5     96.00

17시 06분 52초  CPU        9/s       11/s       12/s       13/s       18/s       20/s       21/s       22/s       23/s       24/s       25/s       26/s       27/s       28/s       29/s       30/s       31/s       32/s       33/s       34/s       35/s       36/s       37/s       38/s       39/s       40/s       41/s       42/s       43/s       44/s       45/s       46/s       47/s       48/s       49/s       50/s       51/s       52/s       53/s       54/s       55/s       57/s       59/s       61/s       65/s       66/s       67/s       68/s       69/s       70/s       71/s       72/s       73/s       74/s       75/s       76/s       77/s       79/s       80/s       81/s       82/s       83/s       84/s       85/s       86/s       87/s       88/s       89/s       90/s       91/s       92/s       93/s       94/s       95/s       96/s       97/s       98/s      112/s      113/s      114/s      115/s      116/s      117/s      118/s      119/s      120/s      121/s      122/s      123/s      124/s      125/s      126/s      127/s      128/s      129/s      130/s      131/s      132/s      133/s      134/s      135/s      136/s      137/s      138/s      150/s      154/s      162/s      167/s      171/s      224/s      228/s      229/s      230/s      231/s      232/s      233/s      234/s      235/s      236/s      237/s      245/s      246/s      247/s      249/s      250/s      252/s      253/s      262/s      263/s      294/s      296/s      297/s      298/s      299/s      301/s      302/s     IPI0/s     IPI1/s     IPI2/s     IPI3/s     IPI4/s     IPI5/s     IPI6/s      Err/s
17시 06분 53초    0       0.00       0.00       0.00     187.00       0.00       0.00       0.00       0.00       0.00       0.00       0.00       0.00       0.00       0.00       0.00       0.00       0.00       0.00       0.00       0.00       0.00       0.00       0.00       0.00       0.00       0.00       0.00       0.00       0.00       0.00       0.00       0.00       0.00       0.00       0.00       0.00       0.00       0.00       0.00       0.00       0.00       0.00       0.00       0.00       0.00       0.00       0.00       0.00       0.00       0.00       0.00       0.00       0.00       0.00       0.00       0.00       0.00       0.00       0.00       0.00       0.00       0.00       0.00       0.00       0.00       0.00       0.00       0.00       0.00       0.00       0.00       0.00       0.00       0.00       0.00       0.00       0.00       0.00       0.00       6.00       0.00       0.00       0.00       0.00       0.00       0.00       0.00       0.00       0.00       0.00       0.00       0.00       0.00      68.00       0.00       0.00       0.00       0.00       0.00       0.00       0.00       0.00       0.00       0.00       0.00     147.00       0.00       0.00       0.00       0.00       0.00       0.00       0.00       0.00       0.00       0.00       0.00       0.00       0.00       0.00       0.00       0.00       0.00       0.00       0.00       0.00       0.00       0.00       0.00       0.00       0.00       0.00       0.00       0.00     317.00       0.00     187.00      42.00       0.00       0.00       0.00      65.00       0.00       0.00
17시 06분 53초    1       0.00       0.00       0.00     171.00       0.00       0.00       0.00       0.00       0.00       0.00       0.00       0.00       0.00       0.00       0.00       0.00       0.00       0.00       0.00       0.00       0.00       0.00       0.00       0.00       0.00       0.00       0.00       0.00       0.00       0.00       0.00       0.00       0.00       0.00       0.00       0.00       0.00       0.00       0.00       0.00       0.00       0.00       0.00       0.00       0.00       0.00       0.00       0.00       0.00       0.00       0.00       0.00       0.00       0.00       0.00       0.00       0.00       0.00       0.00       0.00       0.00       0.00       0.00       0.00       0.00       0.00       0.00       0.00       0.00       0.00       0.00       0.00       0.00       0.00       0.00       0.00       0.00       0.00       0.00       0.00       0.00       0.00       0.00       0.00       0.00       0.00       0.00       0.00       0.00       0.00       0.00       0.00       0.00       0.00       0.00       0.00       0.00       0.00       0.00       0.00       0.00       0.00       0.00       0.00       0.00       0.00       0.00       0.00       0.00       0.00       0.00       0.00       0.00       0.00       0.00       0.00       0.00       0.00       0.00       0.00       0.00       0.00       0.00       0.00       0.00       0.00       0.00       0.00       0.00       0.00       0.00       0.00       0.00       0.00       0.00       0.00     144.00      24.00       0.00       0.00       0.00      16.00       0.00       0.00
17시 06분 53초    2       0.00       0.00       0.00     131.00       0.00       0.00       0.00       0.00       0.00       0.00       0.00       0.00       0.00       0.00       0.00       0.00       0.00       0.00       0.00       0.00       0.00       0.00       0.00       0.00       0.00       0.00       0.00       0.00       0.00       0.00       0.00       0.00       0.00       0.00       0.00       0.00       0.00       0.00       0.00       0.00       0.00       0.00       0.00       0.00       0.00       0.00       0.00       0.00       0.00       0.00       0.00       0.00       0.00       0.00       0.00       0.00       0.00       0.00       0.00       0.00       0.00       0.00       0.00       0.00       0.00       0.00       0.00       0.00       0.00       0.00       0.00       0.00       0.00       0.00       0.00       0.00       0.00       0.00       0.00       0.00       0.00       0.00       0.00       0.00       0.00       0.00       0.00       0.00       0.00       0.00       0.00       0.00       0.00       0.00       0.00       0.00       0.00       0.00       0.00       0.00       0.00       0.00       0.00       0.00       0.00       0.00       0.00       0.00       0.00       0.00       0.00       0.00       0.00       0.00       0.00       0.00       0.00       0.00       0.00       0.00       0.00       0.00       0.00       0.00       0.00       0.00       0.00       0.00       0.00       0.00       0.00       0.00       0.00       0.00       0.00       0.00     149.00      23.00       0.00       0.00       0.00      20.00       0.00       0.00
17시 06분 53초    3       0.00       0.00       0.00     169.00       0.00       0.00       0.00       0.00       0.00       0.00       0.00       0.00       0.00       0.00       0.00       0.00       0.00       0.00       0.00       0.00       0.00       0.00       0.00       0.00       0.00       0.00       0.00       0.00       0.00       0.00       0.00       0.00       0.00       0.00       0.00       0.00       0.00       0.00       0.00       0.00       0.00       0.00       0.00       0.00       0.00       0.00       0.00       0.00       0.00       0.00       0.00       0.00       0.00       0.00       0.00       0.00       0.00       0.00       0.00       0.00       0.00       0.00       0.00       0.00       0.00       0.00       0.00       0.00       0.00       0.00       0.00       0.00       0.00       0.00       0.00       0.00       0.00       0.00       0.00       0.00       0.00       0.00       0.00       0.00       0.00       0.00       0.00       0.00       0.00       0.00       0.00       0.00       0.00       0.00       0.00       0.00       0.00       0.00       0.00       0.00       0.00       0.00       0.00       0.00       0.00       0.00       0.00       0.00       0.00       0.00       0.00       0.00       0.00       0.00       0.00       0.00       0.00       0.00       0.00       0.00       0.00       0.00       0.00       0.00       0.00       0.00       0.00       0.00       0.00       0.00       0.00       0.00       0.00       0.00       0.00       0.00     147.00      11.00       0.00       0.00       0.00      22.00       0.00       0.00
17시 06분 53초    4       0.00       0.00       0.00     136.00       0.00       0.00       0.00       0.00       0.00       0.00       0.00       0.00       0.00       0.00       0.00       0.00       0.00       0.00       0.00       0.00       0.00       0.00       0.00       0.00       0.00       0.00       0.00       0.00       0.00       0.00       0.00       0.00       0.00       0.00       0.00       0.00       0.00       0.00       0.00       0.00       0.00       0.00       0.00       0.00       0.00       0.00       0.00       0.00       0.00       0.00       0.00       0.00       0.00       0.00       0.00       0.00       0.00       0.00       0.00       0.00       0.00       0.00       0.00       0.00       0.00       0.00       0.00       0.00       0.00       0.00       0.00       0.00       0.00       0.00       0.00       0.00       0.00       0.00       0.00       0.00       0.00       0.00       0.00       0.00       0.00       0.00       0.00       0.00       0.00       0.00       0.00       0.00       0.00       0.00       0.00       0.00       0.00       0.00       0.00       0.00       0.00       0.00       0.00       0.00       0.00       0.00       0.00       0.00       0.00       0.00       0.00       0.00       0.00       0.00       0.00       0.00       0.00       0.00       0.00       0.00       0.00       0.00       0.00       0.00       0.00       0.00       0.00       0.00       0.00       0.00       0.00       0.00       0.00       0.00       0.00       0.00     149.00       3.00       0.00       0.00       0.00      12.00       0.00       0.00
17시 06분 53초    5       0.00       0.00       0.00     137.00       0.00       0.00       0.00       0.00       0.00       0.00       0.00       0.00       0.00       0.00       0.00       0.00       0.00       0.00       0.00       0.00       0.00       0.00       0.00       0.00       0.00       0.00       0.00       0.00       0.00       0.00       0.00       0.00       0.00       0.00       0.00       0.00       0.00       0.00       0.00       0.00       0.00       0.00       0.00       0.00       0.00       0.00       0.00       0.00       0.00       0.00       0.00       0.00       0.00       0.00       0.00       0.00       0.00       0.00       0.00       0.00       0.00       0.00       0.00       0.00       0.00       0.00       0.00       0.00       0.00       0.00       0.00       0.00       0.00       0.00       0.00       0.00       0.00       0.00       0.00       0.00       0.00       0.00       0.00       0.00       0.00       0.00       0.00       0.00       0.00       0.00       0.00       0.00       0.00       0.00       0.00       0.00       0.00       0.00       0.00       0.00       0.00       0.00       0.00       0.00       0.00       0.00       0.00       0.00       0.00       0.00       0.00       0.00       0.00       0.00       0.00       0.00       0.00       0.00       0.00       0.00       0.00       0.00       0.00       0.00       0.00       0.00       0.00       0.00       0.00       0.00       0.00       0.00       0.00       0.00       0.00       0.00     115.00       2.00       0.00       0.00       0.00       6.00       0.00       0.00

17시 06분 52초  CPU       HI/s    TIMER/s   NET_TX/s   NET_RX/s    BLOCK/s IRQ_POLL/s  TASKLET/s    SCHED/s  HRTIMER/s      RCU/s
17시 06분 53초    0       0.00      26.00      13.00     291.00       0.00       0.00       0.00     107.00       0.00      48.00
17시 06분 53초    1       0.00      24.00       0.00       0.00       0.00       0.00       0.00      65.00       0.00      81.00
17시 06분 53초    2       0.00      11.00       0.00       0.00       0.00       0.00       0.00      60.00       0.00      34.00
17시 06분 53초    3       0.00      23.00       0.00       0.00       0.00       0.00       0.00      67.00       0.00      43.00
17시 06분 53초    4       0.00      16.00       0.00       0.00       0.00       0.00       0.00      51.00       0.00      47.00
17시 06분 53초    5       0.00       8.00       0.00       0.00       0.00       0.00       0.00      50.00       0.00      38.00

17시 06분 53초  CPU    %usr   %nice    %sys %iowait    %irq   %soft  %steal  %guest  %gnice   %idle
17시 06분 54초  all   15.13    0.00    1.34    0.00    0.34    0.00    0.00    0.00    0.00   83.19
17시 06분 54초    0   11.46    0.00    1.04    0.00    1.04    0.00    0.00    0.00    0.00   86.46
17시 06분 54초    1   11.76    0.00    0.98    0.00    0.00    0.00    0.00    0.00    0.00   87.25
17시 06분 54초    2   11.00    0.00    2.00    0.00    0.00    0.00    0.00    0.00    0.00   87.00
17시 06분 54초    3   15.46    0.00    0.00    0.00    0.00    0.00    0.00    0.00    0.00   84.54
17시 06분 54초    4   12.12    0.00    3.03    0.00    1.01    0.00    0.00    0.00    0.00   83.84
17시 06분 54초    5   28.71    0.00    0.99    0.00    0.00    0.00    0.00    0.00    0.00   70.30

17시 06분 53초  CPU    intr/s
17시 06분 54초  all   3228.00
17시 06분 54초    0    569.00
17시 06분 54초    1    156.00
17시 06분 54초    2    113.00
17시 06분 54초    3    130.00
17시 06분 54초    4    131.00
17시 06분 54초    5    123.00

17시 06분 53초  CPU        9/s       11/s       12/s       13/s       18/s       20/s       21/s       22/s       23/s       24/s       25/s       26/s       27/s       28/s       29/s       30/s       31/s       32/s       33/s       34/s       35/s       36/s       37/s       38/s       39/s       40/s       41/s       42/s       43/s       44/s       45/s       46/s       47/s       48/s       49/s       50/s       51/s       52/s       53/s       54/s       55/s       57/s       59/s       61/s       65/s       66/s       67/s       68/s       69/s       70/s       71/s       72/s       73/s       74/s       75/s       76/s       77/s       79/s       80/s       81/s       82/s       83/s       84/s       85/s       86/s       87/s       88/s       89/s       90/s       91/s       92/s       93/s       94/s       95/s       96/s       97/s       98/s      112/s      113/s      114/s      115/s      116/s      117/s      118/s      119/s      120/s      121/s      122/s      123/s      124/s      125/s      126/s      127/s      128/s      129/s      130/s      131/s      132/s      133/s      134/s      135/s      136/s      137/s      138/s      150/s      154/s      162/s      167/s      171/s      224/s      228/s      229/s      230/s      231/s      232/s      233/s      234/s      235/s      236/s      237/s      245/s      246/s      247/s      249/s      250/s      252/s      253/s      262/s      263/s      294/s      296/s      297/s      298/s      299/s      301/s      302/s     IPI0/s     IPI1/s     IPI2/s     IPI3/s     IPI4/s     IPI5/s     IPI6/s      Err/s
17시 06분 54초    0       0.00       0.00       0.00     180.00       0.00       0.00       0.00       0.00       0.00       0.00       0.00       0.00       0.00       0.00       0.00       0.00       0.00       0.00       0.00       0.00       0.00       0.00       0.00       0.00       0.00       0.00       0.00       0.00       0.00       0.00       0.00       0.00       0.00       0.00       0.00       0.00       0.00       0.00       0.00       0.00       0.00       0.00       0.00       0.00       0.00       0.00       0.00       0.00       0.00       0.00       0.00       0.00       0.00       0.00       0.00       0.00       0.00       0.00       0.00       0.00       0.00       0.00       0.00       0.00       0.00       0.00       0.00       0.00       0.00       0.00       0.00       0.00       0.00       0.00       0.00       0.00       0.00      80.00       0.00       3.00       0.00       0.00       0.00       0.00       0.00       0.00       0.00       0.00       0.00       0.00       0.00       0.00       0.00      93.00       0.00       0.00       0.00       0.00       0.00       0.00       0.00       0.00       0.00       0.00       0.00     213.00       0.00       0.00       0.00       0.00       0.00       0.00       0.00       0.00       0.00       0.00       0.00       0.00       0.00       0.00       0.00       0.00       0.00       0.00       0.00       0.00       0.00       0.00       0.00       0.00       0.00       0.00       0.00       0.00     409.00       0.00     241.00      49.00       0.00       0.00       0.00      74.00       0.00       0.00
17시 06분 54초    1       0.00       0.00       0.00     143.00       0.00       0.00       0.00       0.00       0.00       0.00       0.00       0.00       0.00       0.00       0.00       0.00       0.00       0.00       0.00       0.00       0.00       0.00       0.00       0.00       0.00       0.00       0.00       0.00       0.00       0.00       0.00       0.00       0.00       0.00       0.00       0.00       0.00       0.00       0.00       0.00       0.00       0.00       0.00       0.00       0.00       0.00       0.00       0.00       0.00       0.00       0.00       0.00       0.00       0.00       0.00       0.00       0.00       0.00       0.00       0.00       0.00       0.00       0.00       0.00       0.00       0.00       0.00       0.00       0.00       0.00       0.00       0.00       0.00       0.00       0.00       0.00       0.00       0.00       0.00       0.00       0.00       0.00       0.00       0.00       0.00       0.00       0.00       0.00       0.00       0.00       0.00       0.00       0.00       0.00       0.00       0.00       0.00       0.00       0.00       0.00       0.00       0.00       0.00       0.00       0.00       0.00       0.00       0.00       0.00       0.00       0.00       0.00       0.00       0.00       0.00       0.00       0.00       0.00       0.00       0.00       0.00       0.00       0.00       0.00       0.00       0.00       0.00       0.00       0.00       0.00       0.00       0.00       0.00       0.00       0.00       0.00     160.00      46.00       0.00       0.00       0.00      25.00       0.00       0.00
17시 06분 54초    2       0.00       0.00       0.00     162.00       0.00       0.00       0.00       0.00       0.00       0.00       0.00       0.00       0.00       0.00       0.00       0.00       0.00       0.00       0.00       0.00       0.00       0.00       0.00       0.00       0.00       0.00       0.00       0.00       0.00       0.00       0.00       0.00       0.00       0.00       0.00       0.00       0.00       0.00       0.00       0.00       0.00       0.00       0.00       0.00       0.00       0.00       0.00       0.00       0.00       0.00       0.00       0.00       0.00       0.00       0.00       0.00       0.00       0.00       0.00       0.00       0.00       0.00       0.00       0.00       0.00       0.00       0.00       0.00       0.00       0.00       0.00       0.00       0.00       0.00       0.00       0.00       0.00       0.00       0.00       0.00       0.00       0.00       0.00       0.00       0.00       0.00       0.00       0.00       0.00       0.00       0.00       0.00       0.00       0.00       0.00       0.00       0.00       0.00       0.00       0.00       0.00       0.00       0.00       0.00       0.00       0.00       0.00       0.00       0.00       0.00       0.00       0.00       0.00       0.00       0.00       0.00       0.00       0.00       0.00       0.00       0.00       0.00       0.00       0.00       0.00       0.00       0.00       0.00       0.00       0.00       0.00       0.00       0.00       0.00       0.00       0.00     135.00       8.00       0.00       0.00       0.00      26.00       0.00       0.00
17시 06분 54초    3       0.00       0.00       0.00     172.00       0.00       0.00       0.00       0.00       0.00       0.00       0.00       0.00       0.00       0.00       0.00       0.00       0.00       0.00       0.00       0.00       0.00       0.00       0.00       0.00       0.00       0.00       0.00       0.00       0.00       0.00       0.00       0.00       0.00       0.00       0.00       0.00       0.00       0.00       0.00       0.00       0.00       0.00       0.00       0.00       0.00       0.00       0.00       0.00       0.00       0.00       0.00       0.00       0.00       0.00       0.00       0.00       0.00       0.00       0.00       0.00       0.00       0.00       0.00       0.00       0.00       0.00       0.00       0.00       0.00       0.00       0.00       0.00       0.00       0.00       0.00       0.00       0.00       0.00       0.00       0.00       0.00       0.00       0.00       0.00       0.00       0.00       0.00       0.00       0.00       0.00       0.00       0.00       0.00       0.00       0.00       0.00       0.00       0.00       0.00       0.00       0.00       0.00       0.00       0.00       0.00       0.00       0.00       0.00       0.00       0.00       0.00       0.00       0.00       0.00       0.00       0.00       0.00       0.00       0.00       0.00       0.00       0.00       0.00       0.00       0.00       0.00       0.00       0.00       0.00       0.00       0.00       0.00       0.00       0.00       0.00       0.00     131.00       9.00       0.00       0.00       0.00      25.00       0.00       0.00
17시 06분 54초    4       0.00       0.00       0.00     153.00       0.00       0.00       0.00       0.00       0.00       0.00       0.00       0.00       0.00       0.00       0.00       0.00       0.00       0.00       0.00       0.00       0.00       0.00       0.00       0.00       0.00       0.00       0.00       0.00       0.00       0.00       0.00       0.00       0.00       0.00       0.00       0.00       0.00       0.00       0.00       0.00       0.00       0.00       0.00       0.00       0.00       0.00       0.00       0.00       0.00       0.00       0.00       0.00       0.00       0.00       0.00       0.00       0.00       0.00       0.00       0.00       0.00       0.00       0.00       0.00       0.00       0.00       0.00       0.00       0.00       0.00       0.00       0.00       0.00       0.00       0.00       0.00       0.00       0.00       0.00       0.00       0.00       0.00       0.00       0.00       0.00       0.00       0.00       0.00       0.00       0.00       0.00       0.00       0.00       0.00       0.00       0.00       0.00       0.00       0.00       0.00       0.00       0.00       0.00       0.00       0.00       0.00       0.00       0.00       0.00       0.00       0.00       0.00       0.00       0.00       0.00       0.00       0.00       0.00       0.00       0.00       0.00       0.00       0.00       0.00       0.00       0.00       0.00       0.00       0.00       0.00       0.00       0.00       0.00       0.00       0.00       0.00     271.00       2.00       0.00       0.00       0.00      19.00       0.00       0.00
17시 06분 54초    5       0.00       0.00       0.00     171.00       0.00       0.00       0.00       0.00       0.00       0.00       0.00       0.00       0.00       0.00       0.00       0.00       0.00       0.00       0.00       0.00       0.00       0.00       0.00       0.00       0.00       0.00       0.00       0.00       0.00       0.00       0.00       0.00       0.00       0.00       0.00       0.00       0.00       0.00       0.00       0.00       0.00       0.00       0.00       0.00       0.00       0.00       0.00       0.00       0.00       0.00       0.00       0.00       0.00       0.00       0.00       0.00       0.00       0.00       0.00       0.00       0.00       0.00       0.00       0.00       0.00       0.00       0.00       0.00       0.00       0.00       0.00       0.00       0.00       0.00       0.00       0.00       0.00       0.00       0.00       0.00       0.00       0.00       0.00       0.00       0.00       0.00       0.00       0.00       0.00       0.00       0.00       0.00       0.00       0.00       0.00       0.00       0.00       0.00       0.00       0.00       0.00       0.00       0.00       0.00       0.00       0.00       0.00       0.00       0.00       0.00       0.00       0.00       0.00       0.00       0.00       0.00       0.00       0.00       0.00       0.00       0.00       0.00       0.00       0.00       0.00       0.00       0.00       0.00       0.00       0.00       0.00       0.00       0.00       0.00       0.00       0.00     199.00       0.00       0.00       0.00       0.00      31.00       0.00       0.00

17시 06분 53초  CPU       HI/s    TIMER/s   NET_TX/s   NET_RX/s    BLOCK/s IRQ_POLL/s  TASKLET/s    SCHED/s  HRTIMER/s      RCU/s
17시 06분 54초    0       0.00      22.00      18.00     375.00       0.00       0.00       0.00     106.00       0.00      48.00
17시 06분 54초    1       0.00      23.00       0.00       0.00       0.00       0.00       0.00      92.00       0.00      41.00
17시 06분 54초    2       0.00      12.00       0.00       0.00       0.00       0.00       0.00      61.00       0.00      40.00
17시 06분 54초    3       0.00      20.00       0.00       0.00       0.00       0.00       0.00      65.00       0.00      45.00
17시 06분 54초    4       0.00      25.00       0.00       0.00       0.00       0.00       0.00      63.00       0.00      43.00
17시 06분 54초    5       0.00      17.00       0.00       0.00       0.00       0.00       0.00      62.00       0.00      44.00

17시 06분 54초  CPU    %usr   %nice    %sys %iowait    %irq   %soft  %steal  %guest  %gnice   %idle
17시 06분 55초  all   15.08    0.00    1.84    0.00    0.34    0.34    0.00    0.00    0.00   82.41
17시 06분 55초    0   15.69    0.00    1.96    0.00    0.98    0.98    0.00    0.00    0.00   80.39
17시 06분 55초    1   14.29    0.00    1.02    0.00    0.00    1.02    0.00    0.00    0.00   83.67
17시 06분 55초    2    8.91    0.00    1.98    0.00    0.99    0.00    0.00    0.00    0.00   88.12
17시 06분 55초    3   14.29    0.00    2.04    0.00    0.00    0.00    0.00    0.00    0.00   83.67
17시 06분 55초    4   17.17    0.00    2.02    0.00    0.00    0.00    0.00    0.00    0.00   80.81
17시 06분 55초    5   20.20    0.00    2.02    0.00    0.00    0.00    0.00    0.00    0.00   77.78

17시 06분 54초  CPU    intr/s
17시 06분 55초  all   3161.00
17시 06분 55초    0    569.00
17시 06분 55초    1    171.00
17시 06분 55초    2    129.00
17시 06분 55초    3    135.00
17시 06분 55초    4    139.00
17시 06분 55초    5    117.00

17시 06분 54초  CPU        9/s       11/s       12/s       13/s       18/s       20/s       21/s       22/s       23/s       24/s       25/s       26/s       27/s       28/s       29/s       30/s       31/s       32/s       33/s       34/s       35/s       36/s       37/s       38/s       39/s       40/s       41/s       42/s       43/s       44/s       45/s       46/s       47/s       48/s       49/s       50/s       51/s       52/s       53/s       54/s       55/s       57/s       59/s       61/s       65/s       66/s       67/s       68/s       69/s       70/s       71/s       72/s       73/s       74/s       75/s       76/s       77/s       79/s       80/s       81/s       82/s       83/s       84/s       85/s       86/s       87/s       88/s       89/s       90/s       91/s       92/s       93/s       94/s       95/s       96/s       97/s       98/s      112/s      113/s      114/s      115/s      116/s      117/s      118/s      119/s      120/s      121/s      122/s      123/s      124/s      125/s      126/s      127/s      128/s      129/s      130/s      131/s      132/s      133/s      134/s      135/s      136/s      137/s      138/s      150/s      154/s      162/s      167/s      171/s      224/s      228/s      229/s      230/s      231/s      232/s      233/s      234/s      235/s      236/s      237/s      245/s      246/s      247/s      249/s      250/s      252/s      253/s      262/s      263/s      294/s      296/s      297/s      298/s      299/s      301/s      302/s     IPI0/s     IPI1/s     IPI2/s     IPI3/s     IPI4/s     IPI5/s     IPI6/s      Err/s
17시 06분 55초    0       0.00       0.00       0.00     196.00       0.00       0.00       0.00       0.00       0.00       0.00       0.00       0.00       0.00       0.00       0.00       0.00       0.00       0.00       0.00       0.00       0.00       0.00       0.00       0.00       0.00       0.00       0.00       0.00       0.00       0.00       0.00       0.00       0.00       0.00       0.00       0.00       0.00       0.00       0.00       0.00       0.00       0.00       0.00       0.00       0.00       0.00       0.00       0.00       0.00       0.00       0.00       0.00       0.00       0.00       0.00       0.00       0.00       0.00       0.00       0.00       0.00       0.00       0.00       0.00       0.00       0.00       0.00       0.00       0.00       0.00       0.00       0.00       0.00       0.00       0.00       0.00       0.00       2.00       0.00       2.00       0.00       0.00       0.00       0.00       0.00       0.00       0.00       0.00       0.00       0.00       0.00       0.00       0.00      86.00       0.00       0.00       0.00       0.00       0.00       0.00       0.00       0.00       0.00       0.00       0.00     209.00       0.00       0.00       0.00       0.00       0.00       0.00       0.00       0.00       0.00       0.00       0.00       0.00       0.00       0.00       0.00       0.00       0.00       0.00       0.00       0.00       0.00       0.00       0.00       0.00       0.00       0.00       0.00       0.00     408.00       0.00     221.00      46.00       0.00       0.00       0.00      70.00       0.00       0.00
17시 06분 55초    1       0.00       0.00       0.00     153.00       0.00       0.00       0.00       0.00       0.00       0.00       0.00       0.00       0.00       0.00       0.00       0.00       0.00       0.00       0.00       0.00       0.00       0.00       0.00       0.00       0.00       0.00       0.00       0.00       0.00       0.00       0.00       0.00       0.00       0.00       0.00       0.00       0.00       0.00       0.00       0.00       0.00       0.00       0.00       0.00       0.00       0.00       0.00       0.00       0.00       0.00       0.00       0.00       0.00       0.00       0.00       0.00       0.00       0.00       0.00       0.00       0.00       0.00       0.00       0.00       0.00       0.00       0.00       0.00       0.00       0.00       0.00       0.00       0.00       0.00       0.00       0.00       0.00       0.00       0.00       0.00       0.00       0.00       0.00       0.00       0.00       0.00       0.00       0.00       0.00       0.00       0.00       0.00       0.00       0.00       0.00       0.00       0.00       0.00       0.00       0.00       0.00       0.00       0.00       0.00       0.00       0.00       0.00       0.00       0.00       0.00       0.00       0.00       0.00       0.00       0.00       0.00       0.00       0.00       0.00       0.00       0.00       0.00       0.00       0.00       0.00       0.00       0.00       0.00       0.00       0.00       0.00       0.00       0.00       0.00       0.00       0.00     169.00      45.00       0.00       0.00       0.00      34.00       0.00       0.00
17시 06분 55초    2       0.00       0.00       0.00     155.00       0.00       0.00       0.00       0.00       0.00       0.00       0.00       0.00       0.00       0.00       0.00       0.00       0.00       0.00       0.00       0.00       0.00       0.00       0.00       0.00       0.00       0.00       0.00       0.00       0.00       0.00       0.00       0.00       0.00       0.00       0.00       0.00       0.00       0.00       0.00       0.00       0.00       0.00       0.00       0.00       0.00       0.00       0.00       0.00       0.00       0.00       0.00       0.00       0.00       0.00       0.00       0.00       0.00       0.00       0.00       0.00       0.00       0.00       0.00       0.00       0.00       0.00       0.00       0.00       0.00       0.00       0.00       0.00       0.00       0.00       0.00       0.00       0.00       0.00       0.00       0.00       0.00       0.00       0.00       0.00       0.00       0.00       0.00       0.00       0.00       0.00       0.00       0.00       0.00       0.00       0.00       0.00       0.00       0.00       0.00       0.00       0.00       0.00       0.00       0.00       0.00       0.00       0.00       0.00       0.00       0.00       0.00       0.00       0.00       0.00       0.00       0.00       0.00       0.00       0.00       0.00       0.00       0.00       0.00       0.00       0.00       0.00       0.00       0.00       0.00       0.00       0.00       0.00       0.00       0.00       0.00       0.00     136.00      17.00       0.00       0.00       0.00      22.00       0.00       0.00
17시 06분 55초    3       0.00       0.00       0.00     161.00       0.00       0.00       0.00       0.00       0.00       0.00       0.00       0.00       0.00       0.00       0.00       0.00       0.00       0.00       0.00       0.00       0.00       0.00       0.00       0.00       0.00       0.00       0.00       0.00       0.00       0.00       0.00       0.00       0.00       0.00       0.00       0.00       0.00       0.00       0.00       0.00       0.00       0.00       0.00       0.00       0.00       0.00       0.00       0.00       0.00       0.00       0.00       0.00       0.00       0.00       0.00       0.00       0.00       0.00       0.00       0.00       0.00       0.00       0.00       0.00       0.00       0.00       0.00       0.00       0.00       0.00       0.00       0.00       0.00       0.00       0.00       0.00       0.00       0.00       0.00       0.00       0.00       0.00       0.00       0.00       0.00       0.00       0.00       0.00       0.00       0.00       0.00       0.00       0.00       0.00       0.00       0.00       0.00       0.00       0.00       0.00       0.00       0.00       0.00       0.00       0.00       0.00       0.00       0.00       0.00       0.00       0.00       0.00       0.00       0.00       0.00       0.00       0.00       0.00       0.00       0.00       0.00       0.00       0.00       0.00       0.00       0.00       0.00       0.00       0.00       0.00       0.00       0.00       0.00       0.00       0.00       0.00     185.00      12.00       0.00       0.00       0.00      22.00       0.00       0.00
17시 06분 55초    4       0.00       0.00       0.00     186.00       0.00       0.00       0.00       0.00       0.00       0.00       0.00       0.00       0.00       0.00       0.00       0.00       0.00       0.00       0.00       0.00       0.00       0.00       0.00       0.00       0.00       0.00       0.00       0.00       0.00       0.00       0.00       0.00       0.00       0.00       0.00       0.00       0.00       0.00       0.00       0.00       0.00       0.00       0.00       0.00       0.00       0.00       0.00       0.00       0.00       0.00       0.00       0.00       0.00       0.00       0.00       0.00       0.00       0.00       0.00       0.00       0.00       0.00       0.00       0.00       0.00       0.00       0.00       0.00       0.00       0.00       0.00       0.00       0.00       0.00       0.00       0.00       0.00       0.00       0.00       0.00       0.00       0.00       0.00       0.00       0.00       0.00       0.00       0.00       0.00       0.00       0.00       0.00       0.00       0.00       0.00       0.00       0.00       0.00       0.00       0.00       0.00       0.00       0.00       0.00       0.00       0.00       0.00       0.00       0.00       0.00       0.00       0.00       0.00       0.00       0.00       0.00       0.00       0.00       0.00       0.00       0.00       0.00       0.00       0.00       0.00       0.00       0.00       0.00       0.00       0.00       0.00       0.00       0.00       0.00       0.00       0.00     217.00       2.00       0.00       0.00       0.00      29.00       0.00       0.00
17시 06분 55초    5       0.00       0.00       0.00     198.00       0.00       0.00       0.00       0.00       0.00       0.00       0.00       0.00       0.00       0.00       0.00       0.00       0.00       0.00       0.00       0.00       0.00       0.00       0.00       0.00       0.00       0.00       0.00       0.00       0.00       0.00       0.00       0.00       0.00       0.00       0.00       0.00       0.00       0.00       0.00       0.00       0.00       0.00       0.00       0.00       0.00       0.00       0.00       0.00       0.00       0.00       0.00       0.00       0.00       0.00       0.00       0.00       0.00       0.00       0.00       0.00       0.00       0.00       0.00       0.00       0.00       0.00       0.00       0.00       0.00       0.00       0.00       0.00       0.00       0.00       0.00       0.00       0.00       0.00       0.00       0.00       0.00       0.00       0.00       0.00       0.00       0.00       0.00       0.00       0.00       0.00       0.00       0.00       0.00       0.00       0.00       0.00       0.00       0.00       0.00       0.00       0.00       0.00       0.00       0.00       0.00       0.00       0.00       0.00       0.00       0.00       0.00       0.00       0.00       0.00       0.00       0.00       0.00       0.00       0.00       0.00       0.00       0.00       0.00       0.00       0.00       0.00       0.00       0.00       0.00       0.00       0.00       0.00       0.00       0.00       0.00       0.00     153.00       2.00       0.00       0.00       0.00      21.00       0.00       0.00

17시 06분 54초  CPU       HI/s    TIMER/s   NET_TX/s   NET_RX/s    BLOCK/s IRQ_POLL/s  TASKLET/s    SCHED/s  HRTIMER/s      RCU/s
17시 06분 55초    0       0.00      18.00      17.00     374.00       0.00       0.00       0.00     106.00       0.00      54.00
17시 06분 55초    1       0.00      27.00       0.00       0.00       0.00       0.00       0.00      92.00       0.00      52.00
17시 06분 55초    2       0.00      13.00       0.00       0.00       0.00       0.00       0.00      69.00       0.00      47.00
17시 06분 55초    3       0.00      29.00       0.00       0.00       0.00       0.00       0.00      63.00       0.00      43.00
17시 06분 55초    4       0.00      16.00       0.00       0.00       0.00       0.00       0.00      73.00       0.00      50.00
17시 06분 55초    5       0.00      12.00       0.00       0.00       0.00       0.00       0.00      61.00       0.00      44.00

17시 06분 55초  CPU    %usr   %nice    %sys %iowait    %irq   %soft  %steal  %guest  %gnice   %idle
17시 06분 56초  all   15.77    0.00    4.53    0.50    0.17    0.17    0.00    0.00    0.00   78.86
17시 06분 56초    0   19.61    0.00    1.96    1.96    0.98    0.00    0.00    0.00    0.00   75.49
17시 06분 56초    1   13.27    0.00    3.06    0.00    0.00    0.00    0.00    0.00    0.00   83.67
17시 06분 56초    2   22.77    0.00    1.98    0.00    0.00    0.00    0.00    0.00    0.00   75.25
17시 06분 56초    3   13.54    0.00    1.04    0.00    0.00    0.00    0.00    0.00    0.00   85.42
17시 06분 56초    4   14.14    0.00    4.04    0.00    0.00    0.00    0.00    0.00    0.00   81.82
17시 06분 56초    5   11.00    0.00   15.00    1.00    0.00    1.00    0.00    0.00    0.00   72.00

17시 06분 55초  CPU    intr/s
17시 06분 56초  all   4323.00
17시 06분 56초    0    657.00
17시 06분 56초    1    195.00
17시 06분 56초    2    155.00
17시 06분 56초    3    149.00
17시 06분 56초    4    145.00
17시 06분 56초    5    236.00

17시 06분 55초  CPU        9/s       11/s       12/s       13/s       18/s       20/s       21/s       22/s       23/s       24/s       25/s       26/s       27/s       28/s       29/s       30/s       31/s       32/s       33/s       34/s       35/s       36/s       37/s       38/s       39/s       40/s       41/s       42/s       43/s       44/s       45/s       46/s       47/s       48/s       49/s       50/s       51/s       52/s       53/s       54/s       55/s       57/s       59/s       61/s       65/s       66/s       67/s       68/s       69/s       70/s       71/s       72/s       73/s       74/s       75/s       76/s       77/s       79/s       80/s       81/s       82/s       83/s       84/s       85/s       86/s       87/s       88/s       89/s       90/s       91/s       92/s       93/s       94/s       95/s       96/s       97/s       98/s      112/s      113/s      114/s      115/s      116/s      117/s      118/s      119/s      120/s      121/s      122/s      123/s      124/s      125/s      126/s      127/s      128/s      129/s      130/s      131/s      132/s      133/s      134/s      135/s      136/s      137/s      138/s      150/s      154/s      162/s      167/s      171/s      224/s      228/s      229/s      230/s      231/s      232/s      233/s      234/s      235/s      236/s      237/s      245/s      246/s      247/s      249/s      250/s      252/s      253/s      262/s      263/s      294/s      296/s      297/s      298/s      299/s      301/s      302/s     IPI0/s     IPI1/s     IPI2/s     IPI3/s     IPI4/s     IPI5/s     IPI6/s      Err/s
17시 06분 56초    0       0.00       0.00       0.00     201.00       0.00       0.00       0.00       0.00       0.00       0.00       0.00       0.00       0.00       0.00       0.00       0.00       0.00       0.00       0.00       0.00       0.00       0.00       0.00       0.00       0.00       0.00       0.00       0.00       0.00       0.00       0.00       0.00       0.00       0.00       0.00       0.00       0.00       0.00       0.00       0.00       0.00       0.00       0.00       0.00       0.00       0.00     134.00       0.00       0.00       0.00       0.00       0.00       0.00       0.00       0.00       0.00       0.00       0.00       0.00       0.00       0.00       0.00       0.00       0.00       0.00       0.00       0.00       0.00       0.00       0.00       0.00       0.00       0.00       0.00       0.00       0.00       0.00       0.00       0.00       1.00       0.00       0.00       0.00       0.00       0.00       0.00       0.00       0.00       0.00       0.00       0.00       0.00       0.00      89.00       0.00       0.00       0.00       0.00       0.00       0.00       0.00       0.00       0.00       0.00       0.00     230.00       0.00       0.00       0.00       0.00       0.00       0.00       0.00       0.00       0.00       0.00       0.00       0.00       0.00       0.00       0.00       0.00       0.00       0.00       0.00       0.00       0.00       0.00       0.00       0.00       0.00       0.00       0.00       0.00     457.00       0.00     295.00      59.00       0.00       0.00       0.00      69.00       0.00       0.00
17시 06분 56초    1       0.00       0.00       0.00     161.00       0.00       0.00       0.00       0.00       0.00       0.00       0.00       0.00       0.00       0.00       0.00       0.00       0.00       0.00       0.00       0.00       0.00       0.00       0.00       0.00       0.00       0.00       0.00       0.00       0.00       0.00       0.00       0.00       0.00       0.00       0.00       0.00       0.00       0.00       0.00       0.00       0.00       0.00       0.00       0.00       0.00       0.00       0.00       0.00       0.00       0.00       0.00       0.00       0.00       0.00       0.00       0.00       0.00       0.00       0.00       0.00       0.00       0.00       0.00       0.00       0.00       0.00       0.00       0.00       0.00       0.00       0.00       0.00       0.00       0.00       0.00       0.00       0.00       0.00       0.00       0.00       0.00       0.00       0.00       0.00       0.00       0.00       0.00       0.00       0.00       0.00       0.00       0.00       0.00       0.00       0.00       0.00       0.00       0.00       0.00       0.00       0.00       0.00       0.00       0.00       0.00       0.00       0.00       0.00       0.00       0.00       0.00       0.00       0.00       0.00       0.00       0.00       0.00       0.00       0.00       0.00       0.00       0.00       0.00       0.00       0.00       0.00       0.00       0.00       0.00       0.00       0.00       0.00       0.00       0.00       0.00       0.00     305.00      55.00       0.00       0.00       0.00      28.00       0.00       0.00
17시 06분 56초    2       0.00       0.00       0.00     165.00       0.00       0.00       0.00       0.00       0.00       0.00       0.00       0.00       0.00       0.00       0.00       0.00       0.00       0.00       0.00       0.00       0.00       0.00       0.00       0.00       0.00       0.00       0.00       0.00       0.00       0.00       0.00       0.00       0.00       0.00       0.00       0.00       0.00       0.00       0.00       0.00       0.00       0.00       0.00       0.00       0.00       0.00       0.00       0.00       0.00       0.00       0.00       0.00       0.00       0.00       0.00       0.00       0.00       0.00       0.00       0.00       0.00       0.00       0.00       0.00       0.00       0.00       0.00       0.00       0.00       0.00       0.00       0.00       0.00       0.00       0.00       0.00       0.00       0.00       0.00       0.00       0.00       0.00       0.00       0.00       0.00       0.00       0.00       0.00       0.00       0.00       0.00       0.00       0.00       0.00       0.00       0.00       0.00       0.00       0.00       0.00       0.00       0.00       0.00       0.00       0.00       0.00       0.00       0.00       0.00       0.00       0.00       0.00       0.00       0.00       0.00       0.00       0.00       0.00       0.00       0.00       0.00       0.00       0.00       0.00       0.00       0.00       0.00       0.00       0.00       0.00       0.00       0.00       0.00       0.00       0.00       0.00     207.00      17.00       0.00       0.00       0.00      41.00       0.00       0.00
17시 06분 56초    3       0.00       0.00       0.00     187.00       0.00       0.00       0.00       0.00       0.00       0.00       0.00       0.00       0.00       0.00       0.00       0.00       0.00       0.00       0.00       0.00       0.00       0.00       0.00       0.00       0.00       0.00       0.00       0.00       0.00       0.00       0.00       0.00       0.00       0.00       0.00       0.00       0.00       0.00       0.00       0.00       0.00       0.00       0.00       0.00       0.00       0.00       0.00       0.00       0.00       0.00       0.00       0.00       0.00       0.00       0.00       0.00       0.00       0.00       0.00       0.00       0.00       0.00       0.00       0.00       0.00       0.00       0.00       0.00       0.00       0.00       0.00       0.00       0.00       0.00       0.00       0.00       0.00       0.00       0.00       0.00       0.00       0.00       0.00       0.00       0.00       0.00       0.00       0.00       0.00       0.00       0.00       0.00       0.00       0.00       0.00       0.00       0.00       0.00       0.00       0.00       0.00       0.00       0.00       0.00       0.00       0.00       0.00       0.00       0.00       0.00       0.00       0.00       0.00       0.00       0.00       0.00       0.00       0.00       0.00       0.00       0.00       0.00       0.00       0.00       0.00       0.00       0.00       0.00       0.00       0.00       0.00       0.00       0.00       0.00       0.00       0.00     295.00      18.00       0.00       0.00       0.00      31.00       0.00       0.00
17시 06분 56초    4       0.00       0.00       0.00     188.00       0.00       0.00       0.00       0.00       0.00       0.00       0.00       0.00       0.00       0.00       0.00       0.00       0.00       0.00       0.00       0.00       0.00       0.00       0.00       0.00       0.00       0.00       0.00       0.00       0.00       0.00       0.00       0.00       0.00       0.00       0.00       0.00       0.00       0.00       0.00       0.00       0.00       0.00       0.00       0.00       0.00       0.00       0.00       0.00       0.00       0.00       0.00       0.00       0.00       0.00       0.00       0.00       0.00       0.00       0.00       0.00       0.00       0.00       0.00       0.00       0.00       0.00       0.00       0.00       0.00       0.00       0.00       0.00       0.00       0.00       0.00       0.00       0.00       0.00       0.00       0.00       0.00       0.00       0.00       0.00       0.00       0.00       0.00       0.00       0.00       0.00       0.00       0.00       0.00       0.00       0.00       0.00       0.00       0.00       0.00       0.00       0.00       0.00       0.00       0.00       0.00       0.00       0.00       0.00       0.00       0.00       0.00       0.00       0.00       0.00       0.00       0.00       0.00       0.00       0.00       0.00       0.00       0.00       0.00       0.00       0.00       0.00       0.00       0.00       0.00       0.00       0.00       0.00       0.00       0.00       0.00       0.00     388.00      10.00       0.00       0.00       0.00      15.00       0.00       0.00
17시 06분 56초    5       0.00       0.00       0.00     252.00       0.00       0.00       0.00       0.00       0.00       0.00       0.00       0.00       0.00       0.00       0.00       0.00       0.00       0.00       0.00       0.00       0.00       0.00       0.00       0.00       0.00       0.00       0.00       0.00       0.00       0.00       0.00       0.00       0.00       0.00       0.00       0.00       0.00       0.00       0.00       0.00       0.00       0.00       0.00       0.00       0.00       0.00       0.00       0.00       0.00       0.00       0.00       0.00       0.00       0.00       0.00       0.00       0.00       0.00       0.00       0.00       0.00       0.00       0.00       0.00       0.00       0.00       0.00       0.00       0.00       0.00       0.00       0.00       0.00       0.00       0.00       0.00       0.00       0.00       0.00       0.00       0.00       0.00       0.00       0.00       0.00       0.00       0.00       0.00       0.00       0.00       0.00       0.00       0.00       0.00       0.00       0.00       0.00       0.00       0.00       0.00       0.00       0.00       0.00       0.00       0.00       0.00       0.00       0.00       0.00       0.00       0.00       0.00       0.00       0.00       0.00       0.00       0.00       0.00       0.00       0.00       0.00       0.00       0.00       0.00       0.00       0.00       0.00       0.00       0.00       0.00       0.00       0.00       0.00       0.00       0.00       0.00     397.00       7.00       0.00       0.00       0.00      22.00       0.00       0.00

17시 06분 55초  CPU       HI/s    TIMER/s   NET_TX/s   NET_RX/s    BLOCK/s IRQ_POLL/s  TASKLET/s    SCHED/s  HRTIMER/s      RCU/s
17시 06분 56초    0       0.00      21.00      19.00     420.00       2.00       0.00       0.00     120.00       1.00      74.00
17시 06분 56초    1       0.00      37.00       0.00       0.00       0.00       0.00       0.00     107.00       0.00      51.00
17시 06분 56초    2       0.00      23.00       0.00       0.00       0.00       0.00       0.00      75.00       0.00      57.00
17시 06분 56초    3       0.00      15.00       0.00       0.00       0.00       0.00       0.00      77.00       0.00      57.00
17시 06분 56초    4       0.00      20.00       0.00       0.00       0.00       0.00       0.00      75.00       0.00      50.00
17시 06분 56초    5       0.00      13.00       0.00       0.00       0.00       0.00       0.00      90.00       0.00     133.00

17시 06분 56초  CPU    %usr   %nice    %sys %iowait    %irq   %soft  %steal  %guest  %gnice   %idle
17시 06분 57초  all   15.95    0.00    1.83    0.00    0.17    0.33    0.00    0.00    0.00   81.73
17시 06분 57초    0   14.14    0.00    2.02    0.00    0.00    1.01    0.00    0.00    0.00   82.83
17시 06분 57초    1    9.00    0.00    2.00    0.00    0.00    0.00    0.00    0.00    0.00   89.00
17시 06분 57초    2   31.00    0.00    1.00    0.00    0.00    0.00    0.00    0.00    0.00   68.00
17시 06분 57초    3   16.00    0.00    1.00    0.00    0.00    0.00    0.00    0.00    0.00   83.00
17시 06분 57초    4    7.84    0.00    3.92    0.00    0.00    0.98    0.00    0.00    0.00   87.25
17시 06분 57초    5   17.82    0.00    0.99    0.00    0.99    0.00    0.00    0.00    0.00   80.20

17시 06분 56초  CPU    intr/s
17시 06분 57초  all   3114.00
17시 06분 57초    0    593.00
17시 06분 57초    1    154.00
17시 06분 57초    2    139.00
17시 06분 57초    3    125.00
17시 06분 57초    4    131.00
17시 06분 57초    5    138.00

17시 06분 56초  CPU        9/s       11/s       12/s       13/s       18/s       20/s       21/s       22/s       23/s       24/s       25/s       26/s       27/s       28/s       29/s       30/s       31/s       32/s       33/s       34/s       35/s       36/s       37/s       38/s       39/s       40/s       41/s       42/s       43/s       44/s       45/s       46/s       47/s       48/s       49/s       50/s       51/s       52/s       53/s       54/s       55/s       57/s       59/s       61/s       65/s       66/s       67/s       68/s       69/s       70/s       71/s       72/s       73/s       74/s       75/s       76/s       77/s       79/s       80/s       81/s       82/s       83/s       84/s       85/s       86/s       87/s       88/s       89/s       90/s       91/s       92/s       93/s       94/s       95/s       96/s       97/s       98/s      112/s      113/s      114/s      115/s      116/s      117/s      118/s      119/s      120/s      121/s      122/s      123/s      124/s      125/s      126/s      127/s      128/s      129/s      130/s      131/s      132/s      133/s      134/s      135/s      136/s      137/s      138/s      150/s      154/s      162/s      167/s      171/s      224/s      228/s      229/s      230/s      231/s      232/s      233/s      234/s      235/s      236/s      237/s      245/s      246/s      247/s      249/s      250/s      252/s      253/s      262/s      263/s      294/s      296/s      297/s      298/s      299/s      301/s      302/s     IPI0/s     IPI1/s     IPI2/s     IPI3/s     IPI4/s     IPI5/s     IPI6/s      Err/s
17시 06분 57초    0       0.00       0.00       0.00     173.00       0.00       0.00       0.00       0.00       0.00       0.00       0.00       0.00       0.00       0.00       0.00       0.00       0.00       0.00       0.00       0.00       0.00       0.00       0.00       0.00       0.00       0.00       0.00       0.00       0.00       0.00       0.00       0.00       0.00       0.00       0.00       0.00       0.00       0.00       0.00       0.00       0.00       0.00       0.00       0.00       0.00       0.00       0.00       0.00       0.00       0.00       0.00       0.00       0.00       0.00       0.00       0.00       0.00       0.00       0.00       0.00       0.00       0.00       0.00       0.00       0.00       0.00       0.00       0.00       0.00       0.00       0.00       0.00       0.00       0.00       0.00       0.00       0.00       0.00       0.00       0.00       0.00       0.00       0.00       0.00       0.00       0.00       0.00       0.00       0.00       0.00       0.00       0.00       0.00      94.00       0.00       0.00       0.00       0.00       0.00       0.00       0.00       0.00       0.00       0.00       0.00     184.00       0.00       0.00       0.00       0.00       0.00       0.00       0.00       0.00       0.00       0.00       0.00       0.00       0.00       0.00       0.00       0.00       0.00       0.00       0.00       0.00       0.00       0.00       0.00       0.00       0.00       0.00       0.00       0.00     422.00       0.00     209.00      69.00       0.00       0.00       0.00      73.00       0.00       0.00
17시 06분 57초    1       0.00       0.00       0.00     138.00       0.00       0.00       0.00       0.00       0.00       0.00       0.00       0.00       0.00       0.00       0.00       0.00       0.00       0.00       0.00       0.00       0.00       0.00       0.00       0.00       0.00       0.00       0.00       0.00       0.00       0.00       0.00       0.00       0.00       0.00       0.00       0.00       0.00       0.00       0.00       0.00       0.00       0.00       0.00       0.00       0.00       0.00       0.00       0.00       0.00       0.00       0.00       0.00       0.00       0.00       0.00       0.00       0.00       0.00       0.00       0.00       0.00       0.00       0.00       0.00       0.00       0.00       0.00       0.00       0.00       0.00       0.00       0.00       0.00       0.00       0.00       0.00       0.00       0.00       0.00       0.00       0.00       0.00       0.00       0.00       0.00       0.00       0.00       0.00       0.00       0.00       0.00       0.00       0.00       0.00       0.00       0.00       0.00       0.00       0.00       0.00       0.00       0.00       0.00       0.00       0.00       0.00       0.00       0.00       0.00       0.00       0.00       0.00       0.00       0.00       0.00       0.00       0.00       0.00       0.00       0.00       0.00       0.00       0.00       0.00       0.00       0.00       0.00       0.00       0.00       0.00       0.00       0.00       0.00       0.00       0.00       0.00     197.00      35.00       0.00       0.00       0.00      26.00       0.00       0.00
17시 06분 57초    2       0.00       0.00       0.00     193.00       0.00       0.00       0.00       0.00       0.00       0.00       0.00       0.00       0.00       0.00       0.00       0.00       0.00       0.00       0.00       0.00       0.00       0.00       0.00       0.00       0.00       0.00       0.00       0.00       0.00       0.00       0.00       0.00       0.00       0.00       0.00       0.00       0.00       0.00       0.00       0.00       0.00       0.00       0.00       0.00       0.00       0.00       0.00       0.00       0.00       0.00       0.00       0.00       0.00       0.00       0.00       0.00       0.00       0.00       0.00       0.00       0.00       0.00       0.00       0.00       0.00       0.00       0.00       0.00       0.00       0.00       0.00       0.00       0.00       0.00       0.00       0.00       0.00       0.00       0.00       0.00       0.00       0.00       0.00       0.00       0.00       0.00       0.00       0.00       0.00       0.00       0.00       0.00       0.00       0.00       0.00       0.00       0.00       0.00       0.00       0.00       0.00       0.00       0.00       0.00       0.00       0.00       0.00       0.00       0.00       0.00       0.00       0.00       0.00       0.00       0.00       0.00       0.00       0.00       0.00       0.00       0.00       0.00       0.00       0.00       0.00       0.00       0.00       0.00       0.00       0.00       0.00       0.00       0.00       0.00       0.00       0.00     128.00      15.00       0.00       0.00       0.00      49.00       0.00       0.00
17시 06분 57초    3       0.00       0.00       0.00     171.00       0.00       0.00       0.00       0.00       0.00       0.00       0.00       0.00       0.00       0.00       0.00       0.00       0.00       0.00       0.00       0.00       0.00       0.00       0.00       0.00       0.00       0.00       0.00       0.00       0.00       0.00       0.00       0.00       0.00       0.00       0.00       0.00       0.00       0.00       0.00       0.00       0.00       0.00       0.00       0.00       0.00       0.00       0.00       0.00       0.00       0.00       0.00       0.00       0.00       0.00       0.00       0.00       0.00       0.00       0.00       0.00       0.00       0.00       0.00       0.00       0.00       0.00       0.00       0.00       0.00       0.00       0.00       0.00       0.00       0.00       0.00       0.00       0.00       0.00       0.00       0.00       0.00       0.00       0.00       0.00       0.00       0.00       0.00       0.00       0.00       0.00       0.00       0.00       0.00       0.00       0.00       0.00       0.00       0.00       0.00       0.00       0.00       0.00       0.00       0.00       0.00       0.00       0.00       0.00       0.00       0.00       0.00       0.00       0.00       0.00       0.00       0.00       0.00       0.00       0.00       0.00       0.00       0.00       0.00       0.00       0.00       0.00       0.00       0.00       0.00       0.00       0.00       0.00       0.00       0.00       0.00       0.00     171.00      16.00       0.00       0.00       0.00      32.00       0.00       0.00
17시 06분 57초    4       0.00       0.00       0.00     174.00       0.00       0.00       0.00       0.00       0.00       0.00       0.00       0.00       0.00       0.00       0.00       0.00       0.00       0.00       0.00       0.00       0.00       0.00       0.00       0.00       0.00       0.00       0.00       0.00       0.00       0.00       0.00       0.00       0.00       0.00       0.00       0.00       0.00       0.00       0.00       0.00       0.00       0.00       0.00       0.00       0.00       0.00       0.00       0.00       0.00       0.00       0.00       0.00       0.00       0.00       0.00       0.00       0.00       0.00       0.00       0.00       0.00       0.00       0.00       0.00       0.00       0.00       0.00       0.00       0.00       0.00       0.00       0.00       0.00       0.00       0.00       0.00       0.00       0.00       0.00       0.00       0.00       0.00       0.00       0.00       0.00       0.00       0.00       0.00       0.00       0.00       0.00       0.00       0.00       0.00       0.00       0.00       0.00       0.00       0.00       0.00       0.00       0.00       0.00       0.00       0.00       0.00       0.00       0.00       0.00       0.00       0.00       0.00       0.00       0.00       0.00       0.00       0.00       0.00       0.00       0.00       0.00       0.00       0.00       0.00       0.00       0.00       0.00       0.00       0.00       0.00       0.00       0.00       0.00       0.00       0.00       0.00     175.00       5.00       0.00       0.00       0.00       3.00       0.00       0.00
17시 06분 57초    5       0.00       0.00       0.00     183.00       0.00       0.00       0.00       0.00       0.00       0.00       0.00       0.00       0.00       0.00       0.00       0.00       0.00       0.00       0.00       0.00       0.00       0.00       0.00       0.00       0.00       0.00       0.00       0.00       0.00       0.00       0.00       0.00       0.00       0.00       0.00       0.00       0.00       0.00       0.00       0.00       0.00       0.00       0.00       0.00       0.00       0.00       0.00       0.00       0.00       0.00       0.00       0.00       0.00       0.00       0.00       0.00       0.00       0.00       0.00       0.00       0.00       0.00       0.00       0.00       0.00       0.00       0.00       0.00       0.00       0.00       0.00       0.00       0.00       0.00       0.00       0.00       0.00       0.00       0.00       0.00       0.00       0.00       0.00       0.00       0.00       0.00       0.00       0.00       0.00       0.00       0.00       0.00       0.00       0.00       0.00       0.00       0.00       0.00       0.00       0.00       0.00       0.00       0.00       0.00       0.00       0.00       0.00       0.00       0.00       0.00       0.00       0.00       0.00       0.00       0.00       0.00       0.00       0.00       0.00       0.00       0.00       0.00       0.00       0.00       0.00       0.00       0.00       0.00       0.00       0.00       0.00       0.00       0.00       0.00       0.00       0.00     173.00       5.00       0.00       0.00       0.00       1.00       0.00       0.00

17시 06분 56초  CPU       HI/s    TIMER/s   NET_TX/s   NET_RX/s    BLOCK/s IRQ_POLL/s  TASKLET/s    SCHED/s  HRTIMER/s      RCU/s
17시 06분 57초    0       0.00      16.00      17.00     387.00       0.00       0.00       0.00     121.00       0.00      52.00
17시 06분 57초    1       0.00      37.00       0.00       0.00       0.00       0.00       0.00      75.00       0.00      42.00
17시 06분 57초    2       0.00      16.00       0.00       0.00       0.00       0.00       0.00      73.00       0.00      50.00
17시 06분 57초    3       0.00      20.00       0.00       0.00       0.00       0.00       0.00      59.00       0.00      46.00
17시 06분 57초    4       0.00       8.00       0.00       0.00       0.00       0.00       0.00      68.00       0.00      55.00
17시 06분 57초    5       0.00      11.00       0.00       0.00       0.00       0.00       0.00      77.00       0.00      50.00

17시 06분 57초  CPU    %usr   %nice    %sys %iowait    %irq   %soft  %steal  %guest  %gnice   %idle
17시 06분 58초  all   15.78    0.00    1.99    0.00    0.50    0.17    0.00    0.00    0.00   81.56
17시 06분 58초    0   25.74    0.00    1.98    0.00    0.99    0.00    0.00    0.00    0.00   71.29
17시 06분 58초    1   15.31    0.00    2.04    0.00    1.02    0.00    0.00    0.00    0.00   81.63
17시 06분 58초    2   17.82    0.00    0.99    0.00    0.00    0.99    0.00    0.00    0.00   80.20
17시 06분 58초    3   19.00    0.00    1.00    0.00    1.00    0.00    0.00    0.00    0.00   79.00
17시 06분 58초    4    8.91    0.00    3.96    0.00    0.00    0.00    0.00    0.00    0.00   87.13
17시 06분 58초    5    7.92    0.00    1.98    0.00    0.00    0.00    0.00    0.00    0.00   90.10

17시 06분 57초  CPU    intr/s
17시 06분 58초  all   2980.00
17시 06분 58초    0    573.00
17시 06분 58초    1    171.00
17시 06분 58초    2    149.00
17시 06분 58초    3    140.00
17시 06분 58초    4    139.00
17시 06분 58초    5    100.00

17시 06분 57초  CPU        9/s       11/s       12/s       13/s       18/s       20/s       21/s       22/s       23/s       24/s       25/s       26/s       27/s       28/s       29/s       30/s       31/s       32/s       33/s       34/s       35/s       36/s       37/s       38/s       39/s       40/s       41/s       42/s       43/s       44/s       45/s       46/s       47/s       48/s       49/s       50/s       51/s       52/s       53/s       54/s       55/s       57/s       59/s       61/s       65/s       66/s       67/s       68/s       69/s       70/s       71/s       72/s       73/s       74/s       75/s       76/s       77/s       79/s       80/s       81/s       82/s       83/s       84/s       85/s       86/s       87/s       88/s       89/s       90/s       91/s       92/s       93/s       94/s       95/s       96/s       97/s       98/s      112/s      113/s      114/s      115/s      116/s      117/s      118/s      119/s      120/s      121/s      122/s      123/s      124/s      125/s      126/s      127/s      128/s      129/s      130/s      131/s      132/s      133/s      134/s      135/s      136/s      137/s      138/s      150/s      154/s      162/s      167/s      171/s      224/s      228/s      229/s      230/s      231/s      232/s      233/s      234/s      235/s      236/s      237/s      245/s      246/s      247/s      249/s      250/s      252/s      253/s      262/s      263/s      294/s      296/s      297/s      298/s      299/s      301/s      302/s     IPI0/s     IPI1/s     IPI2/s     IPI3/s     IPI4/s     IPI5/s     IPI6/s      Err/s
17시 06분 58초    0       0.00       0.00       0.00     199.00       0.00       0.00       0.00       0.00       0.00       0.00       0.00       0.00       0.00       0.00       0.00       0.00       0.00       0.00       0.00       0.00       0.00       0.00       0.00       0.00       0.00       0.00       0.00       0.00       0.00       0.00       0.00       0.00       0.00       0.00       0.00       0.00       0.00       0.00       0.00       0.00       0.00       0.00       0.00       0.00       0.00       0.00       0.00       0.00       0.00       0.00       0.00       0.00       0.00       0.00       0.00       0.00       0.00       0.00       0.00       0.00       0.00       0.00       0.00       0.00       0.00       0.00       0.00       0.00       0.00       0.00       0.00       0.00       0.00       0.00       0.00       0.00       0.00       0.00       0.00       0.00       0.00       0.00       0.00       0.00       0.00       0.00       0.00       0.00       0.00       0.00       0.00       0.00       0.00      87.00       0.00       0.00       0.00       0.00       0.00       0.00       0.00       0.00       0.00       0.00       0.00     175.00       0.00       0.00       0.00       0.00       0.00       0.00       0.00       0.00       0.00       0.00       0.00       0.00       0.00       0.00       0.00       0.00       0.00       0.00       0.00       0.00       0.00       0.00       0.00       0.00       0.00       0.00       0.00       0.00     407.00       0.00     210.00      42.00       0.00       0.00       0.00      71.00       0.00       0.00
17시 06분 58초    1       0.00       0.00       0.00     137.00       0.00       0.00       0.00       0.00       0.00       0.00       0.00       0.00       0.00       0.00       0.00       0.00       0.00       0.00       0.00       0.00       0.00       0.00       0.00       0.00       0.00       0.00       0.00       0.00       0.00       0.00       0.00       0.00       0.00       0.00       0.00       0.00       0.00       0.00       0.00       0.00       0.00       0.00       0.00       0.00       0.00       0.00       0.00       0.00       0.00       0.00       0.00       0.00       0.00       0.00       0.00       0.00       0.00       0.00       0.00       0.00       0.00       0.00       0.00       0.00       0.00       0.00       0.00       0.00       0.00       0.00       0.00       0.00       0.00       0.00       0.00       0.00       0.00       0.00       0.00       0.00       0.00       0.00       0.00       0.00       0.00       0.00       0.00       0.00       0.00       0.00       0.00       0.00       0.00       0.00       0.00       0.00       0.00       0.00       0.00       0.00       0.00       0.00       0.00       0.00       0.00       0.00       0.00       0.00       0.00       0.00       0.00       0.00       0.00       0.00       0.00       0.00       0.00       0.00       0.00       0.00       0.00       0.00       0.00       0.00       0.00       0.00       0.00       0.00       0.00       0.00       0.00       0.00       0.00       0.00       0.00       0.00     169.00      54.00       0.00       0.00       0.00      27.00       0.00       0.00
17시 06분 58초    2       0.00       0.00       0.00     192.00       0.00       0.00       0.00       0.00       0.00       0.00       0.00       0.00       0.00       0.00       0.00       0.00       0.00       0.00       0.00       0.00       0.00       0.00       0.00       0.00       0.00       0.00       0.00       0.00       0.00       0.00       0.00       0.00       0.00       0.00       0.00       0.00       0.00       0.00       0.00       0.00       0.00       0.00       0.00       0.00       0.00       0.00       0.00       0.00       0.00       0.00       0.00       0.00       0.00       0.00       0.00       0.00       0.00       0.00       0.00       0.00       0.00       0.00       0.00       0.00       0.00       0.00       0.00       0.00       0.00       0.00       0.00       0.00       0.00       0.00       0.00       0.00       0.00       0.00       0.00       0.00       0.00       0.00       0.00       0.00       0.00       0.00       0.00       0.00       0.00       0.00       0.00       0.00       0.00       0.00       0.00       0.00       0.00       0.00       0.00       0.00       0.00       0.00       0.00       0.00       0.00       0.00       0.00       0.00       0.00       0.00       0.00       0.00       0.00       0.00       0.00       0.00       0.00       0.00       0.00       0.00       0.00       0.00       0.00       0.00       0.00       0.00       0.00       0.00       0.00       0.00       0.00       0.00       0.00       0.00       0.00       0.00     158.00      21.00       0.00       0.00       0.00      33.00       0.00       0.00
17시 06분 58초    3       0.00       0.00       0.00     194.00       0.00       0.00       0.00       0.00       0.00       0.00       0.00       0.00       0.00       0.00       0.00       0.00       0.00       0.00       0.00       0.00       0.00       0.00       0.00       0.00       0.00       0.00       0.00       0.00       0.00       0.00       0.00       0.00       0.00       0.00       0.00       0.00       0.00       0.00       0.00       0.00       0.00       0.00       0.00       0.00       0.00       0.00       0.00       0.00       0.00       0.00       0.00       0.00       0.00       0.00       0.00       0.00       0.00       0.00       0.00       0.00       0.00       0.00       0.00       0.00       0.00       0.00       0.00       0.00       0.00       0.00       0.00       0.00       0.00       0.00       0.00       0.00       0.00       0.00       0.00       0.00       0.00       0.00       0.00       0.00       0.00       0.00       0.00       0.00       0.00       0.00       0.00       0.00       0.00       0.00       0.00       0.00       0.00       0.00       0.00       0.00       0.00       0.00       0.00       0.00       0.00       0.00       0.00       0.00       0.00       0.00       0.00       0.00       0.00       0.00       0.00       0.00       0.00       0.00       0.00       0.00       0.00       0.00       0.00       0.00       0.00       0.00       0.00       0.00       0.00       0.00       0.00       0.00       0.00       0.00       0.00       0.00     169.00      14.00       0.00       0.00       0.00      29.00       0.00       0.00
17시 06분 58초    4       0.00       0.00       0.00     149.00       0.00       0.00       0.00       0.00       0.00       0.00       0.00       0.00       0.00       0.00       0.00       0.00       0.00       0.00       0.00       0.00       0.00       0.00       0.00       0.00       0.00       0.00       0.00       0.00       0.00       0.00       0.00       0.00       0.00       0.00       0.00       0.00       0.00       0.00       0.00       0.00       0.00       0.00       0.00       0.00       0.00       0.00       0.00       0.00       0.00       0.00       0.00       0.00       0.00       0.00       0.00       0.00       0.00       0.00       0.00       0.00       0.00       0.00       0.00       0.00       0.00       0.00       0.00       0.00       0.00       0.00       0.00       0.00       0.00       0.00       0.00       0.00       0.00       0.00       0.00       0.00       0.00       0.00       0.00       0.00       0.00       0.00       0.00       0.00       0.00       0.00       0.00       0.00       0.00       0.00       0.00       0.00       0.00       0.00       0.00       0.00       0.00       0.00       0.00       0.00       0.00       0.00       0.00       0.00       0.00       0.00       0.00       0.00       0.00       0.00       0.00       0.00       0.00       0.00       0.00       0.00       0.00       0.00       0.00       0.00       0.00       0.00       0.00       0.00       0.00       0.00       0.00       0.00       0.00       0.00       0.00       0.00     163.00       9.00       0.00       0.00       0.00       6.00       0.00       0.00
17시 06분 58초    5       0.00       0.00       0.00     121.00       0.00       0.00       0.00       0.00       0.00       0.00       0.00       0.00       0.00       0.00       0.00       0.00       0.00       0.00       0.00       0.00       0.00       0.00       0.00       0.00       0.00       0.00       0.00       0.00       0.00       0.00       0.00       0.00       0.00       0.00       0.00       0.00       0.00       0.00       0.00       0.00       0.00       0.00       0.00       0.00       0.00       0.00       0.00       0.00       0.00       0.00       0.00       0.00       0.00       0.00       0.00       0.00       0.00       0.00       0.00       0.00       0.00       0.00       0.00       0.00       0.00       0.00       0.00       0.00       0.00       0.00       0.00       0.00       0.00       0.00       0.00       0.00       0.00       0.00       0.00       0.00       0.00       0.00       0.00       0.00       0.00       0.00       0.00       0.00       0.00       0.00       0.00       0.00       0.00       0.00       0.00       0.00       0.00       0.00       0.00       0.00       0.00       0.00       0.00       0.00       0.00       0.00       0.00       0.00       0.00       0.00       0.00       0.00       0.00       0.00       0.00       0.00       0.00       0.00       0.00       0.00       0.00       0.00       0.00       0.00       0.00       0.00       0.00       0.00       0.00       0.00       0.00       0.00       0.00       0.00       0.00       0.00     150.00       1.00       0.00       0.00       0.00       4.00       0.00       0.00

17시 06분 57초  CPU       HI/s    TIMER/s   NET_TX/s   NET_RX/s    BLOCK/s IRQ_POLL/s  TASKLET/s    SCHED/s  HRTIMER/s      RCU/s
17시 06분 58초    0       0.00      19.00      17.00     374.00       0.00       0.00       0.00     104.00       0.00      59.00
17시 06분 58초    1       0.00      33.00       0.00       0.00       0.00       0.00       0.00     100.00       0.00      38.00
17시 06분 58초    2       0.00       8.00       0.00       0.00       0.00       0.00       0.00      86.00       0.00      55.00
17시 06분 58초    3       0.00      20.00       0.00       0.00       0.00       0.00       0.00      72.00       0.00      48.00
17시 06분 58초    4       0.00      24.00       0.00       0.00       0.00       0.00       0.00      65.00       0.00      50.00
17시 06분 58초    5       0.00      17.00       0.00       0.00       0.00       0.00       0.00      46.00       0.00      37.00

17시 06분 58초  CPU    %usr   %nice    %sys %iowait    %irq   %soft  %steal  %guest  %gnice   %idle
17시 06분 59초  all   15.46    0.00    2.18    0.00    0.17    0.00    0.00    0.00    0.00   82.18
17시 06분 59초    0    0.00    0.00    2.00    0.00    0.00    0.00    0.00    0.00    0.00   98.00
17시 06분 59초    1   11.11    0.00    1.01    0.00    0.00    0.00    0.00    0.00    0.00   87.88
17시 06분 59초    2    8.16    0.00    2.04    0.00    0.00    0.00    0.00    0.00    0.00   89.80
17시 06분 59초    3    6.06    0.00    2.02    0.00    0.00    0.00    0.00    0.00    0.00   91.92
17시 06분 59초    4   56.00    0.00    4.00    0.00    1.00    0.00    0.00    0.00    0.00   39.00
17시 06분 59초    5   11.11    0.00    2.02    0.00    0.00    0.00    0.00    0.00    0.00   86.87

17시 06분 58초  CPU    intr/s
17시 06분 59초  all   1968.00
17시 06분 59초    0    415.00
17시 06분 59초    1    130.00
17시 06분 59초    2     87.00
17시 06분 59초    3    115.00
17시 06분 59초    4    128.00
17시 06분 59초    5     99.00

17시 06분 58초  CPU        9/s       11/s       12/s       13/s       18/s       20/s       21/s       22/s       23/s       24/s       25/s       26/s       27/s       28/s       29/s       30/s       31/s       32/s       33/s       34/s       35/s       36/s       37/s       38/s       39/s       40/s       41/s       42/s       43/s       44/s       45/s       46/s       47/s       48/s       49/s       50/s       51/s       52/s       53/s       54/s       55/s       57/s       59/s       61/s       65/s       66/s       67/s       68/s       69/s       70/s       71/s       72/s       73/s       74/s       75/s       76/s       77/s       79/s       80/s       81/s       82/s       83/s       84/s       85/s       86/s       87/s       88/s       89/s       90/s       91/s       92/s       93/s       94/s       95/s       96/s       97/s       98/s      112/s      113/s      114/s      115/s      116/s      117/s      118/s      119/s      120/s      121/s      122/s      123/s      124/s      125/s      126/s      127/s      128/s      129/s      130/s      131/s      132/s      133/s      134/s      135/s      136/s      137/s      138/s      150/s      154/s      162/s      167/s      171/s      224/s      228/s      229/s      230/s      231/s      232/s      233/s      234/s      235/s      236/s      237/s      245/s      246/s      247/s      249/s      250/s      252/s      253/s      262/s      263/s      294/s      296/s      297/s      298/s      299/s      301/s      302/s     IPI0/s     IPI1/s     IPI2/s     IPI3/s     IPI4/s     IPI5/s     IPI6/s      Err/s
17시 06분 59초    0       0.00       0.00       0.00     174.00       0.00       0.00       0.00       0.00       0.00       0.00       0.00       0.00       0.00       0.00       0.00       0.00       0.00       0.00       0.00       0.00       0.00       0.00       0.00       0.00       0.00       0.00       0.00       0.00       0.00       0.00       0.00       0.00       0.00       0.00       0.00       0.00       0.00       0.00       0.00       0.00       0.00       0.00       0.00       0.00       0.00       0.00       0.00       0.00       0.00       0.00       0.00       0.00       0.00       0.00       0.00       0.00       0.00       0.00       0.00       0.00       0.00       0.00       0.00       0.00       0.00       0.00       0.00       0.00       0.00       0.00       0.00       0.00       0.00       0.00       0.00       0.00       0.00       0.00       0.00       7.00       0.00       0.00       0.00       0.00       0.00       0.00       0.00       0.00       0.00       0.00       0.00       0.00       0.00      40.00       0.00       0.00       0.00       0.00       0.00       0.00       0.00       0.00       0.00       0.00       0.00      99.00       0.00       0.00       0.00       0.00       0.00       0.00       0.00       0.00       0.00       0.00       0.00       0.00       0.00       0.00       0.00       0.00       0.00       0.00       0.00       0.00       0.00       0.00       0.00       0.00       0.00       0.00       0.00       0.00     265.00       0.00     110.00      46.00       0.00       0.00       0.00      40.00       0.00       0.00
17시 06분 59초    1       0.00       0.00       0.00     111.00       0.00       0.00       0.00       0.00       0.00       0.00       0.00       0.00       0.00       0.00       0.00       0.00       0.00       0.00       0.00       0.00       0.00       0.00       0.00       0.00       0.00       0.00       0.00       0.00       0.00       0.00       0.00       0.00       0.00       0.00       0.00       0.00       0.00       0.00       0.00       0.00       0.00       0.00       0.00       0.00       0.00       0.00       0.00       0.00       0.00       0.00       0.00       0.00       0.00       0.00       0.00       0.00       0.00       0.00       0.00       0.00       0.00       0.00       0.00       0.00       0.00       0.00       0.00       0.00       0.00       0.00       0.00       0.00       0.00       0.00       0.00       0.00       0.00       0.00       0.00       0.00       0.00       0.00       0.00       0.00       0.00       0.00       0.00       0.00       0.00       0.00       0.00       0.00       0.00       0.00       0.00       0.00       0.00       0.00       0.00       0.00       0.00       0.00       0.00       0.00       0.00       0.00       0.00       0.00       0.00       0.00       0.00       0.00       0.00       0.00       0.00       0.00       0.00       0.00       0.00       0.00       0.00       0.00       0.00       0.00       0.00       0.00       0.00       0.00       0.00       0.00       0.00       0.00       0.00       0.00       0.00       0.00      69.00      30.00       0.00       0.00       0.00       8.00       0.00       0.00
17시 06분 59초    2       0.00       0.00       0.00      95.00       0.00       0.00       0.00       0.00       0.00       0.00       0.00       0.00       0.00       0.00       0.00       0.00       0.00       0.00       0.00       0.00       0.00       0.00       0.00       0.00       0.00       0.00       0.00       0.00       0.00       0.00       0.00       0.00       0.00       0.00       0.00       0.00       0.00       0.00       0.00       0.00       0.00       0.00       0.00       0.00       0.00       0.00       0.00       0.00       0.00       0.00       0.00       0.00       0.00       0.00       0.00       0.00       0.00       0.00       0.00       0.00       0.00       0.00       0.00       0.00       0.00       0.00       0.00       0.00       0.00       0.00       0.00       0.00       0.00       0.00       0.00       0.00       0.00       0.00       0.00       0.00       0.00       0.00       0.00       0.00       0.00       0.00       0.00       0.00       0.00       0.00       0.00       0.00       0.00       0.00       0.00       0.00       0.00       0.00       0.00       0.00       0.00       0.00       0.00       0.00       0.00       0.00       0.00       0.00       0.00       0.00       0.00       0.00       0.00       0.00       0.00       0.00       0.00       0.00       0.00       0.00       0.00       0.00       0.00       0.00       0.00       0.00       0.00       0.00       0.00       0.00       0.00       0.00       0.00       0.00       0.00       0.00      82.00      13.00       0.00       0.00       0.00       8.00       0.00       0.00
17시 06분 59초    3       0.00       0.00       0.00     126.00       0.00       0.00       0.00       0.00       0.00       0.00       0.00       0.00       0.00       0.00       0.00       0.00       0.00       0.00       0.00       0.00       0.00       0.00       0.00       0.00       0.00       0.00       0.00       0.00       0.00       0.00       0.00       0.00       0.00       0.00       0.00       0.00       0.00       0.00       0.00       0.00       0.00       0.00       0.00       0.00       0.00       0.00       0.00       0.00       0.00       0.00       0.00       0.00       0.00       0.00       0.00       0.00       0.00       0.00       0.00       0.00       0.00       0.00       0.00       0.00       0.00       0.00       0.00       0.00       0.00       0.00       0.00       0.00       0.00       0.00       0.00       0.00       0.00       0.00       0.00       0.00       0.00       0.00       0.00       0.00       0.00       0.00       0.00       0.00       0.00       0.00       0.00       0.00       0.00       0.00       0.00       0.00       0.00       0.00       0.00       0.00       0.00       0.00       0.00       0.00       0.00       0.00       0.00       0.00       0.00       0.00       0.00       0.00       0.00       0.00       0.00       0.00       0.00       0.00       0.00       0.00       0.00       0.00       0.00       0.00       0.00       0.00       0.00       0.00       0.00       0.00       0.00       0.00       0.00       0.00       0.00       0.00      92.00       6.00       0.00       0.00       0.00      10.00       0.00       0.00
17시 06분 59초    4       0.00       0.00       0.00     235.00       0.00       0.00       0.00       0.00       0.00       0.00       0.00       0.00       0.00       0.00       0.00       0.00       0.00       0.00       0.00       0.00       0.00       0.00       0.00       0.00       0.00       0.00       0.00       0.00       0.00       0.00       0.00       0.00       0.00       0.00       0.00       0.00       0.00       0.00       0.00       0.00       0.00       0.00       0.00       0.00       0.00       0.00       0.00       0.00       0.00       0.00       0.00       0.00       0.00       0.00       0.00       0.00       0.00       0.00       0.00       0.00       0.00       0.00       0.00       0.00       0.00       0.00       0.00       0.00       0.00       0.00       0.00       0.00       0.00       0.00       0.00       0.00       0.00       0.00       0.00       0.00       0.00       0.00       0.00       0.00       0.00       0.00       0.00       0.00       0.00       0.00       0.00       0.00       0.00       0.00       0.00       0.00       0.00       0.00       0.00       0.00       0.00       0.00       0.00       0.00       0.00       0.00       0.00       0.00       0.00       0.00       0.00       0.00       0.00       0.00       0.00       0.00       0.00       0.00       0.00       0.00       0.00       0.00       0.00       0.00       0.00       0.00       0.00       0.00       0.00       0.00       0.00       0.00       0.00       0.00       0.00       0.00      97.00       1.00       0.00       0.00       0.00      14.00       0.00       0.00
17시 06분 59초    5       0.00       0.00       0.00     119.00       0.00       0.00       0.00       0.00       0.00       0.00       0.00       0.00       0.00       0.00       0.00       0.00       0.00       0.00       0.00       0.00       0.00       0.00       0.00       0.00       0.00       0.00       0.00       0.00       0.00       0.00       0.00       0.00       0.00       0.00       0.00       0.00       0.00       0.00       0.00       0.00       0.00       0.00       0.00       0.00       0.00       0.00       0.00       0.00       0.00       0.00       0.00       0.00       0.00       0.00       0.00       0.00       0.00       0.00       0.00       0.00       0.00       0.00       0.00       0.00       0.00       0.00       0.00       0.00       0.00       0.00       0.00       0.00       0.00       0.00       0.00       0.00       0.00       0.00       0.00       0.00       0.00       0.00       0.00       0.00       0.00       0.00       0.00       0.00       0.00       0.00       0.00       0.00       0.00       0.00       0.00       0.00       0.00       0.00       0.00       0.00       0.00       0.00       0.00       0.00       0.00       0.00       0.00       0.00       0.00       0.00       0.00       0.00       0.00       0.00       0.00       0.00       0.00       0.00       0.00       0.00       0.00       0.00       0.00       0.00       0.00       0.00       0.00       0.00       0.00       0.00       0.00       0.00       0.00       0.00       0.00       0.00      54.00       1.00       0.00       0.00       0.00       6.00       0.00       0.00

17시 06분 58초  CPU       HI/s    TIMER/s   NET_TX/s   NET_RX/s    BLOCK/s IRQ_POLL/s  TASKLET/s    SCHED/s  HRTIMER/s      RCU/s
17시 06분 59초    0       0.00      35.00      10.00     244.00       0.00       0.00       0.00      90.00       0.00      36.00
17시 06분 59초    1       0.00      23.00       0.00       0.00       0.00       0.00       0.00      68.00       0.00      39.00
17시 06분 59초    2       0.00      18.00       0.00       0.00       0.00       0.00       0.00      37.00       0.00      32.00
17시 06분 59초    3       0.00      28.00       0.00       0.00       0.00       0.00       0.00      50.00       0.00      37.00
17시 06분 59초    4       0.00       1.00       0.00       0.00       0.00       0.00       0.00      37.00       0.00      90.00
17시 06분 59초    5       0.00      10.00       0.00       0.00       0.00       0.00       0.00      42.00       0.00      47.00

17시 06분 59초  CPU    %usr   %nice    %sys %iowait    %irq   %soft  %steal  %guest  %gnice   %idle
17시 07분 00초  all   15.83    0.00    3.00    0.00    0.17    0.00    0.00    0.00    0.00   81.00
17시 07분 00초    0    1.00    0.00    1.00    0.00    1.00    0.00    0.00    0.00    0.00   97.00
17시 07분 00초    1    1.00    0.00    5.00    0.00    0.00    0.00    0.00    0.00    0.00   94.00
17시 07분 00초    2    1.00    0.00    1.00    0.00    0.00    0.00    0.00    0.00    0.00   98.00
17시 07분 00초    3    0.00    0.00    1.98    0.00    0.00    0.00    0.00    0.00    0.00   98.02
17시 07분 00초    4   92.93    0.00    7.07    0.00    0.00    0.00    0.00    0.00    0.00    0.00
17시 07분 00초    5    0.00    0.00    2.00    0.00    0.00    0.00    0.00    0.00    0.00   98.00

17시 06분 59초  CPU    intr/s
17시 07분 00초  all   1037.00
17시 07분 00초    0    175.00
17시 07분 00초    1    113.00
17시 07분 00초    2     74.00
17시 07분 00초    3     60.00
17시 07분 00초    4    105.00
17시 07분 00초    5    119.00

17시 06분 59초  CPU        9/s       11/s       12/s       13/s       18/s       20/s       21/s       22/s       23/s       24/s       25/s       26/s       27/s       28/s       29/s       30/s       31/s       32/s       33/s       34/s       35/s       36/s       37/s       38/s       39/s       40/s       41/s       42/s       43/s       44/s       45/s       46/s       47/s       48/s       49/s       50/s       51/s       52/s       53/s       54/s       55/s       57/s       59/s       61/s       65/s       66/s       67/s       68/s       69/s       70/s       71/s       72/s       73/s       74/s       75/s       76/s       77/s       79/s       80/s       81/s       82/s       83/s       84/s       85/s       86/s       87/s       88/s       89/s       90/s       91/s       92/s       93/s       94/s       95/s       96/s       97/s       98/s      112/s      113/s      114/s      115/s      116/s      117/s      118/s      119/s      120/s      121/s      122/s      123/s      124/s      125/s      126/s      127/s      128/s      129/s      130/s      131/s      132/s      133/s      134/s      135/s      136/s      137/s      138/s      150/s      154/s      162/s      167/s      171/s      224/s      228/s      229/s      230/s      231/s      232/s      233/s      234/s      235/s      236/s      237/s      245/s      246/s      247/s      249/s      250/s      252/s      253/s      262/s      263/s      294/s      296/s      297/s      298/s      299/s      301/s      302/s     IPI0/s     IPI1/s     IPI2/s     IPI3/s     IPI4/s     IPI5/s     IPI6/s      Err/s
17시 07분 00초    0       0.00       0.00       0.00     111.00       0.00       0.00       0.00       0.00       0.00       0.00       0.00       0.00       0.00       0.00       0.00       0.00       0.00       0.00       0.00       0.00       0.00       0.00       0.00       0.00       0.00       0.00       0.00       0.00       0.00       0.00       0.00       0.00       0.00       0.00       0.00       0.00       0.00       0.00       0.00       0.00       0.00       0.00       0.00       0.00       0.00       0.00       0.00       0.00       0.00       0.00       0.00       0.00       0.00       0.00       0.00       0.00       0.00       0.00       0.00       0.00       0.00       0.00       0.00       0.00       0.00       0.00       0.00       0.00       0.00       0.00       0.00       0.00       0.00       0.00       0.00       0.00       0.00      74.00       0.00       8.00       0.00       0.00       0.00       0.00       0.00       0.00       0.00       0.00       0.00       0.00       0.00       0.00       0.00       0.00       0.00       0.00       0.00       0.00       0.00       0.00       0.00       0.00       0.00       0.00       0.00      36.00       0.00       0.00       0.00       0.00       0.00       0.00       0.00       0.00       0.00       0.00       0.00       0.00       0.00       0.00       0.00       0.00       0.00       0.00       0.00       0.00       0.00       0.00       0.00       0.00       0.00       0.00       0.00       0.00      24.00       0.00      23.00      46.00       0.00       0.00       0.00      13.00       0.00       0.00
17시 07분 00초    1       0.00       0.00       0.00      79.00       0.00       0.00       0.00       0.00       0.00       0.00       0.00       0.00       0.00       0.00       0.00       0.00       0.00       0.00       0.00       0.00       0.00       0.00       0.00       0.00       0.00       0.00       0.00       0.00       0.00       0.00       0.00       0.00       0.00       0.00       0.00       0.00       0.00       0.00       0.00       0.00       0.00       0.00       0.00       0.00       0.00       0.00       0.00       0.00       0.00       0.00       0.00       0.00       0.00       0.00       0.00       0.00       0.00       0.00       0.00       0.00       0.00       0.00       0.00       0.00       0.00       0.00       0.00       0.00       0.00       0.00       0.00       0.00       0.00       0.00       0.00       0.00       0.00       0.00       0.00       0.00       0.00       0.00       0.00       0.00       0.00       0.00       0.00       0.00       0.00       0.00       0.00       0.00       0.00       0.00       0.00       0.00       0.00       0.00       0.00       0.00       0.00       0.00       0.00       0.00       0.00       0.00       0.00       0.00       0.00       0.00       0.00       0.00       0.00       0.00       0.00       0.00       0.00       0.00       0.00       0.00       0.00       0.00       0.00       0.00       0.00       0.00       0.00       0.00       0.00       0.00       0.00       0.00       0.00       0.00       0.00       0.00      58.00      14.00       0.00       0.00       0.00       4.00       0.00       0.00
17시 07분 00초    2       0.00       0.00       0.00      54.00       0.00       0.00       0.00       0.00       0.00       0.00       0.00       0.00       0.00       0.00       0.00       0.00       0.00       0.00       0.00       0.00       0.00       0.00       0.00       0.00       0.00       0.00       0.00       0.00       0.00       0.00       0.00       0.00       0.00       0.00       0.00       0.00       0.00       0.00       0.00       0.00       0.00       0.00       0.00       0.00       0.00       0.00       0.00       0.00       0.00       0.00       0.00       0.00       0.00       0.00       0.00       0.00       0.00       0.00       0.00       0.00       0.00       0.00       0.00       0.00       0.00       0.00       0.00       0.00       0.00       0.00       0.00       0.00       0.00       0.00       0.00       0.00       0.00       0.00       0.00       0.00       0.00       0.00       0.00       0.00       0.00       0.00       0.00       0.00       0.00       0.00       0.00       0.00       0.00       0.00       0.00       0.00       0.00       0.00       0.00       0.00       0.00       0.00       0.00       0.00       0.00       0.00       0.00       0.00       0.00       0.00       0.00       0.00       0.00       0.00       0.00       0.00       0.00       0.00       0.00       0.00       0.00       0.00       0.00       0.00       0.00       0.00       0.00       0.00       0.00       0.00       0.00       0.00       0.00       0.00       0.00       0.00       1.00       2.00       0.00       0.00       0.00       1.00       0.00       0.00
17시 07분 00초    3       0.00       0.00       0.00      45.00       0.00       0.00       0.00       0.00       0.00       0.00       0.00       0.00       0.00       0.00       0.00       0.00       0.00       0.00       0.00       0.00       0.00       0.00       0.00       0.00       0.00       0.00       0.00       0.00       0.00       0.00       0.00       0.00       0.00       0.00       0.00       0.00       0.00       0.00       0.00       0.00       0.00       0.00       0.00       0.00       0.00       0.00       0.00       0.00       0.00       0.00       0.00       0.00       0.00       0.00       0.00       0.00       0.00       0.00       0.00       0.00       0.00       0.00       0.00       0.00       0.00       0.00       0.00       0.00       0.00       0.00       0.00       0.00       0.00       0.00       0.00       0.00       0.00       0.00       0.00       0.00       0.00       0.00       0.00       0.00       0.00       0.00       0.00       0.00       0.00       0.00       0.00       0.00       0.00       0.00       0.00       0.00       0.00       0.00       0.00       0.00       0.00       0.00       0.00       0.00       0.00       0.00       0.00       0.00       0.00       0.00       0.00       0.00       0.00       0.00       0.00       0.00       0.00       0.00       0.00       0.00       0.00       0.00       0.00       0.00       0.00       0.00       0.00       0.00       0.00       0.00       0.00       0.00       0.00       0.00       0.00       0.00      12.00       0.00       0.00       0.00       0.00       0.00       0.00       0.00
17시 07분 00초    4       0.00       0.00       0.00     252.00       0.00       0.00       0.00       0.00       0.00       0.00       0.00       0.00       0.00       0.00       0.00       0.00       0.00       0.00       0.00       0.00       0.00       0.00       0.00       0.00       0.00       0.00       0.00       0.00       0.00       0.00       0.00       0.00       0.00       0.00       0.00       0.00       0.00       0.00       0.00       0.00       0.00       0.00       0.00       0.00       0.00       0.00       0.00       0.00       0.00       0.00       0.00       0.00       0.00       0.00       0.00       0.00       0.00       0.00       0.00       0.00       0.00       0.00       0.00       0.00       0.00       0.00       0.00       0.00       0.00       0.00       0.00       0.00       0.00       0.00       0.00       0.00       0.00       0.00       0.00       0.00       0.00       0.00       0.00       0.00       0.00       0.00       0.00       0.00       0.00       0.00       0.00       0.00       0.00       0.00       0.00       0.00       0.00       0.00       0.00       0.00       0.00       0.00       0.00       0.00       0.00       0.00       0.00       0.00       0.00       0.00       0.00       0.00       0.00       0.00       0.00       0.00       0.00       0.00       0.00       0.00       0.00       0.00       0.00       0.00       0.00       0.00       0.00       0.00       0.00       0.00       0.00       0.00       0.00       0.00       0.00       0.00       1.00       0.00       0.00       0.00       0.00       0.00       0.00       0.00
17시 07분 00초    5       0.00       0.00       0.00     104.00       0.00       0.00       0.00       0.00       0.00       0.00       0.00       0.00       0.00       0.00       0.00       0.00       0.00       0.00       0.00       0.00       0.00       0.00       0.00       0.00       0.00       0.00       0.00       0.00       0.00       0.00       0.00       0.00       0.00       0.00       0.00       0.00       0.00       0.00       0.00       0.00       0.00       0.00       0.00       0.00       0.00       0.00       0.00       0.00       0.00       0.00       0.00       0.00       0.00       0.00       0.00       0.00       0.00       0.00       0.00       0.00       0.00       0.00       0.00       0.00       0.00       0.00       0.00       0.00       0.00       0.00       0.00       0.00       0.00       0.00       0.00       0.00       0.00       0.00       0.00       0.00       0.00       0.00       0.00       0.00       0.00       0.00       0.00       0.00       0.00       0.00       0.00       0.00       0.00       0.00       0.00       0.00       0.00       0.00       0.00       0.00       0.00       0.00       0.00       0.00       0.00       0.00       0.00       0.00       0.00       0.00       0.00       0.00       0.00       0.00       0.00       0.00       0.00       0.00       0.00       0.00       0.00       0.00       0.00       0.00       0.00       0.00       0.00       0.00       0.00       0.00       0.00       0.00       0.00       0.00       0.00       0.00      76.00       0.00       0.00       0.00       0.00       0.00       0.00       0.00

17시 06분 59초  CPU       HI/s    TIMER/s   NET_TX/s   NET_RX/s    BLOCK/s IRQ_POLL/s  TASKLET/s    SCHED/s  HRTIMER/s      RCU/s
17시 07분 00초    0       0.00      35.00       1.00      22.00       0.00       0.00       0.00      72.00       0.00      45.00
17시 07분 00초    1       0.00      18.00       0.00       0.00       0.00       0.00       0.00      49.00       0.00      46.00
17시 07분 00초    2       0.00      20.00       0.00       0.00       0.00       0.00       0.00      27.00       0.00      27.00
17시 07분 00초    3       0.00      20.00       0.00       0.00       0.00       0.00       0.00      17.00       0.00      23.00
17시 07분 00초    4       0.00       1.00       0.00       0.00       0.00       0.00       0.00       5.00       0.00      99.00
17시 07분 00초    5       0.00      32.00       0.00       0.00       0.00       0.00       0.00      39.00       0.00      48.00

17시 07분 00초  CPU    %usr   %nice    %sys %iowait    %irq   %soft  %steal  %guest  %gnice   %idle
17시 07분 01초  all    2.68    0.00   13.23    0.34    0.00    0.00    0.00    0.00    0.00   83.75
17시 07분 01초    0    1.01    0.00   15.15    0.00    0.00    0.00    0.00    0.00    0.00   83.84
17시 07분 01초    1    0.00    0.00    6.06    2.02    0.00    0.00    0.00    0.00    0.00   91.92
17시 07분 01초    2    0.00    0.00   19.00    0.00    0.00    0.00    0.00    0.00    0.00   81.00
17시 07분 01초    3    1.01    0.00    1.01    0.00    0.00    0.00    0.00    0.00    0.00   97.98
17시 07분 01초    4   12.00    0.00    4.00    0.00    0.00    0.00    0.00    0.00    0.00   84.00
17시 07분 01초    5    2.00    0.00   34.00    0.00    0.00    0.00    0.00    0.00    0.00   64.00

17시 07분 00초  CPU    intr/s
17시 07분 01초  all   1163.00
17시 07분 01초    0    212.00
17시 07분 01초    1    129.00
17시 07분 01초    2     82.00
17시 07분 01초    3    103.00
17시 07분 01초    4    128.00
17시 07분 01초    5    200.00

17시 07분 00초  CPU        9/s       11/s       12/s       13/s       18/s       20/s       21/s       22/s       23/s       24/s       25/s       26/s       27/s       28/s       29/s       30/s       31/s       32/s       33/s       34/s       35/s       36/s       37/s       38/s       39/s       40/s       41/s       42/s       43/s       44/s       45/s       46/s       47/s       48/s       49/s       50/s       51/s       52/s       53/s       54/s       55/s       57/s       59/s       61/s       65/s       66/s       67/s       68/s       69/s       70/s       71/s       72/s       73/s       74/s       75/s       76/s       77/s       79/s       80/s       81/s       82/s       83/s       84/s       85/s       86/s       87/s       88/s       89/s       90/s       91/s       92/s       93/s       94/s       95/s       96/s       97/s       98/s      112/s      113/s      114/s      115/s      116/s      117/s      118/s      119/s      120/s      121/s      122/s      123/s      124/s      125/s      126/s      127/s      128/s      129/s      130/s      131/s      132/s      133/s      134/s      135/s      136/s      137/s      138/s      150/s      154/s      162/s      167/s      171/s      224/s      228/s      229/s      230/s      231/s      232/s      233/s      234/s      235/s      236/s      237/s      245/s      246/s      247/s      249/s      250/s      252/s      253/s      262/s      263/s      294/s      296/s      297/s      298/s      299/s      301/s      302/s     IPI0/s     IPI1/s     IPI2/s     IPI3/s     IPI4/s     IPI5/s     IPI6/s      Err/s
17시 07분 01초    0       0.00       0.00       0.00     160.00       0.00       0.00       0.00       0.00       0.00       0.00       0.00       0.00       0.00       0.00       0.00       0.00       0.00       0.00       0.00       0.00       0.00       0.00       0.00       0.00       0.00       0.00       0.00       0.00       0.00       0.00       0.00       0.00       0.00       0.00       0.00       0.00       0.00       0.00       0.00       0.00       0.00       0.00       0.00       0.00       0.00       0.00     134.00       0.00       0.00       0.00       0.00       0.00       0.00       0.00       0.00       0.00       0.00       0.00       0.00       0.00       0.00       0.00       0.00       0.00       0.00       0.00       0.00       0.00       0.00       0.00       0.00       0.00       0.00       0.00       0.00       0.00       0.00       2.00       0.00       5.00       0.00       0.00       0.00       0.00       0.00       0.00       0.00       0.00       0.00       0.00       0.00       0.00       0.00       0.00       0.00       0.00       0.00       0.00       0.00       0.00       0.00       0.00       0.00       0.00       0.00      67.00       0.00       0.00       0.00       0.00       0.00       0.00       0.00       0.00       0.00       0.00       0.00       0.00       0.00       0.00       0.00       0.00       0.00       0.00       0.00       0.00       0.00       0.00       0.00       0.00       0.00       0.00       0.00       0.00      36.00       0.00      42.00      30.00       0.00       0.00       0.00      11.00       0.00       0.00
17시 07분 01초    1       0.00       0.00       0.00      89.00       0.00       0.00       0.00       0.00       0.00       0.00       0.00       0.00       0.00       0.00       0.00       0.00       0.00       0.00       0.00       0.00       0.00       0.00       0.00       0.00       0.00       0.00       0.00       0.00       0.00       0.00       0.00       0.00       0.00       0.00       0.00       0.00       0.00       0.00       0.00       0.00       0.00       0.00       0.00       0.00       0.00       0.00       0.00       0.00       0.00       0.00       0.00       0.00       0.00       0.00       0.00       0.00       0.00       0.00       0.00       0.00       0.00       0.00       0.00       0.00       0.00       0.00       0.00       0.00       0.00       0.00       0.00       0.00       0.00       0.00       0.00       0.00       0.00       0.00       0.00       0.00       0.00       0.00       0.00       0.00       0.00       0.00       0.00       0.00       0.00       0.00       0.00       0.00       0.00       0.00       0.00       0.00       0.00       0.00       0.00       0.00       0.00       0.00       0.00       0.00       0.00       0.00       0.00       0.00       0.00       0.00       0.00       0.00       0.00       0.00       0.00       0.00       0.00       0.00       0.00       0.00       0.00       0.00       0.00       0.00       0.00       0.00       0.00       0.00       0.00       0.00       0.00       0.00       0.00       0.00       0.00       0.00      27.00      25.00       0.00       0.00       0.00      13.00       0.00       0.00
17시 07분 01초    2       0.00       0.00       0.00      84.00       0.00       0.00       0.00       0.00       0.00       0.00       0.00       0.00       0.00       0.00       0.00       0.00       0.00       0.00       0.00       0.00       0.00       0.00       0.00       0.00       0.00       0.00       0.00       0.00       0.00       0.00       0.00       0.00       0.00       0.00       0.00       0.00       0.00       0.00       0.00       0.00       0.00       0.00       0.00       0.00       0.00       0.00       0.00       0.00       0.00       0.00       0.00       0.00       0.00       0.00       0.00       0.00       0.00       0.00       0.00       0.00       0.00       0.00       0.00       0.00       0.00       0.00       0.00       0.00       0.00       0.00       0.00       0.00       0.00       0.00       0.00       0.00       0.00       0.00       0.00       0.00       0.00       0.00       0.00       0.00       0.00       0.00       0.00       0.00       0.00       0.00       0.00       0.00       0.00       0.00       0.00       0.00       0.00       0.00       0.00       0.00       0.00       0.00       0.00       0.00       0.00       0.00       0.00       0.00       0.00       0.00       0.00       0.00       0.00       0.00       0.00       0.00       0.00       0.00       0.00       0.00       0.00       0.00       0.00       0.00       0.00       0.00       0.00       0.00       0.00       0.00       0.00       0.00       0.00       0.00       0.00       0.00      13.00       9.00       0.00       0.00       0.00       8.00       0.00       0.00
17시 07분 01초    3       0.00       0.00       0.00      91.00       0.00       0.00       0.00       0.00       0.00       0.00       0.00       0.00       0.00       0.00       0.00       0.00       0.00       0.00       0.00       0.00       0.00       0.00       0.00       0.00       0.00       0.00       0.00       0.00       0.00       0.00       0.00       0.00       0.00       0.00       0.00       0.00       0.00       0.00       0.00       0.00       0.00       0.00       0.00       0.00       0.00       0.00       0.00       0.00       0.00       0.00       0.00       0.00       0.00       0.00       0.00       0.00       0.00       0.00       0.00       0.00       0.00       0.00       0.00       0.00       0.00       0.00       0.00       0.00       0.00       0.00       0.00       0.00       0.00       0.00       0.00       0.00       0.00       0.00       0.00       0.00       0.00       0.00       0.00       0.00       0.00       0.00       0.00       0.00       0.00       0.00       0.00       0.00       0.00       0.00       0.00       0.00       0.00       0.00       0.00       0.00       0.00       0.00       0.00       0.00       0.00       0.00       0.00       0.00       0.00       0.00       0.00       0.00       0.00       0.00       0.00       0.00       0.00       0.00       0.00       0.00       0.00       0.00       0.00       0.00       0.00       0.00       0.00       0.00       0.00       0.00       0.00       0.00       0.00       0.00       0.00       0.00       9.00       4.00       0.00       0.00       0.00       6.00       0.00       0.00
17시 07분 01초    4       0.00       0.00       0.00      99.00       0.00       0.00       0.00       0.00       0.00       0.00       0.00       0.00       0.00       0.00       0.00       0.00       0.00       0.00       0.00       0.00       0.00       0.00       0.00       0.00       0.00       0.00       0.00       0.00       0.00       0.00       0.00       0.00       0.00       0.00       0.00       0.00       0.00       0.00       0.00       0.00       0.00       0.00       0.00       0.00       0.00       0.00       0.00       0.00       0.00       0.00       0.00       0.00       0.00       0.00       0.00       0.00       0.00       0.00       0.00       0.00       0.00       0.00       0.00       0.00       0.00       0.00       0.00       0.00       0.00       0.00       0.00       0.00       0.00       0.00       0.00       0.00       0.00       0.00       0.00       0.00       0.00       0.00       0.00       0.00       0.00       0.00       0.00       0.00       0.00       0.00       0.00       0.00       0.00       0.00       0.00       0.00       0.00       0.00       0.00       0.00       0.00       0.00       0.00       0.00       0.00       0.00       0.00       0.00       0.00       0.00       0.00       0.00       0.00       0.00       0.00       0.00       0.00       0.00       0.00       0.00       0.00       0.00       0.00       0.00       0.00       0.00       0.00       0.00       0.00       0.00       0.00       0.00       0.00       0.00       0.00       0.00       7.00       1.00       0.00       0.00       0.00       0.00       0.00       0.00
17시 07분 01초    5       0.00       0.00       0.00     153.00       0.00       0.00       0.00       0.00       0.00       0.00       0.00       0.00       0.00       0.00       0.00       0.00       0.00       0.00       0.00       0.00       0.00       0.00       0.00       0.00       0.00       0.00       0.00       0.00       0.00       0.00       0.00       0.00       0.00       0.00       0.00       0.00       0.00       0.00       0.00       0.00       0.00       0.00       0.00       0.00       0.00       0.00       0.00       0.00       0.00       0.00       0.00       0.00       0.00       0.00       0.00       0.00       0.00       0.00       0.00       0.00       0.00       0.00       0.00       0.00       0.00       0.00       0.00       0.00       0.00       0.00       0.00       0.00       0.00       0.00       0.00       0.00       0.00       0.00       0.00       0.00       0.00       0.00       0.00       0.00       0.00       0.00       0.00       0.00       0.00       0.00       0.00       0.00       0.00       0.00       0.00       0.00       0.00       0.00       0.00       0.00       0.00       0.00       0.00       0.00       0.00       0.00       0.00       0.00       0.00       0.00       0.00       0.00       0.00       0.00       0.00       0.00       0.00       0.00       0.00       0.00       0.00       0.00       0.00       0.00       0.00       0.00       0.00       0.00       0.00       0.00       0.00       0.00       0.00       0.00       0.00       0.00      30.00       6.00       0.00       0.00       0.00       1.00       0.00       0.00

17시 07분 00초  CPU       HI/s    TIMER/s   NET_TX/s   NET_RX/s    BLOCK/s IRQ_POLL/s  TASKLET/s    SCHED/s  HRTIMER/s      RCU/s
17시 07분 01초    0       0.00      25.00       1.00      33.00       2.00       0.00       0.00     102.00       0.00      49.00
17시 07분 01초    1       0.00      29.00       0.00       0.00       0.00       0.00       0.00      55.00       0.00      45.00
17시 07분 01초    2       0.00      14.00       0.00       0.00       0.00       0.00       0.00      30.00       0.00      38.00
17시 07분 01초    3       0.00      26.00       0.00       0.00       0.00       0.00       0.00      34.00       0.00      43.00
17시 07분 01초    4       0.00      18.00       0.00       0.00       0.00       0.00       0.00      27.00       0.00      83.00
17시 07분 01초    5       0.00      16.00       0.00       0.00       0.00       0.00       0.00      36.00       0.00     148.00

17시 07분 01초  CPU    %usr   %nice    %sys %iowait    %irq   %soft  %steal  %guest  %gnice   %idle
17시 07분 02초  all    0.84    0.00    1.00    0.00    0.17    0.17    0.00    0.00    0.00   97.83
17시 07분 02초    0    1.00    0.00    2.00    0.00    0.00    1.00    0.00    0.00    0.00   96.00
17시 07분 02초    1    2.00    0.00    1.00    0.00    0.00    0.00    0.00    0.00    0.00   97.00
17시 07분 02초    2    0.00    0.00    0.00    0.00    1.00    0.00    0.00    0.00    0.00   99.00
17시 07분 02초    3    1.00    0.00    1.00    0.00    0.00    0.00    0.00    0.00    0.00   98.00
17시 07분 02초    4    0.00    0.00    0.00    0.00    0.00    0.00    0.00    0.00    0.00  100.00
17시 07분 02초    5    1.01    0.00    2.02    0.00    0.00    0.00    0.00    0.00    0.00   96.97

17시 07분 01초  CPU    intr/s
17시 07분 02초  all    514.00
17시 07분 02초    0    127.00
17시 07분 02초    1     71.00
17시 07분 02초    2     59.00
17시 07분 02초    3     63.00
17시 07분 02초    4     93.00
17시 07분 02초    5     60.00

17시 07분 01초  CPU        9/s       11/s       12/s       13/s       18/s       20/s       21/s       22/s       23/s       24/s       25/s       26/s       27/s       28/s       29/s       30/s       31/s       32/s       33/s       34/s       35/s       36/s       37/s       38/s       39/s       40/s       41/s       42/s       43/s       44/s       45/s       46/s       47/s       48/s       49/s       50/s       51/s       52/s       53/s       54/s       55/s       57/s       59/s       61/s       65/s       66/s       67/s       68/s       69/s       70/s       71/s       72/s       73/s       74/s       75/s       76/s       77/s       79/s       80/s       81/s       82/s       83/s       84/s       85/s       86/s       87/s       88/s       89/s       90/s       91/s       92/s       93/s       94/s       95/s       96/s       97/s       98/s      112/s      113/s      114/s      115/s      116/s      117/s      118/s      119/s      120/s      121/s      122/s      123/s      124/s      125/s      126/s      127/s      128/s      129/s      130/s      131/s      132/s      133/s      134/s      135/s      136/s      137/s      138/s      150/s      154/s      162/s      167/s      171/s      224/s      228/s      229/s      230/s      231/s      232/s      233/s      234/s      235/s      236/s      237/s      245/s      246/s      247/s      249/s      250/s      252/s      253/s      262/s      263/s      294/s      296/s      297/s      298/s      299/s      301/s      302/s     IPI0/s     IPI1/s     IPI2/s     IPI3/s     IPI4/s     IPI5/s     IPI6/s      Err/s
17시 07분 02초    0       0.00       0.00       0.00      91.00       0.00       0.00       0.00       0.00       0.00       0.00       0.00       0.00       0.00       0.00       0.00       0.00       0.00       0.00       0.00       0.00       0.00       0.00       0.00       0.00       0.00       0.00       0.00       0.00       0.00       0.00       0.00       0.00       0.00       0.00       0.00       0.00       0.00       0.00       0.00       0.00       0.00       0.00       0.00       0.00       0.00       0.00       0.00       0.00       0.00       0.00       0.00       0.00       0.00       0.00       0.00       0.00       0.00       0.00       0.00       0.00       0.00       0.00       0.00       0.00       0.00       0.00       0.00       0.00       0.00       0.00       0.00       0.00       0.00       0.00       0.00       0.00       0.00       0.00       0.00       5.00       0.00       0.00       0.00       0.00       0.00       0.00       0.00       0.00       0.00       0.00       0.00       0.00       0.00       0.00       0.00       0.00       0.00       0.00       0.00       0.00       0.00       0.00       0.00       0.00       0.00      58.00       0.00       0.00       0.00       0.00       0.00       0.00       0.00       0.00       0.00       0.00       0.00       0.00       0.00       0.00       0.00       0.00       0.00       0.00       0.00       0.00       0.00       0.00       0.00       0.00       0.00       0.00       0.00       0.00      36.00       0.00      13.00       5.00       0.00       0.00       0.00       9.00       0.00       0.00
17시 07분 02초    1       0.00       0.00       0.00      45.00       0.00       0.00       0.00       0.00       0.00       0.00       0.00       0.00       0.00       0.00       0.00       0.00       0.00       0.00       0.00       0.00       0.00       0.00       0.00       0.00       0.00       0.00       0.00       0.00       0.00       0.00       0.00       0.00       0.00       0.00       0.00       0.00       0.00       0.00       0.00       0.00       0.00       0.00       0.00       0.00       0.00       0.00       0.00       0.00       0.00       0.00       0.00       0.00       0.00       0.00       0.00       0.00       0.00       0.00       0.00       0.00       0.00       0.00       0.00       0.00       0.00       0.00       0.00       0.00       0.00       0.00       0.00       0.00       0.00       0.00       0.00       0.00       0.00       0.00       0.00       0.00       0.00       0.00       0.00       0.00       0.00       0.00       0.00       0.00       0.00       0.00       0.00       0.00       0.00       0.00       0.00       0.00       0.00       0.00       0.00       0.00       0.00       0.00       0.00       0.00       0.00       0.00       0.00       0.00       0.00       0.00       0.00       0.00       0.00       0.00       0.00       0.00       0.00       0.00       0.00       0.00       0.00       0.00       0.00       0.00       0.00       0.00       0.00       0.00       0.00       0.00       0.00       0.00       0.00       0.00       0.00       0.00       1.00       2.00       0.00       0.00       0.00       2.00       0.00       0.00
17시 07분 02초    2       0.00       0.00       0.00      31.00       0.00       0.00       0.00       0.00       0.00       0.00       0.00       0.00       0.00       0.00       0.00       0.00       0.00       0.00       0.00       0.00       0.00       0.00       0.00       0.00       0.00       0.00       0.00       0.00       0.00       0.00       0.00       0.00       0.00       0.00       0.00       0.00       0.00       0.00       0.00       0.00       0.00       0.00       0.00       0.00       0.00       0.00       0.00       0.00       0.00       0.00       0.00       0.00       0.00       0.00       0.00       0.00       0.00       0.00       0.00       0.00       0.00       0.00       0.00       0.00       0.00       0.00       0.00       0.00       0.00       0.00       0.00       0.00       0.00       0.00       0.00       0.00       0.00       0.00       0.00       0.00       0.00       0.00       0.00       0.00       0.00       0.00       0.00       0.00       0.00       0.00       0.00       0.00       0.00       0.00       0.00       0.00       0.00       0.00       0.00       0.00       0.00       0.00       0.00       0.00       0.00       0.00       0.00       0.00       0.00       0.00       0.00       0.00       0.00       0.00       0.00       0.00       0.00       0.00       0.00       0.00       0.00       0.00       0.00       0.00       0.00       0.00       0.00       0.00       0.00       0.00       0.00       0.00       0.00       0.00       0.00       0.00      13.00       2.00       0.00       0.00       0.00       0.00       0.00       0.00
17시 07분 02초    3       0.00       0.00       0.00      43.00       0.00       0.00       0.00       0.00       0.00       0.00       0.00       0.00       0.00       0.00       0.00       0.00       0.00       0.00       0.00       0.00       0.00       0.00       0.00       0.00       0.00       0.00       0.00       0.00       0.00       0.00       0.00       0.00       0.00       0.00       0.00       0.00       0.00       0.00       0.00       0.00       0.00       0.00       0.00       0.00       0.00       0.00       0.00       0.00       0.00       0.00       0.00       0.00       0.00       0.00       0.00       0.00       0.00       0.00       0.00       0.00       0.00       0.00       0.00       0.00       0.00       0.00       0.00       0.00       0.00       0.00       0.00       0.00       0.00       0.00       0.00       0.00       0.00       0.00       0.00       0.00       0.00       0.00       0.00       0.00       0.00       0.00       0.00       0.00       0.00       0.00       0.00       0.00       0.00       0.00       0.00       0.00       0.00       0.00       0.00       0.00       0.00       0.00       0.00       0.00       0.00       0.00       0.00       0.00       0.00       0.00       0.00       0.00       0.00       0.00       0.00       0.00       0.00       0.00       0.00       0.00       0.00       0.00       0.00       0.00       0.00       0.00       0.00       0.00       0.00       0.00       0.00       0.00       0.00       0.00       0.00       0.00       3.00       0.00       0.00       0.00       0.00       1.00       0.00       0.00
17시 07분 02초    4       0.00       0.00       0.00      63.00       0.00       0.00       0.00       0.00       0.00       0.00       0.00       0.00       0.00       0.00       0.00       0.00       0.00       0.00       0.00       0.00       0.00       0.00       0.00       0.00       0.00       0.00       0.00       0.00       0.00       0.00       0.00       0.00       0.00       0.00       0.00       0.00       0.00       0.00       0.00       0.00       0.00       0.00       0.00       0.00       0.00       0.00       0.00       0.00       0.00       0.00       0.00       0.00       0.00       0.00       0.00       0.00       0.00       0.00       0.00       0.00       0.00       0.00       0.00       0.00       0.00       0.00       0.00       0.00       0.00       0.00       0.00       0.00       0.00       0.00       0.00       0.00       0.00       0.00       0.00       0.00       0.00       0.00       0.00       0.00       0.00       0.00       0.00       0.00       0.00       0.00       0.00       0.00       0.00       0.00       0.00       0.00       0.00       0.00       0.00       0.00       0.00       0.00       0.00       0.00       0.00       0.00       0.00       0.00       0.00       0.00       0.00       0.00       0.00       0.00       0.00       0.00       0.00       0.00       0.00       0.00       0.00       0.00       0.00       0.00       0.00       0.00       0.00       0.00       0.00       0.00       0.00       0.00       0.00       0.00       0.00       0.00      33.00       0.00       0.00       0.00       0.00       1.00       0.00       0.00
17시 07분 02초    5       0.00       0.00       0.00      53.00       0.00       0.00       0.00       0.00       0.00       0.00       0.00       0.00       0.00       0.00       0.00       0.00       0.00       0.00       0.00       0.00       0.00       0.00       0.00       0.00       0.00       0.00       0.00       0.00       0.00       0.00       0.00       0.00       0.00       0.00       0.00       0.00       0.00       0.00       0.00       0.00       0.00       0.00       0.00       0.00       0.00       0.00       0.00       0.00       0.00       0.00       0.00       0.00       0.00       0.00       0.00       0.00       0.00       0.00       0.00       0.00       0.00       0.00       0.00       0.00       0.00       0.00       0.00       0.00       0.00       0.00       0.00       0.00       0.00       0.00       0.00       0.00       0.00       0.00       0.00       0.00       0.00       0.00       0.00       0.00       0.00       0.00       0.00       0.00       0.00       0.00       0.00       0.00       0.00       0.00       0.00       0.00       0.00       0.00       0.00       0.00       0.00       0.00       0.00       0.00       0.00       0.00       0.00       0.00       0.00       0.00       0.00       0.00       0.00       0.00       0.00       0.00       0.00       0.00       0.00       0.00       0.00       0.00       0.00       0.00       0.00       0.00       0.00       0.00       0.00       0.00       0.00       0.00       0.00       0.00       0.00       0.00       5.00       0.00       0.00       0.00       0.00       1.00       0.00       0.00

17시 07분 01초  CPU       HI/s    TIMER/s   NET_TX/s   NET_RX/s    BLOCK/s IRQ_POLL/s  TASKLET/s    SCHED/s  HRTIMER/s      RCU/s
17시 07분 02초    0       0.00      18.00       0.00      33.00       0.00       0.00       0.00      40.00       0.00      36.00
17시 07분 02초    1       0.00      18.00       0.00       0.00       0.00       0.00       0.00      26.00       0.00      27.00
17시 07분 02초    2       0.00      21.00       0.00       0.00       0.00       0.00       0.00      18.00       0.00      20.00
17시 07분 02초    3       0.00      13.00       0.00       0.00       0.00       0.00       0.00      21.00       0.00      29.00
17시 07분 02초    4       0.00      31.00       0.00       0.00       0.00       0.00       0.00      32.00       0.00      30.00
17시 07분 02초    5       0.00       6.00       0.00       0.00       0.00       0.00       0.00      22.00       0.00      32.00

17시 07분 02초  CPU    %usr   %nice    %sys %iowait    %irq   %soft  %steal  %guest  %gnice   %idle
17시 07분 03초  all    0.17    0.00    1.51    0.00    0.00    0.00    0.00    0.00    0.00   98.33
17시 07분 03초    0    0.00    0.00    3.00    0.00    0.00    0.00    0.00    0.00    0.00   97.00
17시 07분 03초    1    0.00    0.00    1.01    0.00    0.00    0.00    0.00    0.00    0.00   98.99
17시 07분 03초    2    0.00    0.00    1.00    0.00    0.00    0.00    0.00    0.00    0.00   99.00
17시 07분 03초    3    0.00    0.00    2.02    0.00    0.00    0.00    0.00    0.00    0.00   97.98
17시 07분 03초    4    0.00    0.00    0.00    0.00    0.00    0.00    0.00    0.00    0.00  100.00
17시 07분 03초    5    1.00    0.00    2.00    0.00    0.00    0.00    0.00    0.00    0.00   97.00

17시 07분 02초  CPU    intr/s
17시 07분 03초  all    346.00
17시 07분 03초    0     91.00
17시 07분 03초    1     66.00
17시 07분 03초    2     67.00
17시 07분 03초    3     54.00
17시 07분 03초    4     81.00
17시 07분 03초    5     31.00

17시 07분 02초  CPU        9/s       11/s       12/s       13/s       18/s       20/s       21/s       22/s       23/s       24/s       25/s       26/s       27/s       28/s       29/s       30/s       31/s       32/s       33/s       34/s       35/s       36/s       37/s       38/s       39/s       40/s       41/s       42/s       43/s       44/s       45/s       46/s       47/s       48/s       49/s       50/s       51/s       52/s       53/s       54/s       55/s       57/s       59/s       61/s       65/s       66/s       67/s       68/s       69/s       70/s       71/s       72/s       73/s       74/s       75/s       76/s       77/s       79/s       80/s       81/s       82/s       83/s       84/s       85/s       86/s       87/s       88/s       89/s       90/s       91/s       92/s       93/s       94/s       95/s       96/s       97/s       98/s      112/s      113/s      114/s      115/s      116/s      117/s      118/s      119/s      120/s      121/s      122/s      123/s      124/s      125/s      126/s      127/s      128/s      129/s      130/s      131/s      132/s      133/s      134/s      135/s      136/s      137/s      138/s      150/s      154/s      162/s      167/s      171/s      224/s      228/s      229/s      230/s      231/s      232/s      233/s      234/s      235/s      236/s      237/s      245/s      246/s      247/s      249/s      250/s      252/s      253/s      262/s      263/s      294/s      296/s      297/s      298/s      299/s      301/s      302/s     IPI0/s     IPI1/s     IPI2/s     IPI3/s     IPI4/s     IPI5/s     IPI6/s      Err/s
17시 07분 03초    0       0.00       0.00       0.00      52.00       0.00       0.00       0.00       0.00       0.00       0.00       0.00       0.00       0.00       0.00       0.00       0.00       0.00       0.00       0.00       0.00       0.00       0.00       0.00       0.00       0.00       0.00       0.00       0.00       0.00       0.00       0.00       0.00       0.00       0.00       0.00       0.00       0.00       0.00       0.00       0.00       0.00       0.00       0.00       0.00       0.00       0.00       0.00       0.00       0.00       0.00       0.00       0.00       0.00       0.00       0.00       0.00       0.00       0.00       0.00       0.00       0.00       0.00       0.00       0.00       0.00       0.00       0.00       0.00       0.00       0.00       0.00       0.00       0.00       0.00       0.00       0.00       0.00       0.00       0.00       2.00       0.00       0.00       0.00       0.00       0.00       0.00       0.00       0.00       0.00       0.00       0.00       0.00       0.00       0.00       0.00       0.00       0.00       0.00       0.00       0.00       0.00       0.00       0.00       0.00       0.00      33.00       0.00       0.00       0.00       0.00       0.00       0.00       0.00       0.00       0.00       0.00       0.00       0.00       0.00       0.00       0.00       0.00       0.00       0.00       0.00       0.00       0.00       0.00       0.00       0.00       0.00       0.00       0.00       0.00      37.00       0.00       4.00       5.00       0.00       0.00       0.00       7.00       0.00       0.00
17시 07분 03초    1       0.00       0.00       0.00      41.00       0.00       0.00       0.00       0.00       0.00       0.00       0.00       0.00       0.00       0.00       0.00       0.00       0.00       0.00       0.00       0.00       0.00       0.00       0.00       0.00       0.00       0.00       0.00       0.00       0.00       0.00       0.00       0.00       0.00       0.00       0.00       0.00       0.00       0.00       0.00       0.00       0.00       0.00       0.00       0.00       0.00       0.00       0.00       0.00       0.00       0.00       0.00       0.00       0.00       0.00       0.00       0.00       0.00       0.00       0.00       0.00       0.00       0.00       0.00       0.00       0.00       0.00       0.00       0.00       0.00       0.00       0.00       0.00       0.00       0.00       0.00       0.00       0.00       0.00       0.00       0.00       0.00       0.00       0.00       0.00       0.00       0.00       0.00       0.00       0.00       0.00       0.00       0.00       0.00       0.00       0.00       0.00       0.00       0.00       0.00       0.00       0.00       0.00       0.00       0.00       0.00       0.00       0.00       0.00       0.00       0.00       0.00       0.00       0.00       0.00       0.00       0.00       0.00       0.00       0.00       0.00       0.00       0.00       0.00       0.00       0.00       0.00       0.00       0.00       0.00       0.00       0.00       0.00       0.00       0.00       0.00       0.00       2.00       0.00       0.00       0.00       0.00       1.00       0.00       0.00
17시 07분 03초    2       0.00       0.00       0.00      33.00       0.00       0.00       0.00       0.00       0.00       0.00       0.00       0.00       0.00       0.00       0.00       0.00       0.00       0.00       0.00       0.00       0.00       0.00       0.00       0.00       0.00       0.00       0.00       0.00       0.00       0.00       0.00       0.00       0.00       0.00       0.00       0.00       0.00       0.00       0.00       0.00       0.00       0.00       0.00       0.00       0.00       0.00       0.00       0.00       0.00       0.00       0.00       0.00       0.00       0.00       0.00       0.00       0.00       0.00       0.00       0.00       0.00       0.00       0.00       0.00       0.00       0.00       0.00       0.00       0.00       0.00       0.00       0.00       0.00       0.00       0.00       0.00       0.00       0.00       0.00       0.00       0.00       0.00       0.00       0.00       0.00       0.00       0.00       0.00       0.00       0.00       0.00       0.00       0.00       0.00       0.00       0.00       0.00       0.00       0.00       0.00       0.00       0.00       0.00       0.00       0.00       0.00       0.00       0.00       0.00       0.00       0.00       0.00       0.00       0.00       0.00       0.00       0.00       0.00       0.00       0.00       0.00       0.00       0.00       0.00       0.00       0.00       0.00       0.00       0.00       0.00       0.00       0.00       0.00       0.00       0.00       0.00      11.00       1.00       0.00       0.00       0.00       0.00       0.00       0.00
17시 07분 03초    3       0.00       0.00       0.00      40.00       0.00       0.00       0.00       0.00       0.00       0.00       0.00       0.00       0.00       0.00       0.00       0.00       0.00       0.00       0.00       0.00       0.00       0.00       0.00       0.00       0.00       0.00       0.00       0.00       0.00       0.00       0.00       0.00       0.00       0.00       0.00       0.00       0.00       0.00       0.00       0.00       0.00       0.00       0.00       0.00       0.00       0.00       0.00       0.00       0.00       0.00       0.00       0.00       0.00       0.00       0.00       0.00       0.00       0.00       0.00       0.00       0.00       0.00       0.00       0.00       0.00       0.00       0.00       0.00       0.00       0.00       0.00       0.00       0.00       0.00       0.00       0.00       0.00       0.00       0.00       0.00       0.00       0.00       0.00       0.00       0.00       0.00       0.00       0.00       0.00       0.00       0.00       0.00       0.00       0.00       0.00       0.00       0.00       0.00       0.00       0.00       0.00       0.00       0.00       0.00       0.00       0.00       0.00       0.00       0.00       0.00       0.00       0.00       0.00       0.00       0.00       0.00       0.00       0.00       0.00       0.00       0.00       0.00       0.00       0.00       0.00       0.00       0.00       0.00       0.00       0.00       0.00       0.00       0.00       0.00       0.00       0.00       1.00       0.00       0.00       0.00       0.00       0.00       0.00       0.00
17시 07분 03초    4       0.00       0.00       0.00      41.00       0.00       0.00       0.00       0.00       0.00       0.00       0.00       0.00       0.00       0.00       0.00       0.00       0.00       0.00       0.00       0.00       0.00       0.00       0.00       0.00       0.00       0.00       0.00       0.00       0.00       0.00       0.00       0.00       0.00       0.00       0.00       0.00       0.00       0.00       0.00       0.00       0.00       0.00       0.00       0.00       0.00       0.00       0.00       0.00       0.00       0.00       0.00       0.00       0.00       0.00       0.00       0.00       0.00       0.00       0.00       0.00       0.00       0.00       0.00       0.00       0.00       0.00       0.00       0.00       0.00       0.00       0.00       0.00       0.00       0.00       0.00       0.00       0.00       0.00       0.00       0.00       0.00       0.00       0.00       0.00       0.00       0.00       0.00       0.00       0.00       0.00       0.00       0.00       0.00       0.00       0.00       0.00       0.00       0.00       0.00       0.00       0.00       0.00       0.00       0.00       0.00       0.00       0.00       0.00       0.00       0.00       0.00       0.00       0.00       0.00       0.00       0.00       0.00       0.00       0.00       0.00       0.00       0.00       0.00       0.00       0.00       0.00       0.00       0.00       0.00       0.00       0.00       0.00       0.00       0.00       0.00       0.00       4.00       0.00       0.00       0.00       0.00       0.00       0.00       0.00
17시 07분 03초    5       0.00       0.00       0.00      29.00       0.00       0.00       0.00       0.00       0.00       0.00       0.00       0.00       0.00       0.00       0.00       0.00       0.00       0.00       0.00       0.00       0.00       0.00       0.00       0.00       0.00       0.00       0.00       0.00       0.00       0.00       0.00       0.00       0.00       0.00       0.00       0.00       0.00       0.00       0.00       0.00       0.00       0.00       0.00       0.00       0.00       0.00       0.00       0.00       0.00       0.00       0.00       0.00       0.00       0.00       0.00       0.00       0.00       0.00       0.00       0.00       0.00       0.00       0.00       0.00       0.00       0.00       0.00       0.00       0.00       0.00       0.00       0.00       0.00       0.00       0.00       0.00       0.00       0.00       0.00       0.00       0.00       0.00       0.00       0.00       0.00       0.00       0.00       0.00       0.00       0.00       0.00       0.00       0.00       0.00       0.00       0.00       0.00       0.00       0.00       0.00       0.00       0.00       0.00       0.00       0.00       0.00       0.00       0.00       0.00       0.00       0.00       0.00       0.00       0.00       0.00       0.00       0.00       0.00       0.00       0.00       0.00       0.00       0.00       0.00       0.00       0.00       0.00       0.00       0.00       0.00       0.00       0.00       0.00       0.00       0.00       0.00       0.00       0.00       0.00       0.00       0.00       0.00       0.00       0.00

17시 07분 02초  CPU       HI/s    TIMER/s   NET_TX/s   NET_RX/s    BLOCK/s IRQ_POLL/s  TASKLET/s    SCHED/s  HRTIMER/s      RCU/s
17시 07분 03초    0       0.00      10.00       1.00      34.00       0.00       0.00       0.00      26.00       0.00      20.00
17시 07분 03초    1       0.00      18.00       0.00       0.00       0.00       0.00       0.00      26.00       0.00      22.00
17시 07분 03초    2       0.00      26.00       0.00       0.00       0.00       0.00       0.00      23.00       0.00      18.00
17시 07분 03초    3       0.00      11.00       0.00       0.00       0.00       0.00       0.00      19.00       0.00      24.00
17시 07분 03초    4       0.00      32.00       0.00       0.00       0.00       0.00       0.00      31.00       0.00      18.00
17시 07분 03초    5       0.00       2.00       0.00       0.00       0.00       0.00       0.00      12.00       0.00      17.00

17시 07분 03초  CPU    %usr   %nice    %sys %iowait    %irq   %soft  %steal  %guest  %gnice   %idle
17시 07분 04초  all    1.00    0.00    1.33    0.00    0.17    0.00    0.00    0.00    0.00   97.51
17시 07분 04초    0    1.00    0.00    2.00    0.00    1.00    0.00    0.00    0.00    0.00   96.00
17시 07분 04초    1    1.98    0.00    0.99    0.00    0.00    0.00    0.00    0.00    0.00   97.03
17시 07분 04초    2    0.00    0.00    1.00    0.00    0.00    0.00    0.00    0.00    0.00   99.00
17시 07분 04초    3    1.00    0.00    2.00    0.00    0.00    0.00    0.00    0.00    0.00   97.00
17시 07분 04초    4    0.00    0.00    0.00    0.00    0.00    0.00    0.00    0.00    0.00  100.00
17시 07분 04초    5    1.98    0.00    1.98    0.00    0.00    0.00    0.00    0.00    0.00   96.04

17시 07분 03초  CPU    intr/s
17시 07분 04초  all    287.00
17시 07분 04초    0     72.00
17시 07분 04초    1     68.00
17시 07분 04초    2     58.00
17시 07분 04초    3     55.00
17시 07분 04초    4     75.00
17시 07분 04초    5     39.00

17시 07분 03초  CPU        9/s       11/s       12/s       13/s       18/s       20/s       21/s       22/s       23/s       24/s       25/s       26/s       27/s       28/s       29/s       30/s       31/s       32/s       33/s       34/s       35/s       36/s       37/s       38/s       39/s       40/s       41/s       42/s       43/s       44/s       45/s       46/s       47/s       48/s       49/s       50/s       51/s       52/s       53/s       54/s       55/s       57/s       59/s       61/s       65/s       66/s       67/s       68/s       69/s       70/s       71/s       72/s       73/s       74/s       75/s       76/s       77/s       79/s       80/s       81/s       82/s       83/s       84/s       85/s       86/s       87/s       88/s       89/s       90/s       91/s       92/s       93/s       94/s       95/s       96/s       97/s       98/s      112/s      113/s      114/s      115/s      116/s      117/s      118/s      119/s      120/s      121/s      122/s      123/s      124/s      125/s      126/s      127/s      128/s      129/s      130/s      131/s      132/s      133/s      134/s      135/s      136/s      137/s      138/s      150/s      154/s      162/s      167/s      171/s      224/s      228/s      229/s      230/s      231/s      232/s      233/s      234/s      235/s      236/s      237/s      245/s      246/s      247/s      249/s      250/s      252/s      253/s      262/s      263/s      294/s      296/s      297/s      298/s      299/s      301/s      302/s     IPI0/s     IPI1/s     IPI2/s     IPI3/s     IPI4/s     IPI5/s     IPI6/s      Err/s
17시 07분 04초    0       0.00       0.00       0.00      49.00       0.00       0.00       0.00       0.00       0.00       0.00       0.00       0.00       0.00       0.00       0.00       0.00       0.00       0.00       0.00       0.00       0.00       0.00       0.00       0.00       0.00       0.00       0.00       0.00       0.00       0.00       0.00       0.00       0.00       0.00       0.00       0.00       0.00       0.00       0.00       0.00       0.00       0.00       0.00       0.00       0.00       0.00       0.00       0.00       0.00       0.00       0.00       0.00       0.00       0.00       0.00       0.00       0.00       0.00       0.00       0.00       0.00       0.00       0.00       0.00       0.00       0.00       0.00       0.00       0.00       0.00       0.00       0.00       0.00       0.00       0.00       0.00       0.00       0.00       0.00       1.00       0.00       0.00       0.00       0.00       0.00       0.00       0.00       0.00       0.00       0.00       0.00       0.00       0.00       0.00       0.00       0.00       0.00       0.00       0.00       0.00       0.00       0.00       0.00       0.00       0.00      18.00       0.00       0.00       0.00       0.00       0.00       0.00       0.00       0.00       0.00       0.00       0.00       0.00       0.00       0.00       0.00       0.00       0.00       0.00       0.00       0.00       0.00       0.00       0.00       0.00       0.00       0.00       0.00       0.00      12.00       0.00       4.00       4.00       0.00       0.00       0.00       3.00       0.00       0.00
17시 07분 04초    1       0.00       0.00       0.00      42.00       0.00       0.00       0.00       0.00       0.00       0.00       0.00       0.00       0.00       0.00       0.00       0.00       0.00       0.00       0.00       0.00       0.00       0.00       0.00       0.00       0.00       0.00       0.00       0.00       0.00       0.00       0.00       0.00       0.00       0.00       0.00       0.00       0.00       0.00       0.00       0.00       0.00       0.00       0.00       0.00       0.00       0.00       0.00       0.00       0.00       0.00       0.00       0.00       0.00       0.00       0.00       0.00       0.00       0.00       0.00       0.00       0.00       0.00       0.00       0.00       0.00       0.00       0.00       0.00       0.00       0.00       0.00       0.00       0.00       0.00       0.00       0.00       0.00       0.00       0.00       0.00       0.00       0.00       0.00       0.00       0.00       0.00       0.00       0.00       0.00       0.00       0.00       0.00       0.00       0.00       0.00       0.00       0.00       0.00       0.00       0.00       0.00       0.00       0.00       0.00       0.00       0.00       0.00       0.00       0.00       0.00       0.00       0.00       0.00       0.00       0.00       0.00       0.00       0.00       0.00       0.00       0.00       0.00       0.00       0.00       0.00       0.00       0.00       0.00       0.00       0.00       0.00       0.00       0.00       0.00       0.00       0.00       1.00       2.00       0.00       0.00       0.00       0.00       0.00       0.00
17시 07분 04초    2       0.00       0.00       0.00      28.00       0.00       0.00       0.00       0.00       0.00       0.00       0.00       0.00       0.00       0.00       0.00       0.00       0.00       0.00       0.00       0.00       0.00       0.00       0.00       0.00       0.00       0.00       0.00       0.00       0.00       0.00       0.00       0.00       0.00       0.00       0.00       0.00       0.00       0.00       0.00       0.00       0.00       0.00       0.00       0.00       0.00       0.00       0.00       0.00       0.00       0.00       0.00       0.00       0.00       0.00       0.00       0.00       0.00       0.00       0.00       0.00       0.00       0.00       0.00       0.00       0.00       0.00       0.00       0.00       0.00       0.00       0.00       0.00       0.00       0.00       0.00       0.00       0.00       0.00       0.00       0.00       0.00       0.00       0.00       0.00       0.00       0.00       0.00       0.00       0.00       0.00       0.00       0.00       0.00       0.00       0.00       0.00       0.00       0.00       0.00       0.00       0.00       0.00       0.00       0.00       0.00       0.00       0.00       0.00       0.00       0.00       0.00       0.00       0.00       0.00       0.00       0.00       0.00       0.00       0.00       0.00       0.00       0.00       0.00       0.00       0.00       0.00       0.00       0.00       0.00       0.00       0.00       0.00       0.00       0.00       0.00       0.00      12.00       1.00       0.00       0.00       0.00       0.00       0.00       0.00
17시 07분 04초    3       0.00       0.00       0.00      39.00       0.00       0.00       0.00       0.00       0.00       0.00       0.00       0.00       0.00       0.00       0.00       0.00       0.00       0.00       0.00       0.00       0.00       0.00       0.00       0.00       0.00       0.00       0.00       0.00       0.00       0.00       0.00       0.00       0.00       0.00       0.00       0.00       0.00       0.00       0.00       0.00       0.00       0.00       0.00       0.00       0.00       0.00       0.00       0.00       0.00       0.00       0.00       0.00       0.00       0.00       0.00       0.00       0.00       0.00       0.00       0.00       0.00       0.00       0.00       0.00       0.00       0.00       0.00       0.00       0.00       0.00       0.00       0.00       0.00       0.00       0.00       0.00       0.00       0.00       0.00       0.00       0.00       0.00       0.00       0.00       0.00       0.00       0.00       0.00       0.00       0.00       0.00       0.00       0.00       0.00       0.00       0.00       0.00       0.00       0.00       0.00       0.00       0.00       0.00       0.00       0.00       0.00       0.00       0.00       0.00       0.00       0.00       0.00       0.00       0.00       0.00       0.00       0.00       0.00       0.00       0.00       0.00       0.00       0.00       0.00       0.00       0.00       0.00       0.00       0.00       0.00       0.00       0.00       0.00       0.00       0.00       0.00       0.00       0.00       0.00       0.00       0.00       0.00       0.00       0.00
17시 07분 04초    4       0.00       0.00       0.00      36.00       0.00       0.00       0.00       0.00       0.00       0.00       0.00       0.00       0.00       0.00       0.00       0.00       0.00       0.00       0.00       0.00       0.00       0.00       0.00       0.00       0.00       0.00       0.00       0.00       0.00       0.00       0.00       0.00       0.00       0.00       0.00       0.00       0.00       0.00       0.00       0.00       0.00       0.00       0.00       0.00       0.00       0.00       0.00       0.00       0.00       0.00       0.00       0.00       0.00       0.00       0.00       0.00       0.00       0.00       0.00       0.00       0.00       0.00       0.00       0.00       0.00       0.00       0.00       0.00       0.00       0.00       0.00       0.00       0.00       0.00       0.00       0.00       0.00       0.00       0.00       0.00       0.00       0.00       0.00       0.00       0.00       0.00       0.00       0.00       0.00       0.00       0.00       0.00       0.00       0.00       0.00       0.00       0.00       0.00       0.00       0.00       0.00       0.00       0.00       0.00       0.00       0.00       0.00       0.00       0.00       0.00       0.00       0.00       0.00       0.00       0.00       0.00       0.00       0.00       0.00       0.00       0.00       0.00       0.00       0.00       0.00       0.00       0.00       0.00       0.00       0.00       0.00       0.00       0.00       0.00       0.00       0.00       2.00       0.00       0.00       0.00       0.00       0.00       0.00       0.00
17시 07분 04초    5       0.00       0.00       0.00      31.00       0.00       0.00       0.00       0.00       0.00       0.00       0.00       0.00       0.00       0.00       0.00       0.00       0.00       0.00       0.00       0.00       0.00       0.00       0.00       0.00       0.00       0.00       0.00       0.00       0.00       0.00       0.00       0.00       0.00       0.00       0.00       0.00       0.00       0.00       0.00       0.00       0.00       0.00       0.00       0.00       0.00       0.00       0.00       0.00       0.00       0.00       0.00       0.00       0.00       0.00       0.00       0.00       0.00       0.00       0.00       0.00       0.00       0.00       0.00       0.00       0.00       0.00       0.00       0.00       0.00       0.00       0.00       0.00       0.00       0.00       0.00       0.00       0.00       0.00       0.00       0.00       0.00       0.00       0.00       0.00       0.00       0.00       0.00       0.00       0.00       0.00       0.00       0.00       0.00       0.00       0.00       0.00       0.00       0.00       0.00       0.00       0.00       0.00       0.00       0.00       0.00       0.00       0.00       0.00       0.00       0.00       0.00       0.00       0.00       0.00       0.00       0.00       0.00       0.00       0.00       0.00       0.00       0.00       0.00       0.00       0.00       0.00       0.00       0.00       0.00       0.00       0.00       0.00       0.00       0.00       0.00       0.00       1.00       0.00       0.00       0.00       0.00       0.00       0.00       0.00

17시 07분 03초  CPU       HI/s    TIMER/s   NET_TX/s   NET_RX/s    BLOCK/s IRQ_POLL/s  TASKLET/s    SCHED/s  HRTIMER/s      RCU/s
17시 07분 04초    0       0.00      12.00       0.00      11.00       0.00       0.00       0.00      23.00       0.00      26.00
17시 07분 04초    1       0.00      20.00       0.00       0.00       0.00       0.00       0.00      27.00       0.00      21.00
17시 07분 04초    2       0.00      21.00       0.00       0.00       0.00       0.00       0.00      18.00       0.00      19.00
17시 07분 04초    3       0.00      11.00       0.00       0.00       0.00       0.00       0.00      19.00       0.00      25.00
17시 07분 04초    4       0.00      32.00       0.00       0.00       0.00       0.00       0.00      31.00       0.00      12.00
17시 07분 04초    5       0.00       6.00       0.00       0.00       0.00       0.00       0.00      13.00       0.00      20.00

17시 07분 04초  CPU    %usr   %nice    %sys %iowait    %irq   %soft  %steal  %guest  %gnice   %idle
17시 07분 05초  all    0.17    0.00    4.02    0.00    0.00    0.00    0.00    0.00    0.00   95.81
17시 07분 05초    0    1.00    0.00    2.00    0.00    0.00    0.00    0.00    0.00    0.00   97.00
17시 07분 05초    1    0.00    0.00    3.00    0.00    0.00    0.00    0.00    0.00    0.00   97.00
17시 07분 05초    2    0.00    0.00    0.00    0.00    0.00    0.00    0.00    0.00    0.00  100.00
17시 07분 05초    3    0.00    0.00    2.00    0.00    0.00    0.00    0.00    0.00    0.00   98.00
17시 07분 05초    4    0.00    0.00   14.14    0.00    0.00    0.00    0.00    0.00    0.00   85.86
17시 07분 05초    5    0.00    0.00    3.03    0.00    0.00    0.00    0.00    0.00    0.00   96.97

17시 07분 04초  CPU    intr/s
17시 07분 05초  all    977.00
17시 07분 05초    0    100.00
17시 07분 05초    1     71.00
17시 07분 05초    2     76.00
17시 07분 05초    3     23.00
17시 07분 05초    4    160.00
17시 07분 05초    5     75.00

17시 07분 04초  CPU        9/s       11/s       12/s       13/s       18/s       20/s       21/s       22/s       23/s       24/s       25/s       26/s       27/s       28/s       29/s       30/s       31/s       32/s       33/s       34/s       35/s       36/s       37/s       38/s       39/s       40/s       41/s       42/s       43/s       44/s       45/s       46/s       47/s       48/s       49/s       50/s       51/s       52/s       53/s       54/s       55/s       57/s       59/s       61/s       65/s       66/s       67/s       68/s       69/s       70/s       71/s       72/s       73/s       74/s       75/s       76/s       77/s       79/s       80/s       81/s       82/s       83/s       84/s       85/s       86/s       87/s       88/s       89/s       90/s       91/s       92/s       93/s       94/s       95/s       96/s       97/s       98/s      112/s      113/s      114/s      115/s      116/s      117/s      118/s      119/s      120/s      121/s      122/s      123/s      124/s      125/s      126/s      127/s      128/s      129/s      130/s      131/s      132/s      133/s      134/s      135/s      136/s      137/s      138/s      150/s      154/s      162/s      167/s      171/s      224/s      228/s      229/s      230/s      231/s      232/s      233/s      234/s      235/s      236/s      237/s      245/s      246/s      247/s      249/s      250/s      252/s      253/s      262/s      263/s      294/s      296/s      297/s      298/s      299/s      301/s      302/s     IPI0/s     IPI1/s     IPI2/s     IPI3/s     IPI4/s     IPI5/s     IPI6/s      Err/s
17시 07분 05초    0       0.00       0.00       0.00      76.00       0.00       0.00       0.00       0.00       0.00       0.00       0.00       0.00       0.00       0.00       0.00       0.00       0.00       0.00       0.00       0.00       0.00       0.00       0.00       0.00       0.00       0.00       0.00       0.00       0.00       0.00       0.00       0.00       0.00       0.00       0.00       0.00       0.00       0.00       0.00       0.00       0.00       0.00       0.00       0.00       0.00       0.00     248.00       0.00       0.00       0.00       0.00       0.00       0.00       0.00       0.00       0.00       0.00       0.00       0.00       0.00       0.00       0.00       0.00       0.00       0.00       0.00       0.00       0.00       0.00       0.00       0.00       0.00       0.00       0.00       0.00       0.00       0.00       0.00       0.00       0.00       0.00       0.00       0.00       0.00       0.00       0.00       0.00       0.00       0.00       0.00       0.00       0.00       0.00       0.00       0.00       0.00       0.00       0.00       0.00       0.00       0.00       0.00       0.00       0.00       0.00      39.00       0.00       0.00       0.00       0.00       0.00       0.00       0.00       0.00       0.00       0.00       0.00       0.00       0.00       0.00       0.00       0.00       0.00       0.00       0.00       0.00       0.00       0.00       0.00       0.00       0.00       0.00       0.00       0.00      24.00       0.00      23.00       8.00       0.00       0.00       0.00       3.00       0.00       0.00
17시 07분 05초    1       0.00       0.00       0.00      49.00       0.00       0.00       0.00       0.00       0.00       0.00       0.00       0.00       0.00       0.00       0.00       0.00       0.00       0.00       0.00       0.00       0.00       0.00       0.00       0.00       0.00       0.00       0.00       0.00       0.00       0.00       0.00       0.00       0.00       0.00       0.00       0.00       0.00       0.00       0.00       0.00       0.00       0.00       0.00       0.00       0.00       0.00       0.00       0.00       0.00       0.00       0.00       0.00       0.00       0.00       0.00       0.00       0.00       0.00       0.00       0.00       0.00       0.00       0.00       0.00       0.00       0.00       0.00       0.00       0.00       0.00       0.00       0.00       0.00       0.00       0.00       0.00       0.00       0.00       0.00       0.00       0.00       0.00       0.00       0.00       0.00       0.00       0.00       0.00       0.00       0.00       0.00       0.00       0.00       0.00       0.00       0.00       0.00       0.00       0.00       0.00       0.00       0.00       0.00       0.00       0.00       0.00       0.00       0.00       0.00       0.00       0.00       0.00       0.00       0.00       0.00       0.00       0.00       0.00       0.00       0.00       0.00       0.00       0.00       0.00       0.00       0.00       0.00       0.00       0.00       0.00       0.00       0.00       0.00       0.00       0.00       0.00       1.00       1.00       0.00       0.00       0.00       2.00       0.00       0.00
17시 07분 05초    2       0.00       0.00       0.00      38.00       0.00       0.00       0.00       0.00       0.00       0.00       0.00       0.00       0.00       0.00       0.00       0.00       0.00       0.00       0.00       0.00       0.00       0.00       0.00       0.00       0.00       0.00       0.00       0.00       0.00       0.00       0.00       0.00       0.00       0.00       0.00       0.00       0.00       0.00       0.00       0.00       0.00       0.00       0.00       0.00       0.00       0.00       0.00       0.00       0.00       0.00       0.00       0.00       0.00       0.00       0.00       0.00       0.00       0.00       0.00       0.00       0.00       0.00       0.00       0.00       0.00       0.00       0.00       0.00       0.00       0.00       0.00       0.00       0.00       0.00       0.00       0.00       0.00       0.00       0.00       0.00       0.00       0.00       0.00       0.00       0.00       0.00       0.00       0.00       0.00       0.00       0.00       0.00       0.00       0.00       0.00       0.00       0.00       0.00       0.00       0.00       0.00       0.00       0.00       0.00       0.00       0.00       0.00       0.00       0.00       0.00       0.00       0.00       0.00       0.00       0.00       0.00       0.00       0.00       0.00       0.00       0.00       0.00       0.00       0.00       0.00       0.00       0.00       0.00       0.00       0.00       0.00       0.00       0.00       0.00       0.00       0.00      14.00       4.00       0.00       0.00       0.00       1.00       0.00       0.00
17시 07분 05초    3       0.00       0.00       0.00      26.00       0.00       0.00       0.00       0.00       0.00       0.00       0.00       0.00       0.00       0.00       0.00       0.00       0.00       0.00       0.00       0.00       0.00       0.00       0.00       0.00       0.00       0.00       0.00       0.00       0.00       0.00       0.00       0.00       0.00       0.00       0.00       0.00       0.00       0.00       0.00       0.00       0.00       0.00       0.00       0.00       0.00       0.00       0.00       0.00       0.00       0.00       0.00       0.00       0.00       0.00       0.00       0.00       0.00       0.00       0.00       0.00       0.00       0.00       0.00       0.00       0.00       0.00       0.00       0.00       0.00       0.00       0.00       0.00       0.00       0.00       0.00       0.00       0.00       0.00       0.00       0.00       0.00       0.00       0.00       0.00       0.00       0.00       0.00       0.00       0.00       0.00       0.00       0.00       0.00       0.00       0.00       0.00       0.00       0.00       0.00       0.00       0.00       0.00       0.00       0.00       0.00       0.00       0.00       0.00       0.00       0.00       0.00       0.00       0.00       0.00       0.00       0.00       0.00       0.00       0.00       0.00       0.00       0.00       0.00       0.00       0.00       0.00       0.00       0.00       0.00       0.00       0.00       0.00       0.00       0.00       0.00       0.00       2.00       0.00       0.00       0.00       0.00       0.00       0.00       0.00
17시 07분 05초    4       0.00       0.00       0.00     106.00       0.00       0.00       0.00       0.00       0.00       0.00       0.00       0.00       0.00       0.00       0.00       0.00       0.00       0.00       0.00       0.00       0.00       0.00       0.00       0.00       0.00       0.00       0.00       0.00       0.00       0.00       0.00       0.00       0.00       0.00       0.00       0.00       0.00       0.00       0.00       0.00       0.00       0.00       0.00       0.00       0.00       0.00       0.00       0.00       0.00       0.00       0.00       0.00       0.00       0.00       0.00       0.00       0.00       0.00       0.00       0.00       0.00       0.00       0.00       0.00       0.00       0.00       0.00       0.00       0.00       0.00       0.00       0.00       0.00       0.00       0.00       0.00       0.00       0.00       0.00       0.00       0.00       0.00       0.00       0.00       0.00       0.00       0.00       0.00       0.00       0.00       0.00       0.00       0.00       0.00       0.00       0.00       0.00       0.00       0.00       0.00       0.00       0.00       0.00       0.00       0.00       0.00       0.00       0.00       0.00       0.00       0.00       0.00       0.00       0.00       0.00       0.00       0.00       0.00       0.00       0.00       0.00       0.00       0.00       0.00       0.00       0.00       0.00       0.00       0.00       0.00       0.00       0.00       0.00       0.00       0.00       0.00     242.00       0.00       0.00       0.00       0.00      14.00       0.00       0.00
17시 07분 05초    5       0.00       0.00       0.00      50.00       0.00       0.00       0.00       0.00       0.00       0.00       0.00       0.00       0.00       0.00       0.00       0.00       0.00       0.00       0.00       0.00       0.00       0.00       0.00       0.00       0.00       0.00       0.00       0.00       0.00       0.00       0.00       0.00       0.00       0.00       0.00       0.00       0.00       0.00       0.00       0.00       0.00       0.00       0.00       0.00       0.00       0.00       0.00       0.00       0.00       0.00       0.00       0.00       0.00       0.00       0.00       0.00       0.00       0.00       0.00       0.00       0.00       0.00       0.00       0.00       0.00       0.00       0.00       0.00       0.00       0.00       0.00       0.00       0.00       0.00       0.00       0.00       0.00       0.00       0.00       0.00       0.00       0.00       0.00       0.00       0.00       0.00       0.00       0.00       0.00       0.00       0.00       0.00       0.00       0.00       0.00       0.00       0.00       0.00       0.00       0.00       0.00       0.00       0.00       0.00       0.00       0.00       0.00       0.00       0.00       0.00       0.00       0.00       0.00       0.00       0.00       0.00       0.00       0.00       0.00       0.00       0.00       0.00       0.00       0.00       0.00       0.00       0.00       0.00       0.00       0.00       0.00       0.00       0.00       0.00       0.00       0.00       6.00       0.00       0.00       0.00       0.00       0.00       0.00       0.00

17시 07분 04초  CPU       HI/s    TIMER/s   NET_TX/s   NET_RX/s    BLOCK/s IRQ_POLL/s  TASKLET/s    SCHED/s  HRTIMER/s      RCU/s
17시 07분 05초    0       0.00      14.00       0.00      22.00       1.00       0.00       0.00      36.00       0.00      27.00
17시 07분 05초    1       0.00      19.00       0.00       0.00       0.00       0.00       0.00      27.00       0.00      25.00
17시 07분 05초    2       0.00      28.00       0.00       0.00       0.00       0.00       0.00      27.00       0.00      21.00
17시 07분 05초    3       0.00       0.00       0.00       0.00       0.00       0.00       0.00       7.00       0.00      16.00
17시 07분 05초    4       0.00      22.00       0.00       0.00      39.00       0.00       0.00      65.00       0.00      34.00
17시 07분 05초    5       0.00      20.00       0.00       0.00       0.00       0.00       0.00      26.00       0.00      29.00

17시 07분 05초  CPU    %usr   %nice    %sys %iowait    %irq   %soft  %steal  %guest  %gnice   %idle
17시 07분 06초  all    0.67    0.00    3.83    0.50    0.00    0.00    0.00    0.00    0.00   95.01
17시 07분 06초    0    0.00    0.00   16.00    1.00    0.00    0.00    0.00    0.00    0.00   83.00
17시 07분 06초    1    1.01    0.00    1.01    2.02    0.00    0.00    0.00    0.00    0.00   95.96
17시 07분 06초    2    0.99    0.00    0.99    0.00    0.00    0.00    0.00    0.00    0.00   98.02
17시 07분 06초    3    1.00    0.00    2.00    0.00    0.00    0.00    0.00    0.00    0.00   97.00
17시 07분 06초    4    0.00    0.00    0.00    0.00    0.00    0.00    0.00    0.00    0.00  100.00
17시 07분 06초    5    0.99    0.00    2.97    0.00    0.00    0.00    0.00    0.00    0.00   96.04

17시 07분 05초  CPU    intr/s
17시 07분 06초  all    736.00
17시 07분 06초    0    134.00
17시 07분 06초    1     84.00
17시 07분 06초    2     80.00
17시 07분 06초    3     43.00
17시 07분 06초    4     79.00
17시 07분 06초    5     34.00

17시 07분 05초  CPU        9/s       11/s       12/s       13/s       18/s       20/s       21/s       22/s       23/s       24/s       25/s       26/s       27/s       28/s       29/s       30/s       31/s       32/s       33/s       34/s       35/s       36/s       37/s       38/s       39/s       40/s       41/s       42/s       43/s       44/s       45/s       46/s       47/s       48/s       49/s       50/s       51/s       52/s       53/s       54/s       55/s       57/s       59/s       61/s       65/s       66/s       67/s       68/s       69/s       70/s       71/s       72/s       73/s       74/s       75/s       76/s       77/s       79/s       80/s       81/s       82/s       83/s       84/s       85/s       86/s       87/s       88/s       89/s       90/s       91/s       92/s       93/s       94/s       95/s       96/s       97/s       98/s      112/s      113/s      114/s      115/s      116/s      117/s      118/s      119/s      120/s      121/s      122/s      123/s      124/s      125/s      126/s      127/s      128/s      129/s      130/s      131/s      132/s      133/s      134/s      135/s      136/s      137/s      138/s      150/s      154/s      162/s      167/s      171/s      224/s      228/s      229/s      230/s      231/s      232/s      233/s      234/s      235/s      236/s      237/s      245/s      246/s      247/s      249/s      250/s      252/s      253/s      262/s      263/s      294/s      296/s      297/s      298/s      299/s      301/s      302/s     IPI0/s     IPI1/s     IPI2/s     IPI3/s     IPI4/s     IPI5/s     IPI6/s      Err/s
17시 07분 06초    0       0.00       0.00       0.00      89.00       0.00       0.00       0.00       0.00       0.00       0.00       0.00       0.00       0.00       0.00       0.00       0.00       0.00       0.00       0.00       0.00       0.00       0.00       0.00       0.00       0.00       0.00       0.00       0.00       0.00       0.00       0.00       0.00       0.00       0.00       0.00       0.00       0.00       0.00       0.00       0.00       0.00       0.00       0.00       0.00       0.00       0.00     134.00       0.00       0.00       0.00       0.00       0.00       0.00       0.00       0.00       0.00       0.00       0.00       0.00       0.00       0.00       0.00       0.00       0.00       0.00       0.00       0.00       0.00       0.00       0.00       0.00       0.00       0.00       0.00       0.00       0.00       0.00      83.00       0.00       0.00       0.00       0.00       0.00       0.00       0.00       0.00       0.00       0.00       0.00       0.00       0.00       0.00       0.00       0.00       0.00       0.00       0.00       0.00       0.00       0.00       0.00       0.00       0.00       0.00       0.00      49.00       0.00       0.00       0.00       1.00       0.00       0.00       0.00       0.00       0.00       0.00       0.00       0.00       0.00       0.00       0.00       0.00       0.00       0.00       0.00       0.00       0.00       0.00       0.00       0.00       0.00       0.00       0.00       0.00      29.00       0.00       9.00       3.00       0.00       0.00       0.00      14.00       0.00       0.00
17시 07분 06초    1       0.00       0.00       0.00      53.00       0.00       0.00       0.00       0.00       0.00       0.00       0.00       0.00       0.00       0.00       0.00       0.00       0.00       0.00       0.00       0.00       0.00       0.00       0.00       0.00       0.00       0.00       0.00       0.00       0.00       0.00       0.00       0.00       0.00       0.00       0.00       0.00       0.00       0.00       0.00       0.00       0.00       0.00       0.00       0.00       0.00       0.00       0.00       0.00       0.00       0.00       0.00       0.00       0.00       0.00       0.00       0.00       0.00       0.00       0.00       0.00       0.00       0.00       0.00       0.00       0.00       0.00       0.00       0.00       0.00       0.00       0.00       0.00       0.00       0.00       0.00       0.00       0.00       0.00       0.00       0.00       0.00       0.00       0.00       0.00       0.00       0.00       0.00       0.00       0.00       0.00       0.00       0.00       0.00       0.00       0.00       0.00       0.00       0.00       0.00       0.00       0.00       0.00       0.00       0.00       0.00       0.00       0.00       0.00       0.00       0.00       0.00       0.00       0.00       0.00       0.00       0.00       0.00       0.00       0.00       0.00       0.00       0.00       0.00       0.00       0.00       0.00       0.00       0.00       0.00       0.00       0.00       0.00       0.00       0.00       0.00       0.00       8.00      10.00       0.00       0.00       0.00       0.00       0.00       0.00
17시 07분 06초    2       0.00       0.00       0.00      44.00       0.00       0.00       0.00       0.00       0.00       0.00       0.00       0.00       0.00       0.00       0.00       0.00       0.00       0.00       0.00       0.00       0.00       0.00       0.00       0.00       0.00       0.00       0.00       0.00       0.00       0.00       0.00       0.00       0.00       0.00       0.00       0.00       0.00       0.00       0.00       0.00       0.00       0.00       0.00       0.00       0.00       0.00       0.00       0.00       0.00       0.00       0.00       0.00       0.00       0.00       0.00       0.00       0.00       0.00       0.00       0.00       0.00       0.00       0.00       0.00       0.00       0.00       0.00       0.00       0.00       0.00       0.00       0.00       0.00       0.00       0.00       0.00       0.00       0.00       0.00       0.00       0.00       0.00       0.00       0.00       0.00       0.00       0.00       0.00       0.00       0.00       0.00       0.00       0.00       0.00       0.00       0.00       0.00       0.00       0.00       0.00       0.00       0.00       0.00       0.00       0.00       0.00       0.00       0.00       0.00       0.00       0.00       0.00       0.00       0.00       0.00       0.00       0.00       0.00       0.00       0.00       0.00       0.00       0.00       0.00       0.00       0.00       0.00       0.00       0.00       0.00       0.00       0.00       0.00       0.00       0.00       0.00       8.00       3.00       0.00       0.00       0.00       1.00       0.00       0.00
17시 07분 06초    3       0.00       0.00       0.00      35.00       0.00       0.00       0.00       0.00       0.00       0.00       0.00       0.00       0.00       0.00       0.00       0.00       0.00       0.00       0.00       0.00       0.00       0.00       0.00       0.00       0.00       0.00       0.00       0.00       0.00       0.00       0.00       0.00       0.00       0.00       0.00       0.00       0.00       0.00       0.00       0.00       0.00       0.00       0.00       0.00       0.00       0.00       0.00       0.00       0.00       0.00       0.00       0.00       0.00       0.00       0.00       0.00       0.00       0.00       0.00       0.00       0.00       0.00       0.00       0.00       0.00       0.00       0.00       0.00       0.00       0.00       0.00       0.00       0.00       0.00       0.00       0.00       0.00       0.00       0.00       0.00       0.00       0.00       0.00       0.00       0.00       0.00       0.00       0.00       0.00       0.00       0.00       0.00       0.00       0.00       0.00       0.00       0.00       0.00       0.00       0.00       0.00       0.00       0.00       0.00       0.00       0.00       0.00       0.00       0.00       0.00       0.00       0.00       0.00       0.00       0.00       0.00       0.00       0.00       0.00       0.00       0.00       0.00       0.00       0.00       0.00       0.00       0.00       0.00       0.00       0.00       0.00       0.00       0.00       0.00       0.00       0.00       6.00       1.00       0.00       0.00       0.00       0.00       0.00       0.00
17시 07분 06초    4       0.00       0.00       0.00      42.00       0.00       0.00       0.00       0.00       0.00       0.00       0.00       0.00       0.00       0.00       0.00       0.00       0.00       0.00       0.00       0.00       0.00       0.00       0.00       0.00       0.00       0.00       0.00       0.00       0.00       0.00       0.00       0.00       0.00       0.00       0.00       0.00       0.00       0.00       0.00       0.00       0.00       0.00       0.00       0.00       0.00       0.00       0.00       0.00       0.00       0.00       0.00       0.00       0.00       0.00       0.00       0.00       0.00       0.00       0.00       0.00       0.00       0.00       0.00       0.00       0.00       0.00       0.00       0.00       0.00       0.00       0.00       0.00       0.00       0.00       0.00       0.00       0.00       0.00       0.00       0.00       0.00       0.00       0.00       0.00       0.00       0.00       0.00       0.00       0.00       0.00       0.00       0.00       0.00       0.00       0.00       0.00       0.00       0.00       0.00       0.00       0.00       0.00       0.00       0.00       0.00       0.00       0.00       0.00       0.00       0.00       0.00       0.00       0.00       0.00       0.00       0.00       0.00       0.00       0.00       0.00       0.00       0.00       0.00       0.00       0.00       0.00       0.00       0.00       0.00       0.00       0.00       0.00       0.00       0.00       0.00       0.00       4.00       0.00       0.00       0.00       0.00       0.00       0.00       0.00
17시 07분 06초    5       0.00       0.00       0.00      38.00       0.00       0.00       0.00       0.00       0.00       0.00       0.00       0.00       0.00       0.00       0.00       0.00       0.00       0.00       0.00       0.00       0.00       0.00       0.00       0.00       0.00       0.00       0.00       0.00       0.00       0.00       0.00       0.00       0.00       0.00       0.00       0.00       0.00       0.00       0.00       0.00       0.00       0.00       0.00       0.00       0.00       0.00       0.00       0.00       0.00       0.00       0.00       0.00       0.00       0.00       0.00       0.00       0.00       0.00       0.00       0.00       0.00       0.00       0.00       0.00       0.00       0.00       0.00       0.00       0.00       0.00       0.00       0.00       0.00       0.00       0.00       0.00       0.00       0.00       0.00       0.00       0.00       0.00       0.00       0.00       0.00       0.00       0.00       0.00       0.00       0.00       0.00       0.00       0.00       0.00       0.00       0.00       0.00       0.00       0.00       0.00       0.00       0.00       0.00       0.00       0.00       0.00       0.00       0.00       0.00       0.00       0.00       0.00       0.00       0.00       0.00       0.00       0.00       0.00       0.00       0.00       0.00       0.00       0.00       0.00       0.00       0.00       0.00       0.00       0.00       0.00       0.00       0.00       0.00       0.00       0.00       0.00      72.00       0.00       0.00       0.00       0.00       0.00       0.00       0.00

17시 07분 05초  CPU       HI/s    TIMER/s   NET_TX/s   NET_RX/s    BLOCK/s IRQ_POLL/s  TASKLET/s    SCHED/s  HRTIMER/s      RCU/s
17시 07분 06초    0       0.00      13.00       1.00      27.00       2.00       0.00       0.00      56.00       0.00      35.00
17시 07분 06초    1       0.00      20.00       0.00       0.00       0.00       0.00       0.00      33.00       0.00      31.00
17시 07분 06초    2       0.00      28.00       0.00       0.00       0.00       0.00       0.00      25.00       0.00      27.00
17시 07분 06초    3       0.00       8.00       0.00       0.00       0.00       0.00       0.00      15.00       0.00      20.00
17시 07분 06초    4       0.00      32.00       0.00       0.00       0.00       0.00       0.00      29.00       0.00      18.00
17시 07분 06초    5       0.00       3.00       0.00       0.00       0.00       0.00       0.00      13.00       0.00      18.00

17시 07분 06초  CPU    %usr   %nice    %sys %iowait    %irq   %soft  %steal  %guest  %gnice   %idle
17시 07분 07초  all    1.69    0.00    2.36    0.00    0.17    0.17    0.00    0.00    0.00   95.62
17시 07분 07초    0    0.00    0.00    2.02    0.00    1.01    0.00    0.00    0.00    0.00   96.97
17시 07분 07초    1    2.00    0.00    2.00    0.00    0.00    1.00    0.00    0.00    0.00   95.00
17시 07분 07초    2    2.02    0.00    3.03    0.00    0.00    0.00    0.00    0.00    0.00   94.95
17시 07분 07초    3    4.04    0.00    3.03    0.00    0.00    0.00    0.00    0.00    0.00   92.93
17시 07분 07초    4    0.00    0.00    0.00    0.00    0.00    0.00    0.00    0.00    0.00  100.00
17시 07분 07초    5    2.04    0.00    4.08    0.00    0.00    0.00    0.00    0.00    0.00   93.88

17시 07분 06초  CPU    intr/s
17시 07분 07초  all   1360.00
17시 07분 07초    0    167.00
17시 07분 07초    1    122.00
17시 07분 07초    2    119.00
17시 07분 07초    3     94.00
17시 07분 07초    4     52.00
17시 07분 07초    5    127.00

17시 07분 06초  CPU        9/s       11/s       12/s       13/s       18/s       20/s       21/s       22/s       23/s       24/s       25/s       26/s       27/s       28/s       29/s       30/s       31/s       32/s       33/s       34/s       35/s       36/s       37/s       38/s       39/s       40/s       41/s       42/s       43/s       44/s       45/s       46/s       47/s       48/s       49/s       50/s       51/s       52/s       53/s       54/s       55/s       57/s       59/s       61/s       65/s       66/s       67/s       68/s       69/s       70/s       71/s       72/s       73/s       74/s       75/s       76/s       77/s       79/s       80/s       81/s       82/s       83/s       84/s       85/s       86/s       87/s       88/s       89/s       90/s       91/s       92/s       93/s       94/s       95/s       96/s       97/s       98/s      112/s      113/s      114/s      115/s      116/s      117/s      118/s      119/s      120/s      121/s      122/s      123/s      124/s      125/s      126/s      127/s      128/s      129/s      130/s      131/s      132/s      133/s      134/s      135/s      136/s      137/s      138/s      150/s      154/s      162/s      167/s      171/s      224/s      228/s      229/s      230/s      231/s      232/s      233/s      234/s      235/s      236/s      237/s      245/s      246/s      247/s      249/s      250/s      252/s      253/s      262/s      263/s      294/s      296/s      297/s      298/s      299/s      301/s      302/s     IPI0/s     IPI1/s     IPI2/s     IPI3/s     IPI4/s     IPI5/s     IPI6/s      Err/s
17시 07분 07초    0       0.00       0.00       0.00      85.00       0.00       0.00       0.00       0.00       0.00       0.00       0.00       0.00       0.00       0.00       0.00       0.00       0.00       0.00       0.00       0.00       0.00       0.00       0.00       0.00       0.00       0.00       0.00       0.00       0.00       0.00       0.00       0.00       0.00       0.00       0.00       0.00       0.00       0.00       0.00       0.00       0.00       0.00       0.00       0.00       0.00       0.00       0.00       0.00       0.00       0.00       0.00       0.00       0.00       0.00       0.00       0.00       0.00       0.00       0.00       0.00       0.00       0.00       0.00       0.00       0.00       0.00       0.00       0.00       0.00       0.00       0.00       0.00       0.00       0.00       0.00       0.00       0.00       0.00       0.00       0.00       0.00       0.00       0.00       0.00       0.00       0.00       0.00       0.00       0.00       0.00       0.00       0.00       0.00       0.00       0.00       0.00       0.00       0.00       0.00       0.00       0.00       0.00       0.00       0.00       0.00      18.00       0.00       0.00       0.00       0.00       0.00       0.00       0.00       0.00       0.00       0.00       0.00       0.00       0.00       0.00       0.00       0.00       0.00       0.00       0.00       0.00       0.00       0.00       0.00       0.00       0.00       0.00       0.00       0.00       0.00       0.00      71.00      16.00       0.00       0.00       0.00       2.00       0.00       0.00
17시 07분 07초    1       0.00       0.00       0.00     107.00       0.00       0.00       0.00       0.00       0.00       0.00       0.00       0.00       0.00       0.00       0.00       0.00       0.00       0.00       0.00       0.00       0.00       0.00       0.00       0.00       0.00       0.00       0.00       0.00       0.00       0.00       0.00       0.00       0.00       0.00       0.00       0.00       0.00       0.00       0.00       0.00       0.00       0.00       0.00       0.00       0.00       0.00       0.00       0.00       0.00       0.00       0.00       0.00       0.00       0.00       0.00       0.00       0.00       0.00       0.00       0.00       0.00       0.00       0.00       0.00       0.00       0.00       0.00       0.00       0.00       0.00       0.00       0.00       0.00       0.00       0.00       0.00       0.00       0.00       0.00       0.00       0.00       0.00       0.00       0.00       0.00       0.00       0.00       0.00       0.00       0.00       0.00       0.00       0.00       0.00       0.00       0.00       0.00       0.00       0.00       0.00       0.00       0.00       0.00       0.00       0.00       0.00       0.00       0.00       0.00       0.00       0.00       0.00       0.00       0.00       0.00       0.00       0.00       0.00       0.00       0.00       0.00       0.00       0.00       0.00       0.00       0.00       0.00       0.00       0.00       0.00       0.00       0.00       0.00       0.00       0.00       0.00      92.00       6.00       0.00       0.00       0.00       0.00       0.00       0.00
17시 07분 07초    2       0.00       0.00       0.00     124.00       0.00       0.00       0.00       0.00       0.00       0.00       0.00       0.00       0.00       0.00       0.00       0.00       0.00       0.00       0.00       0.00       0.00       0.00       0.00       0.00       0.00       0.00       0.00       0.00       0.00       0.00       0.00       0.00       0.00       0.00       0.00       0.00       0.00       0.00       0.00       0.00       0.00       0.00       0.00       0.00       0.00       0.00       0.00       0.00       0.00       0.00       0.00       0.00       0.00       0.00       0.00       0.00       0.00       0.00       0.00       0.00       0.00       0.00       0.00       0.00       0.00       0.00       0.00       0.00       0.00       0.00       0.00       0.00       0.00       0.00       0.00       0.00       0.00       0.00       0.00       0.00       0.00       0.00       0.00       0.00       0.00       0.00       0.00       0.00       0.00       0.00       0.00       0.00       0.00       0.00       0.00       0.00       0.00       0.00       0.00       0.00       0.00       0.00       0.00       0.00       0.00       0.00       0.00       0.00       0.00       0.00       0.00       0.00       0.00       0.00       0.00       0.00       0.00       0.00       0.00       0.00       0.00       0.00       0.00       0.00       0.00       0.00       0.00       0.00       0.00       0.00       0.00       0.00       0.00       0.00       0.00       0.00     151.00      10.00       0.00       0.00       0.00       1.00       0.00       0.00
17시 07분 07초    3       0.00       0.00       0.00     144.00       0.00       0.00       0.00       0.00       0.00       0.00       0.00       0.00       0.00       0.00       0.00       0.00       0.00       0.00       0.00       0.00       0.00       0.00       0.00       0.00       0.00       0.00       0.00       0.00       0.00       0.00       0.00       0.00       0.00       0.00       0.00       0.00       0.00       0.00       0.00       0.00       0.00       0.00       0.00       0.00       0.00       0.00       0.00       0.00       0.00       0.00       0.00       0.00       0.00       0.00       0.00       0.00       0.00       0.00       0.00       0.00       0.00       0.00       0.00       0.00       0.00       0.00       0.00       0.00       0.00       0.00       0.00       0.00       0.00       0.00       0.00       0.00       0.00       0.00       0.00       0.00       0.00       0.00       0.00       0.00       0.00       0.00       0.00       0.00       0.00       0.00       0.00       0.00       0.00       0.00       0.00       0.00       0.00       0.00       0.00       0.00       0.00       0.00       0.00       0.00       0.00       0.00       0.00       0.00       0.00       0.00       0.00       0.00       0.00       0.00       0.00       0.00       0.00       0.00       0.00       0.00       0.00       0.00       0.00       0.00       0.00       0.00       0.00       0.00       0.00       0.00       0.00       0.00       0.00       0.00       0.00       0.00     150.00      10.00       0.00       0.00       0.00       1.00       0.00       0.00
17시 07분 07초    4       0.00       0.00       0.00      49.00       0.00       0.00       0.00       0.00       0.00       0.00       0.00       0.00       0.00       0.00       0.00       0.00       0.00       0.00       0.00       0.00       0.00       0.00       0.00       0.00       0.00       0.00       0.00       0.00       0.00       0.00       0.00       0.00       0.00       0.00       0.00       0.00       0.00       0.00       0.00       0.00       0.00       0.00       0.00       0.00       0.00       0.00       0.00       0.00       0.00       0.00       0.00       0.00       0.00       0.00       0.00       0.00       0.00       0.00       0.00       0.00       0.00       0.00       0.00       0.00       0.00       0.00       0.00       0.00       0.00       0.00       0.00       0.00       0.00       0.00       0.00       0.00       0.00       0.00       0.00       0.00       0.00       0.00       0.00       0.00       0.00       0.00       0.00       0.00       0.00       0.00       0.00       0.00       0.00       0.00       0.00       0.00       0.00       0.00       0.00       0.00       0.00       0.00       0.00       0.00       0.00       0.00       0.00       0.00       0.00       0.00       0.00       0.00       0.00       0.00       0.00       0.00       0.00       0.00       0.00       0.00       0.00       0.00       0.00       0.00       0.00       0.00       0.00       0.00       0.00       0.00       0.00       0.00       0.00       0.00       0.00       0.00     149.00       5.00       0.00       0.00       0.00       4.00       0.00       0.00
17시 07분 07초    5       0.00       0.00       0.00      96.00       0.00       0.00       0.00       0.00       0.00       0.00       0.00       0.00       0.00       0.00       0.00       0.00       0.00       0.00       0.00       0.00       0.00       0.00       0.00       0.00       0.00       0.00       0.00       0.00       0.00       0.00       0.00       0.00       0.00       0.00       0.00       0.00       0.00       0.00       0.00       0.00       0.00       0.00       0.00       0.00       0.00       0.00       0.00       0.00       0.00       0.00       0.00       0.00       0.00       0.00       0.00       0.00       0.00       0.00       0.00       0.00       0.00       0.00       0.00       0.00       0.00       0.00       0.00       0.00       0.00       0.00       0.00       0.00       0.00       0.00       0.00       0.00       0.00       0.00       0.00       0.00       0.00       0.00       0.00       0.00       0.00       0.00       0.00       0.00       0.00       0.00       0.00       0.00       0.00       0.00       0.00       0.00       0.00       0.00       0.00       0.00       0.00       0.00       0.00       0.00       0.00       0.00       0.00       0.00       0.00       0.00       0.00       0.00       0.00       0.00       0.00       0.00       0.00       0.00       0.00       0.00       0.00       0.00       0.00       0.00       0.00       0.00       0.00       0.00       0.00       0.00       0.00       0.00       0.00       0.00       0.00       0.00      60.00       2.00       0.00       0.00       0.00       6.00       0.00       0.00

17시 07분 06초  CPU       HI/s    TIMER/s   NET_TX/s   NET_RX/s    BLOCK/s IRQ_POLL/s  TASKLET/s    SCHED/s  HRTIMER/s      RCU/s
17시 07분 07초    0       0.00      15.00       0.00       0.00       0.00       0.00       0.00      39.00       0.00     113.00
17시 07분 07초    1       0.00      27.00       0.00       0.00       0.00       0.00       0.00      40.00       0.00      55.00
17시 07분 07초    2       0.00      34.00       0.00       0.00       0.00       0.00       0.00      39.00       0.00      46.00
17시 07분 07초    3       0.00      11.00       0.00       0.00       0.00       0.00       0.00      36.00       0.00      47.00
17시 07분 07초    4       0.00       9.00       0.00       0.00       0.00       0.00       0.00      20.00       0.00      23.00
17시 07분 07초    5       0.00      24.00       0.00       0.00       0.00       0.00       0.00      44.00       0.00      59.00

17시 07분 07초  CPU    %usr   %nice    %sys %iowait    %irq   %soft  %steal  %guest  %gnice   %idle
17시 07분 08초  all    0.50    0.00    1.34    0.00    0.00    0.00    0.00    0.00    0.00   98.16
17시 07분 08초    0    1.01    0.00    1.01    0.00    0.00    0.00    0.00    0.00    0.00   97.98
17시 07분 08초    1    0.99    0.00    2.97    0.00    0.00    0.00    0.00    0.00    0.00   96.04
17시 07분 08초    2    0.00    0.00    0.00    0.00    0.00    0.00    0.00    0.00    0.00  100.00
17시 07분 08초    3    1.01    0.00    1.01    0.00    0.00    0.00    0.00    0.00    0.00   97.98
17시 07분 08초    4    0.00    0.00    0.00    0.00    0.00    0.00    0.00    0.00    0.00  100.00
17시 07분 08초    5    0.00    0.00    3.00    0.00    0.00    0.00    0.00    0.00    0.00   97.00

17시 07분 07초  CPU    intr/s
17시 07분 08초  all    389.00
17시 07분 08초    0     74.00
17시 07분 08초    1     93.00
17시 07분 08초    2     74.00
17시 07분 08초    3     49.00
17시 07분 08초    4     77.00
17시 07분 08초    5     43.00

17시 07분 07초  CPU        9/s       11/s       12/s       13/s       18/s       20/s       21/s       22/s       23/s       24/s       25/s       26/s       27/s       28/s       29/s       30/s       31/s       32/s       33/s       34/s       35/s       36/s       37/s       38/s       39/s       40/s       41/s       42/s       43/s       44/s       45/s       46/s       47/s       48/s       49/s       50/s       51/s       52/s       53/s       54/s       55/s       57/s       59/s       61/s       65/s       66/s       67/s       68/s       69/s       70/s       71/s       72/s       73/s       74/s       75/s       76/s       77/s       79/s       80/s       81/s       82/s       83/s       84/s       85/s       86/s       87/s       88/s       89/s       90/s       91/s       92/s       93/s       94/s       95/s       96/s       97/s       98/s      112/s      113/s      114/s      115/s      116/s      117/s      118/s      119/s      120/s      121/s      122/s      123/s      124/s      125/s      126/s      127/s      128/s      129/s      130/s      131/s      132/s      133/s      134/s      135/s      136/s      137/s      138/s      150/s      154/s      162/s      167/s      171/s      224/s      228/s      229/s      230/s      231/s      232/s      233/s      234/s      235/s      236/s      237/s      245/s      246/s      247/s      249/s      250/s      252/s      253/s      262/s      263/s      294/s      296/s      297/s      298/s      299/s      301/s      302/s     IPI0/s     IPI1/s     IPI2/s     IPI3/s     IPI4/s     IPI5/s     IPI6/s      Err/s
17시 07분 08초    0       0.00       0.00       0.00      51.00       0.00       0.00       0.00       0.00       0.00       0.00       0.00       0.00       0.00       0.00       0.00       0.00       0.00       0.00       0.00       0.00       0.00       0.00       0.00       0.00       0.00       0.00       0.00       0.00       0.00       0.00       0.00       0.00       0.00       0.00       0.00       0.00       0.00       0.00       0.00       0.00       0.00       0.00       0.00       0.00       0.00       0.00       0.00       0.00       0.00       0.00       0.00       0.00       0.00       0.00       0.00       0.00       0.00       0.00       0.00       0.00       0.00       0.00       0.00       0.00       0.00       0.00       0.00       0.00       0.00       0.00       0.00       0.00       0.00       0.00       0.00       0.00       0.00       2.00       0.00       0.00       0.00       0.00       0.00       0.00       0.00       0.00       0.00       0.00       0.00       0.00       0.00       0.00       0.00       0.00       0.00       0.00       0.00       0.00       0.00       0.00       0.00       0.00       0.00       0.00       0.00      19.00       0.00       0.00       0.00       0.00       0.00       0.00       0.00       0.00       0.00       0.00       0.00       0.00       0.00       0.00       0.00       0.00       0.00       0.00       0.00       0.00       0.00       0.00       0.00       0.00       0.00       0.00       0.00       0.00      36.00       0.00       2.00       2.00       0.00       0.00       0.00       1.00       0.00       0.00
17시 07분 08초    1       0.00       0.00       0.00      76.00       0.00       0.00       0.00       0.00       0.00       0.00       0.00       0.00       0.00       0.00       0.00       0.00       0.00       0.00       0.00       0.00       0.00       0.00       0.00       0.00       0.00       0.00       0.00       0.00       0.00       0.00       0.00       0.00       0.00       0.00       0.00       0.00       0.00       0.00       0.00       0.00       0.00       0.00       0.00       0.00       0.00       0.00       0.00       0.00       0.00       0.00       0.00       0.00       0.00       0.00       0.00       0.00       0.00       0.00       0.00       0.00       0.00       0.00       0.00       0.00       0.00       0.00       0.00       0.00       0.00       0.00       0.00       0.00       0.00       0.00       0.00       0.00       0.00       0.00       0.00       0.00       0.00       0.00       0.00       0.00       0.00       0.00       0.00       0.00       0.00       0.00       0.00       0.00       0.00       0.00       0.00       0.00       0.00       0.00       0.00       0.00       0.00       0.00       0.00       0.00       0.00       0.00       0.00       0.00       0.00       0.00       0.00       0.00       0.00       0.00       0.00       0.00       0.00       0.00       0.00       0.00       0.00       0.00       0.00       0.00       0.00       0.00       0.00       0.00       0.00       0.00       0.00       0.00       0.00       0.00       0.00       0.00      12.00       0.00       0.00       0.00       0.00       1.00       0.00       0.00
17시 07분 08초    2       0.00       0.00       0.00      40.00       0.00       0.00       0.00       0.00       0.00       0.00       0.00       0.00       0.00       0.00       0.00       0.00       0.00       0.00       0.00       0.00       0.00       0.00       0.00       0.00       0.00       0.00       0.00       0.00       0.00       0.00       0.00       0.00       0.00       0.00       0.00       0.00       0.00       0.00       0.00       0.00       0.00       0.00       0.00       0.00       0.00       0.00       0.00       0.00       0.00       0.00       0.00       0.00       0.00       0.00       0.00       0.00       0.00       0.00       0.00       0.00       0.00       0.00       0.00       0.00       0.00       0.00       0.00       0.00       0.00       0.00       0.00       0.00       0.00       0.00       0.00       0.00       0.00       0.00       0.00       0.00       0.00       0.00       0.00       0.00       0.00       0.00       0.00       0.00       0.00       0.00       0.00       0.00       0.00       0.00       0.00       0.00       0.00       0.00       0.00       0.00       0.00       0.00       0.00       0.00       0.00       0.00       0.00       0.00       0.00       0.00       0.00       0.00       0.00       0.00       0.00       0.00       0.00       0.00       0.00       0.00       0.00       0.00       0.00       0.00       0.00       0.00       0.00       0.00       0.00       0.00       0.00       0.00       0.00       0.00       0.00       0.00       7.00       3.00       0.00       0.00       0.00       0.00       0.00       0.00
17시 07분 08초    3       0.00       0.00       0.00      38.00       0.00       0.00       0.00       0.00       0.00       0.00       0.00       0.00       0.00       0.00       0.00       0.00       0.00       0.00       0.00       0.00       0.00       0.00       0.00       0.00       0.00       0.00       0.00       0.00       0.00       0.00       0.00       0.00       0.00       0.00       0.00       0.00       0.00       0.00       0.00       0.00       0.00       0.00       0.00       0.00       0.00       0.00       0.00       0.00       0.00       0.00       0.00       0.00       0.00       0.00       0.00       0.00       0.00       0.00       0.00       0.00       0.00       0.00       0.00       0.00       0.00       0.00       0.00       0.00       0.00       0.00       0.00       0.00       0.00       0.00       0.00       0.00       0.00       0.00       0.00       0.00       0.00       0.00       0.00       0.00       0.00       0.00       0.00       0.00       0.00       0.00       0.00       0.00       0.00       0.00       0.00       0.00       0.00       0.00       0.00       0.00       0.00       0.00       0.00       0.00       0.00       0.00       0.00       0.00       0.00       0.00       0.00       0.00       0.00       0.00       0.00       0.00       0.00       0.00       0.00       0.00       0.00       0.00       0.00       0.00       0.00       0.00       0.00       0.00       0.00       0.00       0.00       0.00       0.00       0.00       0.00       0.00       1.00       0.00       0.00       0.00       0.00       0.00       0.00       0.00
17시 07분 08초    4       0.00       0.00       0.00      45.00       0.00       0.00       0.00       0.00       0.00       0.00       0.00       0.00       0.00       0.00       0.00       0.00       0.00       0.00       0.00       0.00       0.00       0.00       0.00       0.00       0.00       0.00       0.00       0.00       0.00       0.00       0.00       0.00       0.00       0.00       0.00       0.00       0.00       0.00       0.00       0.00       0.00       0.00       0.00       0.00       0.00       0.00       0.00       0.00       0.00       0.00       0.00       0.00       0.00       0.00       0.00       0.00       0.00       0.00       0.00       0.00       0.00       0.00       0.00       0.00       0.00       0.00       0.00       0.00       0.00       0.00       0.00       0.00       0.00       0.00       0.00       0.00       0.00       0.00       0.00       0.00       0.00       0.00       0.00       0.00       0.00       0.00       0.00       0.00       0.00       0.00       0.00       0.00       0.00       0.00       0.00       0.00       0.00       0.00       0.00       0.00       0.00       0.00       0.00       0.00       0.00       0.00       0.00       0.00       0.00       0.00       0.00       0.00       0.00       0.00       0.00       0.00       0.00       0.00       0.00       0.00       0.00       0.00       0.00       0.00       0.00       0.00       0.00       0.00       0.00       0.00       0.00       0.00       0.00       0.00       0.00       0.00       4.00       2.00       0.00       0.00       0.00       0.00       0.00       0.00
17시 07분 08초    5       0.00       0.00       0.00      36.00       0.00       0.00       0.00       0.00       0.00       0.00       0.00       0.00       0.00       0.00       0.00       0.00       0.00       0.00       0.00       0.00       0.00       0.00       0.00       0.00       0.00       0.00       0.00       0.00       0.00       0.00       0.00       0.00       0.00       0.00       0.00       0.00       0.00       0.00       0.00       0.00       0.00       0.00       0.00       0.00       0.00       0.00       0.00       0.00       0.00       0.00       0.00       0.00       0.00       0.00       0.00       0.00       0.00       0.00       0.00       0.00       0.00       0.00       0.00       0.00       0.00       0.00       0.00       0.00       0.00       0.00       0.00       0.00       0.00       0.00       0.00       0.00       0.00       0.00       0.00       0.00       0.00       0.00       0.00       0.00       0.00       0.00       0.00       0.00       0.00       0.00       0.00       0.00       0.00       0.00       0.00       0.00       0.00       0.00       0.00       0.00       0.00       0.00       0.00       0.00       0.00       0.00       0.00       0.00       0.00       0.00       0.00       0.00       0.00       0.00       0.00       0.00       0.00       0.00       0.00       0.00       0.00       0.00       0.00       0.00       0.00       0.00       0.00       0.00       0.00       0.00       0.00       0.00       0.00       0.00       0.00       0.00      11.00       0.00       0.00       0.00       0.00       0.00       0.00       0.00

17시 07분 07초  CPU       HI/s    TIMER/s   NET_TX/s   NET_RX/s    BLOCK/s IRQ_POLL/s  TASKLET/s    SCHED/s  HRTIMER/s      RCU/s
17시 07분 08초    0       0.00       5.00       0.00      33.00       0.00       0.00       0.00      20.00       0.00      16.00
17시 07분 08초    1       0.00      25.00       0.00       0.00       0.00       0.00       0.00      35.00       0.00      33.00
17시 07분 08초    2       0.00      29.00       0.00       0.00       0.00       0.00       0.00      24.00       0.00      21.00
17시 07분 08초    3       0.00      10.00       0.00       0.00       0.00       0.00       0.00      17.00       0.00      22.00
17시 07분 08초    4       0.00      28.00       0.00       0.00       0.00       0.00       0.00      29.00       0.00      20.00
17시 07분 08초    5       0.00       8.00       0.00       0.00       0.00       0.00       0.00      17.00       0.00      18.00

17시 07분 08초  CPU    %usr   %nice    %sys %iowait    %irq   %soft  %steal  %guest  %gnice   %idle
17시 07분 09초  all    0.50    0.00    1.83    0.00    0.00    0.00    0.00    0.00    0.00   97.67
17시 07분 09초    0    0.99    0.00    1.98    0.00    0.00    0.00    0.00    0.00    0.00   97.03
17시 07분 09초    1    0.00    0.00    3.03    0.00    0.00    0.00    0.00    0.00    0.00   96.97
17시 07분 09초    2    0.00    0.00    1.00    0.00    0.00    0.00    0.00    0.00    0.00   99.00
17시 07분 09초    3    1.00    0.00    2.00    0.00    0.00    0.00    0.00    0.00    0.00   97.00
17시 07분 09초    4    0.00    0.00    0.00    0.00    0.00    0.00    0.00    0.00    0.00  100.00
17시 07분 09초    5    1.00    0.00    3.00    0.00    0.00    0.00    0.00    0.00    0.00   96.00

17시 07분 08초  CPU    intr/s
17시 07분 09초  all    287.00
17시 07분 09초    0     53.00
17시 07분 09초    1    133.00
17시 07분 09초    2     46.00
17시 07분 09초    3     67.00
17시 07분 09초    4     11.00
17시 07분 09초    5     30.00

17시 07분 08초  CPU        9/s       11/s       12/s       13/s       18/s       20/s       21/s       22/s       23/s       24/s       25/s       26/s       27/s       28/s       29/s       30/s       31/s       32/s       33/s       34/s       35/s       36/s       37/s       38/s       39/s       40/s       41/s       42/s       43/s       44/s       45/s       46/s       47/s       48/s       49/s       50/s       51/s       52/s       53/s       54/s       55/s       57/s       59/s       61/s       65/s       66/s       67/s       68/s       69/s       70/s       71/s       72/s       73/s       74/s       75/s       76/s       77/s       79/s       80/s       81/s       82/s       83/s       84/s       85/s       86/s       87/s       88/s       89/s       90/s       91/s       92/s       93/s       94/s       95/s       96/s       97/s       98/s      112/s      113/s      114/s      115/s      116/s      117/s      118/s      119/s      120/s      121/s      122/s      123/s      124/s      125/s      126/s      127/s      128/s      129/s      130/s      131/s      132/s      133/s      134/s      135/s      136/s      137/s      138/s      150/s      154/s      162/s      167/s      171/s      224/s      228/s      229/s      230/s      231/s      232/s      233/s      234/s      235/s      236/s      237/s      245/s      246/s      247/s      249/s      250/s      252/s      253/s      262/s      263/s      294/s      296/s      297/s      298/s      299/s      301/s      302/s     IPI0/s     IPI1/s     IPI2/s     IPI3/s     IPI4/s     IPI5/s     IPI6/s      Err/s
17시 07분 09초    0       0.00       0.00       0.00      46.00       0.00       0.00       0.00       0.00       0.00       0.00       0.00       0.00       0.00       0.00       0.00       0.00       0.00       0.00       0.00       0.00       0.00       0.00       0.00       0.00       0.00       0.00       0.00       0.00       0.00       0.00       0.00       0.00       0.00       0.00       0.00       0.00       0.00       0.00       0.00       0.00       0.00       0.00       0.00       0.00       0.00       0.00       0.00       0.00       0.00       0.00       0.00       0.00       0.00       0.00       0.00       0.00       0.00       0.00       0.00       0.00       0.00       0.00       0.00       0.00       0.00       0.00       0.00       0.00       0.00       0.00       0.00       0.00       0.00       0.00       0.00       0.00       0.00       0.00       0.00       0.00       0.00       0.00       0.00       0.00       0.00       0.00       0.00       0.00       0.00       0.00       0.00       0.00       0.00       0.00       0.00       0.00       0.00       0.00       0.00       0.00       0.00       0.00       0.00       0.00       0.00       0.00       0.00       0.00       0.00       0.00       0.00       0.00       0.00       0.00       0.00       0.00       0.00       0.00       0.00       0.00       0.00       0.00       0.00       0.00       0.00       0.00       0.00       0.00       0.00       0.00       0.00       0.00       0.00       0.00      12.00       0.00       1.00       2.00       0.00       0.00       0.00       1.00       0.00       0.00
17시 07분 09초    1       0.00       0.00       0.00      94.00       0.00       0.00       0.00       0.00       0.00       0.00       0.00       0.00       0.00       0.00       0.00       0.00       0.00       0.00       0.00       0.00       0.00       0.00       0.00       0.00       0.00       0.00       0.00       0.00       0.00       0.00       0.00       0.00       0.00       0.00       0.00       0.00       0.00       0.00       0.00       0.00       0.00       0.00       0.00       0.00       0.00       0.00       0.00       0.00       0.00       0.00       0.00       0.00       0.00       0.00       0.00       0.00       0.00       0.00       0.00       0.00       0.00       0.00       0.00       0.00       0.00       0.00       0.00       0.00       0.00       0.00       0.00       0.00       0.00       0.00       0.00       0.00       0.00       0.00       0.00       0.00       0.00       0.00       0.00       0.00       0.00       0.00       0.00       0.00       0.00       0.00       0.00       0.00       0.00       0.00       0.00       0.00       0.00       0.00       0.00       0.00       0.00       0.00       0.00       0.00       0.00       0.00       0.00       0.00       0.00       0.00       0.00       0.00       0.00       0.00       0.00       0.00       0.00       0.00       0.00       0.00       0.00       0.00       0.00       0.00       0.00       0.00       0.00       0.00       0.00       0.00       0.00       0.00       0.00       0.00       0.00       0.00       8.00       1.00       0.00       0.00       0.00       0.00       0.00       0.00
17시 07분 09초    2       0.00       0.00       0.00      21.00       0.00       0.00       0.00       0.00       0.00       0.00       0.00       0.00       0.00       0.00       0.00       0.00       0.00       0.00       0.00       0.00       0.00       0.00       0.00       0.00       0.00       0.00       0.00       0.00       0.00       0.00       0.00       0.00       0.00       0.00       0.00       0.00       0.00       0.00       0.00       0.00       0.00       0.00       0.00       0.00       0.00       0.00       0.00       0.00       0.00       0.00       0.00       0.00       0.00       0.00       0.00       0.00       0.00       0.00       0.00       0.00       0.00       0.00       0.00       0.00       0.00       0.00       0.00       0.00       0.00       0.00       0.00       0.00       0.00       0.00       0.00       0.00       0.00       0.00       0.00       0.00       0.00       0.00       0.00       0.00       0.00       0.00       0.00       0.00       0.00       0.00       0.00       0.00       0.00       0.00       0.00       0.00       0.00       0.00       0.00       0.00       0.00       0.00       0.00       0.00       0.00       0.00       0.00       0.00       0.00       0.00       0.00       0.00       0.00       0.00       0.00       0.00       0.00       0.00       0.00       0.00       0.00       0.00       0.00       0.00       0.00       0.00       0.00       0.00       0.00       0.00       0.00       0.00       0.00       0.00       0.00       0.00       4.00       5.00       0.00       0.00       0.00       0.00       0.00       0.00
17시 07분 09초    3       0.00       0.00       0.00      47.00       0.00       0.00       0.00       0.00       0.00       0.00       0.00       0.00       0.00       0.00       0.00       0.00       0.00       0.00       0.00       0.00       0.00       0.00       0.00       0.00       0.00       0.00       0.00       0.00       0.00       0.00       0.00       0.00       0.00       0.00       0.00       0.00       0.00       0.00       0.00       0.00       0.00       0.00       0.00       0.00       0.00       0.00       0.00       0.00       0.00       0.00       0.00       0.00       0.00       0.00       0.00       0.00       0.00       0.00       0.00       0.00       0.00       0.00       0.00       0.00       0.00       0.00       0.00       0.00       0.00       0.00       0.00       0.00       0.00       0.00       0.00       0.00       0.00       0.00       0.00       0.00       0.00       0.00       0.00       0.00       0.00       0.00       0.00       0.00       0.00       0.00       0.00       0.00       0.00       0.00       0.00       0.00       0.00       0.00       0.00       0.00       0.00       0.00       0.00       0.00       0.00       0.00       0.00       0.00       0.00       0.00       0.00       0.00       0.00       0.00       0.00       0.00       0.00       0.00       0.00       0.00       0.00       0.00       0.00       0.00       0.00       0.00       0.00       0.00       0.00       0.00       0.00       0.00       0.00       0.00       0.00       0.00       9.00       0.00       0.00       0.00       0.00       1.00       0.00       0.00
17시 07분 09초    4       0.00       0.00       0.00       9.00       0.00       0.00       0.00       0.00       0.00       0.00       0.00       0.00       0.00       0.00       0.00       0.00       0.00       0.00       0.00       0.00       0.00       0.00       0.00       0.00       0.00       0.00       0.00       0.00       0.00       0.00       0.00       0.00       0.00       0.00       0.00       0.00       0.00       0.00       0.00       0.00       0.00       0.00       0.00       0.00       0.00       0.00       0.00       0.00       0.00       0.00       0.00       0.00       0.00       0.00       0.00       0.00       0.00       0.00       0.00       0.00       0.00       0.00       0.00       0.00       0.00       0.00       0.00       0.00       0.00       0.00       0.00       0.00       0.00       0.00       0.00       0.00       0.00       0.00       0.00       0.00       0.00       0.00       0.00       0.00       0.00       0.00       0.00       0.00       0.00       0.00       0.00       0.00       0.00       0.00       0.00       0.00       0.00       0.00       0.00       0.00       0.00       0.00       0.00       0.00       0.00       0.00       0.00       0.00       0.00       0.00       0.00       0.00       0.00       0.00       0.00       0.00       0.00       0.00       0.00       0.00       0.00       0.00       0.00       0.00       0.00       0.00       0.00       0.00       0.00       0.00       0.00       0.00       0.00       0.00       0.00       0.00       1.00       0.00       0.00       0.00       0.00       0.00       0.00       0.00
17시 07분 09초    5       0.00       0.00       0.00      25.00       0.00       0.00       0.00       0.00       0.00       0.00       0.00       0.00       0.00       0.00       0.00       0.00       0.00       0.00       0.00       0.00       0.00       0.00       0.00       0.00       0.00       0.00       0.00       0.00       0.00       0.00       0.00       0.00       0.00       0.00       0.00       0.00       0.00       0.00       0.00       0.00       0.00       0.00       0.00       0.00       0.00       0.00       0.00       0.00       0.00       0.00       0.00       0.00       0.00       0.00       0.00       0.00       0.00       0.00       0.00       0.00       0.00       0.00       0.00       0.00       0.00       0.00       0.00       0.00       0.00       0.00       0.00       0.00       0.00       0.00       0.00       0.00       0.00       0.00       0.00       0.00       0.00       0.00       0.00       0.00       0.00       0.00       0.00       0.00       0.00       0.00       0.00       0.00       0.00       0.00       0.00       0.00       0.00       0.00       0.00       0.00       0.00       0.00       0.00       0.00       0.00       0.00       0.00       0.00       0.00       0.00       0.00       0.00       0.00       0.00       0.00       0.00       0.00       0.00       0.00       0.00       0.00       0.00       0.00       0.00       0.00       0.00       0.00       0.00       0.00       0.00       0.00       0.00       0.00       0.00       0.00       0.00       0.00       0.00       0.00       0.00       0.00       0.00       0.00       0.00

17시 07분 08초  CPU       HI/s    TIMER/s   NET_TX/s   NET_RX/s    BLOCK/s IRQ_POLL/s  TASKLET/s    SCHED/s  HRTIMER/s      RCU/s
17시 07분 09초    0       0.00       5.00       0.00      11.00       0.00       0.00       0.00      20.00       0.00      17.00
17시 07분 09초    1       0.00      53.00       0.00       0.00       0.00       0.00       0.00      47.00       0.00      33.00
17시 07분 09초    2       0.00      14.00       0.00       0.00       0.00       0.00       0.00      17.00       0.00      15.00
17시 07분 09초    3       0.00      21.00       0.00       0.00       0.00       0.00       0.00      23.00       0.00      23.00
17시 07분 09초    4       0.00       2.00       0.00       0.00       0.00       0.00       0.00       4.00       0.00       5.00
17시 07분 09초    5       0.00       3.00       0.00       0.00       0.00       0.00       0.00      10.00       0.00      17.00

17시 07분 09초  CPU    %usr   %nice    %sys %iowait    %irq   %soft  %steal  %guest  %gnice   %idle
17시 07분 10초  all    1.16    0.00    1.99    0.00    0.00    0.33    0.00    0.00    0.00   96.51
17시 07분 10초    0    0.00    0.00    2.00    0.00    0.00    1.00    0.00    0.00    0.00   97.00
17시 07분 10초    1    0.00    0.00    3.00    0.00    0.00    0.00    0.00    0.00    0.00   97.00
17시 07분 10초    2    6.93    0.00    0.00    0.00    0.00    0.00    0.00    0.00    0.00   93.07
17시 07분 10초    3    0.00    0.00    4.00    0.00    0.00    0.00    0.00    0.00    0.00   96.00
17시 07분 10초    4    0.00    0.00    0.00    0.00    0.00    0.00    0.00    0.00    0.00  100.00
17시 07분 10초    5    0.00    0.00    2.97    0.00    0.00    0.99    0.00    0.00    0.00   96.04

17시 07분 09초  CPU    intr/s
17시 07분 10초  all    402.00
17시 07분 10초    0     63.00
17시 07분 10초    1    117.00
17시 07분 10초    2     57.00
17시 07분 10초    3     59.00
17시 07분 10초    4     46.00
17시 07분 10초    5     35.00

17시 07분 09초  CPU        9/s       11/s       12/s       13/s       18/s       20/s       21/s       22/s       23/s       24/s       25/s       26/s       27/s       28/s       29/s       30/s       31/s       32/s       33/s       34/s       35/s       36/s       37/s       38/s       39/s       40/s       41/s       42/s       43/s       44/s       45/s       46/s       47/s       48/s       49/s       50/s       51/s       52/s       53/s       54/s       55/s       57/s       59/s       61/s       65/s       66/s       67/s       68/s       69/s       70/s       71/s       72/s       73/s       74/s       75/s       76/s       77/s       79/s       80/s       81/s       82/s       83/s       84/s       85/s       86/s       87/s       88/s       89/s       90/s       91/s       92/s       93/s       94/s       95/s       96/s       97/s       98/s      112/s      113/s      114/s      115/s      116/s      117/s      118/s      119/s      120/s      121/s      122/s      123/s      124/s      125/s      126/s      127/s      128/s      129/s      130/s      131/s      132/s      133/s      134/s      135/s      136/s      137/s      138/s      150/s      154/s      162/s      167/s      171/s      224/s      228/s      229/s      230/s      231/s      232/s      233/s      234/s      235/s      236/s      237/s      245/s      246/s      247/s      249/s      250/s      252/s      253/s      262/s      263/s      294/s      296/s      297/s      298/s      299/s      301/s      302/s     IPI0/s     IPI1/s     IPI2/s     IPI3/s     IPI4/s     IPI5/s     IPI6/s      Err/s
17시 07분 10초    0       0.00       0.00       0.00      53.00       0.00       0.00       0.00       0.00       0.00       0.00       0.00       0.00       0.00       0.00       0.00       0.00       0.00       0.00       0.00       0.00       0.00       0.00       0.00       0.00       0.00       0.00       0.00       0.00       0.00       0.00       0.00       0.00       0.00       0.00       0.00       0.00       0.00       0.00       0.00       0.00       0.00       0.00       0.00       0.00       0.00       0.00       0.00       0.00       0.00       0.00       0.00       0.00       0.00       0.00       0.00       0.00       0.00       0.00       0.00       0.00       0.00       0.00       0.00       0.00       0.00       0.00       0.00       0.00       0.00       0.00       0.00       0.00       0.00       0.00       0.00       0.00       0.00       0.00       0.00       0.00       0.00       0.00       0.00       0.00       0.00       0.00       0.00       0.00       0.00       0.00       0.00       0.00       0.00       0.00       0.00       0.00       0.00       0.00       0.00       0.00       0.00       0.00       0.00       0.00       0.00      18.00       0.00       0.00       0.00       0.00       0.00       0.00       0.00       0.00       0.00       0.00       0.00       0.00       0.00       0.00       0.00       0.00       0.00       0.00       0.00       0.00       0.00       0.00       0.00       0.00       0.00       0.00       0.00       0.00      12.00       0.00      19.00       7.00       0.00       0.00       0.00       3.00       0.00       0.00
17시 07분 10초    1       0.00       0.00       0.00      81.00       0.00       0.00       0.00       0.00       0.00       0.00       0.00       0.00       0.00       0.00       0.00       0.00       0.00       0.00       0.00       0.00       0.00       0.00       0.00       0.00       0.00       0.00       0.00       0.00       0.00       0.00       0.00       0.00       0.00       0.00       0.00       0.00       0.00       0.00       0.00       0.00       0.00       0.00       0.00       0.00       0.00       0.00       0.00       0.00       0.00       0.00       0.00       0.00       0.00       0.00       0.00       0.00       0.00       0.00       0.00       0.00       0.00       0.00       0.00       0.00       0.00       0.00       0.00       0.00       0.00       0.00       0.00       0.00       0.00       0.00       0.00       0.00       0.00       0.00       0.00       0.00       0.00       0.00       0.00       0.00       0.00       0.00       0.00       0.00       0.00       0.00       0.00       0.00       0.00       0.00       0.00       0.00       0.00       0.00       0.00       0.00       0.00       0.00       0.00       0.00       0.00       0.00       0.00       0.00       0.00       0.00       0.00       0.00       0.00       0.00       0.00       0.00       0.00       0.00       0.00       0.00       0.00       0.00       0.00       0.00       0.00       0.00       0.00       0.00       0.00       0.00       0.00       0.00       0.00       0.00       0.00       0.00      18.00       0.00       0.00       0.00       0.00       3.00       0.00       0.00
17시 07분 10초    2       0.00       0.00       0.00      37.00       0.00       0.00       0.00       0.00       0.00       0.00       0.00       0.00       0.00       0.00       0.00       0.00       0.00       0.00       0.00       0.00       0.00       0.00       0.00       0.00       0.00       0.00       0.00       0.00       0.00       0.00       0.00       0.00       0.00       0.00       0.00       0.00       0.00       0.00       0.00       0.00       0.00       0.00       0.00       0.00       0.00       0.00       0.00       0.00       0.00       0.00       0.00       0.00       0.00       0.00       0.00       0.00       0.00       0.00       0.00       0.00       0.00       0.00       0.00       0.00       0.00       0.00       0.00       0.00       0.00       0.00       0.00       0.00       0.00       0.00       0.00       0.00       0.00       0.00       0.00       0.00       0.00       0.00       0.00       0.00       0.00       0.00       0.00       0.00       0.00       0.00       0.00       0.00       0.00       0.00       0.00       0.00       0.00       0.00       0.00       0.00       0.00       0.00       0.00       0.00       0.00       0.00       0.00       0.00       0.00       0.00       0.00       0.00       0.00       0.00       0.00       0.00       0.00       0.00       0.00       0.00       0.00       0.00       0.00       0.00       0.00       0.00       0.00       0.00       0.00       0.00       0.00       0.00       0.00       0.00       0.00       0.00       8.00       5.00       0.00       0.00       0.00       9.00       0.00       0.00
17시 07분 10초    3       0.00       0.00       0.00      44.00       0.00       0.00       0.00       0.00       0.00       0.00       0.00       0.00       0.00       0.00       0.00       0.00       0.00       0.00       0.00       0.00       0.00       0.00       0.00       0.00       0.00       0.00       0.00       0.00       0.00       0.00       0.00       0.00       0.00       0.00       0.00       0.00       0.00       0.00       0.00       0.00       0.00       0.00       0.00       0.00       0.00       0.00       0.00       0.00       0.00       0.00       0.00       0.00       0.00       0.00       0.00       0.00       0.00       0.00       0.00       0.00       0.00       0.00       0.00       0.00       0.00       0.00       0.00       0.00       0.00       0.00       0.00       0.00       0.00       0.00       0.00       0.00       0.00       0.00       0.00       0.00       0.00       0.00       0.00       0.00       0.00       0.00       0.00       0.00       0.00       0.00       0.00       0.00       0.00       0.00       0.00       0.00       0.00       0.00       0.00       0.00       0.00       0.00       0.00       0.00       0.00       0.00       0.00       0.00       0.00       0.00       0.00       0.00       0.00       0.00       0.00       0.00       0.00       0.00       0.00       0.00       0.00       0.00       0.00       0.00       0.00       0.00       0.00       0.00       0.00       0.00       0.00       0.00       0.00       0.00       0.00       0.00      13.00       0.00       0.00       0.00       0.00       0.00       0.00       0.00
17시 07분 10초    4       0.00       0.00       0.00      26.00       0.00       0.00       0.00       0.00       0.00       0.00       0.00       0.00       0.00       0.00       0.00       0.00       0.00       0.00       0.00       0.00       0.00       0.00       0.00       0.00       0.00       0.00       0.00       0.00       0.00       0.00       0.00       0.00       0.00       0.00       0.00       0.00       0.00       0.00       0.00       0.00       0.00       0.00       0.00       0.00       0.00       0.00       0.00       0.00       0.00       0.00       0.00       0.00       0.00       0.00       0.00       0.00       0.00       0.00       0.00       0.00       0.00       0.00       0.00       0.00       0.00       0.00       0.00       0.00       0.00       0.00       0.00       0.00       0.00       0.00       0.00       0.00       0.00       0.00       0.00       0.00       0.00       0.00       0.00       0.00       0.00       0.00       0.00       0.00       0.00       0.00       0.00       0.00       0.00       0.00       0.00       0.00       0.00       0.00       0.00       0.00       0.00       0.00       0.00       0.00       0.00       0.00       0.00       0.00       0.00       0.00       0.00       0.00       0.00       0.00       0.00       0.00       0.00       0.00       0.00       0.00       0.00       0.00       0.00       0.00       0.00       0.00       0.00       0.00       0.00       0.00       0.00       0.00       0.00       0.00       0.00       0.00      11.00       0.00       0.00       0.00       0.00       0.00       0.00       0.00
17시 07분 10초    5       0.00       0.00       0.00      31.00       0.00       0.00       0.00       0.00       0.00       0.00       0.00       0.00       0.00       0.00       0.00       0.00       0.00       0.00       0.00       0.00       0.00       0.00       0.00       0.00       0.00       0.00       0.00       0.00       0.00       0.00       0.00       0.00       0.00       0.00       0.00       0.00       0.00       0.00       0.00       0.00       0.00       0.00       0.00       0.00       0.00       0.00       0.00       0.00       0.00       0.00       0.00       0.00       0.00       0.00       0.00       0.00       0.00       0.00       0.00       0.00       0.00       0.00       0.00       0.00       0.00       0.00       0.00       0.00       0.00       0.00       0.00       0.00       0.00       0.00       0.00       0.00       0.00       0.00       0.00       0.00       0.00       0.00       0.00       0.00       0.00       0.00       0.00       0.00       0.00       0.00       0.00       0.00       0.00       0.00       0.00       0.00       0.00       0.00       0.00       0.00       0.00       0.00       0.00       0.00       0.00       0.00       0.00       0.00       0.00       0.00       0.00       0.00       0.00       0.00       0.00       0.00       0.00       0.00       0.00       0.00       0.00       0.00       0.00       0.00       0.00       0.00       0.00       0.00       0.00       0.00       0.00       0.00       0.00       0.00       0.00       0.00       4.00       0.00       0.00       0.00       0.00       0.00       0.00       0.00

17시 07분 09초  CPU       HI/s    TIMER/s   NET_TX/s   NET_RX/s    BLOCK/s IRQ_POLL/s  TASKLET/s    SCHED/s  HRTIMER/s      RCU/s
17시 07분 10초    0       0.00       6.00       0.00      11.00       0.00       0.00       0.00      28.00       0.00      18.00
17시 07분 10초    1       0.00      41.00       0.00       0.00       0.00       0.00       0.00      43.00       0.00      33.00
17시 07분 10초    2       0.00      19.00       0.00       0.00       0.00       0.00       0.00      25.00       0.00      13.00
17시 07분 10초    3       0.00      14.00       0.00       0.00       0.00       0.00       0.00      17.00       0.00      28.00
17시 07분 10초    4       0.00      18.00       0.00       0.00       0.00       0.00       0.00      17.00       0.00      11.00
17시 07분 10초    5       0.00       2.00       0.00       0.00       0.00       0.00       0.00      12.00       0.00      21.00

17시 07분 10초  CPU    %usr   %nice    %sys %iowait    %irq   %soft  %steal  %guest  %gnice   %idle
17시 07분 11초  all    1.00    0.00    3.16    1.00    0.17    0.00    0.00    0.00    0.00   94.68
17시 07분 11초    0    1.01    0.00    1.01    0.00    0.00    0.00    0.00    0.00    0.00   97.98
17시 07분 11초    1    1.00    0.00    2.00    3.00    0.00    0.00    0.00    0.00    0.00   94.00
17시 07분 11초    2    0.00    0.00   13.00    3.00    0.00    0.00    0.00    0.00    0.00   84.00
17시 07분 11초    3    0.99    0.00    1.98    0.00    0.00    0.00    0.00    0.00    0.00   97.03
17시 07분 11초    4    0.99    0.00    0.00    0.00    0.00    0.00    0.00    0.00    0.00   99.01
17시 07분 11초    5    2.00    0.00    1.00    0.00    1.00    0.00    0.00    0.00    0.00   96.00

17시 07분 10초  CPU    intr/s
17시 07분 11초  all    721.00
17시 07분 11초    0     87.00
17시 07분 11초    1     99.00
17시 07분 11초    2     60.00
17시 07분 11초    3     36.00
17시 07분 11초    4     49.00
17시 07분 11초    5    101.00

17시 07분 10초  CPU        9/s       11/s       12/s       13/s       18/s       20/s       21/s       22/s       23/s       24/s       25/s       26/s       27/s       28/s       29/s       30/s       31/s       32/s       33/s       34/s       35/s       36/s       37/s       38/s       39/s       40/s       41/s       42/s       43/s       44/s       45/s       46/s       47/s       48/s       49/s       50/s       51/s       52/s       53/s       54/s       55/s       57/s       59/s       61/s       65/s       66/s       67/s       68/s       69/s       70/s       71/s       72/s       73/s       74/s       75/s       76/s       77/s       79/s       80/s       81/s       82/s       83/s       84/s       85/s       86/s       87/s       88/s       89/s       90/s       91/s       92/s       93/s       94/s       95/s       96/s       97/s       98/s      112/s      113/s      114/s      115/s      116/s      117/s      118/s      119/s      120/s      121/s      122/s      123/s      124/s      125/s      126/s      127/s      128/s      129/s      130/s      131/s      132/s      133/s      134/s      135/s      136/s      137/s      138/s      150/s      154/s      162/s      167/s      171/s      224/s      228/s      229/s      230/s      231/s      232/s      233/s      234/s      235/s      236/s      237/s      245/s      246/s      247/s      249/s      250/s      252/s      253/s      262/s      263/s      294/s      296/s      297/s      298/s      299/s      301/s      302/s     IPI0/s     IPI1/s     IPI2/s     IPI3/s     IPI4/s     IPI5/s     IPI6/s      Err/s
17시 07분 11초    0       0.00       0.00       0.00      70.00       0.00       0.00       0.00       0.00       0.00       0.00       0.00       0.00       0.00       0.00       0.00       0.00       0.00       0.00       0.00       0.00       0.00       0.00       0.00       0.00       0.00       0.00       0.00       0.00       0.00       0.00       0.00       0.00       0.00       0.00       0.00       0.00       0.00       0.00       0.00       0.00       0.00       0.00       0.00       0.00       0.00       0.00     134.00       0.00       0.00       0.00       0.00       0.00       0.00       0.00       0.00       0.00       0.00       0.00       0.00       0.00       0.00       0.00       0.00       0.00       0.00       0.00       0.00       0.00       0.00       0.00       0.00       0.00       0.00       0.00       0.00       0.00       0.00       0.00       0.00       0.00       0.00       0.00       0.00       0.00       0.00       0.00       0.00       0.00       0.00       0.00       0.00       0.00       0.00       0.00       0.00       0.00       0.00       0.00       0.00       0.00       0.00       0.00       0.00       0.00       0.00      39.00       0.00       0.00       0.00       0.00       0.00       0.00       0.00       0.00       0.00       0.00       0.00       0.00       0.00       0.00       0.00       0.00       0.00       0.00       0.00       0.00       0.00       0.00       0.00       0.00       0.00       0.00       0.00       0.00      24.00       0.00      13.00       7.00       0.00       0.00       0.00       1.00       0.00       0.00
17시 07분 11초    1       0.00       0.00       0.00      75.00       0.00       0.00       0.00       0.00       0.00       0.00       0.00       0.00       0.00       0.00       0.00       0.00       0.00       0.00       0.00       0.00       0.00       0.00       0.00       0.00       0.00       0.00       0.00       0.00       0.00       0.00       0.00       0.00       0.00       0.00       0.00       0.00       0.00       0.00       0.00       0.00       0.00       0.00       0.00       0.00       0.00       0.00       0.00       0.00       0.00       0.00       0.00       0.00       0.00       0.00       0.00       0.00       0.00       0.00       0.00       0.00       0.00       0.00       0.00       0.00       0.00       0.00       0.00       0.00       0.00       0.00       0.00       0.00       0.00       0.00       0.00       0.00       0.00       0.00       0.00       0.00       0.00       0.00       0.00       0.00       0.00       0.00       0.00       0.00       0.00       0.00       0.00       0.00       0.00       0.00       0.00       0.00       0.00       0.00       0.00       0.00       0.00       0.00       0.00       0.00       0.00       0.00       0.00       0.00       0.00       0.00       0.00       0.00       0.00       0.00       0.00       0.00       0.00       0.00       0.00       0.00       0.00       0.00       0.00       0.00       0.00       0.00       0.00       0.00       0.00       0.00       0.00       0.00       0.00       0.00       0.00       0.00      11.00       1.00       0.00       0.00       0.00       1.00       0.00       0.00
17시 07분 11초    2       0.00       0.00       0.00      44.00       0.00       0.00       0.00       0.00       0.00       0.00       0.00       0.00       0.00       0.00       0.00       0.00       0.00       0.00       0.00       0.00       0.00       0.00       0.00       0.00       0.00       0.00       0.00       0.00       0.00       0.00       0.00       0.00       0.00       0.00       0.00       0.00       0.00       0.00       0.00       0.00       0.00       0.00       0.00       0.00       0.00       0.00       0.00       0.00       0.00       0.00       0.00       0.00       0.00       0.00       0.00       0.00       0.00       0.00       0.00       0.00       0.00       0.00       0.00       0.00       0.00       0.00       0.00       0.00       0.00       0.00       0.00       0.00       0.00       0.00       0.00       0.00       0.00       0.00       0.00       0.00       0.00       0.00       0.00       0.00       0.00       0.00       0.00       0.00       0.00       0.00       0.00       0.00       0.00       0.00       0.00       0.00       0.00       0.00       0.00       0.00       0.00       0.00       0.00       0.00       0.00       0.00       0.00       0.00       0.00       0.00       0.00       0.00       0.00       0.00       0.00       0.00       0.00       0.00       0.00       0.00       0.00       0.00       0.00       0.00       0.00       0.00       0.00       0.00       0.00       0.00       0.00       0.00       0.00       0.00       0.00       0.00     145.00       2.00       0.00       0.00       0.00      10.00       0.00       0.00
17시 07분 11초    3       0.00       0.00       0.00      39.00       0.00       0.00       0.00       0.00       0.00       0.00       0.00       0.00       0.00       0.00       0.00       0.00       0.00       0.00       0.00       0.00       0.00       0.00       0.00       0.00       0.00       0.00       0.00       0.00       0.00       0.00       0.00       0.00       0.00       0.00       0.00       0.00       0.00       0.00       0.00       0.00       0.00       0.00       0.00       0.00       0.00       0.00       0.00       0.00       0.00       0.00       0.00       0.00       0.00       0.00       0.00       0.00       0.00       0.00       0.00       0.00       0.00       0.00       0.00       0.00       0.00       0.00       0.00       0.00       0.00       0.00       0.00       0.00       0.00       0.00       0.00       0.00       0.00       0.00       0.00       0.00       0.00       0.00       0.00       0.00       0.00       0.00       0.00       0.00       0.00       0.00       0.00       0.00       0.00       0.00       0.00       0.00       0.00       0.00       0.00       0.00       0.00       0.00       0.00       0.00       0.00       0.00       0.00       0.00       0.00       0.00       0.00       0.00       0.00       0.00       0.00       0.00       0.00       0.00       0.00       0.00       0.00       0.00       0.00       0.00       0.00       0.00       0.00       0.00       0.00       0.00       0.00       0.00       0.00       0.00       0.00       0.00       3.00       0.00       0.00       0.00       0.00       1.00       0.00       0.00
17시 07분 11초    4       0.00       0.00       0.00      30.00       0.00       0.00       0.00       0.00       0.00       0.00       0.00       0.00       0.00       0.00       0.00       0.00       0.00       0.00       0.00       0.00       0.00       0.00       0.00       0.00       0.00       0.00       0.00       0.00       0.00       0.00       0.00       0.00       0.00       0.00       0.00       0.00       0.00       0.00       0.00       0.00       0.00       0.00       0.00       0.00       0.00       0.00       0.00       0.00       0.00       0.00       0.00       0.00       0.00       0.00       0.00       0.00       0.00       0.00       0.00       0.00       0.00       0.00       0.00       0.00       0.00       0.00       0.00       0.00       0.00       0.00       0.00       0.00       0.00       0.00       0.00       0.00       0.00       0.00       0.00       0.00       0.00       0.00       0.00       0.00       0.00       0.00       0.00       0.00       0.00       0.00       0.00       0.00       0.00       0.00       0.00       0.00       0.00       0.00       0.00       0.00       0.00       0.00       0.00       0.00       0.00       0.00       0.00       0.00       0.00       0.00       0.00       0.00       0.00       0.00       0.00       0.00       0.00       0.00       0.00       0.00       0.00       0.00       0.00       0.00       0.00       0.00       0.00       0.00       0.00       0.00       0.00       0.00       0.00       0.00       0.00       0.00       5.00       0.00       0.00       0.00       0.00       0.00       0.00       0.00
17시 07분 11초    5       0.00       0.00       0.00      63.00       0.00       0.00       0.00       0.00       0.00       0.00       0.00       0.00       0.00       0.00       0.00       0.00       0.00       0.00       0.00       0.00       0.00       0.00       0.00       0.00       0.00       0.00       0.00       0.00       0.00       0.00       0.00       0.00       0.00       0.00       0.00       0.00       0.00       0.00       0.00       0.00       0.00       0.00       0.00       0.00       0.00       0.00       0.00       0.00       0.00       0.00       0.00       0.00       0.00       0.00       0.00       0.00       0.00       0.00       0.00       0.00       0.00       0.00       0.00       0.00       0.00       0.00       0.00       0.00       0.00       0.00       0.00       0.00       0.00       0.00       0.00       0.00       0.00       0.00       0.00       0.00       0.00       0.00       0.00       0.00       0.00       0.00       0.00       0.00       0.00       0.00       0.00       0.00       0.00       0.00       0.00       0.00       0.00       0.00       0.00       0.00       0.00       0.00       0.00       0.00       0.00       0.00       0.00       0.00       0.00       0.00       0.00       0.00       0.00       0.00       0.00       0.00       0.00       0.00       0.00       0.00       0.00       0.00       0.00       0.00       0.00       0.00       0.00       0.00       0.00       0.00       0.00       0.00       0.00       0.00       0.00       0.00       3.00       0.00       0.00       0.00       0.00       0.00       0.00       0.00

17시 07분 10초  CPU       HI/s    TIMER/s   NET_TX/s   NET_RX/s    BLOCK/s IRQ_POLL/s  TASKLET/s    SCHED/s  HRTIMER/s      RCU/s
17시 07분 11초    0       0.00       8.00       0.00      22.00       2.00       0.00       0.00      33.00       0.00      22.00
17시 07분 11초    1       0.00      34.00       0.00       0.00       0.00       0.00       0.00      38.00       0.00      27.00
17시 07분 11초    2       0.00       7.00       0.00       0.00       0.00       0.00       0.00      41.00       0.00      12.00
17시 07분 11초    3       0.00       2.00       0.00       0.00       0.00       0.00       0.00      13.00       0.00      21.00
17시 07분 11초    4       0.00      17.00       0.00       0.00       0.00       0.00       0.00      15.00       0.00      17.00
17시 07분 11초    5       0.00      36.00       0.00       0.00       0.00       0.00       0.00      38.00       0.00      27.00

17시 07분 11초  CPU    %usr   %nice    %sys %iowait    %irq   %soft  %steal  %guest  %gnice   %idle
17시 07분 12초  all    0.50    0.00    1.34    0.00    0.17    0.00    0.00    0.00    0.00   97.99
17시 07분 12초    0    1.01    0.00    1.01    0.00    0.00    0.00    0.00    0.00    0.00   97.98
17시 07분 12초    1    0.00    0.00    2.97    0.00    0.99    0.00    0.00    0.00    0.00   96.04
17시 07분 12초    2    0.00    0.00    0.00    0.00    0.00    0.00    0.00    0.00    0.00  100.00
17시 07분 12초    3    1.01    0.00    2.02    0.00    0.00    0.00    0.00    0.00    0.00   96.97
17시 07분 12초    4    0.00    0.00    0.00    0.00    0.00    0.00    0.00    0.00    0.00  100.00
17시 07분 12초    5    1.00    0.00    2.00    0.00    0.00    0.00    0.00    0.00    0.00   97.00

17시 07분 11초  CPU    intr/s
17시 07분 12초  all    350.00
17시 07분 12초    0     73.00
17시 07분 12초    1    103.00
17시 07분 12초    2      9.00
17시 07분 12초    3     60.00
17시 07분 12초    4     99.00
17시 07분 12초    5     50.00

17시 07분 11초  CPU        9/s       11/s       12/s       13/s       18/s       20/s       21/s       22/s       23/s       24/s       25/s       26/s       27/s       28/s       29/s       30/s       31/s       32/s       33/s       34/s       35/s       36/s       37/s       38/s       39/s       40/s       41/s       42/s       43/s       44/s       45/s       46/s       47/s       48/s       49/s       50/s       51/s       52/s       53/s       54/s       55/s       57/s       59/s       61/s       65/s       66/s       67/s       68/s       69/s       70/s       71/s       72/s       73/s       74/s       75/s       76/s       77/s       79/s       80/s       81/s       82/s       83/s       84/s       85/s       86/s       87/s       88/s       89/s       90/s       91/s       92/s       93/s       94/s       95/s       96/s       97/s       98/s      112/s      113/s      114/s      115/s      116/s      117/s      118/s      119/s      120/s      121/s      122/s      123/s      124/s      125/s      126/s      127/s      128/s      129/s      130/s      131/s      132/s      133/s      134/s      135/s      136/s      137/s      138/s      150/s      154/s      162/s      167/s      171/s      224/s      228/s      229/s      230/s      231/s      232/s      233/s      234/s      235/s      236/s      237/s      245/s      246/s      247/s      249/s      250/s      252/s      253/s      262/s      263/s      294/s      296/s      297/s      298/s      299/s      301/s      302/s     IPI0/s     IPI1/s     IPI2/s     IPI3/s     IPI4/s     IPI5/s     IPI6/s      Err/s
17시 07분 12초    0       0.00       0.00       0.00      54.00       0.00       0.00       0.00       0.00       0.00       0.00       0.00       0.00       0.00       0.00       0.00       0.00       0.00       0.00       0.00       0.00       0.00       0.00       0.00       0.00       0.00       0.00       0.00       0.00       0.00       0.00       0.00       0.00       0.00       0.00       0.00       0.00       0.00       0.00       0.00       0.00       0.00       0.00       0.00       0.00       0.00       0.00       0.00       0.00       0.00       0.00       0.00       0.00       0.00       0.00       0.00       0.00       0.00       0.00       0.00       0.00       0.00       0.00       0.00       0.00       0.00       0.00       0.00       0.00       0.00       0.00       0.00       0.00       0.00       0.00       0.00       0.00       0.00       0.00       0.00       0.00       0.00       0.00       0.00       0.00       0.00       0.00       0.00       0.00       0.00       0.00       0.00       0.00       0.00       0.00       0.00       0.00       0.00       0.00       0.00       0.00       0.00       0.00       0.00       0.00       0.00       5.00       0.00       0.00       0.00       0.00       0.00       0.00       0.00       0.00       0.00       0.00       0.00       0.00       0.00       0.00       0.00       0.00       0.00       0.00       0.00       0.00       0.00       0.00       0.00       0.00       0.00       0.00       0.00       0.00      12.00       0.00       5.00       4.00       0.00       0.00       0.00       0.00       0.00       0.00
17시 07분 12초    1       0.00       0.00       0.00      71.00       0.00       0.00       0.00       0.00       0.00       0.00       0.00       0.00       0.00       0.00       0.00       0.00       0.00       0.00       0.00       0.00       0.00       0.00       0.00       0.00       0.00       0.00       0.00       0.00       0.00       0.00       0.00       0.00       0.00       0.00       0.00       0.00       0.00       0.00       0.00       0.00       0.00       0.00       0.00       0.00       0.00       0.00       0.00       0.00       0.00       0.00       0.00       0.00       0.00       0.00       0.00       0.00       0.00       0.00       0.00       0.00       0.00       0.00       0.00       0.00       0.00       0.00       0.00       0.00       0.00       0.00       0.00       0.00       0.00       0.00       0.00       0.00       0.00       0.00       0.00       0.00       0.00       0.00       0.00       0.00       0.00       0.00       0.00       0.00       0.00       0.00       0.00       0.00       0.00       0.00       0.00       0.00       0.00       0.00       0.00       0.00       0.00       0.00       0.00       0.00       0.00       0.00       0.00       0.00       0.00       0.00       0.00       0.00       0.00       0.00       0.00       0.00       0.00       0.00       0.00       0.00       0.00       0.00       0.00       0.00       0.00       0.00       0.00       0.00       0.00       0.00       0.00       0.00       0.00       0.00       0.00       0.00      15.00       0.00       0.00       0.00       0.00       0.00       0.00       0.00
17시 07분 12초    2       0.00       0.00       0.00       9.00       0.00       0.00       0.00       0.00       0.00       0.00       0.00       0.00       0.00       0.00       0.00       0.00       0.00       0.00       0.00       0.00       0.00       0.00       0.00       0.00       0.00       0.00       0.00       0.00       0.00       0.00       0.00       0.00       0.00       0.00       0.00       0.00       0.00       0.00       0.00       0.00       0.00       0.00       0.00       0.00       0.00       0.00       0.00       0.00       0.00       0.00       0.00       0.00       0.00       0.00       0.00       0.00       0.00       0.00       0.00       0.00       0.00       0.00       0.00       0.00       0.00       0.00       0.00       0.00       0.00       0.00       0.00       0.00       0.00       0.00       0.00       0.00       0.00       0.00       0.00       0.00       0.00       0.00       0.00       0.00       0.00       0.00       0.00       0.00       0.00       0.00       0.00       0.00       0.00       0.00       0.00       0.00       0.00       0.00       0.00       0.00       0.00       0.00       0.00       0.00       0.00       0.00       0.00       0.00       0.00       0.00       0.00       0.00       0.00       0.00       0.00       0.00       0.00       0.00       0.00       0.00       0.00       0.00       0.00       0.00       0.00       0.00       0.00       0.00       0.00       0.00       0.00       0.00       0.00       0.00       0.00       0.00       2.00       3.00       0.00       0.00       0.00       0.00       0.00       0.00
17시 07분 12초    3       0.00       0.00       0.00      47.00       0.00       0.00       0.00       0.00       0.00       0.00       0.00       0.00       0.00       0.00       0.00       0.00       0.00       0.00       0.00       0.00       0.00       0.00       0.00       0.00       0.00       0.00       0.00       0.00       0.00       0.00       0.00       0.00       0.00       0.00       0.00       0.00       0.00       0.00       0.00       0.00       0.00       0.00       0.00       0.00       0.00       0.00       0.00       0.00       0.00       0.00       0.00       0.00       0.00       0.00       0.00       0.00       0.00       0.00       0.00       0.00       0.00       0.00       0.00       0.00       0.00       0.00       0.00       0.00       0.00       0.00       0.00       0.00       0.00       0.00       0.00       0.00       0.00       0.00       0.00       0.00       0.00       0.00       0.00       0.00       0.00       0.00       0.00       0.00       0.00       0.00       0.00       0.00       0.00       0.00       0.00       0.00       0.00       0.00       0.00       0.00       0.00       0.00       0.00       0.00       0.00       0.00       0.00       0.00       0.00       0.00       0.00       0.00       0.00       0.00       0.00       0.00       0.00       0.00       0.00       0.00       0.00       0.00       0.00       0.00       0.00       0.00       0.00       0.00       0.00       0.00       0.00       0.00       0.00       0.00       0.00       0.00       0.00       0.00       0.00       0.00       0.00       0.00       0.00       0.00
17시 07분 12초    4       0.00       0.00       0.00      75.00       0.00       0.00       0.00       0.00       0.00       0.00       0.00       0.00       0.00       0.00       0.00       0.00       0.00       0.00       0.00       0.00       0.00       0.00       0.00       0.00       0.00       0.00       0.00       0.00       0.00       0.00       0.00       0.00       0.00       0.00       0.00       0.00       0.00       0.00       0.00       0.00       0.00       0.00       0.00       0.00       0.00       0.00       0.00       0.00       0.00       0.00       0.00       0.00       0.00       0.00       0.00       0.00       0.00       0.00       0.00       0.00       0.00       0.00       0.00       0.00       0.00       0.00       0.00       0.00       0.00       0.00       0.00       0.00       0.00       0.00       0.00       0.00       0.00       0.00       0.00       0.00       0.00       0.00       0.00       0.00       0.00       0.00       0.00       0.00       0.00       0.00       0.00       0.00       0.00       0.00       0.00       0.00       0.00       0.00       0.00       0.00       0.00       0.00       0.00       0.00       0.00       0.00       0.00       0.00       0.00       0.00       0.00       0.00       0.00       0.00       0.00       0.00       0.00       0.00       0.00       0.00       0.00       0.00       0.00       0.00       0.00       0.00       0.00       0.00       0.00       0.00       0.00       0.00       0.00       0.00       0.00       0.00       9.00       0.00       0.00       0.00       0.00       0.00       0.00       0.00
17시 07분 12초    5       0.00       0.00       0.00      36.00       0.00       0.00       0.00       0.00       0.00       0.00       0.00       0.00       0.00       0.00       0.00       0.00       0.00       0.00       0.00       0.00       0.00       0.00       0.00       0.00       0.00       0.00       0.00       0.00       0.00       0.00       0.00       0.00       0.00       0.00       0.00       0.00       0.00       0.00       0.00       0.00       0.00       0.00       0.00       0.00       0.00       0.00       0.00       0.00       0.00       0.00       0.00       0.00       0.00       0.00       0.00       0.00       0.00       0.00       0.00       0.00       0.00       0.00       0.00       0.00       0.00       0.00       0.00       0.00       0.00       0.00       0.00       0.00       0.00       0.00       0.00       0.00       0.00       0.00       0.00       0.00       0.00       0.00       0.00       0.00       0.00       0.00       0.00       0.00       0.00       0.00       0.00       0.00       0.00       0.00       0.00       0.00       0.00       0.00       0.00       0.00       0.00       0.00       0.00       0.00       0.00       0.00       0.00       0.00       0.00       0.00       0.00       0.00       0.00       0.00       0.00       0.00       0.00       0.00       0.00       0.00       0.00       0.00       0.00       0.00       0.00       0.00       0.00       0.00       0.00       0.00       0.00       0.00       0.00       0.00       0.00       0.00       3.00       0.00       0.00       0.00       0.00       0.00       0.00       0.00

17시 07분 11초  CPU       HI/s    TIMER/s   NET_TX/s   NET_RX/s    BLOCK/s IRQ_POLL/s  TASKLET/s    SCHED/s  HRTIMER/s      RCU/s
17시 07분 12초    0       0.00      10.00       1.00      11.00       0.00       0.00       0.00      26.00       0.00      25.00
17시 07분 12초    1       0.00      33.00       0.00       0.00       0.00       0.00       0.00      34.00       0.00      36.00
17시 07분 12초    2       0.00       0.00       0.00       0.00       0.00       0.00       0.00       5.00       0.00       4.00
17시 07분 12초    3       0.00      11.00       0.00       0.00       0.00       0.00       0.00      22.00       0.00      27.00
17시 07분 12초    4       0.00      37.00       0.00       0.00       0.00       0.00       0.00      35.00       0.00      27.00
17시 07분 12초    5       0.00      10.00       0.00       0.00       0.00       0.00       0.00      18.00       0.00      22.00

17시 07분 12초  CPU    %usr   %nice    %sys %iowait    %irq   %soft  %steal  %guest  %gnice   %idle
17시 07분 13초  all    0.99    0.00    2.65    0.00    0.17    0.17    0.00    0.00    0.00   96.03
17시 07분 13초    0    1.96    0.00    1.96    0.00    0.98    0.00    0.00    0.00    0.00   95.10
17시 07분 13초    1    1.01    0.00    2.02    0.00    0.00    0.00    0.00    0.00    0.00   96.97
17시 07분 13초    2    0.00    0.00    0.00    0.00    0.00    0.00    0.00    0.00    0.00  100.00
17시 07분 13초    3    1.96    0.00    2.94    0.00    0.00    0.98    0.00    0.00    0.00   94.12
17시 07분 13초    4    0.00    0.00    0.99    0.00    0.00    0.00    0.00    0.00    0.00   99.01
17시 07분 13초    5    1.00    0.00    8.00    0.00    0.00    0.00    0.00    0.00    0.00   91.00

17시 07분 12초  CPU    intr/s
17시 07분 13초  all    757.00
17시 07분 13초    0    132.00
17시 07분 13초    1     73.00
17시 07분 13초    2     22.00
17시 07분 13초    3     53.00
17시 07분 13초    4     77.00
17시 07분 13초    5    294.00

17시 07분 12초  CPU        9/s       11/s       12/s       13/s       18/s       20/s       21/s       22/s       23/s       24/s       25/s       26/s       27/s       28/s       29/s       30/s       31/s       32/s       33/s       34/s       35/s       36/s       37/s       38/s       39/s       40/s       41/s       42/s       43/s       44/s       45/s       46/s       47/s       48/s       49/s       50/s       51/s       52/s       53/s       54/s       55/s       57/s       59/s       61/s       65/s       66/s       67/s       68/s       69/s       70/s       71/s       72/s       73/s       74/s       75/s       76/s       77/s       79/s       80/s       81/s       82/s       83/s       84/s       85/s       86/s       87/s       88/s       89/s       90/s       91/s       92/s       93/s       94/s       95/s       96/s       97/s       98/s      112/s      113/s      114/s      115/s      116/s      117/s      118/s      119/s      120/s      121/s      122/s      123/s      124/s      125/s      126/s      127/s      128/s      129/s      130/s      131/s      132/s      133/s      134/s      135/s      136/s      137/s      138/s      150/s      154/s      162/s      167/s      171/s      224/s      228/s      229/s      230/s      231/s      232/s      233/s      234/s      235/s      236/s      237/s      245/s      246/s      247/s      249/s      250/s      252/s      253/s      262/s      263/s      294/s      296/s      297/s      298/s      299/s      301/s      302/s     IPI0/s     IPI1/s     IPI2/s     IPI3/s     IPI4/s     IPI5/s     IPI6/s      Err/s
17시 07분 13초    0       0.00       0.00       0.00      68.00       0.00       0.00       0.00       0.00       0.00       0.00       0.00       0.00       0.00       0.00       0.00       0.00       0.00       0.00       0.00       0.00       0.00       0.00       0.00       0.00       0.00       0.00       0.00       0.00       0.00       0.00       0.00       0.00       0.00       0.00       0.00       0.00       0.00       0.00       0.00       0.00       0.00       0.00       0.00       0.00       0.00       0.00       0.00       0.00       0.00       0.00       0.00       0.00       0.00       0.00       0.00       0.00       0.00       0.00       0.00       0.00       0.00       0.00       0.00       0.00       0.00       0.00       0.00       0.00       0.00       0.00       0.00       0.00       0.00       0.00       0.00       0.00       0.00      84.00       0.00       0.00       0.00       0.00       0.00       0.00       0.00       0.00       0.00       0.00       0.00       0.00       0.00       0.00       0.00       0.00       0.00       0.00       0.00       0.00       0.00       0.00       0.00       0.00       0.00       0.00       0.00      15.00       0.00       0.00       0.00       0.00       0.00       0.00       0.00       0.00       0.00       0.00       0.00       0.00       0.00       0.00       0.00       0.00       0.00       0.00       0.00       0.00       0.00       0.00       0.00       0.00       0.00       0.00       0.00       0.00      24.00      29.00       7.00       8.00       0.00       0.00       0.00       2.00       0.00       0.00
17시 07분 13초    1       0.00       0.00       0.00      57.00       0.00       0.00       0.00       0.00       0.00       0.00       0.00       0.00       0.00       0.00       0.00       0.00       0.00       0.00       0.00       0.00       0.00       0.00       0.00       0.00       0.00       0.00       0.00       0.00       0.00       0.00       0.00       0.00       0.00       0.00       0.00       0.00       0.00       0.00       0.00       0.00       0.00       0.00       0.00       0.00       0.00       0.00       0.00       0.00       0.00       0.00       0.00       0.00       0.00       0.00       0.00       0.00       0.00       0.00       0.00       0.00       0.00       0.00       0.00       0.00       0.00       0.00       0.00       0.00       0.00       0.00       0.00       0.00       0.00       0.00       0.00       0.00       0.00       0.00       0.00       0.00       0.00       0.00       0.00       0.00       0.00       0.00       0.00       0.00       0.00       0.00       0.00       0.00       0.00       0.00       0.00       0.00       0.00       0.00       0.00       0.00       0.00       0.00       0.00       0.00       0.00       0.00       0.00       0.00       0.00       0.00       0.00       0.00       0.00       0.00       0.00       0.00       0.00       0.00       0.00       0.00       0.00       0.00       0.00       0.00       0.00       0.00       0.00       0.00       0.00       0.00       0.00       0.00       0.00       0.00       0.00       0.00       2.00       2.00       0.00       0.00       0.00       2.00       0.00       0.00
17시 07분 13초    2       0.00       0.00       0.00      10.00       0.00       0.00       0.00       0.00       0.00       0.00       0.00       0.00       0.00       0.00       0.00       0.00       0.00       0.00       0.00       0.00       0.00       0.00       0.00       0.00       0.00       0.00       0.00       0.00       0.00       0.00       0.00       0.00       0.00       0.00       0.00       0.00       0.00       0.00       0.00       0.00       0.00       0.00       0.00       0.00       0.00       0.00       0.00       0.00       0.00       0.00       0.00       0.00       0.00       0.00       0.00       0.00       0.00       0.00       0.00       0.00       0.00       0.00       0.00       0.00       0.00       0.00       0.00       0.00       0.00       0.00       0.00       0.00       0.00       0.00       0.00       0.00       0.00       0.00       0.00       0.00       0.00       0.00       0.00       0.00       0.00       0.00       0.00       0.00       0.00       0.00       0.00       0.00       0.00       0.00       0.00       0.00       0.00       0.00       0.00       0.00       0.00       0.00       0.00       0.00       0.00       0.00       0.00       0.00       0.00       0.00       0.00       0.00       0.00       0.00       0.00       0.00       0.00       0.00       0.00       0.00       0.00       0.00       0.00       0.00       0.00       0.00       0.00       0.00       0.00       0.00       0.00       0.00       0.00       0.00       0.00       0.00       1.00       3.00       0.00       0.00       0.00       0.00       0.00       0.00
17시 07분 13초    3       0.00       0.00       0.00      50.00       0.00       0.00       0.00       0.00       0.00       0.00       0.00       0.00       0.00       0.00       0.00       0.00       0.00       0.00       0.00       0.00       0.00       0.00       0.00       0.00       0.00       0.00       0.00       0.00       0.00       0.00       0.00       0.00       0.00       0.00       0.00       0.00       0.00       0.00       0.00       0.00       0.00       0.00       0.00       0.00       0.00       0.00       0.00       0.00       0.00       0.00       0.00       0.00       0.00       0.00       0.00       0.00       0.00       0.00       0.00       0.00       0.00       0.00       0.00       0.00       0.00       0.00       0.00       0.00       0.00       0.00       0.00       0.00       0.00       0.00       0.00       0.00       0.00       0.00       0.00       0.00       0.00       0.00       0.00       0.00       0.00       0.00       0.00       0.00       0.00       0.00       0.00       0.00       0.00       0.00       0.00       0.00       0.00       0.00       0.00       0.00       0.00       0.00       0.00       0.00       0.00       0.00       0.00       0.00       0.00       0.00       0.00       0.00       0.00       0.00       0.00       0.00       0.00       0.00       0.00       0.00       0.00       0.00       0.00       0.00       0.00       0.00       0.00       0.00       0.00       0.00       0.00       0.00       0.00       0.00       0.00       0.00      19.00       0.00       0.00       0.00       0.00       1.00       0.00       0.00
17시 07분 13초    4       0.00       0.00       0.00      49.00       0.00       0.00       0.00       0.00       0.00       0.00       0.00       0.00       0.00       0.00       0.00       0.00       0.00       0.00       0.00       0.00       0.00       0.00       0.00       0.00       0.00       0.00       0.00       0.00       0.00       0.00       0.00       0.00       0.00       0.00       0.00       0.00       0.00       0.00       0.00       0.00       0.00       0.00       0.00       0.00       0.00       0.00       0.00       0.00       0.00       0.00       0.00       0.00       0.00       0.00       0.00       0.00       0.00       0.00       0.00       0.00       0.00       0.00       0.00       0.00       0.00       0.00       0.00       0.00       0.00       0.00       0.00       0.00       0.00       0.00       0.00       0.00       0.00       0.00       0.00       0.00       0.00       0.00       0.00       0.00       0.00       0.00       0.00       0.00       0.00       0.00       0.00       0.00       0.00       0.00       0.00       0.00       0.00       0.00       0.00       0.00       0.00       0.00       0.00       0.00       0.00       0.00       0.00       0.00       0.00       0.00       0.00       0.00       0.00       0.00       0.00       0.00       0.00       0.00       0.00       0.00       0.00       0.00       0.00       0.00       0.00       0.00       0.00       0.00       0.00       0.00       0.00       0.00       0.00       0.00       0.00       0.00      26.00       1.00       0.00       0.00       0.00       0.00       0.00       0.00
17시 07분 13초    5       0.00       0.00       0.00     223.00       0.00       0.00       0.00       0.00       0.00       0.00       0.00       0.00       0.00       0.00       0.00       0.00       0.00       0.00       0.00       0.00       0.00       0.00       0.00       0.00       0.00       0.00       0.00       0.00       0.00       0.00       0.00       0.00       0.00       0.00       0.00       0.00       0.00       0.00       0.00       0.00       0.00       0.00       0.00       0.00       0.00       0.00       0.00       0.00       0.00       0.00       0.00       0.00       0.00       0.00       0.00       0.00       0.00       0.00       0.00       0.00       0.00       0.00       0.00       0.00       0.00       0.00       0.00       0.00       0.00       0.00       0.00       0.00       0.00       0.00       0.00       0.00       0.00       0.00       0.00       0.00       0.00       0.00       0.00       0.00       0.00       0.00       0.00       0.00       0.00       0.00       0.00       0.00       0.00       0.00       0.00       0.00       0.00       0.00       0.00       0.00       0.00       0.00       0.00       0.00       0.00       0.00       0.00       0.00       0.00       0.00       0.00       0.00       0.00       0.00       0.00       0.00       0.00       0.00       0.00       0.00       0.00       0.00       0.00       0.00       0.00       0.00       0.00       0.00       0.00       0.00       0.00       0.00       0.00       0.00       0.00       0.00      74.00       0.00       0.00       0.00       0.00       0.00       0.00       0.00

17시 07분 12초  CPU       HI/s    TIMER/s   NET_TX/s   NET_RX/s    BLOCK/s IRQ_POLL/s  TASKLET/s    SCHED/s  HRTIMER/s      RCU/s
17시 07분 13초    0      26.00      18.00       0.00      22.00       0.00       0.00       0.00      36.00       0.00      30.00
17시 07분 13초    1       0.00      18.00       0.00       0.00       0.00       0.00       0.00      27.00       0.00      28.00
17시 07분 13초    2       0.00       6.00       0.00       0.00       0.00       0.00       0.00      10.00       0.00       6.00
17시 07분 13초    3       0.00       6.00       0.00       0.00       0.00       0.00       0.00      19.00       0.00      28.00
17시 07분 13초    4       0.00      30.00       0.00       0.00       0.00       0.00       0.00      25.00       0.00      22.00
17시 07분 13초    5       0.00     188.00       0.00       0.00       0.00       0.00       0.00      70.00       0.00      36.00

17시 07분 13초  CPU    %usr   %nice    %sys %iowait    %irq   %soft  %steal  %guest  %gnice   %idle
17시 07분 14초  all    0.34    0.00    1.34    0.00    0.00    0.17    0.00    0.00    0.00   98.15
17시 07분 14초    0    0.00    0.00    1.02    0.00    0.00    1.02    0.00    0.00    0.00   97.96
17시 07분 14초    1    0.00    0.00    3.00    0.00    0.00    0.00    0.00    0.00    0.00   97.00
17시 07분 14초    2    0.00    0.00    0.00    0.00    0.00    0.00    0.00    0.00    0.00  100.00
17시 07분 14초    3    1.01    0.00    2.02    0.00    0.00    0.00    0.00    0.00    0.00   96.97
17시 07분 14초    4    0.00    0.00    0.00    0.00    0.00    0.00    0.00    0.00    0.00  100.00
17시 07분 14초    5    1.01    0.00    2.02    0.00    0.00    0.00    0.00    0.00    0.00   96.97

17시 07분 13초  CPU    intr/s
17시 07분 14초  all    646.00
17시 07분 14초    0    179.00
17시 07분 14초    1     79.00
17시 07분 14초    2     36.00
17시 07분 14초    3     54.00
17시 07분 14초    4     39.00
17시 07분 14초    5    375.00

17시 07분 13초  CPU        9/s       11/s       12/s       13/s       18/s       20/s       21/s       22/s       23/s       24/s       25/s       26/s       27/s       28/s       29/s       30/s       31/s       32/s       33/s       34/s       35/s       36/s       37/s       38/s       39/s       40/s       41/s       42/s       43/s       44/s       45/s       46/s       47/s       48/s       49/s       50/s       51/s       52/s       53/s       54/s       55/s       57/s       59/s       61/s       65/s       66/s       67/s       68/s       69/s       70/s       71/s       72/s       73/s       74/s       75/s       76/s       77/s       79/s       80/s       81/s       82/s       83/s       84/s       85/s       86/s       87/s       88/s       89/s       90/s       91/s       92/s       93/s       94/s       95/s       96/s       97/s       98/s      112/s      113/s      114/s      115/s      116/s      117/s      118/s      119/s      120/s      121/s      122/s      123/s      124/s      125/s      126/s      127/s      128/s      129/s      130/s      131/s      132/s      133/s      134/s      135/s      136/s      137/s      138/s      150/s      154/s      162/s      167/s      171/s      224/s      228/s      229/s      230/s      231/s      232/s      233/s      234/s      235/s      236/s      237/s      245/s      246/s      247/s      249/s      250/s      252/s      253/s      262/s      263/s      294/s      296/s      297/s      298/s      299/s      301/s      302/s     IPI0/s     IPI1/s     IPI2/s     IPI3/s     IPI4/s     IPI5/s     IPI6/s      Err/s
17시 07분 14초    0       0.00       0.00       0.00      66.00       0.00       0.00       0.00       0.00       0.00       0.00       0.00       0.00       0.00       0.00       0.00       0.00       0.00       0.00       0.00       0.00       0.00       0.00       0.00       0.00       0.00       0.00       0.00       0.00       0.00       0.00       0.00       0.00       0.00       0.00       0.00       0.00       0.00       0.00       0.00       0.00       0.00       0.00       0.00       0.00       0.00       0.00       0.00       0.00       0.00       0.00       0.00       0.00       0.00       0.00       0.00       0.00       0.00       0.00       0.00       0.00       0.00       0.00       0.00       0.00       0.00       0.00       0.00       0.00       0.00       0.00       0.00       0.00       0.00       0.00       0.00       0.00       0.00       2.00       0.00       0.00       0.00       0.00       0.00       0.00       0.00       0.00       0.00       0.00       0.00       0.00       0.00       0.00       0.00       0.00       0.00       0.00       0.00       0.00       0.00       0.00       0.00       0.00       0.00       0.00       0.00      10.00       0.00       0.00       0.00       0.00       0.00       0.00       0.00       0.00       0.00       0.00       0.00       0.00       0.00       0.00       0.00       0.00       0.00       0.00       0.00       0.00       0.00       0.00       0.00       0.00       0.00       0.00       0.00       0.00      36.00      53.00      11.00       9.00       0.00       0.00       0.00       0.00       0.00       0.00
17시 07분 14초    1       0.00       0.00       0.00      54.00       0.00       0.00       0.00       0.00       0.00       0.00       0.00       0.00       0.00       0.00       0.00       0.00       0.00       0.00       0.00       0.00       0.00       0.00       0.00       0.00       0.00       0.00       0.00       0.00       0.00       0.00       0.00       0.00       0.00       0.00       0.00       0.00       0.00       0.00       0.00       0.00       0.00       0.00       0.00       0.00       0.00       0.00       0.00       0.00       0.00       0.00       0.00       0.00       0.00       0.00       0.00       0.00       0.00       0.00       0.00       0.00       0.00       0.00       0.00       0.00       0.00       0.00       0.00       0.00       0.00       0.00       0.00       0.00       0.00       0.00       0.00       0.00       0.00       0.00       0.00       0.00       0.00       0.00       0.00       0.00       0.00       0.00       0.00       0.00       0.00       0.00       0.00       0.00       0.00       0.00       0.00       0.00       0.00       0.00       0.00       0.00       0.00       0.00       0.00       0.00       0.00       0.00       0.00       0.00       0.00       0.00       0.00       0.00       0.00       0.00       0.00       0.00       0.00       0.00       0.00       0.00       0.00       0.00       0.00       0.00       0.00       0.00       0.00       0.00       0.00       0.00       0.00       0.00       0.00       0.00       0.00       0.00       6.00       2.00       0.00       0.00       0.00       0.00       0.00       0.00
17시 07분 14초    2       0.00       0.00       0.00      13.00       0.00       0.00       0.00       0.00       0.00       0.00       0.00       0.00       0.00       0.00       0.00       0.00       0.00       0.00       0.00       0.00       0.00       0.00       0.00       0.00       0.00       0.00       0.00       0.00       0.00       0.00       0.00       0.00       0.00       0.00       0.00       0.00       0.00       0.00       0.00       0.00       0.00       0.00       0.00       0.00       0.00       0.00       0.00       0.00       0.00       0.00       0.00       0.00       0.00       0.00       0.00       0.00       0.00       0.00       0.00       0.00       0.00       0.00       0.00       0.00       0.00       0.00       0.00       0.00       0.00       0.00       0.00       0.00       0.00       0.00       0.00       0.00       0.00       0.00       0.00       0.00       0.00       0.00       0.00       0.00       0.00       0.00       0.00       0.00       0.00       0.00       0.00       0.00       0.00       0.00       0.00       0.00       0.00       0.00       0.00       0.00       0.00       0.00       0.00       0.00       0.00       0.00       0.00       0.00       0.00       0.00       0.00       0.00       0.00       0.00       0.00       0.00       0.00       0.00       0.00       0.00       0.00       0.00       0.00       0.00       0.00       0.00       0.00       0.00       0.00       0.00       0.00       0.00       0.00       0.00       0.00       0.00       1.00       1.00       0.00       0.00       0.00       0.00       0.00       0.00
17시 07분 14초    3       0.00       0.00       0.00      61.00       0.00       0.00       0.00       0.00       0.00       0.00       0.00       0.00       0.00       0.00       0.00       0.00       0.00       0.00       0.00       0.00       0.00       0.00       0.00       0.00       0.00       0.00       0.00       0.00       0.00       0.00       0.00       0.00       0.00       0.00       0.00       0.00       0.00       0.00       0.00       0.00       0.00       0.00       0.00       0.00       0.00       0.00       0.00       0.00       0.00       0.00       0.00       0.00       0.00       0.00       0.00       0.00       0.00       0.00       0.00       0.00       0.00       0.00       0.00       0.00       0.00       0.00       0.00       0.00       0.00       0.00       0.00       0.00       0.00       0.00       0.00       0.00       0.00       0.00       0.00       0.00       0.00       0.00       0.00       0.00       0.00       0.00       0.00       0.00       0.00       0.00       0.00       0.00       0.00       0.00       0.00       0.00       0.00       0.00       0.00       0.00       0.00       0.00       0.00       0.00       0.00       0.00       0.00       0.00       0.00       0.00       0.00       0.00       0.00       0.00       0.00       0.00       0.00       0.00       0.00       0.00       0.00       0.00       0.00       0.00       0.00       0.00       0.00       0.00       0.00       0.00       0.00       0.00       0.00       0.00       0.00       0.00      14.00       0.00       0.00       0.00       0.00       0.00       0.00       0.00
17시 07분 14초    4       0.00       0.00       0.00      21.00       0.00       0.00       0.00       0.00       0.00       0.00       0.00       0.00       0.00       0.00       0.00       0.00       0.00       0.00       0.00       0.00       0.00       0.00       0.00       0.00       0.00       0.00       0.00       0.00       0.00       0.00       0.00       0.00       0.00       0.00       0.00       0.00       0.00       0.00       0.00       0.00       0.00       0.00       0.00       0.00       0.00       0.00       0.00       0.00       0.00       0.00       0.00       0.00       0.00       0.00       0.00       0.00       0.00       0.00       0.00       0.00       0.00       0.00       0.00       0.00       0.00       0.00       0.00       0.00       0.00       0.00       0.00       0.00       0.00       0.00       0.00       0.00       0.00       0.00       0.00       0.00       0.00       0.00       0.00       0.00       0.00       0.00       0.00       0.00       0.00       0.00       0.00       0.00       0.00       0.00       0.00       0.00       0.00       0.00       0.00       0.00       0.00       0.00       0.00       0.00       0.00       0.00       0.00       0.00       0.00       0.00       0.00       0.00       0.00       0.00       0.00       0.00       0.00       0.00       0.00       0.00       0.00       0.00       0.00       0.00       0.00       0.00       0.00       0.00       0.00       0.00       0.00       0.00       0.00       0.00       0.00       0.00      21.00       0.00       0.00       0.00       0.00       0.00       0.00       0.00
17시 07분 14초    5       0.00       0.00       0.00     255.00       0.00       0.00       0.00       0.00       0.00       0.00       0.00       0.00       0.00       0.00       0.00       0.00       0.00       0.00       0.00       0.00       0.00       0.00       0.00       0.00       0.00       0.00       0.00       0.00       0.00       0.00       0.00       0.00       0.00       0.00       0.00       0.00       0.00       0.00       0.00       0.00       0.00       0.00       0.00       0.00       0.00       0.00       0.00       0.00       0.00       0.00       0.00       0.00       0.00       0.00       0.00       0.00       0.00       0.00       0.00       0.00       0.00       0.00       0.00       0.00       0.00       0.00       0.00       0.00       0.00       0.00       0.00       0.00       0.00       0.00       0.00       0.00       0.00       0.00       0.00       0.00       0.00       0.00       0.00       0.00       0.00       0.00       0.00       0.00       0.00       0.00       0.00       0.00       0.00       0.00       0.00       0.00       0.00       0.00       0.00       0.00       0.00       0.00       0.00       0.00       0.00       0.00       0.00       0.00       0.00       0.00       0.00       0.00       0.00       0.00       0.00       0.00       0.00       0.00       0.00       0.00       0.00       0.00       0.00       0.00       0.00       0.00       0.00       0.00       0.00       0.00       0.00       0.00       0.00       0.00       0.00       0.00      10.00       0.00       0.00       0.00       0.00       0.00       0.00       0.00

17시 07분 13초  CPU       HI/s    TIMER/s   NET_TX/s   NET_RX/s    BLOCK/s IRQ_POLL/s  TASKLET/s    SCHED/s  HRTIMER/s      RCU/s
17시 07분 14초    0      53.00      27.00       0.00      33.00       0.00       0.00       0.00      39.00       0.00      27.00
17시 07분 14초    1       0.00      20.00       0.00       0.00       0.00       0.00       0.00      29.00       0.00      30.00
17시 07분 14초    2       0.00      13.00       0.00       0.00       0.00       0.00       0.00      14.00       0.00       9.00
17시 07분 14초    3       0.00       6.00       0.00       0.00       0.00       0.00       0.00      25.00       0.00      23.00
17시 07분 14초    4       0.00      16.00       0.00       0.00       0.00       0.00       0.00      11.00       0.00      12.00
17시 07분 14초    5       0.00     250.00       0.00       0.00       0.00       0.00       0.00      84.00       0.00      41.00

17시 07분 14초  CPU    %usr   %nice    %sys %iowait    %irq   %soft  %steal  %guest  %gnice   %idle
17시 07분 15초  all    0.50    0.00    1.83    0.00    0.00    0.00    0.00    0.00    0.00   97.67
17시 07분 15초    0    0.99    0.00    1.98    0.00    0.00    0.00    0.00    0.00    0.00   97.03
17시 07분 15초    1    0.99    0.00    2.97    0.00    0.00    0.00    0.00    0.00    0.00   96.04
17시 07분 15초    2    0.00    0.00    0.00    0.00    0.00    0.00    0.00    0.00    0.00  100.00
17시 07분 15초    3    0.00    0.00    3.96    0.00    0.00    0.00    0.00    0.00    0.00   96.04
17시 07분 15초    4    0.00    0.00    0.00    0.00    0.00    0.00    0.00    0.00    0.00  100.00
17시 07분 15초    5    1.01    0.00    2.02    0.00    0.00    0.00    0.00    0.00    0.00   96.97

17시 07분 14초  CPU    intr/s
17시 07분 15초  all    545.00
17시 07분 15초    0    111.00
17시 07분 15초    1     80.00
17시 07분 15초    2     57.00
17시 07분 15초    3     30.00
17시 07분 15초    4     71.00
17시 07분 15초    5    377.00

17시 07분 14초  CPU        9/s       11/s       12/s       13/s       18/s       20/s       21/s       22/s       23/s       24/s       25/s       26/s       27/s       28/s       29/s       30/s       31/s       32/s       33/s       34/s       35/s       36/s       37/s       38/s       39/s       40/s       41/s       42/s       43/s       44/s       45/s       46/s       47/s       48/s       49/s       50/s       51/s       52/s       53/s       54/s       55/s       57/s       59/s       61/s       65/s       66/s       67/s       68/s       69/s       70/s       71/s       72/s       73/s       74/s       75/s       76/s       77/s       79/s       80/s       81/s       82/s       83/s       84/s       85/s       86/s       87/s       88/s       89/s       90/s       91/s       92/s       93/s       94/s       95/s       96/s       97/s       98/s      112/s      113/s      114/s      115/s      116/s      117/s      118/s      119/s      120/s      121/s      122/s      123/s      124/s      125/s      126/s      127/s      128/s      129/s      130/s      131/s      132/s      133/s      134/s      135/s      136/s      137/s      138/s      150/s      154/s      162/s      167/s      171/s      224/s      228/s      229/s      230/s      231/s      232/s      233/s      234/s      235/s      236/s      237/s      245/s      246/s      247/s      249/s      250/s      252/s      253/s      262/s      263/s      294/s      296/s      297/s      298/s      299/s      301/s      302/s     IPI0/s     IPI1/s     IPI2/s     IPI3/s     IPI4/s     IPI5/s     IPI6/s      Err/s
17시 07분 15초    0       0.00       0.00       0.00      66.00       0.00       0.00       0.00       0.00       0.00       0.00       0.00       0.00       0.00       0.00       0.00       0.00       0.00       0.00       0.00       0.00       0.00       0.00       0.00       0.00       0.00       0.00       0.00       0.00       0.00       0.00       0.00       0.00       0.00       0.00       0.00       0.00       0.00       0.00       0.00       0.00       0.00       0.00       0.00       0.00       0.00       0.00       0.00       0.00       0.00       0.00       0.00       0.00       0.00       0.00       0.00       0.00       0.00       0.00       0.00       0.00       0.00       0.00       0.00       0.00       0.00       0.00       0.00       0.00       0.00       0.00       0.00       0.00       0.00       0.00       0.00       0.00       0.00       0.00       0.00       0.00       0.00       0.00       0.00       0.00       0.00       0.00       0.00       0.00       0.00       0.00       0.00       0.00       0.00       0.00       0.00       0.00       0.00       0.00       0.00       0.00       0.00       0.00       0.00       0.00       0.00       0.00       0.00       0.00       0.00       0.00       0.00       0.00       0.00       0.00       0.00       0.00       0.00       0.00       0.00       0.00       0.00       0.00       0.00       0.00       0.00       0.00       0.00       0.00       0.00       0.00       0.00       0.00       0.00       0.00      12.00       2.00       5.00      10.00       0.00       0.00       0.00       0.00       0.00       0.00
17시 07분 15초    1       0.00       0.00       0.00      50.00       0.00       0.00       0.00       0.00       0.00       0.00       0.00       0.00       0.00       0.00       0.00       0.00       0.00       0.00       0.00       0.00       0.00       0.00       0.00       0.00       0.00       0.00       0.00       0.00       0.00       0.00       0.00       0.00       0.00       0.00       0.00       0.00       0.00       0.00       0.00       0.00       0.00       0.00       0.00       0.00       0.00       0.00       0.00       0.00       0.00       0.00       0.00       0.00       0.00       0.00       0.00       0.00       0.00       0.00       0.00       0.00       0.00       0.00       0.00       0.00       0.00       0.00       0.00       0.00       0.00       0.00       0.00       0.00       0.00       0.00       0.00       0.00       0.00       0.00       0.00       0.00       0.00       0.00       0.00       0.00       0.00       0.00       0.00       0.00       0.00       0.00       0.00       0.00       0.00       0.00       0.00       0.00       0.00       0.00       0.00       0.00       0.00       0.00       0.00       0.00       0.00       0.00       0.00       0.00       0.00       0.00       0.00       0.00       0.00       0.00       0.00       0.00       0.00       0.00       0.00       0.00       0.00       0.00       0.00       0.00       0.00       0.00       0.00       0.00       0.00       0.00       0.00       0.00       0.00       0.00       0.00       0.00       0.00       2.00       0.00       0.00       0.00       0.00       0.00       0.00
17시 07분 15초    2       0.00       0.00       0.00      38.00       0.00       0.00       0.00       0.00       0.00       0.00       0.00       0.00       0.00       0.00       0.00       0.00       0.00       0.00       0.00       0.00       0.00       0.00       0.00       0.00       0.00       0.00       0.00       0.00       0.00       0.00       0.00       0.00       0.00       0.00       0.00       0.00       0.00       0.00       0.00       0.00       0.00       0.00       0.00       0.00       0.00       0.00       0.00       0.00       0.00       0.00       0.00       0.00       0.00       0.00       0.00       0.00       0.00       0.00       0.00       0.00       0.00       0.00       0.00       0.00       0.00       0.00       0.00       0.00       0.00       0.00       0.00       0.00       0.00       0.00       0.00       0.00       0.00       0.00       0.00       0.00       0.00       0.00       0.00       0.00       0.00       0.00       0.00       0.00       0.00       0.00       0.00       0.00       0.00       0.00       0.00       0.00       0.00       0.00       0.00       0.00       0.00       0.00       0.00       0.00       0.00       0.00       0.00       0.00       0.00       0.00       0.00       0.00       0.00       0.00       0.00       0.00       0.00       0.00       0.00       0.00       0.00       0.00       0.00       0.00       0.00       0.00       0.00       0.00       0.00       0.00       0.00       0.00       0.00       0.00       0.00       0.00       0.00       1.00       0.00       0.00       0.00       0.00       0.00       0.00
17시 07분 15초    3       0.00       0.00       0.00      31.00       0.00       0.00       0.00       0.00       0.00       0.00       0.00       0.00       0.00       0.00       0.00       0.00       0.00       0.00       0.00       0.00       0.00       0.00       0.00       0.00       0.00       0.00       0.00       0.00       0.00       0.00       0.00       0.00       0.00       0.00       0.00       0.00       0.00       0.00       0.00       0.00       0.00       0.00       0.00       0.00       0.00       0.00       0.00       0.00       0.00       0.00       0.00       0.00       0.00       0.00       0.00       0.00       0.00       0.00       0.00       0.00       0.00       0.00       0.00       0.00       0.00       0.00       0.00       0.00       0.00       0.00       0.00       0.00       0.00       0.00       0.00       0.00       0.00       0.00       0.00       0.00       0.00       0.00       0.00       0.00       0.00       0.00       0.00       0.00       0.00       0.00       0.00       0.00       0.00       0.00       0.00       0.00       0.00       0.00       0.00       0.00       0.00       0.00       0.00       0.00       0.00       0.00       0.00       0.00       0.00       0.00       0.00       0.00       0.00       0.00       0.00       0.00       0.00       0.00       0.00       0.00       0.00       0.00       0.00       0.00       0.00       0.00       0.00       0.00       0.00       0.00       0.00       0.00       0.00       0.00       0.00       0.00       2.00       0.00       0.00       0.00       0.00       0.00       0.00       0.00
17시 07분 15초    4       0.00       0.00       0.00      56.00       0.00       0.00       0.00       0.00       0.00       0.00       0.00       0.00       0.00       0.00       0.00       0.00       0.00       0.00       0.00       0.00       0.00       0.00       0.00       0.00       0.00       0.00       0.00       0.00       0.00       0.00       0.00       0.00       0.00       0.00       0.00       0.00       0.00       0.00       0.00       0.00       0.00       0.00       0.00       0.00       0.00       0.00       0.00       0.00       0.00       0.00       0.00       0.00       0.00       0.00       0.00       0.00       0.00       0.00       0.00       0.00       0.00       0.00       0.00       0.00       0.00       0.00       0.00       0.00       0.00       0.00       0.00       0.00       0.00       0.00       0.00       0.00       0.00       0.00       0.00       0.00       0.00       0.00       0.00       0.00       0.00       0.00       0.00       0.00       0.00       0.00       0.00       0.00       0.00       0.00       0.00       0.00       0.00       0.00       0.00       0.00       0.00       0.00       0.00       0.00       0.00       0.00       0.00       0.00       0.00       0.00       0.00       0.00       0.00       0.00       0.00       0.00       0.00       0.00       0.00       0.00       0.00       0.00       0.00       0.00       0.00       0.00       0.00       0.00       0.00       0.00       0.00       0.00       0.00       0.00       0.00       0.00      13.00       0.00       0.00       0.00       0.00       0.00       0.00       0.00
17시 07분 15초    5       0.00       0.00       0.00     255.00       0.00       0.00       0.00       0.00       0.00       0.00       0.00       0.00       0.00       0.00       0.00       0.00       0.00       0.00       0.00       0.00       0.00       0.00       0.00       0.00       0.00       0.00       0.00       0.00       0.00       0.00       0.00       0.00       0.00       0.00       0.00       0.00       0.00       0.00       0.00       0.00       0.00       0.00       0.00       0.00       0.00       0.00       0.00       0.00       0.00       0.00       0.00       0.00       0.00       0.00       0.00       0.00       0.00       0.00       0.00       0.00       0.00       0.00       0.00       0.00       0.00       0.00       0.00       0.00       0.00       0.00       0.00       0.00       0.00       0.00       0.00       0.00       0.00       0.00       0.00       0.00       0.00       0.00       0.00       0.00       0.00       0.00       0.00       0.00       0.00       0.00       0.00       0.00       0.00       0.00       0.00       0.00       0.00       0.00       0.00       0.00       0.00       0.00       0.00       0.00       0.00       0.00       0.00       0.00       0.00       0.00       0.00       0.00       0.00       0.00       0.00       0.00       0.00       0.00       0.00       0.00       0.00       0.00       0.00       0.00       0.00       0.00       0.00       0.00       0.00       0.00       0.00       0.00       0.00       0.00       0.00       0.00       2.00       0.00       0.00       0.00       0.00       0.00       0.00       0.00

17시 07분 14초  CPU       HI/s    TIMER/s   NET_TX/s   NET_RX/s    BLOCK/s IRQ_POLL/s  TASKLET/s    SCHED/s  HRTIMER/s      RCU/s
17시 07분 15초    0       2.00      32.00       0.00      11.00       0.00       0.00       0.00      41.00       0.00      25.00
17시 07분 15초    1       0.00      20.00       0.00       0.00       0.00       0.00       0.00      31.00       0.00      29.00
17시 07분 15초    2       0.00      20.00       0.00       0.00       0.00       0.00       0.00      27.00       0.00      10.00
17시 07분 15초    3       0.00       1.00       0.00       0.00       0.00       0.00       0.00       9.00       0.00      20.00
17시 07분 15초    4       0.00      24.00       0.00       0.00       0.00       0.00       0.00      25.00       0.00      22.00
17시 07분 15초    5       0.00     250.00       0.00       0.00       0.00       0.00       0.00      84.00       0.00      43.00

17시 07분 15초  CPU    %usr   %nice    %sys %iowait    %irq   %soft  %steal  %guest  %gnice   %idle
17시 07분 16초  all    0.33    0.00    3.84    0.83    0.17    0.00    0.00    0.00    0.00   94.82
17시 07분 16초    0    1.00    0.00    2.00    0.00    0.00    0.00    0.00    0.00    0.00   97.00
17시 07분 16초    1    0.00    0.00    3.03    3.03    0.00    0.00    0.00    0.00    0.00   93.94
17시 07분 16초    2    0.00    0.00   13.86    1.98    0.00    0.00    0.00    0.00    0.00   84.16
17시 07분 16초    3    0.00    0.00    2.02    0.00    0.00    0.00    0.00    0.00    0.00   97.98
17시 07분 16초    4    0.00    0.00    0.00    0.00    1.00    0.00    0.00    0.00    0.00   99.00
17시 07분 16초    5    1.00    0.00    2.00    0.00    0.00    0.00    0.00    0.00    0.00   97.00

17시 07분 15초  CPU    intr/s
17시 07분 16초  all   1024.00
17시 07분 16초    0    157.00
17시 07분 16초    1     97.00
17시 07분 16초    2     86.00
17시 07분 16초    3     34.00
17시 07분 16초    4     72.00
17시 07분 16초    5    373.00

17시 07분 15초  CPU        9/s       11/s       12/s       13/s       18/s       20/s       21/s       22/s       23/s       24/s       25/s       26/s       27/s       28/s       29/s       30/s       31/s       32/s       33/s       34/s       35/s       36/s       37/s       38/s       39/s       40/s       41/s       42/s       43/s       44/s       45/s       46/s       47/s       48/s       49/s       50/s       51/s       52/s       53/s       54/s       55/s       57/s       59/s       61/s       65/s       66/s       67/s       68/s       69/s       70/s       71/s       72/s       73/s       74/s       75/s       76/s       77/s       79/s       80/s       81/s       82/s       83/s       84/s       85/s       86/s       87/s       88/s       89/s       90/s       91/s       92/s       93/s       94/s       95/s       96/s       97/s       98/s      112/s      113/s      114/s      115/s      116/s      117/s      118/s      119/s      120/s      121/s      122/s      123/s      124/s      125/s      126/s      127/s      128/s      129/s      130/s      131/s      132/s      133/s      134/s      135/s      136/s      137/s      138/s      150/s      154/s      162/s      167/s      171/s      224/s      228/s      229/s      230/s      231/s      232/s      233/s      234/s      235/s      236/s      237/s      245/s      246/s      247/s      249/s      250/s      252/s      253/s      262/s      263/s      294/s      296/s      297/s      298/s      299/s      301/s      302/s     IPI0/s     IPI1/s     IPI2/s     IPI3/s     IPI4/s     IPI5/s     IPI6/s      Err/s
17시 07분 16초    0       0.00       0.00       0.00      93.00       0.00       0.00       0.00       0.00       0.00       0.00       0.00       0.00       0.00       0.00       0.00       0.00       0.00       0.00       0.00       0.00       0.00       0.00       0.00       0.00       0.00       0.00       0.00       0.00       0.00       0.00       0.00       0.00       0.00       0.00       0.00       0.00       0.00       0.00       0.00       0.00       0.00       0.00       0.00       0.00       0.00       0.00     134.00       0.00       0.00       0.00       0.00       0.00       0.00       0.00       0.00       0.00       0.00       0.00       0.00       0.00       0.00       0.00       0.00       0.00       0.00       0.00       0.00       0.00       0.00       0.00       0.00       0.00       0.00       0.00       0.00       0.00       0.00       0.00       0.00       0.00       0.00       0.00       0.00       0.00       0.00       0.00       0.00       0.00       0.00       0.00       0.00       0.00       0.00       0.00       0.00       0.00       0.00       0.00       0.00       0.00       0.00       0.00       0.00       0.00       0.00      44.00       0.00       0.00       0.00       0.00       0.00       0.00       0.00       0.00       0.00       0.00       0.00       0.00       0.00       0.00       0.00       0.00       0.00       0.00       0.00       0.00       0.00       0.00       0.00       0.00       0.00       0.00       0.00       0.00      12.00      17.00      15.00      27.00       0.00       0.00       0.00       2.00       0.00       0.00
17시 07분 16초    1       0.00       0.00       0.00      75.00       0.00       0.00       0.00       0.00       0.00       0.00       0.00       0.00       0.00       0.00       0.00       0.00       0.00       0.00       0.00       0.00       0.00       0.00       0.00       0.00       0.00       0.00       0.00       0.00       0.00       0.00       0.00       0.00       0.00       0.00       0.00       0.00       0.00       0.00       0.00       0.00       0.00       0.00       0.00       0.00       0.00       0.00       0.00       0.00       0.00       0.00       0.00       0.00       0.00       0.00       0.00       0.00       0.00       0.00       0.00       0.00       0.00       0.00       0.00       0.00       0.00       0.00       0.00       0.00       0.00       0.00       0.00       0.00       0.00       0.00       0.00       0.00       0.00       0.00       0.00       0.00       0.00       0.00       0.00       0.00       0.00       0.00       0.00       0.00       0.00       0.00       0.00       0.00       0.00       0.00       0.00       0.00       0.00       0.00       0.00       0.00       0.00       0.00       0.00       0.00       0.00       0.00       0.00       0.00       0.00       0.00       0.00       0.00       0.00       0.00       0.00       0.00       0.00       0.00       0.00       0.00       0.00       0.00       0.00       0.00       0.00       0.00       0.00       0.00       0.00       0.00       0.00       0.00       0.00       0.00       0.00       0.00       9.00       2.00       0.00       0.00       0.00       1.00       0.00       0.00
17시 07분 16초    2       0.00       0.00       0.00      57.00       0.00       0.00       0.00       0.00       0.00       0.00       0.00       0.00       0.00       0.00       0.00       0.00       0.00       0.00       0.00       0.00       0.00       0.00       0.00       0.00       0.00       0.00       0.00       0.00       0.00       0.00       0.00       0.00       0.00       0.00       0.00       0.00       0.00       0.00       0.00       0.00       0.00       0.00       0.00       0.00       0.00       0.00       0.00       0.00       0.00       0.00       0.00       0.00       0.00       0.00       0.00       0.00       0.00       0.00       0.00       0.00       0.00       0.00       0.00       0.00       0.00       0.00       0.00       0.00       0.00       0.00       0.00       0.00       0.00       0.00       0.00       0.00       0.00       0.00       0.00       0.00       0.00       0.00       0.00       0.00       0.00       0.00       0.00       0.00       0.00       0.00       0.00       0.00       0.00       0.00       0.00       0.00       0.00       0.00       0.00       0.00       0.00       0.00       0.00       0.00       0.00       0.00       0.00       0.00       0.00       0.00       0.00       0.00       0.00       0.00       0.00       0.00       0.00       0.00       0.00       0.00       0.00       0.00       0.00       0.00       0.00       0.00       0.00       0.00       0.00       0.00       0.00       0.00       0.00       0.00       0.00       0.00     145.00       2.00       0.00       0.00       0.00      11.00       0.00       0.00
17시 07분 16초    3       0.00       0.00       0.00      36.00       0.00       0.00       0.00       0.00       0.00       0.00       0.00       0.00       0.00       0.00       0.00       0.00       0.00       0.00       0.00       0.00       0.00       0.00       0.00       0.00       0.00       0.00       0.00       0.00       0.00       0.00       0.00       0.00       0.00       0.00       0.00       0.00       0.00       0.00       0.00       0.00       0.00       0.00       0.00       0.00       0.00       0.00       0.00       0.00       0.00       0.00       0.00       0.00       0.00       0.00       0.00       0.00       0.00       0.00       0.00       0.00       0.00       0.00       0.00       0.00       0.00       0.00       0.00       0.00       0.00       0.00       0.00       0.00       0.00       0.00       0.00       0.00       0.00       0.00       0.00       0.00       0.00       0.00       0.00       0.00       0.00       0.00       0.00       0.00       0.00       0.00       0.00       0.00       0.00       0.00       0.00       0.00       0.00       0.00       0.00       0.00       0.00       0.00       0.00       0.00       0.00       0.00       0.00       0.00       0.00       0.00       0.00       0.00       0.00       0.00       0.00       0.00       0.00       0.00       0.00       0.00       0.00       0.00       0.00       0.00       0.00       0.00       0.00       0.00       0.00       0.00       0.00       0.00       0.00       0.00       0.00       0.00       2.00       0.00       0.00       0.00       0.00       1.00       0.00       0.00
17시 07분 16초    4       0.00       0.00       0.00      50.00       0.00       0.00       0.00       0.00       0.00       0.00       0.00       0.00       0.00       0.00       0.00       0.00       0.00       0.00       0.00       0.00       0.00       0.00       0.00       0.00       0.00       0.00       0.00       0.00       0.00       0.00       0.00       0.00       0.00       0.00       0.00       0.00       0.00       0.00       0.00       0.00       0.00       0.00       0.00       0.00       0.00       0.00       0.00       0.00       0.00       0.00       0.00       0.00       0.00       0.00       0.00       0.00       0.00       0.00       0.00       0.00       0.00       0.00       0.00       0.00       0.00       0.00       0.00       0.00       0.00       0.00       0.00       0.00       0.00       0.00       0.00       0.00       0.00       0.00       0.00       0.00       0.00       0.00       0.00       0.00       0.00       0.00       0.00       0.00       0.00       0.00       0.00       0.00       0.00       0.00       0.00       0.00       0.00       0.00       0.00       0.00       0.00       0.00       0.00       0.00       0.00       0.00       0.00       0.00       0.00       0.00       0.00       0.00       0.00       0.00       0.00       0.00       0.00       0.00       0.00       0.00       0.00       0.00       0.00       0.00       0.00       0.00       0.00       0.00       0.00       0.00       0.00       0.00       0.00       0.00       0.00       0.00      31.00       1.00       0.00       0.00       0.00       0.00       0.00       0.00
17시 07분 16초    5       0.00       0.00       0.00     255.00       0.00       0.00       0.00       0.00       0.00       0.00       0.00       0.00       0.00       0.00       0.00       0.00       0.00       0.00       0.00       0.00       0.00       0.00       0.00       0.00       0.00       0.00       0.00       0.00       0.00       0.00       0.00       0.00       0.00       0.00       0.00       0.00       0.00       0.00       0.00       0.00       0.00       0.00       0.00       0.00       0.00       0.00       0.00       0.00       0.00       0.00       0.00       0.00       0.00       0.00       0.00       0.00       0.00       0.00       0.00       0.00       0.00       0.00       0.00       0.00       0.00       0.00       0.00       0.00       0.00       0.00       0.00       0.00       0.00       0.00       0.00       0.00       0.00       0.00       0.00       0.00       0.00       0.00       0.00       0.00       0.00       0.00       0.00       0.00       0.00       0.00       0.00       0.00       0.00       0.00       0.00       0.00       0.00       0.00       0.00       0.00       0.00       0.00       0.00       0.00       0.00       0.00       0.00       0.00       0.00       0.00       0.00       0.00       0.00       0.00       0.00       0.00       0.00       0.00       0.00       0.00       0.00       0.00       0.00       0.00       0.00       0.00       0.00       0.00       0.00       0.00       0.00       0.00       0.00       0.00       0.00       0.00       2.00       0.00       0.00       0.00       0.00       0.00       0.00       0.00

17시 07분 15초  CPU       HI/s    TIMER/s   NET_TX/s   NET_RX/s    BLOCK/s IRQ_POLL/s  TASKLET/s    SCHED/s  HRTIMER/s      RCU/s
17시 07분 16초    0      17.00      29.00       0.00      11.00       2.00       0.00       0.00      66.00       0.00      32.00
17시 07분 16초    1       0.00      29.00       0.00       0.00       0.00       0.00       0.00      36.00       0.00      32.00
17시 07분 16초    2       0.00      15.00       0.00       0.00       0.00       0.00       0.00      51.00       0.00      20.00
17시 07분 16초    3       0.00       3.00       0.00       0.00       0.00       0.00       0.00      12.00       0.00      19.00
17시 07분 16초    4       0.00      29.00       0.00       0.00       0.00       0.00       0.00      26.00       0.00      17.00
17시 07분 16초    5       0.00     250.00       0.00       0.00       0.00       0.00       0.00      86.00       0.00      37.00

17시 07분 16초  CPU    %usr   %nice    %sys %iowait    %irq   %soft  %steal  %guest  %gnice   %idle
17시 07분 17초  all    3.19    0.00    3.36    0.00    0.34    0.00    0.00    0.00    0.00   93.11
17시 07분 17초    0    2.02    0.00    4.04    0.00    1.01    0.00    0.00    0.00    0.00   92.93
17시 07분 17초    1    3.00    0.00    3.00    0.00    0.00    0.00    0.00    0.00    0.00   94.00
17시 07분 17초    2    3.03    0.00    3.03    0.00    0.00    0.00    0.00    0.00    0.00   93.94
17시 07분 17초    3    5.00    0.00    5.00    0.00    1.00    0.00    0.00    0.00    0.00   89.00
17시 07분 17초    4    3.03    0.00    0.00    0.00    0.00    0.00    0.00    0.00    0.00   96.97
17시 07분 17초    5    3.06    0.00    5.10    0.00    0.00    0.00    0.00    0.00    0.00   91.84

17시 07분 16초  CPU    intr/s
17시 07분 17초  all   1766.00
17시 07분 17초    0    121.00
17시 07분 17초    1    206.00
17시 07분 17초    2     86.00
17시 07분 17초    3     83.00
17시 07분 17초    4    117.00
17시 07분 17초    5    221.00

17시 07분 16초  CPU        9/s       11/s       12/s       13/s       18/s       20/s       21/s       22/s       23/s       24/s       25/s       26/s       27/s       28/s       29/s       30/s       31/s       32/s       33/s       34/s       35/s       36/s       37/s       38/s       39/s       40/s       41/s       42/s       43/s       44/s       45/s       46/s       47/s       48/s       49/s       50/s       51/s       52/s       53/s       54/s       55/s       57/s       59/s       61/s       65/s       66/s       67/s       68/s       69/s       70/s       71/s       72/s       73/s       74/s       75/s       76/s       77/s       79/s       80/s       81/s       82/s       83/s       84/s       85/s       86/s       87/s       88/s       89/s       90/s       91/s       92/s       93/s       94/s       95/s       96/s       97/s       98/s      112/s      113/s      114/s      115/s      116/s      117/s      118/s      119/s      120/s      121/s      122/s      123/s      124/s      125/s      126/s      127/s      128/s      129/s      130/s      131/s      132/s      133/s      134/s      135/s      136/s      137/s      138/s      150/s      154/s      162/s      167/s      171/s      224/s      228/s      229/s      230/s      231/s      232/s      233/s      234/s      235/s      236/s      237/s      245/s      246/s      247/s      249/s      250/s      252/s      253/s      262/s      263/s      294/s      296/s      297/s      298/s      299/s      301/s      302/s     IPI0/s     IPI1/s     IPI2/s     IPI3/s     IPI4/s     IPI5/s     IPI6/s      Err/s
17시 07분 17초    0       0.00       0.00       0.00     109.00       0.00       0.00       0.00       0.00       0.00       0.00       0.00       0.00       0.00       0.00       0.00       0.00       0.00       0.00       0.00       0.00       0.00       0.00       0.00       0.00       0.00       0.00       0.00       0.00       0.00       0.00       0.00       0.00       0.00       0.00       0.00       0.00       0.00       0.00       0.00       0.00       0.00       0.00       0.00       0.00       0.00       0.00       0.00       0.00       0.00       0.00       0.00       0.00       0.00       0.00       0.00       0.00       0.00       0.00       0.00       0.00       0.00       0.00       0.00       0.00       0.00       0.00       0.00       0.00       0.00       0.00       0.00       0.00       0.00       0.00       0.00       0.00       0.00       0.00       0.00       0.00       0.00       0.00       0.00       0.00       0.00       0.00       0.00       0.00       0.00       0.00       0.00       0.00       0.00       0.00       0.00       0.00       0.00       0.00       0.00       0.00       0.00       0.00       0.00       0.00       0.00      45.00       0.00       0.00       0.00       0.00       0.00       0.00       0.00       0.00       0.00       0.00       0.00       0.00       0.00       0.00       0.00       0.00       0.00       0.00       0.00       0.00       0.00       0.00       0.00       0.00       0.00       0.00       0.00       0.00      24.00       5.00     154.00      14.00       0.00       0.00       0.00       3.00       0.00       0.00
17시 07분 17초    1       0.00       0.00       0.00     135.00       0.00       0.00       0.00       0.00       0.00       0.00       0.00       0.00       0.00       0.00       0.00       0.00       0.00       0.00       0.00       0.00       0.00       0.00       0.00       0.00       0.00       0.00       0.00       0.00       0.00       0.00       0.00       0.00       0.00       0.00       0.00       0.00       0.00       0.00       0.00       0.00       0.00       0.00       0.00       0.00       0.00       0.00       0.00       0.00       0.00       0.00       0.00       0.00       0.00       0.00       0.00       0.00       0.00       0.00       0.00       0.00       0.00       0.00       0.00       0.00       0.00       0.00       0.00       0.00       0.00       0.00       0.00       0.00       0.00       0.00       0.00       0.00       0.00       0.00       0.00       0.00       0.00       0.00       0.00       0.00       0.00       0.00       0.00       0.00       0.00       0.00       0.00       0.00       0.00       0.00       0.00       0.00       0.00       0.00       0.00       0.00       0.00       0.00       0.00       0.00       0.00       0.00       0.00       0.00       0.00       0.00       0.00       0.00       0.00       0.00       0.00       0.00       0.00       0.00       0.00       0.00       0.00       0.00       0.00       0.00       0.00       0.00       0.00       0.00       0.00       0.00       0.00       0.00       0.00       0.00       0.00       0.00     202.00      16.00       0.00       0.00       0.00       0.00       0.00       0.00
17시 07분 17초    2       0.00       0.00       0.00      63.00       0.00       0.00       0.00       0.00       0.00       0.00       0.00       0.00       0.00       0.00       0.00       0.00       0.00       0.00       0.00       0.00       0.00       0.00       0.00       0.00       0.00       0.00       0.00       0.00       0.00       0.00       0.00       0.00       0.00       0.00       0.00       0.00       0.00       0.00       0.00       0.00       0.00       0.00       0.00       0.00       0.00       0.00       0.00       0.00       0.00       0.00       0.00       0.00       0.00       0.00       0.00       0.00       0.00       0.00       0.00       0.00       0.00       0.00       0.00       0.00       0.00       0.00       0.00       0.00       0.00       0.00       0.00       0.00       0.00       0.00       0.00       0.00       0.00       0.00       0.00       0.00       0.00       0.00       0.00       0.00       0.00       0.00       0.00       0.00       0.00       0.00       0.00       0.00       0.00       0.00       0.00       0.00       0.00       0.00       0.00       0.00       0.00       0.00       0.00       0.00       0.00       0.00       0.00       0.00       0.00       0.00       0.00       0.00       0.00       0.00       0.00       0.00       0.00       0.00       0.00       0.00       0.00       0.00       0.00       0.00       0.00       0.00       0.00       0.00       0.00       0.00       0.00       0.00       0.00       0.00       0.00       0.00     214.00      17.00       0.00       0.00       0.00       3.00       0.00       0.00
17시 07분 17초    3       0.00       0.00       0.00      83.00       0.00       0.00       0.00       0.00       0.00       0.00       0.00       0.00       0.00       0.00       0.00       0.00       0.00       0.00       0.00       0.00       0.00       0.00       0.00       0.00       0.00       0.00       0.00       0.00       0.00       0.00       0.00       0.00       0.00       0.00       0.00       0.00       0.00       0.00       0.00       0.00       0.00       0.00       0.00       0.00       0.00       0.00       0.00       0.00       0.00       0.00       0.00       0.00       0.00       0.00       0.00       0.00       0.00       0.00       0.00       0.00       0.00       0.00       0.00       0.00       0.00       0.00       0.00       0.00       0.00       0.00       0.00       0.00       0.00       0.00       0.00       0.00       0.00       0.00       0.00       0.00       0.00       0.00       0.00       0.00       0.00       0.00       0.00       0.00       0.00       0.00       0.00       0.00       0.00       0.00       0.00       0.00       0.00       0.00       0.00       0.00       0.00       0.00       0.00       0.00       0.00       0.00       0.00       0.00       0.00       0.00       0.00       0.00       0.00       0.00       0.00       0.00       0.00       0.00       0.00       0.00       0.00       0.00       0.00       0.00       0.00       0.00       0.00       0.00       0.00       0.00       0.00       0.00       0.00       0.00       0.00       0.00      92.00      16.00       0.00       0.00       0.00       1.00       0.00       0.00
17시 07분 17초    4       0.00       0.00       0.00     117.00       0.00       0.00       0.00       0.00       0.00       0.00       0.00       0.00       0.00       0.00       0.00       0.00       0.00       0.00       0.00       0.00       0.00       0.00       0.00       0.00       0.00       0.00       0.00       0.00       0.00       0.00       0.00       0.00       0.00       0.00       0.00       0.00       0.00       0.00       0.00       0.00       0.00       0.00       0.00       0.00       0.00       0.00       0.00       0.00       0.00       0.00       0.00       0.00       0.00       0.00       0.00       0.00       0.00       0.00       0.00       0.00       0.00       0.00       0.00       0.00       0.00       0.00       0.00       0.00       0.00       0.00       0.00       0.00       0.00       0.00       0.00       0.00       0.00       0.00       0.00       0.00       0.00       0.00       0.00       0.00       0.00       0.00       0.00       0.00       0.00       0.00       0.00       0.00       0.00       0.00       0.00       0.00       0.00       0.00       0.00       0.00       0.00       0.00       0.00       0.00       0.00       0.00       0.00       0.00       0.00       0.00       0.00       0.00       0.00       0.00       0.00       0.00       0.00       0.00       0.00       0.00       0.00       0.00       0.00       0.00       0.00       0.00       0.00       0.00       0.00       0.00       0.00       0.00       0.00       0.00       0.00       0.00     157.00      21.00       0.00       0.00       0.00       3.00       0.00       0.00
17시 07분 17초    5       0.00       0.00       0.00     182.00       0.00       0.00       0.00       0.00       0.00       0.00       0.00       0.00       0.00       0.00       0.00       0.00       0.00       0.00       0.00       0.00       0.00       0.00       0.00       0.00       0.00       0.00       0.00       0.00       0.00       0.00       0.00       0.00       0.00       0.00       0.00       0.00       0.00       0.00       0.00       0.00       0.00       0.00       0.00       0.00       0.00       0.00       0.00       0.00       0.00       0.00       0.00       0.00       0.00       0.00       0.00       0.00       0.00       0.00       0.00       0.00       0.00       0.00       0.00       0.00       0.00       0.00       0.00       0.00       0.00       0.00       0.00       0.00       0.00       0.00       0.00       0.00       0.00       0.00       0.00       0.00       0.00       0.00       0.00       0.00       0.00       0.00       0.00       0.00       0.00       0.00       0.00       0.00       0.00       0.00       0.00       0.00       0.00       0.00       0.00       0.00       0.00       0.00       0.00       0.00       0.00       0.00       0.00       0.00       0.00       0.00       0.00       0.00       0.00       0.00       0.00       0.00       0.00       0.00       0.00       0.00       0.00       0.00       0.00       0.00       0.00       0.00       0.00       0.00       0.00       0.00       0.00       0.00       0.00       0.00       0.00       0.00      85.00       1.00       0.00       0.00       0.00       4.00       0.00       0.00

17시 07분 16초  CPU       HI/s    TIMER/s   NET_TX/s   NET_RX/s    BLOCK/s IRQ_POLL/s  TASKLET/s    SCHED/s  HRTIMER/s      RCU/s
17시 07분 17초    0       5.00      13.00       0.00      22.00       0.00       0.00       0.00      45.00       0.00      36.00
17시 07분 17초    1       0.00      40.00       0.00       0.00       0.00       0.00       0.00      52.00       0.00     114.00
17시 07분 17초    2       0.00      15.00       0.00       0.00       0.00       0.00       0.00      35.00       0.00      36.00
17시 07분 17초    3       0.00      11.00       0.00       0.00       0.00       0.00       0.00      31.00       0.00      41.00
17시 07분 17초    4       0.00      35.00       0.00       0.00       0.00       0.00       0.00      45.00       0.00      37.00
17시 07분 17초    5       0.00     104.00       0.00       0.00       0.00       0.00       0.00      61.00       0.00      56.00

17시 07분 17초  CPU    %usr   %nice    %sys %iowait    %irq   %soft  %steal  %guest  %gnice   %idle
17시 07분 18초  all    1.00    0.00    1.00    0.00    0.00    0.00    0.00    0.00    0.00   97.99
17시 07분 18초    0    2.00    0.00    1.00    0.00    0.00    0.00    0.00    0.00    0.00   97.00
17시 07분 18초    1    1.02    0.00    0.00    0.00    0.00    0.00    0.00    0.00    0.00   98.98
17시 07분 18초    2    0.00    0.00    1.00    0.00    0.00    0.00    0.00    0.00    0.00   99.00
17시 07분 18초    3    2.02    0.00    1.01    0.00    0.00    0.00    0.00    0.00    0.00   96.97
17시 07분 18초    4    0.00    0.00    0.00    0.00    0.00    0.00    0.00    0.00    0.00  100.00
17시 07분 18초    5    0.99    0.00    2.97    0.00    0.00    0.00    0.00    0.00    0.00   96.04

17시 07분 17초  CPU    intr/s
17시 07분 18초  all    277.00
17시 07분 18초    0     65.00
17시 07분 18초    1     84.00
17시 07분 18초    2     44.00
17시 07분 18초    3     75.00
17시 07분 18초    4     49.00
17시 07분 18초    5     30.00

17시 07분 17초  CPU        9/s       11/s       12/s       13/s       18/s       20/s       21/s       22/s       23/s       24/s       25/s       26/s       27/s       28/s       29/s       30/s       31/s       32/s       33/s       34/s       35/s       36/s       37/s       38/s       39/s       40/s       41/s       42/s       43/s       44/s       45/s       46/s       47/s       48/s       49/s       50/s       51/s       52/s       53/s       54/s       55/s       57/s       59/s       61/s       65/s       66/s       67/s       68/s       69/s       70/s       71/s       72/s       73/s       74/s       75/s       76/s       77/s       79/s       80/s       81/s       82/s       83/s       84/s       85/s       86/s       87/s       88/s       89/s       90/s       91/s       92/s       93/s       94/s       95/s       96/s       97/s       98/s      112/s      113/s      114/s      115/s      116/s      117/s      118/s      119/s      120/s      121/s      122/s      123/s      124/s      125/s      126/s      127/s      128/s      129/s      130/s      131/s      132/s      133/s      134/s      135/s      136/s      137/s      138/s      150/s      154/s      162/s      167/s      171/s      224/s      228/s      229/s      230/s      231/s      232/s      233/s      234/s      235/s      236/s      237/s      245/s      246/s      247/s      249/s      250/s      252/s      253/s      262/s      263/s      294/s      296/s      297/s      298/s      299/s      301/s      302/s     IPI0/s     IPI1/s     IPI2/s     IPI3/s     IPI4/s     IPI5/s     IPI6/s      Err/s
17시 07분 18초    0       0.00       0.00       0.00      33.00       0.00       0.00       0.00       0.00       0.00       0.00       0.00       0.00       0.00       0.00       0.00       0.00       0.00       0.00       0.00       0.00       0.00       0.00       0.00       0.00       0.00       0.00       0.00       0.00       0.00       0.00       0.00       0.00       0.00       0.00       0.00       0.00       0.00       0.00       0.00       0.00       0.00       0.00       0.00       0.00       0.00       0.00       0.00       0.00       0.00       0.00       0.00       0.00       0.00       0.00       0.00       0.00       0.00       0.00       0.00       0.00       0.00       0.00       0.00       0.00       0.00       0.00       0.00       0.00       0.00       0.00       0.00       0.00       0.00       0.00       0.00       0.00       0.00       0.00       0.00       0.00       0.00       0.00       0.00       0.00       0.00       0.00       0.00       0.00       0.00       0.00       0.00       0.00       0.00       0.00       0.00       0.00       0.00       0.00       0.00       0.00       0.00       0.00       0.00       0.00       0.00       5.00       0.00       0.00       0.00       0.00       0.00       0.00       0.00       0.00       0.00       0.00       0.00       0.00       0.00       0.00       0.00       0.00       0.00       0.00       0.00       0.00       0.00       0.00       0.00       0.00       0.00       0.00       0.00       0.00      12.00       0.00       0.00       2.00       0.00       0.00       0.00       0.00       0.00       0.00
17시 07분 18초    1       0.00       0.00       0.00      61.00       0.00       0.00       0.00       0.00       0.00       0.00       0.00       0.00       0.00       0.00       0.00       0.00       0.00       0.00       0.00       0.00       0.00       0.00       0.00       0.00       0.00       0.00       0.00       0.00       0.00       0.00       0.00       0.00       0.00       0.00       0.00       0.00       0.00       0.00       0.00       0.00       0.00       0.00       0.00       0.00       0.00       0.00       0.00       0.00       0.00       0.00       0.00       0.00       0.00       0.00       0.00       0.00       0.00       0.00       0.00       0.00       0.00       0.00       0.00       0.00       0.00       0.00       0.00       0.00       0.00       0.00       0.00       0.00       0.00       0.00       0.00       0.00       0.00       0.00       0.00       0.00       0.00       0.00       0.00       0.00       0.00       0.00       0.00       0.00       0.00       0.00       0.00       0.00       0.00       0.00       0.00       0.00       0.00       0.00       0.00       0.00       0.00       0.00       0.00       0.00       0.00       0.00       0.00       0.00       0.00       0.00       0.00       0.00       0.00       0.00       0.00       0.00       0.00       0.00       0.00       0.00       0.00       0.00       0.00       0.00       0.00       0.00       0.00       0.00       0.00       0.00       0.00       0.00       0.00       0.00       0.00       0.00       7.00       1.00       0.00       0.00       0.00       0.00       0.00       0.00
17시 07분 18초    2       0.00       0.00       0.00      29.00       0.00       0.00       0.00       0.00       0.00       0.00       0.00       0.00       0.00       0.00       0.00       0.00       0.00       0.00       0.00       0.00       0.00       0.00       0.00       0.00       0.00       0.00       0.00       0.00       0.00       0.00       0.00       0.00       0.00       0.00       0.00       0.00       0.00       0.00       0.00       0.00       0.00       0.00       0.00       0.00       0.00       0.00       0.00       0.00       0.00       0.00       0.00       0.00       0.00       0.00       0.00       0.00       0.00       0.00       0.00       0.00       0.00       0.00       0.00       0.00       0.00       0.00       0.00       0.00       0.00       0.00       0.00       0.00       0.00       0.00       0.00       0.00       0.00       0.00       0.00       0.00       0.00       0.00       0.00       0.00       0.00       0.00       0.00       0.00       0.00       0.00       0.00       0.00       0.00       0.00       0.00       0.00       0.00       0.00       0.00       0.00       0.00       0.00       0.00       0.00       0.00       0.00       0.00       0.00       0.00       0.00       0.00       0.00       0.00       0.00       0.00       0.00       0.00       0.00       0.00       0.00       0.00       0.00       0.00       0.00       0.00       0.00       0.00       0.00       0.00       0.00       0.00       0.00       0.00       0.00       0.00       0.00       1.00       1.00       0.00       0.00       0.00       0.00       0.00       0.00
17시 07분 18초    3       0.00       0.00       0.00      53.00       0.00       0.00       0.00       0.00       0.00       0.00       0.00       0.00       0.00       0.00       0.00       0.00       0.00       0.00       0.00       0.00       0.00       0.00       0.00       0.00       0.00       0.00       0.00       0.00       0.00       0.00       0.00       0.00       0.00       0.00       0.00       0.00       0.00       0.00       0.00       0.00       0.00       0.00       0.00       0.00       0.00       0.00       0.00       0.00       0.00       0.00       0.00       0.00       0.00       0.00       0.00       0.00       0.00       0.00       0.00       0.00       0.00       0.00       0.00       0.00       0.00       0.00       0.00       0.00       0.00       0.00       0.00       0.00       0.00       0.00       0.00       0.00       0.00       0.00       0.00       0.00       0.00       0.00       0.00       0.00       0.00       0.00       0.00       0.00       0.00       0.00       0.00       0.00       0.00       0.00       0.00       0.00       0.00       0.00       0.00       0.00       0.00       0.00       0.00       0.00       0.00       0.00       0.00       0.00       0.00       0.00       0.00       0.00       0.00       0.00       0.00       0.00       0.00       0.00       0.00       0.00       0.00       0.00       0.00       0.00       0.00       0.00       0.00       0.00       0.00       0.00       0.00       0.00       0.00       0.00       0.00       0.00       4.00       0.00       0.00       0.00       0.00       0.00       0.00       0.00
17시 07분 18초    4       0.00       0.00       0.00      20.00       0.00       0.00       0.00       0.00       0.00       0.00       0.00       0.00       0.00       0.00       0.00       0.00       0.00       0.00       0.00       0.00       0.00       0.00       0.00       0.00       0.00       0.00       0.00       0.00       0.00       0.00       0.00       0.00       0.00       0.00       0.00       0.00       0.00       0.00       0.00       0.00       0.00       0.00       0.00       0.00       0.00       0.00       0.00       0.00       0.00       0.00       0.00       0.00       0.00       0.00       0.00       0.00       0.00       0.00       0.00       0.00       0.00       0.00       0.00       0.00       0.00       0.00       0.00       0.00       0.00       0.00       0.00       0.00       0.00       0.00       0.00       0.00       0.00       0.00       0.00       0.00       0.00       0.00       0.00       0.00       0.00       0.00       0.00       0.00       0.00       0.00       0.00       0.00       0.00       0.00       0.00       0.00       0.00       0.00       0.00       0.00       0.00       0.00       0.00       0.00       0.00       0.00       0.00       0.00       0.00       0.00       0.00       0.00       0.00       0.00       0.00       0.00       0.00       0.00       0.00       0.00       0.00       0.00       0.00       0.00       0.00       0.00       0.00       0.00       0.00       0.00       0.00       0.00       0.00       0.00       0.00       0.00      15.00       0.00       0.00       0.00       0.00       0.00       0.00       0.00
17시 07분 18초    5       0.00       0.00       0.00      33.00       0.00       0.00       0.00       0.00       0.00       0.00       0.00       0.00       0.00       0.00       0.00       0.00       0.00       0.00       0.00       0.00       0.00       0.00       0.00       0.00       0.00       0.00       0.00       0.00       0.00       0.00       0.00       0.00       0.00       0.00       0.00       0.00       0.00       0.00       0.00       0.00       0.00       0.00       0.00       0.00       0.00       0.00       0.00       0.00       0.00       0.00       0.00       0.00       0.00       0.00       0.00       0.00       0.00       0.00       0.00       0.00       0.00       0.00       0.00       0.00       0.00       0.00       0.00       0.00       0.00       0.00       0.00       0.00       0.00       0.00       0.00       0.00       0.00       0.00       0.00       0.00       0.00       0.00       0.00       0.00       0.00       0.00       0.00       0.00       0.00       0.00       0.00       0.00       0.00       0.00       0.00       0.00       0.00       0.00       0.00       0.00       0.00       0.00       0.00       0.00       0.00       0.00       0.00       0.00       0.00       0.00       0.00       0.00       0.00       0.00       0.00       0.00       0.00       0.00       0.00       0.00       0.00       0.00       0.00       0.00       0.00       0.00       0.00       0.00       0.00       0.00       0.00       0.00       0.00       0.00       0.00       0.00       0.00       0.00       0.00       0.00       0.00       0.00       0.00       0.00

17시 07분 17초  CPU       HI/s    TIMER/s   NET_TX/s   NET_RX/s    BLOCK/s IRQ_POLL/s  TASKLET/s    SCHED/s  HRTIMER/s      RCU/s
17시 07분 18초    0       0.00      12.00       0.00      11.00       0.00       0.00       0.00      21.00       0.00      21.00
17시 07분 18초    1       0.00      28.00       0.00       0.00       0.00       0.00       0.00      31.00       0.00      25.00
17시 07분 18초    2       0.00      12.00       0.00       0.00       0.00       0.00       0.00      17.00       0.00      15.00
17시 07분 18초    3       0.00      20.00       0.00       0.00       0.00       0.00       0.00      28.00       0.00      27.00
17시 07분 18초    4       0.00      19.00       0.00       0.00       0.00       0.00       0.00      14.00       0.00      16.00
17시 07분 18초    5       0.00       1.00       0.00       0.00       0.00       0.00       0.00      11.00       0.00      18.00

17시 07분 18초  CPU    %usr   %nice    %sys %iowait    %irq   %soft  %steal  %guest  %gnice   %idle
17시 07분 19초  all    0.33    0.00    1.50    0.00    0.00    0.17    0.00    0.00    0.00   98.00
17시 07분 19초    0    0.00    0.00    2.02    0.00    0.00    0.00    0.00    0.00    0.00   97.98
17시 07분 19초    1    0.00    0.00    2.00    0.00    0.00    0.00    0.00    0.00    0.00   98.00
17시 07분 19초    2    0.99    0.00    0.99    0.00    0.00    0.00    0.00    0.00    0.00   98.02
17시 07분 19초    3    0.00    0.00    2.02    0.00    0.00    0.00    0.00    0.00    0.00   97.98
17시 07분 19초    4    0.00    0.00    0.00    0.00    0.00    0.99    0.00    0.00    0.00   99.01
17시 07분 19초    5    1.01    0.00    2.02    0.00    0.00    0.00    0.00    0.00    0.00   96.97

17시 07분 18초  CPU    intr/s
17시 07분 19초  all    440.00
17시 07분 19초    0     70.00
17시 07분 19초    1     86.00
17시 07분 19초    2     44.00
17시 07분 19초    3     69.00
17시 07분 19초    4     57.00
17시 07분 19초    5     41.00

17시 07분 18초  CPU        9/s       11/s       12/s       13/s       18/s       20/s       21/s       22/s       23/s       24/s       25/s       26/s       27/s       28/s       29/s       30/s       31/s       32/s       33/s       34/s       35/s       36/s       37/s       38/s       39/s       40/s       41/s       42/s       43/s       44/s       45/s       46/s       47/s       48/s       49/s       50/s       51/s       52/s       53/s       54/s       55/s       57/s       59/s       61/s       65/s       66/s       67/s       68/s       69/s       70/s       71/s       72/s       73/s       74/s       75/s       76/s       77/s       79/s       80/s       81/s       82/s       83/s       84/s       85/s       86/s       87/s       88/s       89/s       90/s       91/s       92/s       93/s       94/s       95/s       96/s       97/s       98/s      112/s      113/s      114/s      115/s      116/s      117/s      118/s      119/s      120/s      121/s      122/s      123/s      124/s      125/s      126/s      127/s      128/s      129/s      130/s      131/s      132/s      133/s      134/s      135/s      136/s      137/s      138/s      150/s      154/s      162/s      167/s      171/s      224/s      228/s      229/s      230/s      231/s      232/s      233/s      234/s      235/s      236/s      237/s      245/s      246/s      247/s      249/s      250/s      252/s      253/s      262/s      263/s      294/s      296/s      297/s      298/s      299/s      301/s      302/s     IPI0/s     IPI1/s     IPI2/s     IPI3/s     IPI4/s     IPI5/s     IPI6/s      Err/s
17시 07분 19초    0       0.00       0.00       0.00      46.00       0.00       0.00       0.00       0.00       0.00       0.00       0.00       0.00       0.00       0.00       0.00       0.00       0.00       0.00       0.00       0.00       0.00       0.00       0.00       0.00       0.00       0.00       0.00       0.00       0.00       0.00       0.00       0.00       0.00       0.00       0.00       0.00       0.00       0.00       0.00       0.00       0.00       0.00       0.00       0.00       0.00       0.00       0.00       0.00       0.00       0.00       0.00       0.00       0.00       0.00       0.00       0.00       0.00       0.00       0.00       0.00       0.00       0.00       0.00       0.00       0.00       0.00       0.00       0.00       0.00       0.00       0.00       0.00       0.00       0.00       0.00       0.00       0.00      73.00       0.00       0.00       0.00       0.00       0.00       0.00       0.00       0.00       0.00       0.00       0.00       0.00       0.00       0.00       0.00       0.00       0.00       0.00       0.00       0.00       0.00       0.00       0.00       0.00       0.00       0.00       0.00       5.00       0.00       0.00       0.00       0.00       0.00       0.00       0.00       0.00       0.00       0.00       0.00       0.00       0.00       0.00       0.00       0.00       0.00       0.00       0.00       0.00       0.00       0.00       0.00       0.00       0.00       0.00       0.00       0.00      12.00       0.00       0.00       3.00       0.00       0.00       0.00       0.00       0.00       0.00
17시 07분 19초    1       0.00       0.00       0.00      58.00       0.00       0.00       0.00       0.00       0.00       0.00       0.00       0.00       0.00       0.00       0.00       0.00       0.00       0.00       0.00       0.00       0.00       0.00       0.00       0.00       0.00       0.00       0.00       0.00       0.00       0.00       0.00       0.00       0.00       0.00       0.00       0.00       0.00       0.00       0.00       0.00       0.00       0.00       0.00       0.00       0.00       0.00       0.00       0.00       0.00       0.00       0.00       0.00       0.00       0.00       0.00       0.00       0.00       0.00       0.00       0.00       0.00       0.00       0.00       0.00       0.00       0.00       0.00       0.00       0.00       0.00       0.00       0.00       0.00       0.00       0.00       0.00       0.00       0.00       0.00       0.00       0.00       0.00       0.00       0.00       0.00       0.00       0.00       0.00       0.00       0.00       0.00       0.00       0.00       0.00       0.00       0.00       0.00       0.00       0.00       0.00       0.00       0.00       0.00       0.00       0.00       0.00       0.00       0.00       0.00       0.00       0.00       0.00       0.00       0.00       0.00       0.00       0.00       0.00       0.00       0.00       0.00       0.00       0.00       0.00       0.00       0.00       0.00       0.00       0.00       0.00       0.00       0.00       0.00       0.00       0.00       0.00       1.00       1.00       0.00       0.00       0.00       0.00       0.00       0.00
17시 07분 19초    2       0.00       0.00       0.00      29.00       0.00       0.00       0.00       0.00       0.00       0.00       0.00       0.00       0.00       0.00       0.00       0.00       0.00       0.00       0.00       0.00       0.00       0.00       0.00       0.00       0.00       0.00       0.00       0.00       0.00       0.00       0.00       0.00       0.00       0.00       0.00       0.00       0.00       0.00       0.00       0.00       0.00       0.00       0.00       0.00       0.00       0.00       0.00       0.00       0.00       0.00       0.00       0.00       0.00       0.00       0.00       0.00       0.00       0.00       0.00       0.00       0.00       0.00       0.00       0.00       0.00       0.00       0.00       0.00       0.00       0.00       0.00       0.00       0.00       0.00       0.00       0.00       0.00       0.00       0.00       0.00       0.00       0.00       0.00       0.00       0.00       0.00       0.00       0.00       0.00       0.00       0.00       0.00       0.00       0.00       0.00       0.00       0.00       0.00       0.00       0.00       0.00       0.00       0.00       0.00       0.00       0.00       0.00       0.00       0.00       0.00       0.00       0.00       0.00       0.00       0.00       0.00       0.00       0.00       0.00       0.00       0.00       0.00       0.00       0.00       0.00       0.00       0.00       0.00       0.00       0.00       0.00       0.00       0.00       0.00       0.00       0.00       0.00       1.00       0.00       0.00       0.00       0.00       0.00       0.00
17시 07분 19초    3       0.00       0.00       0.00      53.00       0.00       0.00       0.00       0.00       0.00       0.00       0.00       0.00       0.00       0.00       0.00       0.00       0.00       0.00       0.00       0.00       0.00       0.00       0.00       0.00       0.00       0.00       0.00       0.00       0.00       0.00       0.00       0.00       0.00       0.00       0.00       0.00       0.00       0.00       0.00       0.00       0.00       0.00       0.00       0.00       0.00       0.00       0.00       0.00       0.00       0.00       0.00       0.00       0.00       0.00       0.00       0.00       0.00       0.00       0.00       0.00       0.00       0.00       0.00       0.00       0.00       0.00       0.00       0.00       0.00       0.00       0.00       0.00       0.00       0.00       0.00       0.00       0.00       0.00       0.00       0.00       0.00       0.00       0.00       0.00       0.00       0.00       0.00       0.00       0.00       0.00       0.00       0.00       0.00       0.00       0.00       0.00       0.00       0.00       0.00       0.00       0.00       0.00       0.00       0.00       0.00       0.00       0.00       0.00       0.00       0.00       0.00       0.00       0.00       0.00       0.00       0.00       0.00       0.00       0.00       0.00       0.00       0.00       0.00       0.00       0.00       0.00       0.00       0.00       0.00       0.00       0.00       0.00       0.00       0.00       0.00       0.00       2.00       0.00       0.00       0.00       0.00       0.00       0.00       0.00
17시 07분 19초    4       0.00       0.00       0.00      26.00       0.00       0.00       0.00       0.00       0.00       0.00       0.00       0.00       0.00       0.00       0.00       0.00       0.00       0.00       0.00       0.00       0.00       0.00       0.00       0.00       0.00       0.00       0.00       0.00       0.00       0.00       0.00       0.00       0.00       0.00       0.00       0.00       0.00       0.00       0.00       0.00       0.00       0.00       0.00       0.00       0.00       0.00       0.00       0.00       0.00       0.00       0.00       0.00       0.00       0.00       0.00       0.00       0.00       0.00       0.00       0.00       0.00       0.00       0.00       0.00       0.00       0.00       0.00       0.00       0.00       0.00       0.00       0.00       0.00       0.00       0.00       0.00       0.00       0.00       0.00       0.00       0.00       0.00       0.00       0.00       0.00       0.00       0.00       0.00       0.00       0.00       0.00       0.00       0.00       0.00       0.00       0.00       0.00       0.00       0.00       0.00       0.00       0.00       0.00       0.00       0.00       0.00       0.00       0.00       0.00       0.00       0.00       0.00       0.00       0.00       0.00       0.00       0.00       0.00       0.00       0.00       0.00       0.00       0.00       0.00       0.00       0.00       0.00       0.00       0.00       0.00       0.00       0.00       0.00       0.00       0.00       0.00      17.00       0.00       0.00       0.00       0.00       0.00       0.00       0.00
17시 07분 19초    5       0.00       0.00       0.00      41.00       0.00       0.00       0.00       0.00       0.00       0.00       0.00       0.00       0.00       0.00       0.00       0.00       0.00       0.00       0.00       0.00       0.00       0.00       0.00       0.00       0.00       0.00       0.00       0.00       0.00       0.00       0.00       0.00       0.00       0.00       0.00       0.00       0.00       0.00       0.00       0.00       0.00       0.00       0.00       0.00       0.00       0.00       0.00       0.00       0.00       0.00       0.00       0.00       0.00       0.00       0.00       0.00       0.00       0.00       0.00       0.00       0.00       0.00       0.00       0.00       0.00       0.00       0.00       0.00       0.00       0.00       0.00       0.00       0.00       0.00       0.00       0.00       0.00       0.00       0.00       0.00       0.00       0.00       0.00       0.00       0.00       0.00       0.00       0.00       0.00       0.00       0.00       0.00       0.00       0.00       0.00       0.00       0.00       0.00       0.00       0.00       0.00       0.00       0.00       0.00       0.00       0.00       0.00       0.00       0.00       0.00       0.00       0.00       0.00       0.00       0.00       0.00       0.00       0.00       0.00       0.00       0.00       0.00       0.00       0.00       0.00       0.00       0.00       0.00       0.00       0.00       0.00       0.00       0.00       0.00       0.00       0.00      72.00       0.00       0.00       0.00       0.00       0.00       0.00       0.00

17시 07분 18초  CPU       HI/s    TIMER/s   NET_TX/s   NET_RX/s    BLOCK/s IRQ_POLL/s  TASKLET/s    SCHED/s  HRTIMER/s      RCU/s
17시 07분 19초    0       0.00      11.00       1.00      11.00       0.00       0.00       0.00      25.00       0.00      22.00
17시 07분 19초    1       0.00      28.00       0.00       0.00       0.00       0.00       0.00      34.00       0.00      24.00
17시 07분 19초    2       0.00      11.00       0.00       0.00       0.00       0.00       0.00      18.00       0.00      15.00
17시 07분 19초    3       0.00      19.00       0.00       0.00       0.00       0.00       0.00      27.00       0.00      23.00
17시 07분 19초    4       0.00      22.00       0.00       0.00       0.00       0.00       0.00      18.00       0.00      17.00
17시 07분 19초    5       0.00       4.00       0.00       0.00       0.00       0.00       0.00      15.00       0.00      22.00

17시 07분 19초  CPU    %usr   %nice    %sys %iowait    %irq   %soft  %steal  %guest  %gnice   %idle
17시 07분 20초  all    0.50    0.00    1.34    0.00    0.00    0.00    0.00    0.00    0.00   98.16
17시 07분 20초    0    0.99    0.00    1.98    0.00    0.00    0.00    0.00    0.00    0.00   97.03
17시 07분 20초    1    0.00    0.00    1.02    0.00    0.00    0.00    0.00    0.00    0.00   98.98
17시 07분 20초    2    0.00    0.00    0.00    0.00    0.00    0.00    0.00    0.00    0.00  100.00
17시 07분 20초    3    1.01    0.00    2.02    0.00    0.00    0.00    0.00    0.00    0.00   96.97
17시 07분 20초    4    0.00    0.00    0.00    0.00    0.00    0.00    0.00    0.00    0.00  100.00
17시 07분 20초    5    0.99    0.00    2.97    0.00    0.00    0.00    0.00    0.00    0.00   96.04

17시 07분 19초  CPU    intr/s
17시 07분 20초  all    319.00
17시 07분 20초    0     79.00
17시 07분 20초    1     80.00
17시 07분 20초    2     43.00
17시 07분 20초    3     76.00
17시 07분 20초    4     48.00
17시 07분 20초    5     42.00

17시 07분 19초  CPU        9/s       11/s       12/s       13/s       18/s       20/s       21/s       22/s       23/s       24/s       25/s       26/s       27/s       28/s       29/s       30/s       31/s       32/s       33/s       34/s       35/s       36/s       37/s       38/s       39/s       40/s       41/s       42/s       43/s       44/s       45/s       46/s       47/s       48/s       49/s       50/s       51/s       52/s       53/s       54/s       55/s       57/s       59/s       61/s       65/s       66/s       67/s       68/s       69/s       70/s       71/s       72/s       73/s       74/s       75/s       76/s       77/s       79/s       80/s       81/s       82/s       83/s       84/s       85/s       86/s       87/s       88/s       89/s       90/s       91/s       92/s       93/s       94/s       95/s       96/s       97/s       98/s      112/s      113/s      114/s      115/s      116/s      117/s      118/s      119/s      120/s      121/s      122/s      123/s      124/s      125/s      126/s      127/s      128/s      129/s      130/s      131/s      132/s      133/s      134/s      135/s      136/s      137/s      138/s      150/s      154/s      162/s      167/s      171/s      224/s      228/s      229/s      230/s      231/s      232/s      233/s      234/s      235/s      236/s      237/s      245/s      246/s      247/s      249/s      250/s      252/s      253/s      262/s      263/s      294/s      296/s      297/s      298/s      299/s      301/s      302/s     IPI0/s     IPI1/s     IPI2/s     IPI3/s     IPI4/s     IPI5/s     IPI6/s      Err/s
17시 07분 20초    0       0.00       0.00       0.00      48.00       0.00       0.00       0.00       0.00       0.00       0.00       0.00       0.00       0.00       0.00       0.00       0.00       0.00       0.00       0.00       0.00       0.00       0.00       0.00       0.00       0.00       0.00       0.00       0.00       0.00       0.00       0.00       0.00       0.00       0.00       0.00       0.00       0.00       0.00       0.00       0.00       0.00       0.00       0.00       0.00       0.00       0.00       0.00       0.00       0.00       0.00       0.00       0.00       0.00       0.00       0.00       0.00       0.00       0.00       0.00       0.00       0.00       0.00       0.00       0.00       0.00       0.00       0.00       0.00       0.00       0.00       0.00       0.00       0.00       0.00       0.00       0.00       0.00       2.00       0.00       0.00       0.00       0.00       0.00       0.00       0.00       0.00       0.00       0.00       0.00       0.00       0.00       0.00       0.00       0.00       0.00       0.00       0.00       0.00       0.00       0.00       0.00       0.00       0.00       0.00       0.00      10.00       0.00       0.00       0.00       0.00       0.00       0.00       0.00       0.00       0.00       0.00       0.00       0.00       0.00       0.00       0.00       0.00       0.00       0.00       0.00       0.00       0.00       0.00       0.00       0.00       0.00       0.00       0.00       0.00      24.00       0.00       0.00       3.00       0.00       0.00       0.00       0.00       0.00       0.00
17시 07분 20초    1       0.00       0.00       0.00      52.00       0.00       0.00       0.00       0.00       0.00       0.00       0.00       0.00       0.00       0.00       0.00       0.00       0.00       0.00       0.00       0.00       0.00       0.00       0.00       0.00       0.00       0.00       0.00       0.00       0.00       0.00       0.00       0.00       0.00       0.00       0.00       0.00       0.00       0.00       0.00       0.00       0.00       0.00       0.00       0.00       0.00       0.00       0.00       0.00       0.00       0.00       0.00       0.00       0.00       0.00       0.00       0.00       0.00       0.00       0.00       0.00       0.00       0.00       0.00       0.00       0.00       0.00       0.00       0.00       0.00       0.00       0.00       0.00       0.00       0.00       0.00       0.00       0.00       0.00       0.00       0.00       0.00       0.00       0.00       0.00       0.00       0.00       0.00       0.00       0.00       0.00       0.00       0.00       0.00       0.00       0.00       0.00       0.00       0.00       0.00       0.00       0.00       0.00       0.00       0.00       0.00       0.00       0.00       0.00       0.00       0.00       0.00       0.00       0.00       0.00       0.00       0.00       0.00       0.00       0.00       0.00       0.00       0.00       0.00       0.00       0.00       0.00       0.00       0.00       0.00       0.00       0.00       0.00       0.00       0.00       0.00       0.00       6.00       2.00       0.00       0.00       0.00       0.00       0.00       0.00
17시 07분 20초    2       0.00       0.00       0.00      30.00       0.00       0.00       0.00       0.00       0.00       0.00       0.00       0.00       0.00       0.00       0.00       0.00       0.00       0.00       0.00       0.00       0.00       0.00       0.00       0.00       0.00       0.00       0.00       0.00       0.00       0.00       0.00       0.00       0.00       0.00       0.00       0.00       0.00       0.00       0.00       0.00       0.00       0.00       0.00       0.00       0.00       0.00       0.00       0.00       0.00       0.00       0.00       0.00       0.00       0.00       0.00       0.00       0.00       0.00       0.00       0.00       0.00       0.00       0.00       0.00       0.00       0.00       0.00       0.00       0.00       0.00       0.00       0.00       0.00       0.00       0.00       0.00       0.00       0.00       0.00       0.00       0.00       0.00       0.00       0.00       0.00       0.00       0.00       0.00       0.00       0.00       0.00       0.00       0.00       0.00       0.00       0.00       0.00       0.00       0.00       0.00       0.00       0.00       0.00       0.00       0.00       0.00       0.00       0.00       0.00       0.00       0.00       0.00       0.00       0.00       0.00       0.00       0.00       0.00       0.00       0.00       0.00       0.00       0.00       0.00       0.00       0.00       0.00       0.00       0.00       0.00       0.00       0.00       0.00       0.00       0.00       0.00       1.00       1.00       0.00       0.00       0.00       0.00       0.00       0.00
17시 07분 20초    3       0.00       0.00       0.00      51.00       0.00       0.00       0.00       0.00       0.00       0.00       0.00       0.00       0.00       0.00       0.00       0.00       0.00       0.00       0.00       0.00       0.00       0.00       0.00       0.00       0.00       0.00       0.00       0.00       0.00       0.00       0.00       0.00       0.00       0.00       0.00       0.00       0.00       0.00       0.00       0.00       0.00       0.00       0.00       0.00       0.00       0.00       0.00       0.00       0.00       0.00       0.00       0.00       0.00       0.00       0.00       0.00       0.00       0.00       0.00       0.00       0.00       0.00       0.00       0.00       0.00       0.00       0.00       0.00       0.00       0.00       0.00       0.00       0.00       0.00       0.00       0.00       0.00       0.00       0.00       0.00       0.00       0.00       0.00       0.00       0.00       0.00       0.00       0.00       0.00       0.00       0.00       0.00       0.00       0.00       0.00       0.00       0.00       0.00       0.00       0.00       0.00       0.00       0.00       0.00       0.00       0.00       0.00       0.00       0.00       0.00       0.00       0.00       0.00       0.00       0.00       0.00       0.00       0.00       0.00       0.00       0.00       0.00       0.00       0.00       0.00       0.00       0.00       0.00       0.00       0.00       0.00       0.00       0.00       0.00       0.00       0.00       3.00       0.00       0.00       0.00       0.00       0.00       0.00       0.00
17시 07분 20초    4       0.00       0.00       0.00      19.00       0.00       0.00       0.00       0.00       0.00       0.00       0.00       0.00       0.00       0.00       0.00       0.00       0.00       0.00       0.00       0.00       0.00       0.00       0.00       0.00       0.00       0.00       0.00       0.00       0.00       0.00       0.00       0.00       0.00       0.00       0.00       0.00       0.00       0.00       0.00       0.00       0.00       0.00       0.00       0.00       0.00       0.00       0.00       0.00       0.00       0.00       0.00       0.00       0.00       0.00       0.00       0.00       0.00       0.00       0.00       0.00       0.00       0.00       0.00       0.00       0.00       0.00       0.00       0.00       0.00       0.00       0.00       0.00       0.00       0.00       0.00       0.00       0.00       0.00       0.00       0.00       0.00       0.00       0.00       0.00       0.00       0.00       0.00       0.00       0.00       0.00       0.00       0.00       0.00       0.00       0.00       0.00       0.00       0.00       0.00       0.00       0.00       0.00       0.00       0.00       0.00       0.00       0.00       0.00       0.00       0.00       0.00       0.00       0.00       0.00       0.00       0.00       0.00       0.00       0.00       0.00       0.00       0.00       0.00       0.00       0.00       0.00       0.00       0.00       0.00       0.00       0.00       0.00       0.00       0.00       0.00       0.00      17.00       1.00       0.00       0.00       0.00       0.00       0.00       0.00
17시 07분 20초    5       0.00       0.00       0.00      41.00       0.00       0.00       0.00       0.00       0.00       0.00       0.00       0.00       0.00       0.00       0.00       0.00       0.00       0.00       0.00       0.00       0.00       0.00       0.00       0.00       0.00       0.00       0.00       0.00       0.00       0.00       0.00       0.00       0.00       0.00       0.00       0.00       0.00       0.00       0.00       0.00       0.00       0.00       0.00       0.00       0.00       0.00       0.00       0.00       0.00       0.00       0.00       0.00       0.00       0.00       0.00       0.00       0.00       0.00       0.00       0.00       0.00       0.00       0.00       0.00       0.00       0.00       0.00       0.00       0.00       0.00       0.00       0.00       0.00       0.00       0.00       0.00       0.00       0.00       0.00       0.00       0.00       0.00       0.00       0.00       0.00       0.00       0.00       0.00       0.00       0.00       0.00       0.00       0.00       0.00       0.00       0.00       0.00       0.00       0.00       0.00       0.00       0.00       0.00       0.00       0.00       0.00       0.00       0.00       0.00       0.00       0.00       0.00       0.00       0.00       0.00       0.00       0.00       0.00       0.00       0.00       0.00       0.00       0.00       0.00       0.00       0.00       0.00       0.00       0.00       0.00       0.00       0.00       0.00       0.00       0.00       0.00       8.00       0.00       0.00       0.00       0.00       0.00       0.00       0.00

17시 07분 19초  CPU       HI/s    TIMER/s   NET_TX/s   NET_RX/s    BLOCK/s IRQ_POLL/s  TASKLET/s    SCHED/s  HRTIMER/s      RCU/s
17시 07분 20초    0       0.00      11.00       0.00      22.00       0.00       0.00       0.00      24.00       0.00      22.00
17시 07분 20초    1       0.00      26.00       0.00       0.00       0.00       0.00       0.00      33.00       0.00      21.00
17시 07분 20초    2       0.00      11.00       0.00       0.00       0.00       0.00       0.00      16.00       0.00      16.00
17시 07분 20초    3       0.00      23.00       0.00       0.00       0.00       0.00       0.00      28.00       0.00      25.00
17시 07분 20초    4       0.00      17.00       0.00       0.00       0.00       0.00       0.00      14.00       0.00      17.00
17시 07분 20초    5       0.00       4.00       0.00       0.00       0.00       0.00       0.00      16.00       0.00      22.00

17시 07분 20초  CPU    %usr   %nice    %sys %iowait    %irq   %soft  %steal  %guest  %gnice   %idle
17시 07분 21초  all    0.17    0.00    3.69    1.17    0.00    0.00    0.00    0.00    0.00   94.97
17시 07분 21초    0    0.00    0.00    1.02    0.00    0.00    0.00    0.00    0.00    0.00   98.98
17시 07분 21초    1    0.00    0.00    2.00    4.00    0.00    0.00    0.00    0.00    0.00   94.00
17시 07분 21초    2    0.00    0.00   14.00    3.00    0.00    0.00    0.00    0.00    0.00   83.00
17시 07분 21초    3    0.00    0.00    2.02    0.00    0.00    0.00    0.00    0.00    0.00   97.98
17시 07분 21초    4    0.00    0.00    0.00    0.00    0.00    0.00    0.00    0.00    0.00  100.00
17시 07분 21초    5    1.00    0.00    3.00    0.00    0.00    0.00    0.00    0.00    0.00   96.00

17시 07분 20초  CPU    intr/s
17시 07분 21초  all    690.00
17시 07분 21초    0     81.00
17시 07분 21초    1     64.00
17시 07분 21초    2     82.00
17시 07분 21초    3     98.00
17시 07분 21초    4     57.00
17시 07분 21초    5     35.00

17시 07분 20초  CPU        9/s       11/s       12/s       13/s       18/s       20/s       21/s       22/s       23/s       24/s       25/s       26/s       27/s       28/s       29/s       30/s       31/s       32/s       33/s       34/s       35/s       36/s       37/s       38/s       39/s       40/s       41/s       42/s       43/s       44/s       45/s       46/s       47/s       48/s       49/s       50/s       51/s       52/s       53/s       54/s       55/s       57/s       59/s       61/s       65/s       66/s       67/s       68/s       69/s       70/s       71/s       72/s       73/s       74/s       75/s       76/s       77/s       79/s       80/s       81/s       82/s       83/s       84/s       85/s       86/s       87/s       88/s       89/s       90/s       91/s       92/s       93/s       94/s       95/s       96/s       97/s       98/s      112/s      113/s      114/s      115/s      116/s      117/s      118/s      119/s      120/s      121/s      122/s      123/s      124/s      125/s      126/s      127/s      128/s      129/s      130/s      131/s      132/s      133/s      134/s      135/s      136/s      137/s      138/s      150/s      154/s      162/s      167/s      171/s      224/s      228/s      229/s      230/s      231/s      232/s      233/s      234/s      235/s      236/s      237/s      245/s      246/s      247/s      249/s      250/s      252/s      253/s      262/s      263/s      294/s      296/s      297/s      298/s      299/s      301/s      302/s     IPI0/s     IPI1/s     IPI2/s     IPI3/s     IPI4/s     IPI5/s     IPI6/s      Err/s
17시 07분 21초    0       0.00       0.00       0.00      81.00       0.00       0.00       0.00       0.00       0.00       0.00       0.00       0.00       0.00       0.00       0.00       0.00       0.00       0.00       0.00       0.00       0.00       0.00       0.00       0.00       0.00       0.00       0.00       0.00       0.00       0.00       0.00       0.00       0.00       0.00       0.00       0.00       0.00       0.00       0.00       0.00       0.00       0.00       0.00       0.00       0.00       0.00     134.00       0.00       0.00       0.00       0.00       0.00       0.00       0.00       0.00       0.00       0.00       0.00       0.00       0.00       0.00       0.00       0.00       0.00       0.00       0.00       0.00       0.00       0.00       0.00       0.00       0.00       0.00       0.00       0.00       0.00       0.00       0.00       0.00       0.00       0.00       0.00       0.00       0.00       0.00       0.00       0.00       0.00       0.00       0.00       0.00       0.00       0.00       0.00       0.00       0.00       0.00       0.00       0.00       0.00       0.00       0.00       0.00       0.00       0.00      38.00       0.00       0.00       0.00       0.00       0.00       0.00       0.00       0.00       0.00       0.00       0.00       0.00       0.00       0.00       0.00       0.00       0.00       0.00       0.00       0.00       0.00       0.00       0.00       0.00       0.00       0.00       0.00       0.00      12.00       0.00       8.00       6.00       0.00       0.00       0.00       9.00       0.00       0.00
17시 07분 21초    1       0.00       0.00       0.00      41.00       0.00       0.00       0.00       0.00       0.00       0.00       0.00       0.00       0.00       0.00       0.00       0.00       0.00       0.00       0.00       0.00       0.00       0.00       0.00       0.00       0.00       0.00       0.00       0.00       0.00       0.00       0.00       0.00       0.00       0.00       0.00       0.00       0.00       0.00       0.00       0.00       0.00       0.00       0.00       0.00       0.00       0.00       0.00       0.00       0.00       0.00       0.00       0.00       0.00       0.00       0.00       0.00       0.00       0.00       0.00       0.00       0.00       0.00       0.00       0.00       0.00       0.00       0.00       0.00       0.00       0.00       0.00       0.00       0.00       0.00       0.00       0.00       0.00       0.00       0.00       0.00       0.00       0.00       0.00       0.00       0.00       0.00       0.00       0.00       0.00       0.00       0.00       0.00       0.00       0.00       0.00       0.00       0.00       0.00       0.00       0.00       0.00       0.00       0.00       0.00       0.00       0.00       0.00       0.00       0.00       0.00       0.00       0.00       0.00       0.00       0.00       0.00       0.00       0.00       0.00       0.00       0.00       0.00       0.00       0.00       0.00       0.00       0.00       0.00       0.00       0.00       0.00       0.00       0.00       0.00       0.00       0.00       2.00       2.00       0.00       0.00       0.00       0.00       0.00       0.00
17시 07분 21초    2       0.00       0.00       0.00      59.00       0.00       0.00       0.00       0.00       0.00       0.00       0.00       0.00       0.00       0.00       0.00       0.00       0.00       0.00       0.00       0.00       0.00       0.00       0.00       0.00       0.00       0.00       0.00       0.00       0.00       0.00       0.00       0.00       0.00       0.00       0.00       0.00       0.00       0.00       0.00       0.00       0.00       0.00       0.00       0.00       0.00       0.00       0.00       0.00       0.00       0.00       0.00       0.00       0.00       0.00       0.00       0.00       0.00       0.00       0.00       0.00       0.00       0.00       0.00       0.00       0.00       0.00       0.00       0.00       0.00       0.00       0.00       0.00       0.00       0.00       0.00       0.00       0.00       0.00       0.00       0.00       0.00       0.00       0.00       0.00       0.00       0.00       0.00       0.00       0.00       0.00       0.00       0.00       0.00       0.00       0.00       0.00       0.00       0.00       0.00       0.00       0.00       0.00       0.00       0.00       0.00       0.00       0.00       0.00       0.00       0.00       0.00       0.00       0.00       0.00       0.00       0.00       0.00       0.00       0.00       0.00       0.00       0.00       0.00       0.00       0.00       0.00       0.00       0.00       0.00       0.00       0.00       0.00       0.00       0.00       0.00       0.00     147.00       1.00       0.00       0.00       0.00       2.00       0.00       0.00
17시 07분 21초    3       0.00       0.00       0.00      64.00       0.00       0.00       0.00       0.00       0.00       0.00       0.00       0.00       0.00       0.00       0.00       0.00       0.00       0.00       0.00       0.00       0.00       0.00       0.00       0.00       0.00       0.00       0.00       0.00       0.00       0.00       0.00       0.00       0.00       0.00       0.00       0.00       0.00       0.00       0.00       0.00       0.00       0.00       0.00       0.00       0.00       0.00       0.00       0.00       0.00       0.00       0.00       0.00       0.00       0.00       0.00       0.00       0.00       0.00       0.00       0.00       0.00       0.00       0.00       0.00       0.00       0.00       0.00       0.00       0.00       0.00       0.00       0.00       0.00       0.00       0.00       0.00       0.00       0.00       0.00       0.00       0.00       0.00       0.00       0.00       0.00       0.00       0.00       0.00       0.00       0.00       0.00       0.00       0.00       0.00       0.00       0.00       0.00       0.00       0.00       0.00       0.00       0.00       0.00       0.00       0.00       0.00       0.00       0.00       0.00       0.00       0.00       0.00       0.00       0.00       0.00       0.00       0.00       0.00       0.00       0.00       0.00       0.00       0.00       0.00       0.00       0.00       0.00       0.00       0.00       0.00       0.00       0.00       0.00       0.00       0.00       0.00       4.00       0.00       0.00       0.00       0.00       2.00       0.00       0.00
17시 07분 21초    4       0.00       0.00       0.00      30.00       0.00       0.00       0.00       0.00       0.00       0.00       0.00       0.00       0.00       0.00       0.00       0.00       0.00       0.00       0.00       0.00       0.00       0.00       0.00       0.00       0.00       0.00       0.00       0.00       0.00       0.00       0.00       0.00       0.00       0.00       0.00       0.00       0.00       0.00       0.00       0.00       0.00       0.00       0.00       0.00       0.00       0.00       0.00       0.00       0.00       0.00       0.00       0.00       0.00       0.00       0.00       0.00       0.00       0.00       0.00       0.00       0.00       0.00       0.00       0.00       0.00       0.00       0.00       0.00       0.00       0.00       0.00       0.00       0.00       0.00       0.00       0.00       0.00       0.00       0.00       0.00       0.00       0.00       0.00       0.00       0.00       0.00       0.00       0.00       0.00       0.00       0.00       0.00       0.00       0.00       0.00       0.00       0.00       0.00       0.00       0.00       0.00       0.00       0.00       0.00       0.00       0.00       0.00       0.00       0.00       0.00       0.00       0.00       0.00       0.00       0.00       0.00       0.00       0.00       0.00       0.00       0.00       0.00       0.00       0.00       0.00       0.00       0.00       0.00       0.00       0.00       0.00       0.00       0.00       0.00       0.00       0.00      14.00       0.00       0.00       0.00       0.00       0.00       0.00       0.00
17시 07분 21초    5       0.00       0.00       0.00      33.00       0.00       0.00       0.00       0.00       0.00       0.00       0.00       0.00       0.00       0.00       0.00       0.00       0.00       0.00       0.00       0.00       0.00       0.00       0.00       0.00       0.00       0.00       0.00       0.00       0.00       0.00       0.00       0.00       0.00       0.00       0.00       0.00       0.00       0.00       0.00       0.00       0.00       0.00       0.00       0.00       0.00       0.00       0.00       0.00       0.00       0.00       0.00       0.00       0.00       0.00       0.00       0.00       0.00       0.00       0.00       0.00       0.00       0.00       0.00       0.00       0.00       0.00       0.00       0.00       0.00       0.00       0.00       0.00       0.00       0.00       0.00       0.00       0.00       0.00       0.00       0.00       0.00       0.00       0.00       0.00       0.00       0.00       0.00       0.00       0.00       0.00       0.00       0.00       0.00       0.00       0.00       0.00       0.00       0.00       0.00       0.00       0.00       0.00       0.00       0.00       0.00       0.00       0.00       0.00       0.00       0.00       0.00       0.00       0.00       0.00       0.00       0.00       0.00       0.00       0.00       0.00       0.00       0.00       0.00       0.00       0.00       0.00       0.00       0.00       0.00       0.00       0.00       0.00       0.00       0.00       0.00       0.00       1.00       0.00       0.00       0.00       0.00       0.00       0.00       0.00

17시 07분 20초  CPU       HI/s    TIMER/s   NET_TX/s   NET_RX/s    BLOCK/s IRQ_POLL/s  TASKLET/s    SCHED/s  HRTIMER/s      RCU/s
17시 07분 21초    0       0.00      10.00       0.00      11.00       2.00       0.00       0.00      36.00       0.00      22.00
17시 07분 21초    1       0.00      18.00       0.00       0.00       0.00       0.00       0.00      26.00       0.00      20.00
17시 07분 21초    2       0.00      14.00       0.00       0.00       0.00       0.00       0.00      49.00       0.00      19.00
17시 07분 21초    3       0.00      33.00       0.00       0.00       0.00       0.00       0.00      37.00       0.00      28.00
17시 07분 21초    4       0.00      21.00       0.00       0.00       0.00       0.00       0.00      18.00       0.00      18.00
17시 07분 21초    5       0.00       3.00       0.00       0.00       0.00       0.00       0.00      13.00       0.00      19.00

17시 07분 21초  CPU    %usr   %nice    %sys %iowait    %irq   %soft  %steal  %guest  %gnice   %idle
17시 07분 22초  all    1.16    0.00    1.16    0.00    0.00    0.17    0.00    0.00    0.00   97.50
17시 07분 22초    0    0.99    0.00    1.98    0.00    0.00    0.99    0.00    0.00    0.00   96.04
17시 07분 22초    1    2.00    0.00    1.00    0.00    0.00    0.00    0.00    0.00    0.00   97.00
17시 07분 22초    2    1.00    0.00    0.00    0.00    0.00    0.00    0.00    0.00    0.00   99.00
17시 07분 22초    3    2.00    0.00    2.00    0.00    0.00    0.00    0.00    0.00    0.00   96.00
17시 07분 22초    4    0.00    0.00    0.00    0.00    0.00    0.00    0.00    0.00    0.00  100.00
17시 07분 22초    5    1.00    0.00    2.00    0.00    0.00    0.00    0.00    0.00    0.00   97.00

17시 07분 21초  CPU    intr/s
17시 07분 22초  all    300.00
17시 07분 22초    0     82.00
17시 07분 22초    1     82.00
17시 07분 22초    2     77.00
17시 07분 22초    3     60.00
17시 07분 22초    4     27.00
17시 07분 22초    5     28.00

17시 07분 21초  CPU        9/s       11/s       12/s       13/s       18/s       20/s       21/s       22/s       23/s       24/s       25/s       26/s       27/s       28/s       29/s       30/s       31/s       32/s       33/s       34/s       35/s       36/s       37/s       38/s       39/s       40/s       41/s       42/s       43/s       44/s       45/s       46/s       47/s       48/s       49/s       50/s       51/s       52/s       53/s       54/s       55/s       57/s       59/s       61/s       65/s       66/s       67/s       68/s       69/s       70/s       71/s       72/s       73/s       74/s       75/s       76/s       77/s       79/s       80/s       81/s       82/s       83/s       84/s       85/s       86/s       87/s       88/s       89/s       90/s       91/s       92/s       93/s       94/s       95/s       96/s       97/s       98/s      112/s      113/s      114/s      115/s      116/s      117/s      118/s      119/s      120/s      121/s      122/s      123/s      124/s      125/s      126/s      127/s      128/s      129/s      130/s      131/s      132/s      133/s      134/s      135/s      136/s      137/s      138/s      150/s      154/s      162/s      167/s      171/s      224/s      228/s      229/s      230/s      231/s      232/s      233/s      234/s      235/s      236/s      237/s      245/s      246/s      247/s      249/s      250/s      252/s      253/s      262/s      263/s      294/s      296/s      297/s      298/s      299/s      301/s      302/s     IPI0/s     IPI1/s     IPI2/s     IPI3/s     IPI4/s     IPI5/s     IPI6/s      Err/s
17시 07분 22초    0       0.00       0.00       0.00      57.00       0.00       0.00       0.00       0.00       0.00       0.00       0.00       0.00       0.00       0.00       0.00       0.00       0.00       0.00       0.00       0.00       0.00       0.00       0.00       0.00       0.00       0.00       0.00       0.00       0.00       0.00       0.00       0.00       0.00       0.00       0.00       0.00       0.00       0.00       0.00       0.00       0.00       0.00       0.00       0.00       0.00       0.00       0.00       0.00       0.00       0.00       0.00       0.00       0.00       0.00       0.00       0.00       0.00       0.00       0.00       0.00       0.00       0.00       0.00       0.00       0.00       0.00       0.00       0.00       0.00       0.00       0.00       0.00       0.00       0.00       0.00       0.00       0.00       0.00       0.00       0.00       0.00       0.00       0.00       0.00       0.00       0.00       0.00       0.00       0.00       0.00       0.00       0.00       0.00       0.00       0.00       0.00       0.00       0.00       0.00       0.00       0.00       0.00       0.00       0.00       0.00       5.00       0.00       0.00       0.00       0.00       0.00       0.00       0.00       0.00       0.00       0.00       0.00       0.00       0.00       0.00       0.00       0.00       0.00       0.00       0.00       0.00       0.00       0.00       0.00       0.00       0.00       0.00       0.00       0.00      24.00       0.00       1.00       4.00       0.00       0.00       0.00       0.00       0.00       0.00
17시 07분 22초    1       0.00       0.00       0.00      50.00       0.00       0.00       0.00       0.00       0.00       0.00       0.00       0.00       0.00       0.00       0.00       0.00       0.00       0.00       0.00       0.00       0.00       0.00       0.00       0.00       0.00       0.00       0.00       0.00       0.00       0.00       0.00       0.00       0.00       0.00       0.00       0.00       0.00       0.00       0.00       0.00       0.00       0.00       0.00       0.00       0.00       0.00       0.00       0.00       0.00       0.00       0.00       0.00       0.00       0.00       0.00       0.00       0.00       0.00       0.00       0.00       0.00       0.00       0.00       0.00       0.00       0.00       0.00       0.00       0.00       0.00       0.00       0.00       0.00       0.00       0.00       0.00       0.00       0.00       0.00       0.00       0.00       0.00       0.00       0.00       0.00       0.00       0.00       0.00       0.00       0.00       0.00       0.00       0.00       0.00       0.00       0.00       0.00       0.00       0.00       0.00       0.00       0.00       0.00       0.00       0.00       0.00       0.00       0.00       0.00       0.00       0.00       0.00       0.00       0.00       0.00       0.00       0.00       0.00       0.00       0.00       0.00       0.00       0.00       0.00       0.00       0.00       0.00       0.00       0.00       0.00       0.00       0.00       0.00       0.00       0.00       0.00       7.00       2.00       0.00       0.00       0.00       0.00       0.00       0.00
17시 07분 22초    2       0.00       0.00       0.00      42.00       0.00       0.00       0.00       0.00       0.00       0.00       0.00       0.00       0.00       0.00       0.00       0.00       0.00       0.00       0.00       0.00       0.00       0.00       0.00       0.00       0.00       0.00       0.00       0.00       0.00       0.00       0.00       0.00       0.00       0.00       0.00       0.00       0.00       0.00       0.00       0.00       0.00       0.00       0.00       0.00       0.00       0.00       0.00       0.00       0.00       0.00       0.00       0.00       0.00       0.00       0.00       0.00       0.00       0.00       0.00       0.00       0.00       0.00       0.00       0.00       0.00       0.00       0.00       0.00       0.00       0.00       0.00       0.00       0.00       0.00       0.00       0.00       0.00       0.00       0.00       0.00       0.00       0.00       0.00       0.00       0.00       0.00       0.00       0.00       0.00       0.00       0.00       0.00       0.00       0.00       0.00       0.00       0.00       0.00       0.00       0.00       0.00       0.00       0.00       0.00       0.00       0.00       0.00       0.00       0.00       0.00       0.00       0.00       0.00       0.00       0.00       0.00       0.00       0.00       0.00       0.00       0.00       0.00       0.00       0.00       0.00       0.00       0.00       0.00       0.00       0.00       0.00       0.00       0.00       0.00       0.00       0.00       4.00       2.00       0.00       0.00       0.00       0.00       0.00       0.00
17시 07분 22초    3       0.00       0.00       0.00      43.00       0.00       0.00       0.00       0.00       0.00       0.00       0.00       0.00       0.00       0.00       0.00       0.00       0.00       0.00       0.00       0.00       0.00       0.00       0.00       0.00       0.00       0.00       0.00       0.00       0.00       0.00       0.00       0.00       0.00       0.00       0.00       0.00       0.00       0.00       0.00       0.00       0.00       0.00       0.00       0.00       0.00       0.00       0.00       0.00       0.00       0.00       0.00       0.00       0.00       0.00       0.00       0.00       0.00       0.00       0.00       0.00       0.00       0.00       0.00       0.00       0.00       0.00       0.00       0.00       0.00       0.00       0.00       0.00       0.00       0.00       0.00       0.00       0.00       0.00       0.00       0.00       0.00       0.00       0.00       0.00       0.00       0.00       0.00       0.00       0.00       0.00       0.00       0.00       0.00       0.00       0.00       0.00       0.00       0.00       0.00       0.00       0.00       0.00       0.00       0.00       0.00       0.00       0.00       0.00       0.00       0.00       0.00       0.00       0.00       0.00       0.00       0.00       0.00       0.00       0.00       0.00       0.00       0.00       0.00       0.00       0.00       0.00       0.00       0.00       0.00       0.00       0.00       0.00       0.00       0.00       0.00       0.00       7.00       0.00       0.00       0.00       0.00       0.00       0.00       0.00
17시 07분 22초    4       0.00       0.00       0.00      12.00       0.00       0.00       0.00       0.00       0.00       0.00       0.00       0.00       0.00       0.00       0.00       0.00       0.00       0.00       0.00       0.00       0.00       0.00       0.00       0.00       0.00       0.00       0.00       0.00       0.00       0.00       0.00       0.00       0.00       0.00       0.00       0.00       0.00       0.00       0.00       0.00       0.00       0.00       0.00       0.00       0.00       0.00       0.00       0.00       0.00       0.00       0.00       0.00       0.00       0.00       0.00       0.00       0.00       0.00       0.00       0.00       0.00       0.00       0.00       0.00       0.00       0.00       0.00       0.00       0.00       0.00       0.00       0.00       0.00       0.00       0.00       0.00       0.00       0.00       0.00       0.00       0.00       0.00       0.00       0.00       0.00       0.00       0.00       0.00       0.00       0.00       0.00       0.00       0.00       0.00       0.00       0.00       0.00       0.00       0.00       0.00       0.00       0.00       0.00       0.00       0.00       0.00       0.00       0.00       0.00       0.00       0.00       0.00       0.00       0.00       0.00       0.00       0.00       0.00       0.00       0.00       0.00       0.00       0.00       0.00       0.00       0.00       0.00       0.00       0.00       0.00       0.00       0.00       0.00       0.00       0.00       0.00      11.00       0.00       0.00       0.00       0.00       0.00       0.00       0.00
17시 07분 22초    5       0.00       0.00       0.00      28.00       0.00       0.00       0.00       0.00       0.00       0.00       0.00       0.00       0.00       0.00       0.00       0.00       0.00       0.00       0.00       0.00       0.00       0.00       0.00       0.00       0.00       0.00       0.00       0.00       0.00       0.00       0.00       0.00       0.00       0.00       0.00       0.00       0.00       0.00       0.00       0.00       0.00       0.00       0.00       0.00       0.00       0.00       0.00       0.00       0.00       0.00       0.00       0.00       0.00       0.00       0.00       0.00       0.00       0.00       0.00       0.00       0.00       0.00       0.00       0.00       0.00       0.00       0.00       0.00       0.00       0.00       0.00       0.00       0.00       0.00       0.00       0.00       0.00       0.00       0.00       0.00       0.00       0.00       0.00       0.00       0.00       0.00       0.00       0.00       0.00       0.00       0.00       0.00       0.00       0.00       0.00       0.00       0.00       0.00       0.00       0.00       0.00       0.00       0.00       0.00       0.00       0.00       0.00       0.00       0.00       0.00       0.00       0.00       0.00       0.00       0.00       0.00       0.00       0.00       0.00       0.00       0.00       0.00       0.00       0.00       0.00       0.00       0.00       0.00       0.00       0.00       0.00       0.00       0.00       0.00       0.00       0.00       1.00       0.00       0.00       0.00       0.00       0.00       0.00       0.00

17시 07분 21초  CPU       HI/s    TIMER/s   NET_TX/s   NET_RX/s    BLOCK/s IRQ_POLL/s  TASKLET/s    SCHED/s  HRTIMER/s      RCU/s
17시 07분 22초    0       0.00      11.00       0.00      22.00       0.00       0.00       0.00      29.00       0.00      20.00
17시 07분 22초    1       0.00      24.00       0.00       0.00       0.00       0.00       0.00      32.00       0.00      26.00
17시 07분 22초    2       0.00      29.00       0.00       0.00       0.00       0.00       0.00      32.00       0.00      16.00
17시 07분 22초    3       0.00      16.00       0.00       0.00       0.00       0.00       0.00      19.00       0.00      25.00
17시 07분 22초    4       0.00      10.00       0.00       0.00       0.00       0.00       0.00       7.00       0.00      10.00
17시 07분 22초    5       0.00       1.00       0.00       0.00       0.00       0.00       0.00      10.00       0.00      17.00

17시 07분 22초  CPU    %usr   %nice    %sys %iowait    %irq   %soft  %steal  %guest  %gnice   %idle
17시 07분 23초  all    0.33    0.00    1.51    0.00    0.00    0.00    0.00    0.00    0.00   98.16
17시 07분 23초    0    1.00    0.00    2.00    0.00    0.00    0.00    0.00    0.00    0.00   97.00
17시 07분 23초    1    0.00    0.00    2.00    0.00    0.00    0.00    0.00    0.00    0.00   98.00
17시 07분 23초    2    0.00    0.00    1.00    0.00    0.00    0.00    0.00    0.00    0.00   99.00
17시 07분 23초    3    1.02    0.00    1.02    0.00    0.00    0.00    0.00    0.00    0.00   97.96
17시 07분 23초    4    0.00    0.00    0.00    0.00    0.00    0.00    0.00    0.00    0.00  100.00
17시 07분 23초    5    0.00    0.00    3.00    0.00    0.00    0.00    0.00    0.00    0.00   97.00

17시 07분 22초  CPU    intr/s
17시 07분 23초  all    330.00
17시 07분 23초    0    112.00
17시 07분 23초    1     62.00
17시 07분 23초    2     58.00
17시 07분 23초    3     92.00
17시 07분 23초    4     55.00
17시 07분 23초    5     29.00

17시 07분 22초  CPU        9/s       11/s       12/s       13/s       18/s       20/s       21/s       22/s       23/s       24/s       25/s       26/s       27/s       28/s       29/s       30/s       31/s       32/s       33/s       34/s       35/s       36/s       37/s       38/s       39/s       40/s       41/s       42/s       43/s       44/s       45/s       46/s       47/s       48/s       49/s       50/s       51/s       52/s       53/s       54/s       55/s       57/s       59/s       61/s       65/s       66/s       67/s       68/s       69/s       70/s       71/s       72/s       73/s       74/s       75/s       76/s       77/s       79/s       80/s       81/s       82/s       83/s       84/s       85/s       86/s       87/s       88/s       89/s       90/s       91/s       92/s       93/s       94/s       95/s       96/s       97/s       98/s      112/s      113/s      114/s      115/s      116/s      117/s      118/s      119/s      120/s      121/s      122/s      123/s      124/s      125/s      126/s      127/s      128/s      129/s      130/s      131/s      132/s      133/s      134/s      135/s      136/s      137/s      138/s      150/s      154/s      162/s      167/s      171/s      224/s      228/s      229/s      230/s      231/s      232/s      233/s      234/s      235/s      236/s      237/s      245/s      246/s      247/s      249/s      250/s      252/s      253/s      262/s      263/s      294/s      296/s      297/s      298/s      299/s      301/s      302/s     IPI0/s     IPI1/s     IPI2/s     IPI3/s     IPI4/s     IPI5/s     IPI6/s      Err/s
17시 07분 23초    0       0.00       0.00       0.00      55.00       0.00       0.00       0.00       0.00       0.00       0.00       0.00       0.00       0.00       0.00       0.00       0.00       0.00       0.00       0.00       0.00       0.00       0.00       0.00       0.00       0.00       0.00       0.00       0.00       0.00       0.00       0.00       0.00       0.00       0.00       0.00       0.00       0.00       0.00       0.00       0.00       0.00       0.00       0.00       0.00       0.00       0.00       0.00       0.00       0.00       0.00       0.00       0.00       0.00       0.00       0.00       0.00       0.00       0.00       0.00       0.00       0.00       0.00       0.00       0.00       0.00       0.00       0.00       0.00       0.00       0.00       0.00       0.00       0.00       0.00       0.00       0.00       0.00       0.00       0.00       0.00       0.00       0.00       0.00       0.00       0.00       0.00       0.00       0.00       0.00       0.00       0.00       0.00       0.00       0.00       0.00       0.00       0.00       0.00       0.00       0.00       0.00       0.00       0.00       0.00       0.00       0.00       0.00       0.00       0.00       0.00       0.00       0.00       0.00       0.00       0.00       0.00       0.00       0.00       0.00       0.00       0.00       0.00       0.00       0.00       0.00       0.00       0.00       0.00       0.00       0.00       0.00       0.00       0.00       0.00      52.00       0.00       2.00       3.00       0.00       0.00       0.00       0.00       0.00       0.00
17시 07분 23초    1       0.00       0.00       0.00      33.00       0.00       0.00       0.00       0.00       0.00       0.00       0.00       0.00       0.00       0.00       0.00       0.00       0.00       0.00       0.00       0.00       0.00       0.00       0.00       0.00       0.00       0.00       0.00       0.00       0.00       0.00       0.00       0.00       0.00       0.00       0.00       0.00       0.00       0.00       0.00       0.00       0.00       0.00       0.00       0.00       0.00       0.00       0.00       0.00       0.00       0.00       0.00       0.00       0.00       0.00       0.00       0.00       0.00       0.00       0.00       0.00       0.00       0.00       0.00       0.00       0.00       0.00       0.00       0.00       0.00       0.00       0.00       0.00       0.00       0.00       0.00       0.00       0.00       0.00       0.00       0.00       0.00       0.00       0.00       0.00       0.00       0.00       0.00       0.00       0.00       0.00       0.00       0.00       0.00       0.00       0.00       0.00       0.00       0.00       0.00       0.00       0.00       0.00       0.00       0.00       0.00       0.00       0.00       0.00       0.00       0.00       0.00       0.00       0.00       0.00       0.00       0.00       0.00       0.00       0.00       0.00       0.00       0.00       0.00       0.00       0.00       0.00       0.00       0.00       0.00       0.00       0.00       0.00       0.00       0.00       0.00       0.00       2.00       2.00       0.00       0.00       0.00       0.00       0.00       0.00
17시 07분 23초    2       0.00       0.00       0.00      42.00       0.00       0.00       0.00       0.00       0.00       0.00       0.00       0.00       0.00       0.00       0.00       0.00       0.00       0.00       0.00       0.00       0.00       0.00       0.00       0.00       0.00       0.00       0.00       0.00       0.00       0.00       0.00       0.00       0.00       0.00       0.00       0.00       0.00       0.00       0.00       0.00       0.00       0.00       0.00       0.00       0.00       0.00       0.00       0.00       0.00       0.00       0.00       0.00       0.00       0.00       0.00       0.00       0.00       0.00       0.00       0.00       0.00       0.00       0.00       0.00       0.00       0.00       0.00       0.00       0.00       0.00       0.00       0.00       0.00       0.00       0.00       0.00       0.00       0.00       0.00       0.00       0.00       0.00       0.00       0.00       0.00       0.00       0.00       0.00       0.00       0.00       0.00       0.00       0.00       0.00       0.00       0.00       0.00       0.00       0.00       0.00       0.00       0.00       0.00       0.00       0.00       0.00       0.00       0.00       0.00       0.00       0.00       0.00       0.00       0.00       0.00       0.00       0.00       0.00       0.00       0.00       0.00       0.00       0.00       0.00       0.00       0.00       0.00       0.00       0.00       0.00       0.00       0.00       0.00       0.00       0.00       0.00       3.00       2.00       0.00       0.00       0.00       0.00       0.00       0.00
17시 07분 23초    3       0.00       0.00       0.00      61.00       0.00       0.00       0.00       0.00       0.00       0.00       0.00       0.00       0.00       0.00       0.00       0.00       0.00       0.00       0.00       0.00       0.00       0.00       0.00       0.00       0.00       0.00       0.00       0.00       0.00       0.00       0.00       0.00       0.00       0.00       0.00       0.00       0.00       0.00       0.00       0.00       0.00       0.00       0.00       0.00       0.00       0.00       0.00       0.00       0.00       0.00       0.00       0.00       0.00       0.00       0.00       0.00       0.00       0.00       0.00       0.00       0.00       0.00       0.00       0.00       0.00       0.00       0.00       0.00       0.00       0.00       0.00       0.00       0.00       0.00       0.00       0.00       0.00       0.00       0.00       0.00       0.00       0.00       0.00       0.00       0.00       0.00       0.00       0.00       0.00       0.00       0.00       0.00       0.00       0.00       0.00       0.00       0.00       0.00       0.00       0.00       0.00       0.00       0.00       0.00       0.00       0.00       0.00       0.00       0.00       0.00       0.00       0.00       0.00       0.00       0.00       0.00       0.00       0.00       0.00       0.00       0.00       0.00       0.00       0.00       0.00       0.00       0.00       0.00       0.00       0.00       0.00       0.00       0.00       0.00       0.00       0.00       6.00       0.00       0.00       0.00       0.00       0.00       0.00       0.00
17시 07분 23초    4       0.00       0.00       0.00      25.00       0.00       0.00       0.00       0.00       0.00       0.00       0.00       0.00       0.00       0.00       0.00       0.00       0.00       0.00       0.00       0.00       0.00       0.00       0.00       0.00       0.00       0.00       0.00       0.00       0.00       0.00       0.00       0.00       0.00       0.00       0.00       0.00       0.00       0.00       0.00       0.00       0.00       0.00       0.00       0.00       0.00       0.00       0.00       0.00       0.00       0.00       0.00       0.00       0.00       0.00       0.00       0.00       0.00       0.00       0.00       0.00       0.00       0.00       0.00       0.00       0.00       0.00       0.00       0.00       0.00       0.00       0.00       0.00       0.00       0.00       0.00       0.00       0.00       0.00       0.00       0.00       0.00       0.00       0.00       0.00       0.00       0.00       0.00       0.00       0.00       0.00       0.00       0.00       0.00       0.00       0.00       0.00       0.00       0.00       0.00       0.00       0.00       0.00       0.00       0.00       0.00       0.00       0.00       0.00       0.00       0.00       0.00       0.00       0.00       0.00       0.00       0.00       0.00       0.00       0.00       0.00       0.00       0.00       0.00       0.00       0.00       0.00       0.00       0.00       0.00       0.00       0.00       0.00       0.00       0.00       0.00       0.00      15.00       0.00       0.00       0.00       0.00       0.00       0.00       0.00
17시 07분 23초    5       0.00       0.00       0.00      27.00       0.00       0.00       0.00       0.00       0.00       0.00       0.00       0.00       0.00       0.00       0.00       0.00       0.00       0.00       0.00       0.00       0.00       0.00       0.00       0.00       0.00       0.00       0.00       0.00       0.00       0.00       0.00       0.00       0.00       0.00       0.00       0.00       0.00       0.00       0.00       0.00       0.00       0.00       0.00       0.00       0.00       0.00       0.00       0.00       0.00       0.00       0.00       0.00       0.00       0.00       0.00       0.00       0.00       0.00       0.00       0.00       0.00       0.00       0.00       0.00       0.00       0.00       0.00       0.00       0.00       0.00       0.00       0.00       0.00       0.00       0.00       0.00       0.00       0.00       0.00       0.00       0.00       0.00       0.00       0.00       0.00       0.00       0.00       0.00       0.00       0.00       0.00       0.00       0.00       0.00       0.00       0.00       0.00       0.00       0.00       0.00       0.00       0.00       0.00       0.00       0.00       0.00       0.00       0.00       0.00       0.00       0.00       0.00       0.00       0.00       0.00       0.00       0.00       0.00       0.00       0.00       0.00       0.00       0.00       0.00       0.00       0.00       0.00       0.00       0.00       0.00       0.00       0.00       0.00       0.00       0.00       0.00       0.00       0.00       0.00       0.00       0.00       0.00       0.00       0.00

17시 07분 22초  CPU       HI/s    TIMER/s   NET_TX/s   NET_RX/s    BLOCK/s IRQ_POLL/s  TASKLET/s    SCHED/s  HRTIMER/s      RCU/s
17시 07분 23초    0       0.00      12.00       0.00      48.00       0.00       0.00       0.00      29.00       0.00      23.00
17시 07분 23초    1       0.00      18.00       0.00       0.00       0.00       0.00       0.00      24.00       0.00      20.00
17시 07분 23초    2       0.00      13.00       0.00       0.00       0.00       0.00       0.00      22.00       0.00      23.00
17시 07분 23초    3       0.00      29.00       0.00       0.00       0.00       0.00       0.00      36.00       0.00      27.00
17시 07분 23초    4       0.00      22.00       0.00       0.00       0.00       0.00       0.00      16.00       0.00      17.00
17시 07분 23초    5       0.00       3.00       0.00       0.00       0.00       0.00       0.00      10.00       0.00      16.00

17시 07분 23초  CPU    %usr   %nice    %sys %iowait    %irq   %soft  %steal  %guest  %gnice   %idle
17시 07분 24초  all    0.83    0.00    1.33    0.00    0.17    0.00    0.00    0.00    0.00   97.67
17시 07분 24초    0    0.00    0.00    1.98    0.00    0.99    0.00    0.00    0.00    0.00   97.03
17시 07분 24초    1    1.01    0.00    1.01    0.00    0.00    0.00    0.00    0.00    0.00   97.98
17시 07분 24초    2    1.00    0.00    0.00    0.00    0.00    0.00    0.00    0.00    0.00   99.00
17시 07분 24초    3    1.98    0.00    1.98    0.00    0.00    0.00    0.00    0.00    0.00   96.04
17시 07분 24초    4    0.00    0.00    0.00    0.00    0.00    0.00    0.00    0.00    0.00  100.00
17시 07분 24초    5    1.00    0.00    3.00    0.00    0.00    0.00    0.00    0.00    0.00   96.00

17시 07분 23초  CPU    intr/s
17시 07분 24초  all    311.00
17시 07분 24초    0     82.00
17시 07분 24초    1     64.00
17시 07분 24초    2     34.00
17시 07분 24초    3     82.00
17시 07분 24초    4     61.00
17시 07분 24초    5     40.00

17시 07분 23초  CPU        9/s       11/s       12/s       13/s       18/s       20/s       21/s       22/s       23/s       24/s       25/s       26/s       27/s       28/s       29/s       30/s       31/s       32/s       33/s       34/s       35/s       36/s       37/s       38/s       39/s       40/s       41/s       42/s       43/s       44/s       45/s       46/s       47/s       48/s       49/s       50/s       51/s       52/s       53/s       54/s       55/s       57/s       59/s       61/s       65/s       66/s       67/s       68/s       69/s       70/s       71/s       72/s       73/s       74/s       75/s       76/s       77/s       79/s       80/s       81/s       82/s       83/s       84/s       85/s       86/s       87/s       88/s       89/s       90/s       91/s       92/s       93/s       94/s       95/s       96/s       97/s       98/s      112/s      113/s      114/s      115/s      116/s      117/s      118/s      119/s      120/s      121/s      122/s      123/s      124/s      125/s      126/s      127/s      128/s      129/s      130/s      131/s      132/s      133/s      134/s      135/s      136/s      137/s      138/s      150/s      154/s      162/s      167/s      171/s      224/s      228/s      229/s      230/s      231/s      232/s      233/s      234/s      235/s      236/s      237/s      245/s      246/s      247/s      249/s      250/s      252/s      253/s      262/s      263/s      294/s      296/s      297/s      298/s      299/s      301/s      302/s     IPI0/s     IPI1/s     IPI2/s     IPI3/s     IPI4/s     IPI5/s     IPI6/s      Err/s
17시 07분 24초    0       0.00       0.00       0.00      40.00       0.00       0.00       0.00       0.00       0.00       0.00       0.00       0.00       0.00       0.00       0.00       0.00       0.00       0.00       0.00       0.00       0.00       0.00       0.00       0.00       0.00       0.00       0.00       0.00       0.00       0.00       0.00       0.00       0.00       0.00       0.00       0.00       0.00       0.00       0.00       0.00       0.00       0.00       0.00       0.00       0.00       0.00       0.00       0.00       0.00       0.00       0.00       0.00       0.00       0.00       0.00       0.00       0.00       0.00       0.00       0.00       0.00       0.00       0.00       0.00       0.00       0.00       0.00       0.00       0.00       0.00       0.00       0.00       0.00       0.00       0.00       0.00       0.00       0.00       0.00       0.00       0.00       0.00       0.00       0.00       0.00       0.00       0.00       0.00       0.00       0.00       0.00       0.00       0.00       0.00       0.00       0.00       0.00       0.00       0.00       0.00       0.00       0.00       0.00       0.00       0.00       5.00       0.00       0.00       0.00       0.00       0.00       0.00       0.00       0.00       0.00       0.00       0.00       0.00       0.00       0.00       0.00       0.00       0.00       0.00       0.00       0.00       0.00       0.00       0.00       0.00       0.00       0.00       0.00       0.00      24.00       0.00       3.00       6.00       0.00       0.00       0.00       0.00       0.00       0.00
17시 07분 24초    1       0.00       0.00       0.00      43.00       0.00       0.00       0.00       0.00       0.00       0.00       0.00       0.00       0.00       0.00       0.00       0.00       0.00       0.00       0.00       0.00       0.00       0.00       0.00       0.00       0.00       0.00       0.00       0.00       0.00       0.00       0.00       0.00       0.00       0.00       0.00       0.00       0.00       0.00       0.00       0.00       0.00       0.00       0.00       0.00       0.00       0.00       0.00       0.00       0.00       0.00       0.00       0.00       0.00       0.00       0.00       0.00       0.00       0.00       0.00       0.00       0.00       0.00       0.00       0.00       0.00       0.00       0.00       0.00       0.00       0.00       0.00       0.00       0.00       0.00       0.00       0.00       0.00       0.00       0.00       0.00       0.00       0.00       0.00       0.00       0.00       0.00       0.00       0.00       0.00       0.00       0.00       0.00       0.00       0.00       0.00       0.00       0.00       0.00       0.00       0.00       0.00       0.00       0.00       0.00       0.00       0.00       0.00       0.00       0.00       0.00       0.00       0.00       0.00       0.00       0.00       0.00       0.00       0.00       0.00       0.00       0.00       0.00       0.00       0.00       0.00       0.00       0.00       0.00       0.00       0.00       0.00       0.00       0.00       0.00       0.00       0.00       6.00       1.00       0.00       0.00       0.00       0.00       0.00       0.00
17시 07분 24초    2       0.00       0.00       0.00      19.00       0.00       0.00       0.00       0.00       0.00       0.00       0.00       0.00       0.00       0.00       0.00       0.00       0.00       0.00       0.00       0.00       0.00       0.00       0.00       0.00       0.00       0.00       0.00       0.00       0.00       0.00       0.00       0.00       0.00       0.00       0.00       0.00       0.00       0.00       0.00       0.00       0.00       0.00       0.00       0.00       0.00       0.00       0.00       0.00       0.00       0.00       0.00       0.00       0.00       0.00       0.00       0.00       0.00       0.00       0.00       0.00       0.00       0.00       0.00       0.00       0.00       0.00       0.00       0.00       0.00       0.00       0.00       0.00       0.00       0.00       0.00       0.00       0.00       0.00       0.00       0.00       0.00       0.00       0.00       0.00       0.00       0.00       0.00       0.00       0.00       0.00       0.00       0.00       0.00       0.00       0.00       0.00       0.00       0.00       0.00       0.00       0.00       0.00       0.00       0.00       0.00       0.00       0.00       0.00       0.00       0.00       0.00       0.00       0.00       0.00       0.00       0.00       0.00       0.00       0.00       0.00       0.00       0.00       0.00       0.00       0.00       0.00       0.00       0.00       0.00       0.00       0.00       0.00       0.00       0.00       0.00       0.00       1.00       1.00       0.00       0.00       0.00       0.00       0.00       0.00
17시 07분 24초    3       0.00       0.00       0.00      66.00       0.00       0.00       0.00       0.00       0.00       0.00       0.00       0.00       0.00       0.00       0.00       0.00       0.00       0.00       0.00       0.00       0.00       0.00       0.00       0.00       0.00       0.00       0.00       0.00       0.00       0.00       0.00       0.00       0.00       0.00       0.00       0.00       0.00       0.00       0.00       0.00       0.00       0.00       0.00       0.00       0.00       0.00       0.00       0.00       0.00       0.00       0.00       0.00       0.00       0.00       0.00       0.00       0.00       0.00       0.00       0.00       0.00       0.00       0.00       0.00       0.00       0.00       0.00       0.00       0.00       0.00       0.00       0.00       0.00       0.00       0.00       0.00       0.00       0.00       0.00       0.00       0.00       0.00       0.00       0.00       0.00       0.00       0.00       0.00       0.00       0.00       0.00       0.00       0.00       0.00       0.00       0.00       0.00       0.00       0.00       0.00       0.00       0.00       0.00       0.00       0.00       0.00       0.00       0.00       0.00       0.00       0.00       0.00       0.00       0.00       0.00       0.00       0.00       0.00       0.00       0.00       0.00       0.00       0.00       0.00       0.00       0.00       0.00       0.00       0.00       0.00       0.00       0.00       0.00       0.00       0.00       0.00       5.00       0.00       0.00       0.00       0.00       0.00       0.00       0.00
17시 07분 24초    4       0.00       0.00       0.00      31.00       0.00       0.00       0.00       0.00       0.00       0.00       0.00       0.00       0.00       0.00       0.00       0.00       0.00       0.00       0.00       0.00       0.00       0.00       0.00       0.00       0.00       0.00       0.00       0.00       0.00       0.00       0.00       0.00       0.00       0.00       0.00       0.00       0.00       0.00       0.00       0.00       0.00       0.00       0.00       0.00       0.00       0.00       0.00       0.00       0.00       0.00       0.00       0.00       0.00       0.00       0.00       0.00       0.00       0.00       0.00       0.00       0.00       0.00       0.00       0.00       0.00       0.00       0.00       0.00       0.00       0.00       0.00       0.00       0.00       0.00       0.00       0.00       0.00       0.00       0.00       0.00       0.00       0.00       0.00       0.00       0.00       0.00       0.00       0.00       0.00       0.00       0.00       0.00       0.00       0.00       0.00       0.00       0.00       0.00       0.00       0.00       0.00       0.00       0.00       0.00       0.00       0.00       0.00       0.00       0.00       0.00       0.00       0.00       0.00       0.00       0.00       0.00       0.00       0.00       0.00       0.00       0.00       0.00       0.00       0.00       0.00       0.00       0.00       0.00       0.00       0.00       0.00       0.00       0.00       0.00       0.00       0.00       9.00       0.00       0.00       0.00       0.00       0.00       0.00       0.00
17시 07분 24초    5       0.00       0.00       0.00      49.00       0.00       0.00       0.00       0.00       0.00       0.00       0.00       0.00       0.00       0.00       0.00       0.00       0.00       0.00       0.00       0.00       0.00       0.00       0.00       0.00       0.00       0.00       0.00       0.00       0.00       0.00       0.00       0.00       0.00       0.00       0.00       0.00       0.00       0.00       0.00       0.00       0.00       0.00       0.00       0.00       0.00       0.00       0.00       0.00       0.00       0.00       0.00       0.00       0.00       0.00       0.00       0.00       0.00       0.00       0.00       0.00       0.00       0.00       0.00       0.00       0.00       0.00       0.00       0.00       0.00       0.00       0.00       0.00       0.00       0.00       0.00       0.00       0.00       0.00       0.00       0.00       0.00       0.00       0.00       0.00       0.00       0.00       0.00       0.00       0.00       0.00       0.00       0.00       0.00       0.00       0.00       0.00       0.00       0.00       0.00       0.00       0.00       0.00       0.00       0.00       0.00       0.00       0.00       0.00       0.00       0.00       0.00       0.00       0.00       0.00       0.00       0.00       0.00       0.00       0.00       0.00       0.00       0.00       0.00       0.00       0.00       0.00       0.00       0.00       0.00       0.00       0.00       0.00       0.00       0.00       0.00       0.00       2.00       0.00       0.00       0.00       0.00       0.00       0.00       0.00

17시 07분 23초  CPU       HI/s    TIMER/s   NET_TX/s   NET_RX/s    BLOCK/s IRQ_POLL/s  TASKLET/s    SCHED/s  HRTIMER/s      RCU/s
17시 07분 24초    0       0.00      13.00       0.00      22.00       0.00       0.00       0.00      25.00       0.00      22.00
17시 07분 24초    1       0.00      17.00       0.00       0.00       0.00       0.00       0.00      24.00       0.00      23.00
17시 07분 24초    2       0.00      11.00       0.00       0.00       0.00       0.00       0.00      12.00       0.00      11.00
17시 07분 24초    3       0.00      24.00       0.00       0.00       0.00       0.00       0.00      32.00       0.00      26.00
17시 07분 24초    4       0.00      23.00       0.00       0.00       0.00       0.00       0.00      21.00       0.00      17.00
17시 07분 24초    5       0.00       4.00       0.00       0.00       0.00       0.00       0.00      16.00       0.00      20.00

17시 07분 24초  CPU    %usr   %nice    %sys %iowait    %irq   %soft  %steal  %guest  %gnice   %idle
17시 07분 25초  all    0.33    0.00    3.84    0.33    0.17    0.00    0.00    0.00    0.00   95.33
17시 07분 25초    0    0.00    0.00    2.02    0.00    0.00    0.00    0.00    0.00    0.00   97.98
17시 07분 25초    1    0.00    0.00    2.00    0.00    0.00    0.00    0.00    0.00    0.00   98.00
17시 07분 25초    2    0.00    0.00   15.00    2.00    0.00    0.00    0.00    0.00    0.00   83.00
17시 07분 25초    3    1.00    0.00    2.00    0.00    0.00    0.00    0.00    0.00    0.00   97.00
17시 07분 25초    4    0.00    0.00    0.00    0.00    0.00    0.00    0.00    0.00    0.00  100.00
17시 07분 25초    5    0.99    0.00    1.98    0.00    0.99    0.00    0.00    0.00    0.00   96.04

17시 07분 24초  CPU    intr/s
17시 07분 25초  all    690.00
17시 07분 25초    0    107.00
17시 07분 25초    1     63.00
17시 07분 25초    2     97.00
17시 07분 25초    3     60.00
17시 07분 25초    4     82.00
17시 07분 25초    5     47.00

17시 07분 24초  CPU        9/s       11/s       12/s       13/s       18/s       20/s       21/s       22/s       23/s       24/s       25/s       26/s       27/s       28/s       29/s       30/s       31/s       32/s       33/s       34/s       35/s       36/s       37/s       38/s       39/s       40/s       41/s       42/s       43/s       44/s       45/s       46/s       47/s       48/s       49/s       50/s       51/s       52/s       53/s       54/s       55/s       57/s       59/s       61/s       65/s       66/s       67/s       68/s       69/s       70/s       71/s       72/s       73/s       74/s       75/s       76/s       77/s       79/s       80/s       81/s       82/s       83/s       84/s       85/s       86/s       87/s       88/s       89/s       90/s       91/s       92/s       93/s       94/s       95/s       96/s       97/s       98/s      112/s      113/s      114/s      115/s      116/s      117/s      118/s      119/s      120/s      121/s      122/s      123/s      124/s      125/s      126/s      127/s      128/s      129/s      130/s      131/s      132/s      133/s      134/s      135/s      136/s      137/s      138/s      150/s      154/s      162/s      167/s      171/s      224/s      228/s      229/s      230/s      231/s      232/s      233/s      234/s      235/s      236/s      237/s      245/s      246/s      247/s      249/s      250/s      252/s      253/s      262/s      263/s      294/s      296/s      297/s      298/s      299/s      301/s      302/s     IPI0/s     IPI1/s     IPI2/s     IPI3/s     IPI4/s     IPI5/s     IPI6/s      Err/s
17시 07분 25초    0       0.00       0.00       0.00      68.00       0.00       0.00       0.00       0.00       0.00       0.00       0.00       0.00       0.00       0.00       0.00       0.00       0.00       0.00       0.00       0.00       0.00       0.00       0.00       0.00       0.00       0.00       0.00       0.00       0.00       0.00       0.00       0.00       0.00       0.00       0.00       0.00       0.00       0.00       0.00       0.00       0.00       0.00       0.00       0.00       0.00       0.00     132.00       0.00       0.00       0.00       0.00       0.00       0.00       0.00       0.00       0.00       0.00       0.00       0.00       0.00       0.00       0.00       0.00       0.00       0.00       0.00       0.00       0.00       0.00       0.00       0.00       0.00       0.00       0.00       0.00       0.00       0.00       0.00       0.00       0.00       0.00       0.00       0.00       0.00       0.00       0.00       0.00       0.00       0.00       0.00       0.00       0.00       0.00       0.00       0.00       0.00       0.00       0.00       0.00       0.00       0.00       0.00       0.00       0.00       0.00      30.00       0.00       0.00       0.00       0.00       0.00       0.00       0.00       0.00       0.00       0.00       0.00       0.00       0.00       0.00       0.00       0.00       0.00       0.00       0.00       0.00       0.00       0.00       0.00       0.00       0.00       0.00       0.00       0.00      24.00       0.00      12.00      12.00       0.00       0.00       0.00       2.00       0.00       0.00
17시 07분 25초    1       0.00       0.00       0.00      33.00       0.00       0.00       0.00       0.00       0.00       0.00       0.00       0.00       0.00       0.00       0.00       0.00       0.00       0.00       0.00       0.00       0.00       0.00       0.00       0.00       0.00       0.00       0.00       0.00       0.00       0.00       0.00       0.00       0.00       0.00       0.00       0.00       0.00       0.00       0.00       0.00       0.00       0.00       0.00       0.00       0.00       0.00       0.00       0.00       0.00       0.00       0.00       0.00       0.00       0.00       0.00       0.00       0.00       0.00       0.00       0.00       0.00       0.00       0.00       0.00       0.00       0.00       0.00       0.00       0.00       0.00       0.00       0.00       0.00       0.00       0.00       0.00       0.00       0.00       0.00       0.00       0.00       0.00       0.00       0.00       0.00       0.00       0.00       0.00       0.00       0.00       0.00       0.00       0.00       0.00       0.00       0.00       0.00       0.00       0.00       0.00       0.00       0.00       0.00       0.00       0.00       0.00       0.00       0.00       0.00       0.00       0.00       0.00       0.00       0.00       0.00       0.00       0.00       0.00       0.00       0.00       0.00       0.00       0.00       0.00       0.00       0.00       0.00       0.00       0.00       0.00       0.00       0.00       0.00       0.00       0.00       0.00       0.00       1.00       0.00       0.00       0.00       0.00       0.00       0.00
17시 07분 25초    2       0.00       0.00       0.00      64.00       0.00       0.00       0.00       0.00       0.00       0.00       0.00       0.00       0.00       0.00       0.00       0.00       0.00       0.00       0.00       0.00       0.00       0.00       0.00       0.00       0.00       0.00       0.00       0.00       0.00       0.00       0.00       0.00       0.00       0.00       0.00       0.00       0.00       0.00       0.00       0.00       0.00       0.00       0.00       0.00       0.00       0.00       0.00       0.00       0.00       0.00       0.00       0.00       0.00       0.00       0.00       0.00       0.00       0.00       0.00       0.00       0.00       0.00       0.00       0.00       0.00       0.00       0.00       0.00       0.00       0.00       0.00       0.00       0.00       0.00       0.00       0.00       0.00       0.00       0.00       0.00       0.00       0.00       0.00       0.00       0.00       0.00       0.00       0.00       0.00       0.00       0.00       0.00       0.00       0.00       0.00       0.00       0.00       0.00       0.00       0.00       0.00       0.00       0.00       0.00       0.00       0.00       0.00       0.00       0.00       0.00       0.00       0.00       0.00       0.00       0.00       0.00       0.00       0.00       0.00       0.00       0.00       0.00       0.00       0.00       0.00       0.00       0.00       0.00       0.00       0.00       0.00       0.00       0.00       0.00       0.00       0.00     147.00       1.00       0.00       0.00       0.00       7.00       0.00       0.00
17시 07분 25초    3       0.00       0.00       0.00      40.00       0.00       0.00       0.00       0.00       0.00       0.00       0.00       0.00       0.00       0.00       0.00       0.00       0.00       0.00       0.00       0.00       0.00       0.00       0.00       0.00       0.00       0.00       0.00       0.00       0.00       0.00       0.00       0.00       0.00       0.00       0.00       0.00       0.00       0.00       0.00       0.00       0.00       0.00       0.00       0.00       0.00       0.00       0.00       0.00       0.00       0.00       0.00       0.00       0.00       0.00       0.00       0.00       0.00       0.00       0.00       0.00       0.00       0.00       0.00       0.00       0.00       0.00       0.00       0.00       0.00       0.00       0.00       0.00       0.00       0.00       0.00       0.00       0.00       0.00       0.00       0.00       0.00       0.00       0.00       0.00       0.00       0.00       0.00       0.00       0.00       0.00       0.00       0.00       0.00       0.00       0.00       0.00       0.00       0.00       0.00       0.00       0.00       0.00       0.00       0.00       0.00       0.00       0.00       0.00       0.00       0.00       0.00       0.00       0.00       0.00       0.00       0.00       0.00       0.00       0.00       0.00       0.00       0.00       0.00       0.00       0.00       0.00       0.00       0.00       0.00       0.00       0.00       0.00       0.00       0.00       0.00       0.00      11.00       0.00       0.00       0.00       0.00       0.00       0.00       0.00
17시 07분 25초    4       0.00       0.00       0.00      43.00       0.00       0.00       0.00       0.00       0.00       0.00       0.00       0.00       0.00       0.00       0.00       0.00       0.00       0.00       0.00       0.00       0.00       0.00       0.00       0.00       0.00       0.00       0.00       0.00       0.00       0.00       0.00       0.00       0.00       0.00       0.00       0.00       0.00       0.00       0.00       0.00       0.00       0.00       0.00       0.00       0.00       0.00       0.00       0.00       0.00       0.00       0.00       0.00       0.00       0.00       0.00       0.00       0.00       0.00       0.00       0.00       0.00       0.00       0.00       0.00       0.00       0.00       0.00       0.00       0.00       0.00       0.00       0.00       0.00       0.00       0.00       0.00       0.00       0.00       0.00       0.00       0.00       0.00       0.00       0.00       0.00       0.00       0.00       0.00       0.00       0.00       0.00       0.00       0.00       0.00       0.00       0.00       0.00       0.00       0.00       0.00       0.00       0.00       0.00       0.00       0.00       0.00       0.00       0.00       0.00       0.00       0.00       0.00       0.00       0.00       0.00       0.00       0.00       0.00       0.00       0.00       0.00       0.00       0.00       0.00       0.00       0.00       0.00       0.00       0.00       0.00       0.00       0.00       0.00       0.00       0.00       0.00      19.00       0.00       0.00       0.00       0.00       3.00       0.00       0.00
17시 07분 25초    5       0.00       0.00       0.00      39.00       0.00       0.00       0.00       0.00       0.00       0.00       0.00       0.00       0.00       0.00       0.00       0.00       0.00       0.00       0.00       0.00       0.00       0.00       0.00       0.00       0.00       0.00       0.00       0.00       0.00       0.00       0.00       0.00       0.00       0.00       0.00       0.00       0.00       0.00       0.00       0.00       0.00       0.00       0.00       0.00       0.00       0.00       0.00       0.00       0.00       0.00       0.00       0.00       0.00       0.00       0.00       0.00       0.00       0.00       0.00       0.00       0.00       0.00       0.00       0.00       0.00       0.00       0.00       0.00       0.00       0.00       0.00       0.00       0.00       0.00       0.00       0.00       0.00       0.00       0.00       0.00       0.00       0.00       0.00       0.00       0.00       0.00       0.00       0.00       0.00       0.00       0.00       0.00       0.00       0.00       0.00       0.00       0.00       0.00       0.00       0.00       0.00       0.00       0.00       0.00       0.00       0.00       0.00       0.00       0.00       0.00       0.00       0.00       0.00       0.00       0.00       0.00       0.00       0.00       0.00       0.00       0.00       0.00       0.00       0.00       0.00       0.00       0.00       0.00       0.00       0.00       0.00       0.00       0.00       0.00       0.00       0.00       6.00       0.00       0.00       0.00       0.00       2.00       0.00       0.00

17시 07분 24초  CPU       HI/s    TIMER/s   NET_TX/s   NET_RX/s    BLOCK/s IRQ_POLL/s  TASKLET/s    SCHED/s  HRTIMER/s      RCU/s
17시 07분 25초    0       0.00      14.00       1.00      22.00       0.00       0.00       0.00      41.00       0.00      29.00
17시 07분 25초    1       0.00      18.00       0.00       0.00       0.00       0.00       0.00      22.00       0.00      23.00
17시 07분 25초    2       0.00      14.00       0.00       0.00       1.00       0.00       0.00      54.00       0.00      28.00
17시 07분 25초    3       0.00      12.00       0.00       0.00       0.00       0.00       0.00      20.00       0.00      28.00
17시 07분 25초    4       0.00      34.00       0.00       0.00       0.00       0.00       0.00      28.00       0.00      20.00
17시 07분 25초    5       0.00       8.00       0.00       0.00       0.00       0.00       0.00      16.00       0.00      23.00

17시 07분 25초  CPU    %usr   %nice    %sys %iowait    %irq   %soft  %steal  %guest  %gnice   %idle
17시 07분 26초  all    0.50    0.00    3.50    3.67    0.17    0.17    0.00    0.00    0.00   92.00
17시 07분 26초    0    0.99    0.00    1.98    0.00    0.99    0.00    0.00    0.00    0.00   96.04
17시 07분 26초    1    0.00    0.00    1.98    4.95    0.00    0.99    0.00    0.00    0.00   92.08
17시 07분 26초    2    0.00    0.00   12.24   17.35    0.00    0.00    0.00    0.00    0.00   70.41
17시 07분 26초    3    1.01    0.00    1.01    0.00    0.00    0.00    0.00    0.00    0.00   97.98
17시 07분 26초    4    0.00    0.00    0.00    0.00    0.00    0.00    0.00    0.00    0.00  100.00
17시 07분 26초    5    0.99    0.00    3.96    0.00    0.00    0.00    0.00    0.00    0.00   95.05

17시 07분 25초  CPU    intr/s
17시 07분 26초  all   1135.00
17시 07분 26초    0    142.00
17시 07분 26초    1     73.00
17시 07분 26초    2    109.00
17시 07분 26초    3     52.00
17시 07분 26초    4     73.00
17시 07분 26초    5     43.00

17시 07분 25초  CPU        9/s       11/s       12/s       13/s       18/s       20/s       21/s       22/s       23/s       24/s       25/s       26/s       27/s       28/s       29/s       30/s       31/s       32/s       33/s       34/s       35/s       36/s       37/s       38/s       39/s       40/s       41/s       42/s       43/s       44/s       45/s       46/s       47/s       48/s       49/s       50/s       51/s       52/s       53/s       54/s       55/s       57/s       59/s       61/s       65/s       66/s       67/s       68/s       69/s       70/s       71/s       72/s       73/s       74/s       75/s       76/s       77/s       79/s       80/s       81/s       82/s       83/s       84/s       85/s       86/s       87/s       88/s       89/s       90/s       91/s       92/s       93/s       94/s       95/s       96/s       97/s       98/s      112/s      113/s      114/s      115/s      116/s      117/s      118/s      119/s      120/s      121/s      122/s      123/s      124/s      125/s      126/s      127/s      128/s      129/s      130/s      131/s      132/s      133/s      134/s      135/s      136/s      137/s      138/s      150/s      154/s      162/s      167/s      171/s      224/s      228/s      229/s      230/s      231/s      232/s      233/s      234/s      235/s      236/s      237/s      245/s      246/s      247/s      249/s      250/s      252/s      253/s      262/s      263/s      294/s      296/s      297/s      298/s      299/s      301/s      302/s     IPI0/s     IPI1/s     IPI2/s     IPI3/s     IPI4/s     IPI5/s     IPI6/s      Err/s
17시 07분 26초    0       0.00       0.00       0.00     110.00       0.00       0.00       0.00       0.00       0.00       0.00       0.00       0.00       0.00       0.00       0.00       0.00       0.00       0.00       0.00       0.00       0.00       0.00       0.00       0.00       0.00       0.00       0.00       0.00       0.00       0.00       0.00       0.00       0.00       0.00       0.00       0.00       0.00       0.00       0.00       0.00       0.00       0.00       0.00       0.00       0.00       0.00     190.00       0.00       0.00       0.00       0.00       0.00       0.00       0.00       0.00       0.00       0.00       0.00       0.00       0.00       0.00       0.00       0.00       0.00       0.00       0.00       0.00       0.00       0.00       0.00       0.00       0.00       0.00       0.00       0.00       0.00       0.00      82.00       0.00       0.00       0.00       0.00       0.00       0.00       0.00       0.00       0.00       0.00       0.00       0.00       0.00       0.00       0.00       0.00       0.00       0.00       0.00       0.00       0.00       0.00       0.00       0.00       0.00       0.00       0.00      60.00       0.00       0.00       0.00       0.00       0.00       0.00       0.00       0.00       0.00       0.00       0.00       0.00       0.00       0.00       0.00       0.00       0.00       0.00       0.00       0.00       0.00       0.00       0.00       0.00       0.00       0.00       0.00       0.00      60.00       0.00      18.00       3.00       0.00       0.00       0.00       3.00       0.00       0.00
17시 07분 26초    1       0.00       0.00       0.00      50.00       0.00       0.00       0.00       0.00       0.00       0.00       0.00       0.00       0.00       0.00       0.00       0.00       0.00       0.00       0.00       0.00       0.00       0.00       0.00       0.00       0.00       0.00       0.00       0.00       0.00       0.00       0.00       0.00       0.00       0.00       0.00       0.00       0.00       0.00       0.00       0.00       0.00       0.00       0.00       0.00       0.00       0.00       0.00       0.00       0.00       0.00       0.00       0.00       0.00       0.00       0.00       0.00       0.00       0.00       0.00       0.00       0.00       0.00       0.00       0.00       0.00       0.00       0.00       0.00       0.00       0.00       0.00       0.00       0.00       0.00       0.00       0.00       0.00       0.00       0.00       0.00       0.00       0.00       0.00       0.00       0.00       0.00       0.00       0.00       0.00       0.00       0.00       0.00       0.00       0.00       0.00       0.00       0.00       0.00       0.00       0.00       0.00       0.00       0.00       0.00       0.00       0.00       0.00       0.00       0.00       0.00       0.00       0.00       0.00       0.00       0.00       0.00       0.00       0.00       0.00       0.00       0.00       0.00       0.00       0.00       0.00       0.00       0.00       0.00       0.00       0.00       0.00       0.00       0.00       0.00       0.00       0.00      10.00       6.00       0.00       0.00       0.00       1.00       0.00       0.00
17시 07분 26초    2       0.00       0.00       0.00      90.00       0.00       0.00       0.00       0.00       0.00       0.00       0.00       0.00       0.00       0.00       0.00       0.00       0.00       0.00       0.00       0.00       0.00       0.00       0.00       0.00       0.00       0.00       0.00       0.00       0.00       0.00       0.00       0.00       0.00       0.00       0.00       0.00       0.00       0.00       0.00       0.00       0.00       0.00       0.00       0.00       0.00       0.00       0.00       0.00       0.00       0.00       0.00       0.00       0.00       0.00       0.00       0.00       0.00       0.00       0.00       0.00       0.00       0.00       0.00       0.00       0.00       0.00       0.00       0.00       0.00       0.00       0.00       0.00       0.00       0.00       0.00       0.00       0.00       0.00       0.00       0.00       0.00       0.00       0.00       0.00       0.00       0.00       0.00       0.00       0.00       0.00       0.00       0.00       0.00       0.00       0.00       0.00       0.00       0.00       0.00       0.00       0.00       0.00       0.00       0.00       0.00       0.00       0.00       0.00       0.00       0.00       0.00       0.00       0.00       0.00       0.00       0.00       0.00       0.00       0.00       0.00       0.00       0.00       0.00       0.00       0.00       0.00       0.00       0.00       0.00       0.00       0.00       0.00       0.00       0.00       0.00       0.00     180.00       2.00       0.00       0.00       0.00      16.00       0.00       0.00
17시 07분 26초    3       0.00       0.00       0.00      43.00       0.00       0.00       0.00       0.00       0.00       0.00       0.00       0.00       0.00       0.00       0.00       0.00       0.00       0.00       0.00       0.00       0.00       0.00       0.00       0.00       0.00       0.00       0.00       0.00       0.00       0.00       0.00       0.00       0.00       0.00       0.00       0.00       0.00       0.00       0.00       0.00       0.00       0.00       0.00       0.00       0.00       0.00       0.00       0.00       0.00       0.00       0.00       0.00       0.00       0.00       0.00       0.00       0.00       0.00       0.00       0.00       0.00       0.00       0.00       0.00       0.00       0.00       0.00       0.00       0.00       0.00       0.00       0.00       0.00       0.00       0.00       0.00       0.00       0.00       0.00       0.00       0.00       0.00       0.00       0.00       0.00       0.00       0.00       0.00       0.00       0.00       0.00       0.00       0.00       0.00       0.00       0.00       0.00       0.00       0.00       0.00       0.00       0.00       0.00       0.00       0.00       0.00       0.00       0.00       0.00       0.00       0.00       0.00       0.00       0.00       0.00       0.00       0.00       0.00       0.00       0.00       0.00       0.00       0.00       0.00       0.00       0.00       0.00       0.00       0.00       0.00       0.00       0.00       0.00       0.00       0.00       0.00       2.00       0.00       0.00       0.00       0.00       0.00       0.00       0.00
17시 07분 26초    4       0.00       0.00       0.00      52.00       0.00       0.00       0.00       0.00       0.00       0.00       0.00       0.00       0.00       0.00       0.00       0.00       0.00       0.00       0.00       0.00       0.00       0.00       0.00       0.00       0.00       0.00       0.00       0.00       0.00       0.00       0.00       0.00       0.00       0.00       0.00       0.00       0.00       0.00       0.00       0.00       0.00       0.00       0.00       0.00       0.00       0.00       0.00       0.00       0.00       0.00       0.00       0.00       0.00       0.00       0.00       0.00       0.00       0.00       0.00       0.00       0.00       0.00       0.00       0.00       0.00       0.00       0.00       0.00       0.00       0.00       0.00       0.00       0.00       0.00       0.00       0.00       0.00       0.00       0.00       0.00       0.00       0.00       0.00       0.00       0.00       0.00       0.00       0.00       0.00       0.00       0.00       0.00       0.00       0.00       0.00       0.00       0.00       0.00       0.00       0.00       0.00       0.00       0.00       0.00       0.00       0.00       0.00       0.00       0.00       0.00       0.00       0.00       0.00       0.00       0.00       0.00       0.00       0.00       0.00       0.00       0.00       0.00       0.00       0.00       0.00       0.00       0.00       0.00       0.00       0.00       0.00       0.00       0.00       0.00       0.00       0.00      25.00       0.00       0.00       0.00       0.00       0.00       0.00       0.00
17시 07분 26초    5       0.00       0.00       0.00      42.00       0.00       0.00       0.00       0.00       0.00       0.00       0.00       0.00       0.00       0.00       0.00       0.00       0.00       0.00       0.00       0.00       0.00       0.00       0.00       0.00       0.00       0.00       0.00       0.00       0.00       0.00       0.00       0.00       0.00       0.00       0.00       0.00       0.00       0.00       0.00       0.00       0.00       0.00       0.00       0.00       0.00       0.00       0.00       0.00       0.00       0.00       0.00       0.00       0.00       0.00       0.00       0.00       0.00       0.00       0.00       0.00       0.00       0.00       0.00       0.00       0.00       0.00       0.00       0.00       0.00       0.00       0.00       0.00       0.00       0.00       0.00       0.00       0.00       0.00       0.00       0.00       0.00       0.00       0.00       0.00       0.00       0.00       0.00       0.00       0.00       0.00       0.00       0.00       0.00       0.00       0.00       0.00       0.00       0.00       0.00       0.00       0.00       0.00       0.00       0.00       0.00       0.00       0.00       0.00       0.00       0.00       0.00       0.00       0.00       0.00       0.00       0.00       0.00       0.00       0.00       0.00       0.00       0.00       0.00       0.00       0.00       0.00       0.00       0.00       0.00       0.00       0.00       0.00       0.00       0.00       0.00       0.00      84.00       0.00       0.00       0.00       0.00       0.00       0.00       0.00

17시 07분 25초  CPU       HI/s    TIMER/s   NET_TX/s   NET_RX/s    BLOCK/s IRQ_POLL/s  TASKLET/s    SCHED/s  HRTIMER/s      RCU/s
17시 07분 26초    0       0.00      12.00       0.00      55.00       4.00       0.00       0.00      46.00       0.00      25.00
17시 07분 26초    1       0.00      18.00       0.00       0.00       0.00       0.00       0.00      32.00       0.00      23.00
17시 07분 26초    2       0.00      16.00       0.00       0.00      17.00       0.00       0.00      52.00       0.00      24.00
17시 07분 26초    3       0.00       9.00       0.00       0.00       0.00       0.00       0.00      19.00       0.00      24.00
17시 07분 26초    4       0.00      32.00       0.00       0.00       0.00       0.00       0.00      25.00       0.00      16.00
17시 07분 26초    5       0.00       7.00       0.00       0.00       0.00       0.00       0.00      17.00       0.00      19.00

17시 07분 26초  CPU    %usr   %nice    %sys %iowait    %irq   %soft  %steal  %guest  %gnice   %idle
17시 07분 27초  all    3.16    0.00    2.33    0.00    0.00    0.17    0.00    0.00    0.00   94.35
17시 07분 27초    0    2.00    0.00    2.00    0.00    0.00    0.00    0.00    0.00    0.00   96.00
17시 07분 27초    1    4.00    0.00    1.00    0.00    0.00    0.00    0.00    0.00    0.00   95.00
17시 07분 27초    2    6.86    0.00    3.92    0.00    0.00    0.98    0.00    0.00    0.00   88.24
17시 07분 27초    3    3.00    0.00    2.00    0.00    0.00    0.00    0.00    0.00    0.00   95.00
17시 07분 27초    4    1.00    0.00    1.00    0.00    0.00    0.00    0.00    0.00    0.00   98.00
17시 07분 27초    5    2.00    0.00    4.00    0.00    0.00    0.00    0.00    0.00    0.00   94.00

17시 07분 26초  CPU    intr/s
17시 07분 27초  all   1396.00
17시 07분 27초    0    123.00
17시 07분 27초    1    192.00
17시 07분 27초    2     87.00
17시 07분 27초    3     96.00
17시 07분 27초    4    101.00
17시 07분 27초    5     63.00

17시 07분 26초  CPU        9/s       11/s       12/s       13/s       18/s       20/s       21/s       22/s       23/s       24/s       25/s       26/s       27/s       28/s       29/s       30/s       31/s       32/s       33/s       34/s       35/s       36/s       37/s       38/s       39/s       40/s       41/s       42/s       43/s       44/s       45/s       46/s       47/s       48/s       49/s       50/s       51/s       52/s       53/s       54/s       55/s       57/s       59/s       61/s       65/s       66/s       67/s       68/s       69/s       70/s       71/s       72/s       73/s       74/s       75/s       76/s       77/s       79/s       80/s       81/s       82/s       83/s       84/s       85/s       86/s       87/s       88/s       89/s       90/s       91/s       92/s       93/s       94/s       95/s       96/s       97/s       98/s      112/s      113/s      114/s      115/s      116/s      117/s      118/s      119/s      120/s      121/s      122/s      123/s      124/s      125/s      126/s      127/s      128/s      129/s      130/s      131/s      132/s      133/s      134/s      135/s      136/s      137/s      138/s      150/s      154/s      162/s      167/s      171/s      224/s      228/s      229/s      230/s      231/s      232/s      233/s      234/s      235/s      236/s      237/s      245/s      246/s      247/s      249/s      250/s      252/s      253/s      262/s      263/s      294/s      296/s      297/s      298/s      299/s      301/s      302/s     IPI0/s     IPI1/s     IPI2/s     IPI3/s     IPI4/s     IPI5/s     IPI6/s      Err/s
17시 07분 27초    0       0.00       0.00       0.00     142.00       0.00       0.00       0.00       0.00       0.00       0.00       0.00       0.00       0.00       0.00       0.00       0.00       0.00       0.00       0.00       0.00       0.00       0.00       0.00       0.00       0.00       0.00       0.00       0.00       0.00       0.00       0.00       0.00       0.00       0.00       0.00       0.00       0.00       0.00       0.00       0.00       0.00       0.00       0.00       0.00       0.00       0.00       0.00       0.00       0.00       0.00       0.00       0.00       0.00       0.00       0.00       0.00       0.00       0.00       0.00       0.00       0.00       0.00       0.00       0.00       0.00       0.00       0.00       0.00       0.00       0.00       0.00       0.00       0.00       0.00       0.00       0.00       0.00       2.00       0.00       0.00       0.00       0.00       0.00       0.00       0.00       0.00       0.00       0.00       0.00       0.00       0.00       0.00       0.00       0.00       0.00       0.00       0.00       0.00       0.00       0.00       0.00       0.00       0.00       0.00       0.00      45.00       0.00       0.00       0.00       0.00       0.00       0.00       0.00       0.00       0.00       0.00       0.00       0.00       0.00       0.00       0.00       0.00       0.00       0.00       0.00       0.00       0.00       0.00       0.00       0.00       0.00       0.00       0.00       0.00      24.00       0.00      88.00      18.00       0.00       0.00       0.00       1.00       0.00       0.00
17시 07분 27초    1       0.00       0.00       0.00      91.00       0.00       0.00       0.00       0.00       0.00       0.00       0.00       0.00       0.00       0.00       0.00       0.00       0.00       0.00       0.00       0.00       0.00       0.00       0.00       0.00       0.00       0.00       0.00       0.00       0.00       0.00       0.00       0.00       0.00       0.00       0.00       0.00       0.00       0.00       0.00       0.00       0.00       0.00       0.00       0.00       0.00       0.00       0.00       0.00       0.00       0.00       0.00       0.00       0.00       0.00       0.00       0.00       0.00       0.00       0.00       0.00       0.00       0.00       0.00       0.00       0.00       0.00       0.00       0.00       0.00       0.00       0.00       0.00       0.00       0.00       0.00       0.00       0.00       0.00       0.00       0.00       0.00       0.00       0.00       0.00       0.00       0.00       0.00       0.00       0.00       0.00       0.00       0.00       0.00       0.00       0.00       0.00       0.00       0.00       0.00       0.00       0.00       0.00       0.00       0.00       0.00       0.00       0.00       0.00       0.00       0.00       0.00       0.00       0.00       0.00       0.00       0.00       0.00       0.00       0.00       0.00       0.00       0.00       0.00       0.00       0.00       0.00       0.00       0.00       0.00       0.00       0.00       0.00       0.00       0.00       0.00       0.00     112.00       5.00       0.00       0.00       0.00       6.00       0.00       0.00
17시 07분 27초    2       0.00       0.00       0.00      66.00       0.00       0.00       0.00       0.00       0.00       0.00       0.00       0.00       0.00       0.00       0.00       0.00       0.00       0.00       0.00       0.00       0.00       0.00       0.00       0.00       0.00       0.00       0.00       0.00       0.00       0.00       0.00       0.00       0.00       0.00       0.00       0.00       0.00       0.00       0.00       0.00       0.00       0.00       0.00       0.00       0.00       0.00       0.00       0.00       0.00       0.00       0.00       0.00       0.00       0.00       0.00       0.00       0.00       0.00       0.00       0.00       0.00       0.00       0.00       0.00       0.00       0.00       0.00       0.00       0.00       0.00       0.00       0.00       0.00       0.00       0.00       0.00       0.00       0.00       0.00       0.00       0.00       0.00       0.00       0.00       0.00       0.00       0.00       0.00       0.00       0.00       0.00       0.00       0.00       0.00       0.00       0.00       0.00       0.00       0.00       0.00       0.00       0.00       0.00       0.00       0.00       0.00       0.00       0.00       0.00       0.00       0.00       0.00       0.00       0.00       0.00       0.00       0.00       0.00       0.00       0.00       0.00       0.00       0.00       0.00       0.00       0.00       0.00       0.00       0.00       0.00       0.00       0.00       0.00       0.00       0.00       0.00     183.00      13.00       0.00       0.00       0.00       3.00       0.00       0.00
17시 07분 27초    3       0.00       0.00       0.00      84.00       0.00       0.00       0.00       0.00       0.00       0.00       0.00       0.00       0.00       0.00       0.00       0.00       0.00       0.00       0.00       0.00       0.00       0.00       0.00       0.00       0.00       0.00       0.00       0.00       0.00       0.00       0.00       0.00       0.00       0.00       0.00       0.00       0.00       0.00       0.00       0.00       0.00       0.00       0.00       0.00       0.00       0.00       0.00       0.00       0.00       0.00       0.00       0.00       0.00       0.00       0.00       0.00       0.00       0.00       0.00       0.00       0.00       0.00       0.00       0.00       0.00       0.00       0.00       0.00       0.00       0.00       0.00       0.00       0.00       0.00       0.00       0.00       0.00       0.00       0.00       0.00       0.00       0.00       0.00       0.00       0.00       0.00       0.00       0.00       0.00       0.00       0.00       0.00       0.00       0.00       0.00       0.00       0.00       0.00       0.00       0.00       0.00       0.00       0.00       0.00       0.00       0.00       0.00       0.00       0.00       0.00       0.00       0.00       0.00       0.00       0.00       0.00       0.00       0.00       0.00       0.00       0.00       0.00       0.00       0.00       0.00       0.00       0.00       0.00       0.00       0.00       0.00       0.00       0.00       0.00       0.00       0.00     124.00       4.00       0.00       0.00       0.00       2.00       0.00       0.00
17시 07분 27초    4       0.00       0.00       0.00      92.00       0.00       0.00       0.00       0.00       0.00       0.00       0.00       0.00       0.00       0.00       0.00       0.00       0.00       0.00       0.00       0.00       0.00       0.00       0.00       0.00       0.00       0.00       0.00       0.00       0.00       0.00       0.00       0.00       0.00       0.00       0.00       0.00       0.00       0.00       0.00       0.00       0.00       0.00       0.00       0.00       0.00       0.00       0.00       0.00       0.00       0.00       0.00       0.00       0.00       0.00       0.00       0.00       0.00       0.00       0.00       0.00       0.00       0.00       0.00       0.00       0.00       0.00       0.00       0.00       0.00       0.00       0.00       0.00       0.00       0.00       0.00       0.00       0.00       0.00       0.00       0.00       0.00       0.00       0.00       0.00       0.00       0.00       0.00       0.00       0.00       0.00       0.00       0.00       0.00       0.00       0.00       0.00       0.00       0.00       0.00       0.00       0.00       0.00       0.00       0.00       0.00       0.00       0.00       0.00       0.00       0.00       0.00       0.00       0.00       0.00       0.00       0.00       0.00       0.00       0.00       0.00       0.00       0.00       0.00       0.00       0.00       0.00       0.00       0.00       0.00       0.00       0.00       0.00       0.00       0.00       0.00       0.00     132.00       1.00       0.00       0.00       0.00       5.00       0.00       0.00
17시 07분 27초    5       0.00       0.00       0.00      69.00       0.00       0.00       0.00       0.00       0.00       0.00       0.00       0.00       0.00       0.00       0.00       0.00       0.00       0.00       0.00       0.00       0.00       0.00       0.00       0.00       0.00       0.00       0.00       0.00       0.00       0.00       0.00       0.00       0.00       0.00       0.00       0.00       0.00       0.00       0.00       0.00       0.00       0.00       0.00       0.00       0.00       0.00       0.00       0.00       0.00       0.00       0.00       0.00       0.00       0.00       0.00       0.00       0.00       0.00       0.00       0.00       0.00       0.00       0.00       0.00       0.00       0.00       0.00       0.00       0.00       0.00       0.00       0.00       0.00       0.00       0.00       0.00       0.00       0.00       0.00       0.00       0.00       0.00       0.00       0.00       0.00       0.00       0.00       0.00       0.00       0.00       0.00       0.00       0.00       0.00       0.00       0.00       0.00       0.00       0.00       0.00       0.00       0.00       0.00       0.00       0.00       0.00       0.00       0.00       0.00       0.00       0.00       0.00       0.00       0.00       0.00       0.00       0.00       0.00       0.00       0.00       0.00       0.00       0.00       0.00       0.00       0.00       0.00       0.00       0.00       0.00       0.00       0.00       0.00       0.00       0.00       0.00      75.00       2.00       0.00       0.00       0.00       7.00       0.00       0.00

17시 07분 26초  CPU       HI/s    TIMER/s   NET_TX/s   NET_RX/s    BLOCK/s IRQ_POLL/s  TASKLET/s    SCHED/s  HRTIMER/s      RCU/s
17시 07분 27초    0       0.00       9.00       0.00      22.00       0.00       0.00       0.00      50.00       0.00      42.00
17시 07분 27초    1       0.00      27.00       0.00       0.00       0.00       0.00       0.00      40.00       0.00     125.00
17시 07분 27초    2       0.00      12.00       0.00       0.00       0.00       0.00       0.00      40.00       0.00      35.00
17시 07분 27초    3       0.00      30.00       0.00       0.00       0.00       0.00       0.00      33.00       0.00      33.00
17시 07분 27초    4       0.00      31.00       0.00       0.00       0.00       0.00       0.00      39.00       0.00      31.00
17시 07분 27초    5       0.00       5.00       0.00       0.00       0.00       0.00       0.00      23.00       0.00      35.00

17시 07분 27초  CPU    %usr   %nice    %sys %iowait    %irq   %soft  %steal  %guest  %gnice   %idle
17시 07분 28초  all    0.83    0.00    1.17    0.00    0.17    0.00    0.00    0.00    0.00   97.83
17시 07분 28초    0    1.01    0.00    1.01    0.00    0.00    0.00    0.00    0.00    0.00   97.98
17시 07분 28초    1    0.00    0.00    2.02    0.00    0.00    0.00    0.00    0.00    0.00   97.98
17시 07분 28초    2    0.99    0.00    0.00    0.00    0.99    0.00    0.00    0.00    0.00   98.02
17시 07분 28초    3    2.00    0.00    2.00    0.00    0.00    0.00    0.00    0.00    0.00   96.00
17시 07분 28초    4    0.00    0.00    0.00    0.00    0.00    0.00    0.00    0.00    0.00  100.00
17시 07분 28초    5    1.00    0.00    2.00    0.00    0.00    0.00    0.00    0.00    0.00   97.00

17시 07분 27초  CPU    intr/s
17시 07분 28초  all    293.00
17시 07분 28초    0     73.00
17시 07분 28초    1     94.00
17시 07분 28초    2     87.00
17시 07분 28초    3     55.00
17시 07분 28초    4     29.00
17시 07분 28초    5     24.00

17시 07분 27초  CPU        9/s       11/s       12/s       13/s       18/s       20/s       21/s       22/s       23/s       24/s       25/s       26/s       27/s       28/s       29/s       30/s       31/s       32/s       33/s       34/s       35/s       36/s       37/s       38/s       39/s       40/s       41/s       42/s       43/s       44/s       45/s       46/s       47/s       48/s       49/s       50/s       51/s       52/s       53/s       54/s       55/s       57/s       59/s       61/s       65/s       66/s       67/s       68/s       69/s       70/s       71/s       72/s       73/s       74/s       75/s       76/s       77/s       79/s       80/s       81/s       82/s       83/s       84/s       85/s       86/s       87/s       88/s       89/s       90/s       91/s       92/s       93/s       94/s       95/s       96/s       97/s       98/s      112/s      113/s      114/s      115/s      116/s      117/s      118/s      119/s      120/s      121/s      122/s      123/s      124/s      125/s      126/s      127/s      128/s      129/s      130/s      131/s      132/s      133/s      134/s      135/s      136/s      137/s      138/s      150/s      154/s      162/s      167/s      171/s      224/s      228/s      229/s      230/s      231/s      232/s      233/s      234/s      235/s      236/s      237/s      245/s      246/s      247/s      249/s      250/s      252/s      253/s      262/s      263/s      294/s      296/s      297/s      298/s      299/s      301/s      302/s     IPI0/s     IPI1/s     IPI2/s     IPI3/s     IPI4/s     IPI5/s     IPI6/s      Err/s
17시 07분 28초    0       0.00       0.00       0.00      45.00       0.00       0.00       0.00       0.00       0.00       0.00       0.00       0.00       0.00       0.00       0.00       0.00       0.00       0.00       0.00       0.00       0.00       0.00       0.00       0.00       0.00       0.00       0.00       0.00       0.00       0.00       0.00       0.00       0.00       0.00       0.00       0.00       0.00       0.00       0.00       0.00       0.00       0.00       0.00       0.00       0.00       0.00       0.00       0.00       0.00       0.00       0.00       0.00       0.00       0.00       0.00       0.00       0.00       0.00       0.00       0.00       0.00       0.00       0.00       0.00       0.00       0.00       0.00       0.00       0.00       0.00       0.00       0.00       0.00       0.00       0.00       0.00       0.00       0.00       0.00       0.00       0.00       0.00       0.00       0.00       0.00       0.00       0.00       0.00       0.00       0.00       0.00       0.00       0.00       0.00       0.00       0.00       0.00       0.00       0.00       0.00       0.00       0.00       0.00       0.00       0.00       5.00       0.00       0.00       0.00       0.00       0.00       0.00       0.00       0.00       0.00       0.00       0.00       0.00       0.00       0.00       0.00       0.00       0.00       0.00       0.00       0.00       0.00       0.00       0.00       0.00       0.00       0.00       0.00       0.00      12.00       0.00       0.00       3.00       0.00       0.00       0.00       0.00       0.00       0.00
17시 07분 28초    1       0.00       0.00       0.00      59.00       0.00       0.00       0.00       0.00       0.00       0.00       0.00       0.00       0.00       0.00       0.00       0.00       0.00       0.00       0.00       0.00       0.00       0.00       0.00       0.00       0.00       0.00       0.00       0.00       0.00       0.00       0.00       0.00       0.00       0.00       0.00       0.00       0.00       0.00       0.00       0.00       0.00       0.00       0.00       0.00       0.00       0.00       0.00       0.00       0.00       0.00       0.00       0.00       0.00       0.00       0.00       0.00       0.00       0.00       0.00       0.00       0.00       0.00       0.00       0.00       0.00       0.00       0.00       0.00       0.00       0.00       0.00       0.00       0.00       0.00       0.00       0.00       0.00       0.00       0.00       0.00       0.00       0.00       0.00       0.00       0.00       0.00       0.00       0.00       0.00       0.00       0.00       0.00       0.00       0.00       0.00       0.00       0.00       0.00       0.00       0.00       0.00       0.00       0.00       0.00       0.00       0.00       0.00       0.00       0.00       0.00       0.00       0.00       0.00       0.00       0.00       0.00       0.00       0.00       0.00       0.00       0.00       0.00       0.00       0.00       0.00       0.00       0.00       0.00       0.00       0.00       0.00       0.00       0.00       0.00       0.00       0.00      14.00       3.00       0.00       0.00       0.00       0.00       0.00       0.00
17시 07분 28초    2       0.00       0.00       0.00      55.00       0.00       0.00       0.00       0.00       0.00       0.00       0.00       0.00       0.00       0.00       0.00       0.00       0.00       0.00       0.00       0.00       0.00       0.00       0.00       0.00       0.00       0.00       0.00       0.00       0.00       0.00       0.00       0.00       0.00       0.00       0.00       0.00       0.00       0.00       0.00       0.00       0.00       0.00       0.00       0.00       0.00       0.00       0.00       0.00       0.00       0.00       0.00       0.00       0.00       0.00       0.00       0.00       0.00       0.00       0.00       0.00       0.00       0.00       0.00       0.00       0.00       0.00       0.00       0.00       0.00       0.00       0.00       0.00       0.00       0.00       0.00       0.00       0.00       0.00       0.00       0.00       0.00       0.00       0.00       0.00       0.00       0.00       0.00       0.00       0.00       0.00       0.00       0.00       0.00       0.00       0.00       0.00       0.00       0.00       0.00       0.00       0.00       0.00       0.00       0.00       0.00       0.00       0.00       0.00       0.00       0.00       0.00       0.00       0.00       0.00       0.00       0.00       0.00       0.00       0.00       0.00       0.00       0.00       0.00       0.00       0.00       0.00       0.00       0.00       0.00       0.00       0.00       0.00       0.00       0.00       0.00       0.00       0.00       2.00       0.00       0.00       0.00       0.00       0.00       0.00
17시 07분 28초    3       0.00       0.00       0.00      45.00       0.00       0.00       0.00       0.00       0.00       0.00       0.00       0.00       0.00       0.00       0.00       0.00       0.00       0.00       0.00       0.00       0.00       0.00       0.00       0.00       0.00       0.00       0.00       0.00       0.00       0.00       0.00       0.00       0.00       0.00       0.00       0.00       0.00       0.00       0.00       0.00       0.00       0.00       0.00       0.00       0.00       0.00       0.00       0.00       0.00       0.00       0.00       0.00       0.00       0.00       0.00       0.00       0.00       0.00       0.00       0.00       0.00       0.00       0.00       0.00       0.00       0.00       0.00       0.00       0.00       0.00       0.00       0.00       0.00       0.00       0.00       0.00       0.00       0.00       0.00       0.00       0.00       0.00       0.00       0.00       0.00       0.00       0.00       0.00       0.00       0.00       0.00       0.00       0.00       0.00       0.00       0.00       0.00       0.00       0.00       0.00       0.00       0.00       0.00       0.00       0.00       0.00       0.00       0.00       0.00       0.00       0.00       0.00       0.00       0.00       0.00       0.00       0.00       0.00       0.00       0.00       0.00       0.00       0.00       0.00       0.00       0.00       0.00       0.00       0.00       0.00       0.00       0.00       0.00       0.00       0.00       0.00       8.00       0.00       0.00       0.00       0.00       0.00       0.00       0.00
17시 07분 28초    4       0.00       0.00       0.00      16.00       0.00       0.00       0.00       0.00       0.00       0.00       0.00       0.00       0.00       0.00       0.00       0.00       0.00       0.00       0.00       0.00       0.00       0.00       0.00       0.00       0.00       0.00       0.00       0.00       0.00       0.00       0.00       0.00       0.00       0.00       0.00       0.00       0.00       0.00       0.00       0.00       0.00       0.00       0.00       0.00       0.00       0.00       0.00       0.00       0.00       0.00       0.00       0.00       0.00       0.00       0.00       0.00       0.00       0.00       0.00       0.00       0.00       0.00       0.00       0.00       0.00       0.00       0.00       0.00       0.00       0.00       0.00       0.00       0.00       0.00       0.00       0.00       0.00       0.00       0.00       0.00       0.00       0.00       0.00       0.00       0.00       0.00       0.00       0.00       0.00       0.00       0.00       0.00       0.00       0.00       0.00       0.00       0.00       0.00       0.00       0.00       0.00       0.00       0.00       0.00       0.00       0.00       0.00       0.00       0.00       0.00       0.00       0.00       0.00       0.00       0.00       0.00       0.00       0.00       0.00       0.00       0.00       0.00       0.00       0.00       0.00       0.00       0.00       0.00       0.00       0.00       0.00       0.00       0.00       0.00       0.00       0.00       1.00       0.00       0.00       0.00       0.00       0.00       0.00       0.00
17시 07분 28초    5       0.00       0.00       0.00      25.00       0.00       0.00       0.00       0.00       0.00       0.00       0.00       0.00       0.00       0.00       0.00       0.00       0.00       0.00       0.00       0.00       0.00       0.00       0.00       0.00       0.00       0.00       0.00       0.00       0.00       0.00       0.00       0.00       0.00       0.00       0.00       0.00       0.00       0.00       0.00       0.00       0.00       0.00       0.00       0.00       0.00       0.00       0.00       0.00       0.00       0.00       0.00       0.00       0.00       0.00       0.00       0.00       0.00       0.00       0.00       0.00       0.00       0.00       0.00       0.00       0.00       0.00       0.00       0.00       0.00       0.00       0.00       0.00       0.00       0.00       0.00       0.00       0.00       0.00       0.00       0.00       0.00       0.00       0.00       0.00       0.00       0.00       0.00       0.00       0.00       0.00       0.00       0.00       0.00       0.00       0.00       0.00       0.00       0.00       0.00       0.00       0.00       0.00       0.00       0.00       0.00       0.00       0.00       0.00       0.00       0.00       0.00       0.00       0.00       0.00       0.00       0.00       0.00       0.00       0.00       0.00       0.00       0.00       0.00       0.00       0.00       0.00       0.00       0.00       0.00       0.00       0.00       0.00       0.00       0.00       0.00       0.00       0.00       0.00       0.00       0.00       0.00       0.00       0.00       0.00

17시 07분 27초  CPU       HI/s    TIMER/s   NET_TX/s   NET_RX/s    BLOCK/s IRQ_POLL/s  TASKLET/s    SCHED/s  HRTIMER/s      RCU/s
17시 07분 28초    0       0.00      12.00       0.00      11.00       0.00       0.00       0.00      23.00       0.00      27.00
17시 07분 28초    1       0.00      29.00       0.00       0.00       0.00       0.00       0.00      35.00       0.00      30.00
17시 07분 28초    2       0.00      32.00       0.00       0.00       0.00       0.00       0.00      34.00       0.00      21.00
17시 07분 28초    3       0.00      10.00       0.00       0.00       0.00       0.00       0.00      18.00       0.00      27.00
17시 07분 28초    4       0.00      10.00       0.00       0.00       0.00       0.00       0.00      11.00       0.00       8.00
17시 07분 28초    5       0.00       1.00       0.00       0.00       0.00       0.00       0.00       7.00       0.00      16.00

17시 07분 28초  CPU    %usr   %nice    %sys %iowait    %irq   %soft  %steal  %guest  %gnice   %idle
17시 07분 29초  all    0.50    0.00    1.66    0.00    0.17    0.33    0.00    0.00    0.00   97.34
17시 07분 29초    0    1.00    0.00    1.00    0.00    0.00    1.00    0.00    0.00    0.00   97.00
17시 07분 29초    1    0.98    0.00    1.96    0.00    0.98    0.00    0.00    0.00    0.00   96.08
17시 07분 29초    2    0.00    0.00    1.01    0.00    0.00    0.00    0.00    0.00    0.00   98.99
17시 07분 29초    3    1.00    0.00    3.00    0.00    0.00    0.00    0.00    0.00    0.00   96.00
17시 07분 29초    4    0.00    0.00    0.00    0.00    0.00    0.00    0.00    0.00    0.00  100.00
17시 07분 29초    5    0.00    0.00    3.00    0.00    0.00    1.00    0.00    0.00    0.00   96.00

17시 07분 28초  CPU    intr/s
17시 07분 29초  all    352.00
17시 07분 29초    0    133.00
17시 07분 29초    1     78.00
17시 07분 29초    2     82.00
17시 07분 29초    3     36.00
17시 07분 29초    4     38.00
17시 07분 29초    5     63.00

17시 07분 28초  CPU        9/s       11/s       12/s       13/s       18/s       20/s       21/s       22/s       23/s       24/s       25/s       26/s       27/s       28/s       29/s       30/s       31/s       32/s       33/s       34/s       35/s       36/s       37/s       38/s       39/s       40/s       41/s       42/s       43/s       44/s       45/s       46/s       47/s       48/s       49/s       50/s       51/s       52/s       53/s       54/s       55/s       57/s       59/s       61/s       65/s       66/s       67/s       68/s       69/s       70/s       71/s       72/s       73/s       74/s       75/s       76/s       77/s       79/s       80/s       81/s       82/s       83/s       84/s       85/s       86/s       87/s       88/s       89/s       90/s       91/s       92/s       93/s       94/s       95/s       96/s       97/s       98/s      112/s      113/s      114/s      115/s      116/s      117/s      118/s      119/s      120/s      121/s      122/s      123/s      124/s      125/s      126/s      127/s      128/s      129/s      130/s      131/s      132/s      133/s      134/s      135/s      136/s      137/s      138/s      150/s      154/s      162/s      167/s      171/s      224/s      228/s      229/s      230/s      231/s      232/s      233/s      234/s      235/s      236/s      237/s      245/s      246/s      247/s      249/s      250/s      252/s      253/s      262/s      263/s      294/s      296/s      297/s      298/s      299/s      301/s      302/s     IPI0/s     IPI1/s     IPI2/s     IPI3/s     IPI4/s     IPI5/s     IPI6/s      Err/s
17시 07분 29초    0       0.00       0.00       0.00      36.00       0.00       0.00       0.00       0.00       0.00       0.00       0.00       0.00       0.00       0.00       0.00       0.00       0.00       0.00       0.00       0.00       0.00       0.00       0.00       0.00       0.00       0.00       0.00       0.00       0.00       0.00       0.00       0.00       0.00       0.00       0.00       0.00       0.00       0.00       0.00       0.00       0.00       0.00       0.00       0.00       0.00       0.00       0.00       0.00       0.00       0.00       0.00       0.00       0.00       0.00       0.00       0.00       0.00       0.00       0.00       0.00       0.00       0.00       0.00       0.00       0.00       0.00       0.00       0.00       0.00       0.00       0.00       0.00       0.00       0.00       0.00       0.00       0.00       0.00       0.00       0.00       0.00       0.00       0.00       0.00       0.00       0.00       0.00       0.00       0.00       0.00       0.00       0.00       0.00       0.00       0.00       0.00       0.00       0.00       0.00       0.00       0.00       0.00       0.00       0.00       0.00       0.00       0.00       0.00       0.00       0.00       0.00       0.00       0.00       0.00       0.00       0.00       0.00       0.00       0.00       0.00       0.00       0.00       0.00       0.00       0.00       0.00       0.00       0.00       0.00       0.00       0.00       0.00       0.00       0.00      82.00       0.00       2.00       4.00       0.00       0.00       0.00       0.00       0.00       0.00
17시 07분 29초    1       0.00       0.00       0.00      42.00       0.00       0.00       0.00       0.00       0.00       0.00       0.00       0.00       0.00       0.00       0.00       0.00       0.00       0.00       0.00       0.00       0.00       0.00       0.00       0.00       0.00       0.00       0.00       0.00       0.00       0.00       0.00       0.00       0.00       0.00       0.00       0.00       0.00       0.00       0.00       0.00       0.00       0.00       0.00       0.00       0.00       0.00       0.00       0.00       0.00       0.00       0.00       0.00       0.00       0.00       0.00       0.00       0.00       0.00       0.00       0.00       0.00       0.00       0.00       0.00       0.00       0.00       0.00       0.00       0.00       0.00       0.00       0.00       0.00       0.00       0.00       0.00       0.00       0.00       0.00       0.00       0.00       0.00       0.00       0.00       0.00       0.00       0.00       0.00       0.00       0.00       0.00       0.00       0.00       0.00       0.00       0.00       0.00       0.00       0.00       0.00       0.00       0.00       0.00       0.00       0.00       0.00       0.00       0.00       0.00       0.00       0.00       0.00       0.00       0.00       0.00       0.00       0.00       0.00       0.00       0.00       0.00       0.00       0.00       0.00       0.00       0.00       0.00       0.00       0.00       0.00       0.00       0.00       0.00       0.00       0.00       0.00       3.00       4.00       0.00       0.00       0.00       0.00       0.00       0.00
17시 07분 29초    2       0.00       0.00       0.00      52.00       0.00       0.00       0.00       0.00       0.00       0.00       0.00       0.00       0.00       0.00       0.00       0.00       0.00       0.00       0.00       0.00       0.00       0.00       0.00       0.00       0.00       0.00       0.00       0.00       0.00       0.00       0.00       0.00       0.00       0.00       0.00       0.00       0.00       0.00       0.00       0.00       0.00       0.00       0.00       0.00       0.00       0.00       0.00       0.00       0.00       0.00       0.00       0.00       0.00       0.00       0.00       0.00       0.00       0.00       0.00       0.00       0.00       0.00       0.00       0.00       0.00       0.00       0.00       0.00       0.00       0.00       0.00       0.00       0.00       0.00       0.00       0.00       0.00       0.00       0.00       0.00       0.00       0.00       0.00       0.00       0.00       0.00       0.00       0.00       0.00       0.00       0.00       0.00       0.00       0.00       0.00       0.00       0.00       0.00       0.00       0.00       0.00       0.00       0.00       0.00       0.00       0.00       0.00       0.00       0.00       0.00       0.00       0.00       0.00       0.00       0.00       0.00       0.00       0.00       0.00       0.00       0.00       0.00       0.00       0.00       0.00       0.00       0.00       0.00       0.00       0.00       0.00       0.00       0.00       0.00       0.00       0.00       4.00       1.00       0.00       0.00       0.00       0.00       0.00       0.00
17시 07분 29초    3       0.00       0.00       0.00      36.00       0.00       0.00       0.00       0.00       0.00       0.00       0.00       0.00       0.00       0.00       0.00       0.00       0.00       0.00       0.00       0.00       0.00       0.00       0.00       0.00       0.00       0.00       0.00       0.00       0.00       0.00       0.00       0.00       0.00       0.00       0.00       0.00       0.00       0.00       0.00       0.00       0.00       0.00       0.00       0.00       0.00       0.00       0.00       0.00       0.00       0.00       0.00       0.00       0.00       0.00       0.00       0.00       0.00       0.00       0.00       0.00       0.00       0.00       0.00       0.00       0.00       0.00       0.00       0.00       0.00       0.00       0.00       0.00       0.00       0.00       0.00       0.00       0.00       0.00       0.00       0.00       0.00       0.00       0.00       0.00       0.00       0.00       0.00       0.00       0.00       0.00       0.00       0.00       0.00       0.00       0.00       0.00       0.00       0.00       0.00       0.00       0.00       0.00       0.00       0.00       0.00       0.00       0.00       0.00       0.00       0.00       0.00       0.00       0.00       0.00       0.00       0.00       0.00       0.00       0.00       0.00       0.00       0.00       0.00       0.00       0.00       0.00       0.00       0.00       0.00       0.00       0.00       0.00       0.00       0.00       0.00       0.00       7.00       0.00       0.00       0.00       0.00       0.00       0.00       0.00
17시 07분 29초    4       0.00       0.00       0.00      21.00       0.00       0.00       0.00       0.00       0.00       0.00       0.00       0.00       0.00       0.00       0.00       0.00       0.00       0.00       0.00       0.00       0.00       0.00       0.00       0.00       0.00       0.00       0.00       0.00       0.00       0.00       0.00       0.00       0.00       0.00       0.00       0.00       0.00       0.00       0.00       0.00       0.00       0.00       0.00       0.00       0.00       0.00       0.00       0.00       0.00       0.00       0.00       0.00       0.00       0.00       0.00       0.00       0.00       0.00       0.00       0.00       0.00       0.00       0.00       0.00       0.00       0.00       0.00       0.00       0.00       0.00       0.00       0.00       0.00       0.00       0.00       0.00       0.00       0.00       0.00       0.00       0.00       0.00       0.00       0.00       0.00       0.00       0.00       0.00       0.00       0.00       0.00       0.00       0.00       0.00       0.00       0.00       0.00       0.00       0.00       0.00       0.00       0.00       0.00       0.00       0.00       0.00       0.00       0.00       0.00       0.00       0.00       0.00       0.00       0.00       0.00       0.00       0.00       0.00       0.00       0.00       0.00       0.00       0.00       0.00       0.00       0.00       0.00       0.00       0.00       0.00       0.00       0.00       0.00       0.00       0.00       0.00       3.00       0.00       0.00       0.00       0.00       0.00       0.00       0.00
17시 07분 29초    5       0.00       0.00       0.00      43.00       0.00       0.00       0.00       0.00       0.00       0.00       0.00       0.00       0.00       0.00       0.00       0.00       0.00       0.00       0.00       0.00       0.00       0.00       0.00       0.00       0.00       0.00       0.00       0.00       0.00       0.00       0.00       0.00       0.00       0.00       0.00       0.00       0.00       0.00       0.00       0.00       0.00       0.00       0.00       0.00       0.00       0.00       0.00       0.00       0.00       0.00       0.00       0.00       0.00       0.00       0.00       0.00       0.00       0.00       0.00       0.00       0.00       0.00       0.00       0.00       0.00       0.00       0.00       0.00       0.00       0.00       0.00       0.00       0.00       0.00       0.00       0.00       0.00       0.00       0.00       0.00       0.00       0.00       0.00       0.00       0.00       0.00       0.00       0.00       0.00       0.00       0.00       0.00       0.00       0.00       0.00       0.00       0.00       0.00       0.00       0.00       0.00       0.00       0.00       0.00       0.00       0.00       0.00       0.00       0.00       0.00       0.00       0.00       0.00       0.00       0.00       0.00       0.00       0.00       0.00       0.00       0.00       0.00       0.00       0.00       0.00       0.00       0.00       0.00       0.00       0.00       0.00       0.00       0.00       0.00       0.00       0.00      12.00       0.00       0.00       0.00       0.00       0.00       0.00       0.00

17시 07분 28초  CPU       HI/s    TIMER/s   NET_TX/s   NET_RX/s    BLOCK/s IRQ_POLL/s  TASKLET/s    SCHED/s  HRTIMER/s      RCU/s
17시 07분 29초    0       0.00      12.00       2.00      76.00       0.00       0.00       0.00      20.00       0.00      23.00
17시 07분 29초    1       0.00      24.00       0.00       0.00       0.00       0.00       0.00      31.00       0.00      23.00
17시 07분 29초    2       0.00      31.00       0.00       0.00       0.00       0.00       0.00      33.00       0.00      18.00
17시 07분 29초    3       0.00       4.00       0.00       0.00       0.00       0.00       0.00      12.00       0.00      20.00
17시 07분 29초    4       0.00      12.00       0.00       0.00       0.00       0.00       0.00      13.00       0.00      13.00
17시 07분 29초    5       0.00      19.00       0.00       0.00       0.00       0.00       0.00      21.00       0.00      23.00

17시 07분 29초  CPU    %usr   %nice    %sys %iowait    %irq   %soft  %steal  %guest  %gnice   %idle
17시 07분 30초  all    0.17    0.00    1.84    0.00    0.00    0.00    0.00    0.00    0.00   98.00
17시 07분 30초    0    0.00    0.00    3.00    0.00    0.00    0.00    0.00    0.00    0.00   97.00
17시 07분 30초    1    0.00    0.00    2.02    0.00    0.00    0.00    0.00    0.00    0.00   97.98
17시 07분 30초    2    0.00    0.00    1.00    0.00    0.00    0.00    0.00    0.00    0.00   99.00
17시 07분 30초    3    1.00    0.00    2.00    0.00    0.00    0.00    0.00    0.00    0.00   97.00
17시 07분 30초    4    0.00    0.00    0.00    0.00    0.00    0.00    0.00    0.00    0.00  100.00
17시 07분 30초    5    0.00    0.00    3.00    0.00    0.00    0.00    0.00    0.00    0.00   97.00

17시 07분 29초  CPU    intr/s
17시 07분 30초  all    285.00
17시 07분 30초    0     77.00
17시 07분 30초    1     82.00
17시 07분 30초    2     83.00
17시 07분 30초    3     64.00
17시 07분 30초    4     28.00
17시 07분 30초    5     31.00

17시 07분 29초  CPU        9/s       11/s       12/s       13/s       18/s       20/s       21/s       22/s       23/s       24/s       25/s       26/s       27/s       28/s       29/s       30/s       31/s       32/s       33/s       34/s       35/s       36/s       37/s       38/s       39/s       40/s       41/s       42/s       43/s       44/s       45/s       46/s       47/s       48/s       49/s       50/s       51/s       52/s       53/s       54/s       55/s       57/s       59/s       61/s       65/s       66/s       67/s       68/s       69/s       70/s       71/s       72/s       73/s       74/s       75/s       76/s       77/s       79/s       80/s       81/s       82/s       83/s       84/s       85/s       86/s       87/s       88/s       89/s       90/s       91/s       92/s       93/s       94/s       95/s       96/s       97/s       98/s      112/s      113/s      114/s      115/s      116/s      117/s      118/s      119/s      120/s      121/s      122/s      123/s      124/s      125/s      126/s      127/s      128/s      129/s      130/s      131/s      132/s      133/s      134/s      135/s      136/s      137/s      138/s      150/s      154/s      162/s      167/s      171/s      224/s      228/s      229/s      230/s      231/s      232/s      233/s      234/s      235/s      236/s      237/s      245/s      246/s      247/s      249/s      250/s      252/s      253/s      262/s      263/s      294/s      296/s      297/s      298/s      299/s      301/s      302/s     IPI0/s     IPI1/s     IPI2/s     IPI3/s     IPI4/s     IPI5/s     IPI6/s      Err/s
17시 07분 30초    0       0.00       0.00       0.00      43.00       0.00       0.00       0.00       0.00       0.00       0.00       0.00       0.00       0.00       0.00       0.00       0.00       0.00       0.00       0.00       0.00       0.00       0.00       0.00       0.00       0.00       0.00       0.00       0.00       0.00       0.00       0.00       0.00       0.00       0.00       0.00       0.00       0.00       0.00       0.00       0.00       0.00       0.00       0.00       0.00       0.00       0.00       0.00       0.00       0.00       0.00       0.00       0.00       0.00       0.00       0.00       0.00       0.00       0.00       0.00       0.00       0.00       0.00       0.00       0.00       0.00       0.00       0.00       0.00       0.00       0.00       0.00       0.00       0.00       0.00       0.00       0.00       0.00       0.00       0.00       0.00       0.00       0.00       0.00       0.00       0.00       0.00       0.00       0.00       0.00       0.00       0.00       0.00       0.00       0.00       0.00       0.00       0.00       0.00       0.00       0.00       0.00       0.00       0.00       0.00       0.00       5.00       0.00       0.00       0.00       0.00       0.00       0.00       0.00       0.00       0.00       0.00       0.00       0.00       0.00       0.00       0.00       0.00       0.00       0.00       0.00       0.00       0.00       0.00       0.00       0.00       0.00       0.00       0.00       0.00      12.00       0.00       7.00       6.00       0.00       0.00       0.00       0.00       0.00       0.00
17시 07분 30초    1       0.00       0.00       0.00      51.00       0.00       0.00       0.00       0.00       0.00       0.00       0.00       0.00       0.00       0.00       0.00       0.00       0.00       0.00       0.00       0.00       0.00       0.00       0.00       0.00       0.00       0.00       0.00       0.00       0.00       0.00       0.00       0.00       0.00       0.00       0.00       0.00       0.00       0.00       0.00       0.00       0.00       0.00       0.00       0.00       0.00       0.00       0.00       0.00       0.00       0.00       0.00       0.00       0.00       0.00       0.00       0.00       0.00       0.00       0.00       0.00       0.00       0.00       0.00       0.00       0.00       0.00       0.00       0.00       0.00       0.00       0.00       0.00       0.00       0.00       0.00       0.00       0.00       0.00       0.00       0.00       0.00       0.00       0.00       0.00       0.00       0.00       0.00       0.00       0.00       0.00       0.00       0.00       0.00       0.00       0.00       0.00       0.00       0.00       0.00       0.00       0.00       0.00       0.00       0.00       0.00       0.00       0.00       0.00       0.00       0.00       0.00       0.00       0.00       0.00       0.00       0.00       0.00       0.00       0.00       0.00       0.00       0.00       0.00       0.00       0.00       0.00       0.00       0.00       0.00       0.00       0.00       0.00       0.00       0.00       0.00       0.00       6.00       4.00       0.00       0.00       0.00       0.00       0.00       0.00
17시 07분 30초    2       0.00       0.00       0.00      43.00       0.00       0.00       0.00       0.00       0.00       0.00       0.00       0.00       0.00       0.00       0.00       0.00       0.00       0.00       0.00       0.00       0.00       0.00       0.00       0.00       0.00       0.00       0.00       0.00       0.00       0.00       0.00       0.00       0.00       0.00       0.00       0.00       0.00       0.00       0.00       0.00       0.00       0.00       0.00       0.00       0.00       0.00       0.00       0.00       0.00       0.00       0.00       0.00       0.00       0.00       0.00       0.00       0.00       0.00       0.00       0.00       0.00       0.00       0.00       0.00       0.00       0.00       0.00       0.00       0.00       0.00       0.00       0.00       0.00       0.00       0.00       0.00       0.00       0.00       0.00       0.00       0.00       0.00       0.00       0.00       0.00       0.00       0.00       0.00       0.00       0.00       0.00       0.00       0.00       0.00       0.00       0.00       0.00       0.00       0.00       0.00       0.00       0.00       0.00       0.00       0.00       0.00       0.00       0.00       0.00       0.00       0.00       0.00       0.00       0.00       0.00       0.00       0.00       0.00       0.00       0.00       0.00       0.00       0.00       0.00       0.00       0.00       0.00       0.00       0.00       0.00       0.00       0.00       0.00       0.00       0.00       0.00       1.00       1.00       0.00       0.00       0.00       0.00       0.00       0.00
17시 07분 30초    3       0.00       0.00       0.00      52.00       0.00       0.00       0.00       0.00       0.00       0.00       0.00       0.00       0.00       0.00       0.00       0.00       0.00       0.00       0.00       0.00       0.00       0.00       0.00       0.00       0.00       0.00       0.00       0.00       0.00       0.00       0.00       0.00       0.00       0.00       0.00       0.00       0.00       0.00       0.00       0.00       0.00       0.00       0.00       0.00       0.00       0.00       0.00       0.00       0.00       0.00       0.00       0.00       0.00       0.00       0.00       0.00       0.00       0.00       0.00       0.00       0.00       0.00       0.00       0.00       0.00       0.00       0.00       0.00       0.00       0.00       0.00       0.00       0.00       0.00       0.00       0.00       0.00       0.00       0.00       0.00       0.00       0.00       0.00       0.00       0.00       0.00       0.00       0.00       0.00       0.00       0.00       0.00       0.00       0.00       0.00       0.00       0.00       0.00       0.00       0.00       0.00       0.00       0.00       0.00       0.00       0.00       0.00       0.00       0.00       0.00       0.00       0.00       0.00       0.00       0.00       0.00       0.00       0.00       0.00       0.00       0.00       0.00       0.00       0.00       0.00       0.00       0.00       0.00       0.00       0.00       0.00       0.00       0.00       0.00       0.00       0.00       9.00       0.00       0.00       0.00       0.00       0.00       0.00       0.00
17시 07분 30초    4       0.00       0.00       0.00      12.00       0.00       0.00       0.00       0.00       0.00       0.00       0.00       0.00       0.00       0.00       0.00       0.00       0.00       0.00       0.00       0.00       0.00       0.00       0.00       0.00       0.00       0.00       0.00       0.00       0.00       0.00       0.00       0.00       0.00       0.00       0.00       0.00       0.00       0.00       0.00       0.00       0.00       0.00       0.00       0.00       0.00       0.00       0.00       0.00       0.00       0.00       0.00       0.00       0.00       0.00       0.00       0.00       0.00       0.00       0.00       0.00       0.00       0.00       0.00       0.00       0.00       0.00       0.00       0.00       0.00       0.00       0.00       0.00       0.00       0.00       0.00       0.00       0.00       0.00       0.00       0.00       0.00       0.00       0.00       0.00       0.00       0.00       0.00       0.00       0.00       0.00       0.00       0.00       0.00       0.00       0.00       0.00       0.00       0.00       0.00       0.00       0.00       0.00       0.00       0.00       0.00       0.00       0.00       0.00       0.00       0.00       0.00       0.00       0.00       0.00       0.00       0.00       0.00       0.00       0.00       0.00       0.00       0.00       0.00       0.00       0.00       0.00       0.00       0.00       0.00       0.00       0.00       0.00       0.00       0.00       0.00       0.00       1.00       0.00       0.00       0.00       0.00       0.00       0.00       0.00
17시 07분 30초    5       0.00       0.00       0.00      32.00       0.00       0.00       0.00       0.00       0.00       0.00       0.00       0.00       0.00       0.00       0.00       0.00       0.00       0.00       0.00       0.00       0.00       0.00       0.00       0.00       0.00       0.00       0.00       0.00       0.00       0.00       0.00       0.00       0.00       0.00       0.00       0.00       0.00       0.00       0.00       0.00       0.00       0.00       0.00       0.00       0.00       0.00       0.00       0.00       0.00       0.00       0.00       0.00       0.00       0.00       0.00       0.00       0.00       0.00       0.00       0.00       0.00       0.00       0.00       0.00       0.00       0.00       0.00       0.00       0.00       0.00       0.00       0.00       0.00       0.00       0.00       0.00       0.00       0.00       0.00       0.00       0.00       0.00       0.00       0.00       0.00       0.00       0.00       0.00       0.00       0.00       0.00       0.00       0.00       0.00       0.00       0.00       0.00       0.00       0.00       0.00       0.00       0.00       0.00       0.00       0.00       0.00       0.00       0.00       0.00       0.00       0.00       0.00       0.00       0.00       0.00       0.00       0.00       0.00       0.00       0.00       0.00       0.00       0.00       0.00       0.00       0.00       0.00       0.00       0.00       0.00       0.00       0.00       0.00       0.00       0.00       0.00       0.00       0.00       0.00       0.00       0.00       0.00       0.00       0.00

17시 07분 29초  CPU       HI/s    TIMER/s   NET_TX/s   NET_RX/s    BLOCK/s IRQ_POLL/s  TASKLET/s    SCHED/s  HRTIMER/s      RCU/s
17시 07분 30초    0       0.00      17.00       0.00      11.00       0.00       0.00       0.00      22.00       0.00      27.00
17시 07분 30초    1       0.00      27.00       0.00       0.00       0.00       0.00       0.00      30.00       0.00      25.00
17시 07분 30초    2       0.00      31.00       0.00       0.00       0.00       0.00       0.00      33.00       0.00      19.00
17시 07분 30초    3       0.00      13.00       0.00       0.00       0.00       0.00       0.00      24.00       0.00      27.00
17시 07분 30초    4       0.00      10.00       0.00       0.00       0.00       0.00       0.00       9.00       0.00       9.00
17시 07분 30초    5       0.00       1.00       0.00       0.00       0.00       0.00       0.00      12.00       0.00      18.00

17시 07분 30초  CPU    %usr   %nice    %sys %iowait    %irq   %soft  %steal  %guest  %gnice   %idle
17시 07분 31초  all    1.00    0.00    4.17    1.17    0.00    0.00    0.00    0.00    0.00   93.66
17시 07분 31초    0    0.00    0.00    2.02    0.00    0.00    0.00    0.00    0.00    0.00   97.98
17시 07분 31초    1    1.00    0.00    1.00    4.00    0.00    0.00    0.00    0.00    0.00   94.00
17시 07분 31초    2    0.00    0.00   14.00    3.00    0.00    0.00    0.00    0.00    0.00   83.00
17시 07분 31초    3    1.98    0.00    2.97    0.00    0.00    0.00    0.00    0.00    0.00   95.05
17시 07분 31초    4    0.00    0.00    1.00    0.00    0.00    0.00    0.00    0.00    0.00   99.00
17시 07분 31초    5    3.03    0.00    4.04    0.00    0.00    0.00    0.00    0.00    0.00   92.93

17시 07분 30초  CPU    intr/s
17시 07분 31초  all    925.00
17시 07분 31초    0    223.00
17시 07분 31초    1     81.00
17시 07분 31초    2     98.00
17시 07분 31초    3     75.00
17시 07분 31초    4     54.00
17시 07분 31초    5     49.00

17시 07분 30초  CPU        9/s       11/s       12/s       13/s       18/s       20/s       21/s       22/s       23/s       24/s       25/s       26/s       27/s       28/s       29/s       30/s       31/s       32/s       33/s       34/s       35/s       36/s       37/s       38/s       39/s       40/s       41/s       42/s       43/s       44/s       45/s       46/s       47/s       48/s       49/s       50/s       51/s       52/s       53/s       54/s       55/s       57/s       59/s       61/s       65/s       66/s       67/s       68/s       69/s       70/s       71/s       72/s       73/s       74/s       75/s       76/s       77/s       79/s       80/s       81/s       82/s       83/s       84/s       85/s       86/s       87/s       88/s       89/s       90/s       91/s       92/s       93/s       94/s       95/s       96/s       97/s       98/s      112/s      113/s      114/s      115/s      116/s      117/s      118/s      119/s      120/s      121/s      122/s      123/s      124/s      125/s      126/s      127/s      128/s      129/s      130/s      131/s      132/s      133/s      134/s      135/s      136/s      137/s      138/s      150/s      154/s      162/s      167/s      171/s      224/s      228/s      229/s      230/s      231/s      232/s      233/s      234/s      235/s      236/s      237/s      245/s      246/s      247/s      249/s      250/s      252/s      253/s      262/s      263/s      294/s      296/s      297/s      298/s      299/s      301/s      302/s     IPI0/s     IPI1/s     IPI2/s     IPI3/s     IPI4/s     IPI5/s     IPI6/s      Err/s
17시 07분 31초    0       0.00       0.00       0.00     102.00       0.00       0.00       0.00       0.00       0.00       0.00       0.00       0.00       0.00       0.00       0.00       0.00       0.00       0.00       0.00       0.00       0.00       0.00       0.00       0.00       0.00       0.00       0.00       0.00       0.00       0.00       0.00       0.00       0.00       0.00       0.00       0.00       0.00       0.00       0.00       0.00       0.00       0.00       0.00       0.00       0.00       0.00     134.00       0.00       0.00       0.00       0.00       0.00       0.00       0.00       0.00       0.00       0.00       0.00       0.00       0.00       0.00       0.00       0.00       0.00       0.00       0.00       0.00       0.00       0.00       0.00       0.00       0.00       0.00       0.00       0.00       0.00       0.00       0.00       0.00       0.00       0.00       0.00       0.00       0.00       0.00       0.00       0.00       0.00       0.00       0.00       0.00       0.00       0.00       0.00       0.00       0.00       0.00       0.00       0.00       0.00       0.00       0.00       0.00       0.00       0.00      48.00       0.00       0.00       0.00       0.00       0.00       0.00       0.00       0.00       0.00       0.00       0.00       0.00       0.00       0.00       0.00       0.00       0.00       0.00       0.00       0.00       0.00       0.00       0.00       0.00       0.00       0.00       0.00       0.00     127.00       0.00      18.00       7.00       0.00       0.00       0.00       7.00       0.00       0.00
17시 07분 31초    1       0.00       0.00       0.00      49.00       0.00       0.00       0.00       0.00       0.00       0.00       0.00       0.00       0.00       0.00       0.00       0.00       0.00       0.00       0.00       0.00       0.00       0.00       0.00       0.00       0.00       0.00       0.00       0.00       0.00       0.00       0.00       0.00       0.00       0.00       0.00       0.00       0.00       0.00       0.00       0.00       0.00       0.00       0.00       0.00       0.00       0.00       0.00       0.00       0.00       0.00       0.00       0.00       0.00       0.00       0.00       0.00       0.00       0.00       0.00       0.00       0.00       0.00       0.00       0.00       0.00       0.00       0.00       0.00       0.00       0.00       0.00       0.00       0.00       0.00       0.00       0.00       0.00       0.00       0.00       0.00       0.00       0.00       0.00       0.00       0.00       0.00       0.00       0.00       0.00       0.00       0.00       0.00       0.00       0.00       0.00       0.00       0.00       0.00       0.00       0.00       0.00       0.00       0.00       0.00       0.00       0.00       0.00       0.00       0.00       0.00       0.00       0.00       0.00       0.00       0.00       0.00       0.00       0.00       0.00       0.00       0.00       0.00       0.00       0.00       0.00       0.00       0.00       0.00       0.00       0.00       0.00       0.00       0.00       0.00       0.00       0.00       2.00       5.00       0.00       0.00       0.00       1.00       0.00       0.00
17시 07분 31초    2       0.00       0.00       0.00      66.00       0.00       0.00       0.00       0.00       0.00       0.00       0.00       0.00       0.00       0.00       0.00       0.00       0.00       0.00       0.00       0.00       0.00       0.00       0.00       0.00       0.00       0.00       0.00       0.00       0.00       0.00       0.00       0.00       0.00       0.00       0.00       0.00       0.00       0.00       0.00       0.00       0.00       0.00       0.00       0.00       0.00       0.00       0.00       0.00       0.00       0.00       0.00       0.00       0.00       0.00       0.00       0.00       0.00       0.00       0.00       0.00       0.00       0.00       0.00       0.00       0.00       0.00       0.00       0.00       0.00       0.00       0.00       0.00       0.00       0.00       0.00       0.00       0.00       0.00       0.00       0.00       0.00       0.00       0.00       0.00       0.00       0.00       0.00       0.00       0.00       0.00       0.00       0.00       0.00       0.00       0.00       0.00       0.00       0.00       0.00       0.00       0.00       0.00       0.00       0.00       0.00       0.00       0.00       0.00       0.00       0.00       0.00       0.00       0.00       0.00       0.00       0.00       0.00       0.00       0.00       0.00       0.00       0.00       0.00       0.00       0.00       0.00       0.00       0.00       0.00       0.00       0.00       0.00       0.00       0.00       0.00       0.00     156.00       3.00       0.00       0.00       0.00       5.00       0.00       0.00
17시 07분 31초    3       0.00       0.00       0.00      59.00       0.00       0.00       0.00       0.00       0.00       0.00       0.00       0.00       0.00       0.00       0.00       0.00       0.00       0.00       0.00       0.00       0.00       0.00       0.00       0.00       0.00       0.00       0.00       0.00       0.00       0.00       0.00       0.00       0.00       0.00       0.00       0.00       0.00       0.00       0.00       0.00       0.00       0.00       0.00       0.00       0.00       0.00       0.00       0.00       0.00       0.00       0.00       0.00       0.00       0.00       0.00       0.00       0.00       0.00       0.00       0.00       0.00       0.00       0.00       0.00       0.00       0.00       0.00       0.00       0.00       0.00       0.00       0.00       0.00       0.00       0.00       0.00       0.00       0.00       0.00       0.00       0.00       0.00       0.00       0.00       0.00       0.00       0.00       0.00       0.00       0.00       0.00       0.00       0.00       0.00       0.00       0.00       0.00       0.00       0.00       0.00       0.00       0.00       0.00       0.00       0.00       0.00       0.00       0.00       0.00       0.00       0.00       0.00       0.00       0.00       0.00       0.00       0.00       0.00       0.00       0.00       0.00       0.00       0.00       0.00       0.00       0.00       0.00       0.00       0.00       0.00       0.00       0.00       0.00       0.00       0.00       0.00      12.00       0.00       0.00       0.00       0.00       1.00       0.00       0.00
17시 07분 31초    4       0.00       0.00       0.00      47.00       0.00       0.00       0.00       0.00       0.00       0.00       0.00       0.00       0.00       0.00       0.00       0.00       0.00       0.00       0.00       0.00       0.00       0.00       0.00       0.00       0.00       0.00       0.00       0.00       0.00       0.00       0.00       0.00       0.00       0.00       0.00       0.00       0.00       0.00       0.00       0.00       0.00       0.00       0.00       0.00       0.00       0.00       0.00       0.00       0.00       0.00       0.00       0.00       0.00       0.00       0.00       0.00       0.00       0.00       0.00       0.00       0.00       0.00       0.00       0.00       0.00       0.00       0.00       0.00       0.00       0.00       0.00       0.00       0.00       0.00       0.00       0.00       0.00       0.00       0.00       0.00       0.00       0.00       0.00       0.00       0.00       0.00       0.00       0.00       0.00       0.00       0.00       0.00       0.00       0.00       0.00       0.00       0.00       0.00       0.00       0.00       0.00       0.00       0.00       0.00       0.00       0.00       0.00       0.00       0.00       0.00       0.00       0.00       0.00       0.00       0.00       0.00       0.00       0.00       0.00       0.00       0.00       0.00       0.00       0.00       0.00       0.00       0.00       0.00       0.00       0.00       0.00       0.00       0.00       0.00       0.00       0.00      23.00       0.00       0.00       0.00       0.00       1.00       0.00       0.00
17시 07분 31초    5       0.00       0.00       0.00      46.00       0.00       0.00       0.00       0.00       0.00       0.00       0.00       0.00       0.00       0.00       0.00       0.00       0.00       0.00       0.00       0.00       0.00       0.00       0.00       0.00       0.00       0.00       0.00       0.00       0.00       0.00       0.00       0.00       0.00       0.00       0.00       0.00       0.00       0.00       0.00       0.00       0.00       0.00       0.00       0.00       0.00       0.00       0.00       0.00       0.00       0.00       0.00       0.00       0.00       0.00       0.00       0.00       0.00       0.00       0.00       0.00       0.00       0.00       0.00       0.00       0.00       0.00       0.00       0.00       0.00       0.00       0.00       0.00       0.00       0.00       0.00       0.00       0.00       0.00       0.00       0.00       0.00       0.00       0.00       0.00       0.00       0.00       0.00       0.00       0.00       0.00       0.00       0.00       0.00       0.00       0.00       0.00       0.00       0.00       0.00       0.00       0.00       0.00       0.00       0.00       0.00       0.00       0.00       0.00       0.00       0.00       0.00       0.00       0.00       0.00       0.00       0.00       0.00       0.00       0.00       0.00       0.00       0.00       0.00       0.00       0.00       0.00       0.00       0.00       0.00       0.00       0.00       0.00       0.00       0.00       0.00       0.00       3.00       0.00       0.00       0.00       0.00       4.00       0.00       0.00

17시 07분 30초  CPU       HI/s    TIMER/s   NET_TX/s   NET_RX/s    BLOCK/s IRQ_POLL/s  TASKLET/s    SCHED/s  HRTIMER/s      RCU/s
17시 07분 31초    0       0.00      24.00       8.00     118.00       2.00       0.00       0.00      43.00       0.00      28.00
17시 07분 31초    1       0.00      26.00       0.00       0.00       0.00       0.00       0.00      36.00       0.00      19.00
17시 07분 31초    2       0.00      23.00       0.00       0.00       0.00       0.00       0.00      57.00       0.00      18.00
17시 07분 31초    3       0.00      19.00       0.00       0.00       0.00       0.00       0.00      28.00       0.00      28.00
17시 07분 31초    4       0.00      13.00       0.00       0.00       0.00       0.00       0.00      23.00       0.00      18.00
17시 07분 31초    5       0.00       4.00       0.00       0.00       0.00       0.00       0.00      16.00       0.00      29.00

17시 07분 31초  CPU    %usr   %nice    %sys %iowait    %irq   %soft  %steal  %guest  %gnice   %idle
17시 07분 32초  all    0.67    0.00    1.34    0.00    0.17    0.00    0.00    0.00    0.00   97.83
17시 07분 32초    0    1.00    0.00    1.00    0.00    1.00    0.00    0.00    0.00    0.00   97.00
17시 07분 32초    1    0.00    0.00    2.02    0.00    0.00    0.00    0.00    0.00    0.00   97.98
17시 07분 32초    2    0.00    0.00    0.00    0.00    0.00    0.00    0.00    0.00    0.00  100.00
17시 07분 32초    3    1.00    0.00    2.00    0.00    0.00    0.00    0.00    0.00    0.00   97.00
17시 07분 32초    4    0.99    0.00    0.00    0.00    0.00    0.00    0.00    0.00    0.00   99.01
17시 07분 32초    5    1.00    0.00    3.00    0.00    0.00    0.00    0.00    0.00    0.00   96.00

17시 07분 31초  CPU    intr/s
17시 07분 32초  all    601.00
17시 07분 32초    0    170.00
17시 07분 32초    1     85.00
17시 07분 32초    2     90.00
17시 07분 32초    3     58.00
17시 07분 32초    4     32.00
17시 07분 32초    5     36.00

17시 07분 31초  CPU        9/s       11/s       12/s       13/s       18/s       20/s       21/s       22/s       23/s       24/s       25/s       26/s       27/s       28/s       29/s       30/s       31/s       32/s       33/s       34/s       35/s       36/s       37/s       38/s       39/s       40/s       41/s       42/s       43/s       44/s       45/s       46/s       47/s       48/s       49/s       50/s       51/s       52/s       53/s       54/s       55/s       57/s       59/s       61/s       65/s       66/s       67/s       68/s       69/s       70/s       71/s       72/s       73/s       74/s       75/s       76/s       77/s       79/s       80/s       81/s       82/s       83/s       84/s       85/s       86/s       87/s       88/s       89/s       90/s       91/s       92/s       93/s       94/s       95/s       96/s       97/s       98/s      112/s      113/s      114/s      115/s      116/s      117/s      118/s      119/s      120/s      121/s      122/s      123/s      124/s      125/s      126/s      127/s      128/s      129/s      130/s      131/s      132/s      133/s      134/s      135/s      136/s      137/s      138/s      150/s      154/s      162/s      167/s      171/s      224/s      228/s      229/s      230/s      231/s      232/s      233/s      234/s      235/s      236/s      237/s      245/s      246/s      247/s      249/s      250/s      252/s      253/s      262/s      263/s      294/s      296/s      297/s      298/s      299/s      301/s      302/s     IPI0/s     IPI1/s     IPI2/s     IPI3/s     IPI4/s     IPI5/s     IPI6/s      Err/s
17시 07분 32초    0       0.00       0.00       0.00      78.00       0.00       0.00       0.00       0.00       0.00       0.00       0.00       0.00       0.00       0.00       0.00       0.00       0.00       0.00       0.00       0.00       0.00       0.00       0.00       0.00       0.00       0.00       0.00       0.00       0.00       0.00       0.00       0.00       0.00       0.00       0.00       0.00       0.00       0.00       0.00       0.00       0.00       0.00       0.00       0.00       0.00       0.00       0.00       0.00       0.00       0.00       0.00       0.00       0.00       0.00       0.00       0.00       0.00       0.00       0.00       0.00       0.00       0.00       0.00       0.00       0.00       0.00       0.00       0.00       0.00       0.00       0.00       0.00       0.00       0.00       0.00       0.00       0.00      78.00       0.00       0.00       0.00       0.00       0.00       0.00       0.00       0.00       0.00       0.00       0.00       0.00       0.00       0.00       0.00       0.00       0.00       0.00       0.00       0.00       0.00       0.00       0.00       0.00       0.00       0.00       0.00      10.00       0.00       0.00       0.00       0.00       0.00       0.00       0.00       0.00       0.00       0.00       0.00       0.00       0.00       0.00       0.00       0.00       0.00       0.00       0.00       0.00       0.00       0.00       0.00       0.00       0.00       0.00       0.00       0.00      91.00       0.00      14.00       1.00       0.00       0.00       0.00       1.00       0.00       0.00
17시 07분 32초    1       0.00       0.00       0.00      50.00       0.00       0.00       0.00       0.00       0.00       0.00       0.00       0.00       0.00       0.00       0.00       0.00       0.00       0.00       0.00       0.00       0.00       0.00       0.00       0.00       0.00       0.00       0.00       0.00       0.00       0.00       0.00       0.00       0.00       0.00       0.00       0.00       0.00       0.00       0.00       0.00       0.00       0.00       0.00       0.00       0.00       0.00       0.00       0.00       0.00       0.00       0.00       0.00       0.00       0.00       0.00       0.00       0.00       0.00       0.00       0.00       0.00       0.00       0.00       0.00       0.00       0.00       0.00       0.00       0.00       0.00       0.00       0.00       0.00       0.00       0.00       0.00       0.00       0.00       0.00       0.00       0.00       0.00       0.00       0.00       0.00       0.00       0.00       0.00       0.00       0.00       0.00       0.00       0.00       0.00       0.00       0.00       0.00       0.00       0.00       0.00       0.00       0.00       0.00       0.00       0.00       0.00       0.00       0.00       0.00       0.00       0.00       0.00       0.00       0.00       0.00       0.00       0.00       0.00       0.00       0.00       0.00       0.00       0.00       0.00       0.00       0.00       0.00       0.00       0.00       0.00       0.00       0.00       0.00       0.00       0.00       0.00       7.00       5.00       0.00       0.00       0.00       0.00       0.00       0.00
17시 07분 32초    2       0.00       0.00       0.00      63.00       0.00       0.00       0.00       0.00       0.00       0.00       0.00       0.00       0.00       0.00       0.00       0.00       0.00       0.00       0.00       0.00       0.00       0.00       0.00       0.00       0.00       0.00       0.00       0.00       0.00       0.00       0.00       0.00       0.00       0.00       0.00       0.00       0.00       0.00       0.00       0.00       0.00       0.00       0.00       0.00       0.00       0.00       0.00       0.00       0.00       0.00       0.00       0.00       0.00       0.00       0.00       0.00       0.00       0.00       0.00       0.00       0.00       0.00       0.00       0.00       0.00       0.00       0.00       0.00       0.00       0.00       0.00       0.00       0.00       0.00       0.00       0.00       0.00       0.00       0.00       0.00       0.00       0.00       0.00       0.00       0.00       0.00       0.00       0.00       0.00       0.00       0.00       0.00       0.00       0.00       0.00       0.00       0.00       0.00       0.00       0.00       0.00       0.00       0.00       0.00       0.00       0.00       0.00       0.00       0.00       0.00       0.00       0.00       0.00       0.00       0.00       0.00       0.00       0.00       0.00       0.00       0.00       0.00       0.00       0.00       0.00       0.00       0.00       0.00       0.00       0.00       0.00       0.00       0.00       0.00       0.00       0.00       8.00       1.00       0.00       0.00       0.00       1.00       0.00       0.00
17시 07분 32초    3       0.00       0.00       0.00      51.00       0.00       0.00       0.00       0.00       0.00       0.00       0.00       0.00       0.00       0.00       0.00       0.00       0.00       0.00       0.00       0.00       0.00       0.00       0.00       0.00       0.00       0.00       0.00       0.00       0.00       0.00       0.00       0.00       0.00       0.00       0.00       0.00       0.00       0.00       0.00       0.00       0.00       0.00       0.00       0.00       0.00       0.00       0.00       0.00       0.00       0.00       0.00       0.00       0.00       0.00       0.00       0.00       0.00       0.00       0.00       0.00       0.00       0.00       0.00       0.00       0.00       0.00       0.00       0.00       0.00       0.00       0.00       0.00       0.00       0.00       0.00       0.00       0.00       0.00       0.00       0.00       0.00       0.00       0.00       0.00       0.00       0.00       0.00       0.00       0.00       0.00       0.00       0.00       0.00       0.00       0.00       0.00       0.00       0.00       0.00       0.00       0.00       0.00       0.00       0.00       0.00       0.00       0.00       0.00       0.00       0.00       0.00       0.00       0.00       0.00       0.00       0.00       0.00       0.00       0.00       0.00       0.00       0.00       0.00       0.00       0.00       0.00       0.00       0.00       0.00       0.00       0.00       0.00       0.00       0.00       0.00       0.00       7.00       0.00       0.00       0.00       0.00       0.00       0.00       0.00
17시 07분 32초    4       0.00       0.00       0.00      14.00       0.00       0.00       0.00       0.00       0.00       0.00       0.00       0.00       0.00       0.00       0.00       0.00       0.00       0.00       0.00       0.00       0.00       0.00       0.00       0.00       0.00       0.00       0.00       0.00       0.00       0.00       0.00       0.00       0.00       0.00       0.00       0.00       0.00       0.00       0.00       0.00       0.00       0.00       0.00       0.00       0.00       0.00       0.00       0.00       0.00       0.00       0.00       0.00       0.00       0.00       0.00       0.00       0.00       0.00       0.00       0.00       0.00       0.00       0.00       0.00       0.00       0.00       0.00       0.00       0.00       0.00       0.00       0.00       0.00       0.00       0.00       0.00       0.00       0.00       0.00       0.00       0.00       0.00       0.00       0.00       0.00       0.00       0.00       0.00       0.00       0.00       0.00       0.00       0.00       0.00       0.00       0.00       0.00       0.00       0.00       0.00       0.00       0.00       0.00       0.00       0.00       0.00       0.00       0.00       0.00       0.00       0.00       0.00       0.00       0.00       0.00       0.00       0.00       0.00       0.00       0.00       0.00       0.00       0.00       0.00       0.00       0.00       0.00       0.00       0.00       0.00       0.00       0.00       0.00       0.00       0.00       0.00       5.00       0.00       0.00       0.00       0.00       0.00       0.00       0.00
17시 07분 32초    5       0.00       0.00       0.00      43.00       0.00       0.00       0.00       0.00       0.00       0.00       0.00       0.00       0.00       0.00       0.00       0.00       0.00       0.00       0.00       0.00       0.00       0.00       0.00       0.00       0.00       0.00       0.00       0.00       0.00       0.00       0.00       0.00       0.00       0.00       0.00       0.00       0.00       0.00       0.00       0.00       0.00       0.00       0.00       0.00       0.00       0.00       0.00       0.00       0.00       0.00       0.00       0.00       0.00       0.00       0.00       0.00       0.00       0.00       0.00       0.00       0.00       0.00       0.00       0.00       0.00       0.00       0.00       0.00       0.00       0.00       0.00       0.00       0.00       0.00       0.00       0.00       0.00       0.00       0.00       0.00       0.00       0.00       0.00       0.00       0.00       0.00       0.00       0.00       0.00       0.00       0.00       0.00       0.00       0.00       0.00       0.00       0.00       0.00       0.00       0.00       0.00       0.00       0.00       0.00       0.00       0.00       0.00       0.00       0.00       0.00       0.00       0.00       0.00       0.00       0.00       0.00       0.00       0.00       0.00       0.00       0.00       0.00       0.00       0.00       0.00       0.00       0.00       0.00       0.00       0.00       0.00       0.00       0.00       0.00       0.00       0.00      74.00       0.00       0.00       0.00       0.00       0.00       0.00       0.00

17시 07분 31초  CPU       HI/s    TIMER/s   NET_TX/s   NET_RX/s    BLOCK/s IRQ_POLL/s  TASKLET/s    SCHED/s  HRTIMER/s      RCU/s
17시 07분 32초    0       0.00      19.00       4.00      85.00       0.00       0.00       0.00      34.00       0.00      28.00
17시 07분 32초    1       0.00      26.00       0.00       0.00       0.00       0.00       0.00      32.00       0.00      27.00
17시 07분 32초    2       0.00      31.00       0.00       0.00       0.00       0.00       0.00      33.00       0.00      26.00
17시 07분 32초    3       0.00      11.00       0.00       0.00       0.00       0.00       0.00      20.00       0.00      27.00
17시 07분 32초    4       0.00      10.00       0.00       0.00       0.00       0.00       0.00      12.00       0.00      10.00
17시 07분 32초    5       0.00       2.00       0.00       0.00       0.00       0.00       0.00      15.00       0.00      19.00

17시 07분 32초  CPU    %usr   %nice    %sys %iowait    %irq   %soft  %steal  %guest  %gnice   %idle
17시 07분 33초  all    0.50    0.00    1.83    0.00    0.00    0.17    0.00    0.00    0.00   97.50
17시 07분 33초    0    0.99    0.00    1.98    0.00    0.00    0.99    0.00    0.00    0.00   96.04
17시 07분 33초    1    0.99    0.00    1.98    0.00    0.00    0.00    0.00    0.00    0.00   97.03
17시 07분 33초    2    0.00    0.00    1.00    0.00    0.00    0.00    0.00    0.00    0.00   99.00
17시 07분 33초    3    1.00    0.00    3.00    0.00    0.00    0.00    0.00    0.00    0.00   96.00
17시 07분 33초    4    0.00    0.00    0.00    0.00    0.00    0.00    0.00    0.00    0.00  100.00
17시 07분 33초    5    0.00    0.00    3.03    0.00    0.00    0.00    0.00    0.00    0.00   96.97

17시 07분 32초  CPU    intr/s
17시 07분 33초  all    375.00
17시 07분 33초    0    180.00
17시 07분 33초    1     91.00
17시 07분 33초    2     16.00
17시 07분 33초    3     57.00
17시 07분 33초    4     42.00
17시 07분 33초    5     36.00

17시 07분 32초  CPU        9/s       11/s       12/s       13/s       18/s       20/s       21/s       22/s       23/s       24/s       25/s       26/s       27/s       28/s       29/s       30/s       31/s       32/s       33/s       34/s       35/s       36/s       37/s       38/s       39/s       40/s       41/s       42/s       43/s       44/s       45/s       46/s       47/s       48/s       49/s       50/s       51/s       52/s       53/s       54/s       55/s       57/s       59/s       61/s       65/s       66/s       67/s       68/s       69/s       70/s       71/s       72/s       73/s       74/s       75/s       76/s       77/s       79/s       80/s       81/s       82/s       83/s       84/s       85/s       86/s       87/s       88/s       89/s       90/s       91/s       92/s       93/s       94/s       95/s       96/s       97/s       98/s      112/s      113/s      114/s      115/s      116/s      117/s      118/s      119/s      120/s      121/s      122/s      123/s      124/s      125/s      126/s      127/s      128/s      129/s      130/s      131/s      132/s      133/s      134/s      135/s      136/s      137/s      138/s      150/s      154/s      162/s      167/s      171/s      224/s      228/s      229/s      230/s      231/s      232/s      233/s      234/s      235/s      236/s      237/s      245/s      246/s      247/s      249/s      250/s      252/s      253/s      262/s      263/s      294/s      296/s      297/s      298/s      299/s      301/s      302/s     IPI0/s     IPI1/s     IPI2/s     IPI3/s     IPI4/s     IPI5/s     IPI6/s      Err/s
17시 07분 33초    0       0.00       0.00       0.00      70.00       0.00       0.00       0.00       0.00       0.00       0.00       0.00       0.00       0.00       0.00       0.00       0.00       0.00       0.00       0.00       0.00       0.00       0.00       0.00       0.00       0.00       0.00       0.00       0.00       0.00       0.00       0.00       0.00       0.00       0.00       0.00       0.00       0.00       0.00       0.00       0.00       0.00       0.00       0.00       0.00       0.00       0.00       0.00       0.00       0.00       0.00       0.00       0.00       0.00       0.00       0.00       0.00       0.00       0.00       0.00       0.00       0.00       0.00       0.00       0.00       0.00       0.00       0.00       0.00       0.00       0.00       0.00       0.00       0.00       0.00       0.00       0.00       0.00       2.00       0.00       0.00       0.00       0.00       0.00       0.00       0.00       0.00       0.00       0.00       0.00       0.00       0.00       0.00       0.00       0.00       0.00       0.00       0.00       0.00       0.00       0.00       0.00       0.00       0.00       0.00       0.00       5.00       0.00       0.00       0.00       0.00       0.00       0.00       0.00       0.00       0.00       0.00       0.00       0.00       0.00       0.00       0.00       0.00       0.00       0.00       0.00       0.00       0.00       0.00       0.00       0.00       0.00       0.00       0.00       0.00      86.00       0.00      15.00       2.00       0.00       0.00       0.00       0.00       0.00       0.00
17시 07분 33초    1       0.00       0.00       0.00      54.00       0.00       0.00       0.00       0.00       0.00       0.00       0.00       0.00       0.00       0.00       0.00       0.00       0.00       0.00       0.00       0.00       0.00       0.00       0.00       0.00       0.00       0.00       0.00       0.00       0.00       0.00       0.00       0.00       0.00       0.00       0.00       0.00       0.00       0.00       0.00       0.00       0.00       0.00       0.00       0.00       0.00       0.00       0.00       0.00       0.00       0.00       0.00       0.00       0.00       0.00       0.00       0.00       0.00       0.00       0.00       0.00       0.00       0.00       0.00       0.00       0.00       0.00       0.00       0.00       0.00       0.00       0.00       0.00       0.00       0.00       0.00       0.00       0.00       0.00       0.00       0.00       0.00       0.00       0.00       0.00       0.00       0.00       0.00       0.00       0.00       0.00       0.00       0.00       0.00       0.00       0.00       0.00       0.00       0.00       0.00       0.00       0.00       0.00       0.00       0.00       0.00       0.00       0.00       0.00       0.00       0.00       0.00       0.00       0.00       0.00       0.00       0.00       0.00       0.00       0.00       0.00       0.00       0.00       0.00       0.00       0.00       0.00       0.00       0.00       0.00       0.00       0.00       0.00       0.00       0.00       0.00       0.00       2.00       2.00       0.00       0.00       0.00       0.00       0.00       0.00
17시 07분 33초    2       0.00       0.00       0.00       9.00       0.00       0.00       0.00       0.00       0.00       0.00       0.00       0.00       0.00       0.00       0.00       0.00       0.00       0.00       0.00       0.00       0.00       0.00       0.00       0.00       0.00       0.00       0.00       0.00       0.00       0.00       0.00       0.00       0.00       0.00       0.00       0.00       0.00       0.00       0.00       0.00       0.00       0.00       0.00       0.00       0.00       0.00       0.00       0.00       0.00       0.00       0.00       0.00       0.00       0.00       0.00       0.00       0.00       0.00       0.00       0.00       0.00       0.00       0.00       0.00       0.00       0.00       0.00       0.00       0.00       0.00       0.00       0.00       0.00       0.00       0.00       0.00       0.00       0.00       0.00       0.00       0.00       0.00       0.00       0.00       0.00       0.00       0.00       0.00       0.00       0.00       0.00       0.00       0.00       0.00       0.00       0.00       0.00       0.00       0.00       0.00       0.00       0.00       0.00       0.00       0.00       0.00       0.00       0.00       0.00       0.00       0.00       0.00       0.00       0.00       0.00       0.00       0.00       0.00       0.00       0.00       0.00       0.00       0.00       0.00       0.00       0.00       0.00       0.00       0.00       0.00       0.00       0.00       0.00       0.00       0.00       0.00       2.00       1.00       0.00       0.00       0.00       0.00       0.00       0.00
17시 07분 33초    3       0.00       0.00       0.00      46.00       0.00       0.00       0.00       0.00       0.00       0.00       0.00       0.00       0.00       0.00       0.00       0.00       0.00       0.00       0.00       0.00       0.00       0.00       0.00       0.00       0.00       0.00       0.00       0.00       0.00       0.00       0.00       0.00       0.00       0.00       0.00       0.00       0.00       0.00       0.00       0.00       0.00       0.00       0.00       0.00       0.00       0.00       0.00       0.00       0.00       0.00       0.00       0.00       0.00       0.00       0.00       0.00       0.00       0.00       0.00       0.00       0.00       0.00       0.00       0.00       0.00       0.00       0.00       0.00       0.00       0.00       0.00       0.00       0.00       0.00       0.00       0.00       0.00       0.00       0.00       0.00       0.00       0.00       0.00       0.00       0.00       0.00       0.00       0.00       0.00       0.00       0.00       0.00       0.00       0.00       0.00       0.00       0.00       0.00       0.00       0.00       0.00       0.00       0.00       0.00       0.00       0.00       0.00       0.00       0.00       0.00       0.00       0.00       0.00       0.00       0.00       0.00       0.00       0.00       0.00       0.00       0.00       0.00       0.00       0.00       0.00       0.00       0.00       0.00       0.00       0.00       0.00       0.00       0.00       0.00       0.00       0.00      10.00       0.00       0.00       0.00       0.00       0.00       0.00       0.00
17시 07분 33초    4       0.00       0.00       0.00      23.00       0.00       0.00       0.00       0.00       0.00       0.00       0.00       0.00       0.00       0.00       0.00       0.00       0.00       0.00       0.00       0.00       0.00       0.00       0.00       0.00       0.00       0.00       0.00       0.00       0.00       0.00       0.00       0.00       0.00       0.00       0.00       0.00       0.00       0.00       0.00       0.00       0.00       0.00       0.00       0.00       0.00       0.00       0.00       0.00       0.00       0.00       0.00       0.00       0.00       0.00       0.00       0.00       0.00       0.00       0.00       0.00       0.00       0.00       0.00       0.00       0.00       0.00       0.00       0.00       0.00       0.00       0.00       0.00       0.00       0.00       0.00       0.00       0.00       0.00       0.00       0.00       0.00       0.00       0.00       0.00       0.00       0.00       0.00       0.00       0.00       0.00       0.00       0.00       0.00       0.00       0.00       0.00       0.00       0.00       0.00       0.00       0.00       0.00       0.00       0.00       0.00       0.00       0.00       0.00       0.00       0.00       0.00       0.00       0.00       0.00       0.00       0.00       0.00       0.00       0.00       0.00       0.00       0.00       0.00       0.00       0.00       0.00       0.00       0.00       0.00       0.00       0.00       0.00       0.00       0.00       0.00       0.00       5.00       0.00       0.00       0.00       0.00       0.00       0.00       0.00
17시 07분 33초    5       0.00       0.00       0.00      30.00       0.00       0.00       0.00       0.00       0.00       0.00       0.00       0.00       0.00       0.00       0.00       0.00       0.00       0.00       0.00       0.00       0.00       0.00       0.00       0.00       0.00       0.00       0.00       0.00       0.00       0.00       0.00       0.00       0.00       0.00       0.00       0.00       0.00       0.00       0.00       0.00       0.00       0.00       0.00       0.00       0.00       0.00       0.00       0.00       0.00       0.00       0.00       0.00       0.00       0.00       0.00       0.00       0.00       0.00       0.00       0.00       0.00       0.00       0.00       0.00       0.00       0.00       0.00       0.00       0.00       0.00       0.00       0.00       0.00       0.00       0.00       0.00       0.00       0.00       0.00       0.00       0.00       0.00       0.00       0.00       0.00       0.00       0.00       0.00       0.00       0.00       0.00       0.00       0.00       0.00       0.00       0.00       0.00       0.00       0.00       0.00       0.00       0.00       0.00       0.00       0.00       0.00       0.00       0.00       0.00       0.00       0.00       0.00       0.00       0.00       0.00       0.00       0.00       0.00       0.00       0.00       0.00       0.00       0.00       0.00       0.00       0.00       0.00       0.00       0.00       0.00       0.00       0.00       0.00       0.00       0.00       0.00      10.00       0.00       0.00       0.00       0.00       0.00       0.00       0.00

17시 07분 32초  CPU       HI/s    TIMER/s   NET_TX/s   NET_RX/s    BLOCK/s IRQ_POLL/s  TASKLET/s    SCHED/s  HRTIMER/s      RCU/s
17시 07분 33초    0       0.00      34.00       3.00      79.00       0.00       0.00       0.00      36.00       0.00      28.00
17시 07분 33초    1       0.00      33.00       0.00       0.00       0.00       0.00       0.00      37.00       0.00      21.00
17시 07분 33초    2       0.00       3.00       0.00       0.00       0.00       0.00       0.00       6.00       0.00       7.00
17시 07분 33초    3       0.00      12.00       0.00       0.00       0.00       0.00       0.00      20.00       0.00      25.00
17시 07분 33초    4       0.00      14.00       0.00       0.00       0.00       0.00       0.00      16.00       0.00      12.00
17시 07분 33초    5       0.00       5.00       0.00       0.00       0.00       0.00       0.00      12.00       0.00      19.00

17시 07분 33초  CPU    %usr   %nice    %sys %iowait    %irq   %soft  %steal  %guest  %gnice   %idle
17시 07분 34초  all    0.50    0.00    1.67    0.00    0.17    0.00    0.00    0.00    0.00   97.67
17시 07분 34초    0    1.00    0.00    1.00    0.00    1.00    0.00    0.00    0.00    0.00   97.00
17시 07분 34초    1    0.00    0.00    2.02    0.00    0.00    0.00    0.00    0.00    0.00   97.98
17시 07분 34초    2    0.00    0.00    1.00    0.00    0.00    0.00    0.00    0.00    0.00   99.00
17시 07분 34초    3    0.00    0.00    3.03    0.00    0.00    0.00    0.00    0.00    0.00   96.97
17시 07분 34초    4    0.00    0.00    0.00    0.00    0.00    0.00    0.00    0.00    0.00  100.00
17시 07분 34초    5    1.96    0.00    2.94    0.00    0.00    0.00    0.00    0.00    0.00   95.10

17시 07분 33초  CPU    intr/s
17시 07분 34초  all    456.00
17시 07분 34초    0    219.00
17시 07분 34초    1     78.00
17시 07분 34초    2     41.00
17시 07분 34초    3    101.00
17시 07분 34초    4     35.00
17시 07분 34초    5     35.00

17시 07분 33초  CPU        9/s       11/s       12/s       13/s       18/s       20/s       21/s       22/s       23/s       24/s       25/s       26/s       27/s       28/s       29/s       30/s       31/s       32/s       33/s       34/s       35/s       36/s       37/s       38/s       39/s       40/s       41/s       42/s       43/s       44/s       45/s       46/s       47/s       48/s       49/s       50/s       51/s       52/s       53/s       54/s       55/s       57/s       59/s       61/s       65/s       66/s       67/s       68/s       69/s       70/s       71/s       72/s       73/s       74/s       75/s       76/s       77/s       79/s       80/s       81/s       82/s       83/s       84/s       85/s       86/s       87/s       88/s       89/s       90/s       91/s       92/s       93/s       94/s       95/s       96/s       97/s       98/s      112/s      113/s      114/s      115/s      116/s      117/s      118/s      119/s      120/s      121/s      122/s      123/s      124/s      125/s      126/s      127/s      128/s      129/s      130/s      131/s      132/s      133/s      134/s      135/s      136/s      137/s      138/s      150/s      154/s      162/s      167/s      171/s      224/s      228/s      229/s      230/s      231/s      232/s      233/s      234/s      235/s      236/s      237/s      245/s      246/s      247/s      249/s      250/s      252/s      253/s      262/s      263/s      294/s      296/s      297/s      298/s      299/s      301/s      302/s     IPI0/s     IPI1/s     IPI2/s     IPI3/s     IPI4/s     IPI5/s     IPI6/s      Err/s
17시 07분 34초    0       0.00       0.00       0.00      40.00       0.00       0.00       0.00       0.00       0.00       0.00       0.00       0.00       0.00       0.00       0.00       0.00       0.00       0.00       0.00       0.00       0.00       0.00       0.00       0.00       0.00       0.00       0.00       0.00       0.00       0.00       0.00       0.00       0.00       0.00       0.00       0.00       0.00       0.00       0.00       0.00       0.00       0.00       0.00       0.00       0.00       0.00       0.00       0.00       0.00       0.00       0.00       0.00       0.00       0.00       0.00       0.00       0.00       0.00       0.00       0.00       0.00       0.00       0.00       0.00       0.00       0.00       0.00       0.00       0.00       0.00       0.00       0.00       0.00       0.00       0.00       0.00       0.00       0.00       0.00       0.00       0.00       0.00       0.00       0.00       0.00       0.00       0.00       0.00       0.00       0.00       0.00       0.00       0.00       0.00       0.00       0.00       0.00       0.00       0.00       0.00       0.00       0.00       0.00       0.00       0.00       5.00       0.00       0.00       0.00       0.00       0.00       0.00       0.00       0.00       0.00       0.00       0.00       0.00       0.00       0.00       0.00       0.00       0.00       0.00       0.00       0.00       0.00       0.00       0.00       0.00       0.00       0.00       0.00       0.00     163.00       0.00       9.00       4.00       0.00       0.00       0.00       0.00       0.00       0.00
17시 07분 34초    1       0.00       0.00       0.00      45.00       0.00       0.00       0.00       0.00       0.00       0.00       0.00       0.00       0.00       0.00       0.00       0.00       0.00       0.00       0.00       0.00       0.00       0.00       0.00       0.00       0.00       0.00       0.00       0.00       0.00       0.00       0.00       0.00       0.00       0.00       0.00       0.00       0.00       0.00       0.00       0.00       0.00       0.00       0.00       0.00       0.00       0.00       0.00       0.00       0.00       0.00       0.00       0.00       0.00       0.00       0.00       0.00       0.00       0.00       0.00       0.00       0.00       0.00       0.00       0.00       0.00       0.00       0.00       0.00       0.00       0.00       0.00       0.00       0.00       0.00       0.00       0.00       0.00       0.00       0.00       0.00       0.00       0.00       0.00       0.00       0.00       0.00       0.00       0.00       0.00       0.00       0.00       0.00       0.00       0.00       0.00       0.00       0.00       0.00       0.00       0.00       0.00       0.00       0.00       0.00       0.00       0.00       0.00       0.00       0.00       0.00       0.00       0.00       0.00       0.00       0.00       0.00       0.00       0.00       0.00       0.00       0.00       0.00       0.00       0.00       0.00       0.00       0.00       0.00       0.00       0.00       0.00       0.00       0.00       0.00       0.00       0.00       7.00       2.00       0.00       0.00       0.00       0.00       0.00       0.00
17시 07분 34초    2       0.00       0.00       0.00      18.00       0.00       0.00       0.00       0.00       0.00       0.00       0.00       0.00       0.00       0.00       0.00       0.00       0.00       0.00       0.00       0.00       0.00       0.00       0.00       0.00       0.00       0.00       0.00       0.00       0.00       0.00       0.00       0.00       0.00       0.00       0.00       0.00       0.00       0.00       0.00       0.00       0.00       0.00       0.00       0.00       0.00       0.00       0.00       0.00       0.00       0.00       0.00       0.00       0.00       0.00       0.00       0.00       0.00       0.00       0.00       0.00       0.00       0.00       0.00       0.00       0.00       0.00       0.00       0.00       0.00       0.00       0.00       0.00       0.00       0.00       0.00       0.00       0.00       0.00       0.00       0.00       0.00       0.00       0.00       0.00       0.00       0.00       0.00       0.00       0.00       0.00       0.00       0.00       0.00       0.00       0.00       0.00       0.00       0.00       0.00       0.00       0.00       0.00       0.00       0.00       0.00       0.00       0.00       0.00       0.00       0.00       0.00       0.00       0.00       0.00       0.00       0.00       0.00       0.00       0.00       0.00       0.00       0.00       0.00       0.00       0.00       0.00       0.00       0.00       0.00       0.00       0.00       0.00       0.00       0.00       0.00       0.00       1.00       2.00       0.00       0.00       0.00       0.00       0.00       0.00
17시 07분 34초    3       0.00       0.00       0.00      73.00       0.00       0.00       0.00       0.00       0.00       0.00       0.00       0.00       0.00       0.00       0.00       0.00       0.00       0.00       0.00       0.00       0.00       0.00       0.00       0.00       0.00       0.00       0.00       0.00       0.00       0.00       0.00       0.00       0.00       0.00       0.00       0.00       0.00       0.00       0.00       0.00       0.00       0.00       0.00       0.00       0.00       0.00       0.00       0.00       0.00       0.00       0.00       0.00       0.00       0.00       0.00       0.00       0.00       0.00       0.00       0.00       0.00       0.00       0.00       0.00       0.00       0.00       0.00       0.00       0.00       0.00       0.00       0.00       0.00       0.00       0.00       0.00       0.00       0.00       0.00       0.00       0.00       0.00       0.00       0.00       0.00       0.00       0.00       0.00       0.00       0.00       0.00       0.00       0.00       0.00       0.00       0.00       0.00       0.00       0.00       0.00       0.00       0.00       0.00       0.00       0.00       0.00       0.00       0.00       0.00       0.00       0.00       0.00       0.00       0.00       0.00       0.00       0.00       0.00       0.00       0.00       0.00       0.00       0.00       0.00       0.00       0.00       0.00       0.00       0.00       0.00       0.00       0.00       0.00       0.00       0.00       0.00      19.00       0.00       0.00       0.00       0.00       0.00       0.00       0.00
17시 07분 34초    4       0.00       0.00       0.00      18.00       0.00       0.00       0.00       0.00       0.00       0.00       0.00       0.00       0.00       0.00       0.00       0.00       0.00       0.00       0.00       0.00       0.00       0.00       0.00       0.00       0.00       0.00       0.00       0.00       0.00       0.00       0.00       0.00       0.00       0.00       0.00       0.00       0.00       0.00       0.00       0.00       0.00       0.00       0.00       0.00       0.00       0.00       0.00       0.00       0.00       0.00       0.00       0.00       0.00       0.00       0.00       0.00       0.00       0.00       0.00       0.00       0.00       0.00       0.00       0.00       0.00       0.00       0.00       0.00       0.00       0.00       0.00       0.00       0.00       0.00       0.00       0.00       0.00       0.00       0.00       0.00       0.00       0.00       0.00       0.00       0.00       0.00       0.00       0.00       0.00       0.00       0.00       0.00       0.00       0.00       0.00       0.00       0.00       0.00       0.00       0.00       0.00       0.00       0.00       0.00       0.00       0.00       0.00       0.00       0.00       0.00       0.00       0.00       0.00       0.00       0.00       0.00       0.00       0.00       0.00       0.00       0.00       0.00       0.00       0.00       0.00       0.00       0.00       0.00       0.00       0.00       0.00       0.00       0.00       0.00       0.00       0.00      11.00       0.00       0.00       0.00       0.00       0.00       0.00       0.00
17시 07분 34초    5       0.00       0.00       0.00      35.00       0.00       0.00       0.00       0.00       0.00       0.00       0.00       0.00       0.00       0.00       0.00       0.00       0.00       0.00       0.00       0.00       0.00       0.00       0.00       0.00       0.00       0.00       0.00       0.00       0.00       0.00       0.00       0.00       0.00       0.00       0.00       0.00       0.00       0.00       0.00       0.00       0.00       0.00       0.00       0.00       0.00       0.00       0.00       0.00       0.00       0.00       0.00       0.00       0.00       0.00       0.00       0.00       0.00       0.00       0.00       0.00       0.00       0.00       0.00       0.00       0.00       0.00       0.00       0.00       0.00       0.00       0.00       0.00       0.00       0.00       0.00       0.00       0.00       0.00       0.00       0.00       0.00       0.00       0.00       0.00       0.00       0.00       0.00       0.00       0.00       0.00       0.00       0.00       0.00       0.00       0.00       0.00       0.00       0.00       0.00       0.00       0.00       0.00       0.00       0.00       0.00       0.00       0.00       0.00       0.00       0.00       0.00       0.00       0.00       0.00       0.00       0.00       0.00       0.00       0.00       0.00       0.00       0.00       0.00       0.00       0.00       0.00       0.00       0.00       0.00       0.00       0.00       0.00       0.00       0.00       0.00       0.00       4.00       0.00       0.00       0.00       0.00       0.00       0.00       0.00

17시 07분 33초  CPU       HI/s    TIMER/s   NET_TX/s   NET_RX/s    BLOCK/s IRQ_POLL/s  TASKLET/s    SCHED/s  HRTIMER/s      RCU/s
17시 07분 34초    0       0.00      16.00       6.00     151.00       0.00       0.00       1.00      21.00       0.00      24.00
17시 07분 34초    1       0.00      24.00       0.00       0.00       0.00       0.00       0.00      30.00       0.00      24.00
17시 07분 34초    2       0.00      12.00       0.00       0.00       0.00       0.00       0.00      15.00       0.00      14.00
17시 07분 34초    3       0.00      33.00       0.00       0.00       0.00       0.00       0.00      37.00       0.00      31.00
17시 07분 34초    4       0.00      12.00       0.00       0.00       0.00       0.00       0.00      13.00       0.00      10.00
17시 07분 34초    5       0.00       1.00       0.00       0.00       0.00       0.00       0.00      14.00       0.00      20.00

17시 07분 34초  CPU    %usr   %nice    %sys %iowait    %irq   %soft  %steal  %guest  %gnice   %idle
17시 07분 35초  all    0.17    0.00    4.02    0.50    0.17    0.00    0.00    0.00    0.00   95.14
17시 07분 35초    0    0.00    0.00    2.02    0.00    0.00    0.00    0.00    0.00    0.00   97.98
17시 07분 35초    1    0.00    0.00    2.00    0.00    0.00    0.00    0.00    0.00    0.00   98.00
17시 07분 35초    2    0.00    0.00    1.00    1.00    0.00    0.00    0.00    0.00    0.00   98.00
17시 07분 35초    3    0.99    0.00    1.98    0.00    0.99    0.00    0.00    0.00    0.00   96.04
17시 07분 35초    4    0.00    0.00    0.00    0.00    0.00    0.00    0.00    0.00    0.00  100.00
17시 07분 35초    5    0.00    0.00   17.35    2.04    0.00    0.00    0.00    0.00    0.00   80.61

17시 07분 34초  CPU    intr/s
17시 07분 35초  all    961.00
17시 07분 35초    0    189.00
17시 07분 35초    1     87.00
17시 07분 35초    2     58.00
17시 07분 35초    3     72.00
17시 07분 35초    4     80.00
17시 07분 35초    5    105.00

17시 07분 34초  CPU        9/s       11/s       12/s       13/s       18/s       20/s       21/s       22/s       23/s       24/s       25/s       26/s       27/s       28/s       29/s       30/s       31/s       32/s       33/s       34/s       35/s       36/s       37/s       38/s       39/s       40/s       41/s       42/s       43/s       44/s       45/s       46/s       47/s       48/s       49/s       50/s       51/s       52/s       53/s       54/s       55/s       57/s       59/s       61/s       65/s       66/s       67/s       68/s       69/s       70/s       71/s       72/s       73/s       74/s       75/s       76/s       77/s       79/s       80/s       81/s       82/s       83/s       84/s       85/s       86/s       87/s       88/s       89/s       90/s       91/s       92/s       93/s       94/s       95/s       96/s       97/s       98/s      112/s      113/s      114/s      115/s      116/s      117/s      118/s      119/s      120/s      121/s      122/s      123/s      124/s      125/s      126/s      127/s      128/s      129/s      130/s      131/s      132/s      133/s      134/s      135/s      136/s      137/s      138/s      150/s      154/s      162/s      167/s      171/s      224/s      228/s      229/s      230/s      231/s      232/s      233/s      234/s      235/s      236/s      237/s      245/s      246/s      247/s      249/s      250/s      252/s      253/s      262/s      263/s      294/s      296/s      297/s      298/s      299/s      301/s      302/s     IPI0/s     IPI1/s     IPI2/s     IPI3/s     IPI4/s     IPI5/s     IPI6/s      Err/s
17시 07분 35초    0       0.00       0.00       0.00      85.00       0.00       0.00       0.00       0.00       0.00       0.00       0.00       0.00       0.00       0.00       0.00       0.00       0.00       0.00       0.00       0.00       0.00       0.00       0.00       0.00       0.00       0.00       0.00       0.00       0.00       0.00       0.00       0.00       0.00       0.00       0.00       0.00       0.00       0.00       0.00       0.00       0.00       0.00       0.00       0.00       0.00       0.00     137.00       0.00       0.00       0.00       0.00       0.00       0.00       0.00       0.00       0.00       0.00       0.00       0.00       0.00       0.00       0.00       0.00       0.00       0.00       0.00       0.00       0.00       0.00       0.00       0.00       0.00       0.00       0.00       0.00       0.00       0.00       0.00       0.00       0.00       0.00       0.00       0.00       0.00       0.00       0.00       0.00       0.00       0.00       0.00       0.00       0.00       0.00       0.00       0.00       0.00       0.00       0.00       0.00       0.00       0.00       0.00       0.00       0.00       0.00      40.00       0.00       0.00       0.00       0.00       0.00       0.00       0.00       0.00       0.00       0.00       0.00       0.00       0.00       0.00       0.00       0.00       0.00       0.00       0.00       0.00       0.00       0.00       0.00       0.00       0.00       0.00       0.00       0.00     120.00       0.00       0.00      10.00       0.00       0.00       0.00       0.00       0.00       0.00
17시 07분 35초    1       0.00       0.00       0.00      53.00       0.00       0.00       0.00       0.00       0.00       0.00       0.00       0.00       0.00       0.00       0.00       0.00       0.00       0.00       0.00       0.00       0.00       0.00       0.00       0.00       0.00       0.00       0.00       0.00       0.00       0.00       0.00       0.00       0.00       0.00       0.00       0.00       0.00       0.00       0.00       0.00       0.00       0.00       0.00       0.00       0.00       0.00       0.00       0.00       0.00       0.00       0.00       0.00       0.00       0.00       0.00       0.00       0.00       0.00       0.00       0.00       0.00       0.00       0.00       0.00       0.00       0.00       0.00       0.00       0.00       0.00       0.00       0.00       0.00       0.00       0.00       0.00       0.00       0.00       0.00       0.00       0.00       0.00       0.00       0.00       0.00       0.00       0.00       0.00       0.00       0.00       0.00       0.00       0.00       0.00       0.00       0.00       0.00       0.00       0.00       0.00       0.00       0.00       0.00       0.00       0.00       0.00       0.00       0.00       0.00       0.00       0.00       0.00       0.00       0.00       0.00       0.00       0.00       0.00       0.00       0.00       0.00       0.00       0.00       0.00       0.00       0.00       0.00       0.00       0.00       0.00       0.00       0.00       0.00       0.00       0.00       0.00       6.00       2.00       0.00       0.00       0.00       0.00       0.00       0.00
17시 07분 35초    2       0.00       0.00       0.00      30.00       0.00       0.00       0.00       0.00       0.00       0.00       0.00       0.00       0.00       0.00       0.00       0.00       0.00       0.00       0.00       0.00       0.00       0.00       0.00       0.00       0.00       0.00       0.00       0.00       0.00       0.00       0.00       0.00       0.00       0.00       0.00       0.00       0.00       0.00       0.00       0.00       0.00       0.00       0.00       0.00       0.00       0.00       0.00       0.00       0.00       0.00       0.00       0.00       0.00       0.00       0.00       0.00       0.00       0.00       0.00       0.00       0.00       0.00       0.00       0.00       0.00       0.00       0.00       0.00       0.00       0.00       0.00       0.00       0.00       0.00       0.00       0.00       0.00       0.00       0.00       0.00       0.00       0.00       0.00       0.00       0.00       0.00       0.00       0.00       0.00       0.00       0.00       0.00       0.00       0.00       0.00       0.00       0.00       0.00       0.00       0.00       0.00       0.00       0.00       0.00       0.00       0.00       0.00       0.00       0.00       0.00       0.00       0.00       0.00       0.00       0.00       0.00       0.00       0.00       0.00       0.00       0.00       0.00       0.00       0.00       0.00       0.00       0.00       0.00       0.00       0.00       0.00       0.00       0.00       0.00       0.00       0.00      15.00       2.00       0.00       0.00       0.00       0.00       0.00       0.00
17시 07분 35초    3       0.00       0.00       0.00      66.00       0.00       0.00       0.00       0.00       0.00       0.00       0.00       0.00       0.00       0.00       0.00       0.00       0.00       0.00       0.00       0.00       0.00       0.00       0.00       0.00       0.00       0.00       0.00       0.00       0.00       0.00       0.00       0.00       0.00       0.00       0.00       0.00       0.00       0.00       0.00       0.00       0.00       0.00       0.00       0.00       0.00       0.00       0.00       0.00       0.00       0.00       0.00       0.00       0.00       0.00       0.00       0.00       0.00       0.00       0.00       0.00       0.00       0.00       0.00       0.00       0.00       0.00       0.00       0.00       0.00       0.00       0.00       0.00       0.00       0.00       0.00       0.00       0.00       0.00       0.00       0.00       0.00       0.00       0.00       0.00       0.00       0.00       0.00       0.00       0.00       0.00       0.00       0.00       0.00       0.00       0.00       0.00       0.00       0.00       0.00       0.00       0.00       0.00       0.00       0.00       0.00       0.00       0.00       0.00       0.00       0.00       0.00       0.00       0.00       0.00       0.00       0.00       0.00       0.00       0.00       0.00       0.00       0.00       0.00       0.00       0.00       0.00       0.00       0.00       0.00       0.00       0.00       0.00       0.00       0.00       0.00       0.00      14.00       1.00       0.00       0.00       0.00       0.00       0.00       0.00
17시 07분 35초    4       0.00       0.00       0.00      65.00       0.00       0.00       0.00       0.00       0.00       0.00       0.00       0.00       0.00       0.00       0.00       0.00       0.00       0.00       0.00       0.00       0.00       0.00       0.00       0.00       0.00       0.00       0.00       0.00       0.00       0.00       0.00       0.00       0.00       0.00       0.00       0.00       0.00       0.00       0.00       0.00       0.00       0.00       0.00       0.00       0.00       0.00       0.00       0.00       0.00       0.00       0.00       0.00       0.00       0.00       0.00       0.00       0.00       0.00       0.00       0.00       0.00       0.00       0.00       0.00       0.00       0.00       0.00       0.00       0.00       0.00       0.00       0.00       0.00       0.00       0.00       0.00       0.00       0.00       0.00       0.00       0.00       0.00       0.00       0.00       0.00       0.00       0.00       0.00       0.00       0.00       0.00       0.00       0.00       0.00       0.00       0.00       0.00       0.00       0.00       0.00       0.00       0.00       0.00       0.00       0.00       0.00       0.00       0.00       0.00       0.00       0.00       0.00       0.00       0.00       0.00       0.00       0.00       0.00       0.00       0.00       0.00       0.00       0.00       0.00       0.00       0.00       0.00       0.00       0.00       0.00       0.00       0.00       0.00       0.00       0.00       0.00      51.00       0.00       0.00       0.00       0.00       0.00       0.00       0.00
17시 07분 35초    5       0.00       0.00       0.00      97.00       0.00       0.00       0.00       0.00       0.00       0.00       0.00       0.00       0.00       0.00       0.00       0.00       0.00       0.00       0.00       0.00       0.00       0.00       0.00       0.00       0.00       0.00       0.00       0.00       0.00       0.00       0.00       0.00       0.00       0.00       0.00       0.00       0.00       0.00       0.00       0.00       0.00       0.00       0.00       0.00       0.00       0.00       0.00       0.00       0.00       0.00       0.00       0.00       0.00       0.00       0.00       0.00       0.00       0.00       0.00       0.00       0.00       0.00       0.00       0.00       0.00       0.00       0.00       0.00       0.00       0.00       0.00       0.00       0.00       0.00       0.00       0.00       0.00       0.00       0.00       0.00       0.00       0.00       0.00       0.00       0.00       0.00       0.00       0.00       0.00       0.00       0.00       0.00       0.00       0.00       0.00       0.00       0.00       0.00       0.00       0.00       0.00       0.00       0.00       0.00       0.00       0.00       0.00       0.00       0.00       0.00       0.00       0.00       0.00       0.00       0.00       0.00       0.00       0.00       0.00       0.00       0.00       0.00       0.00       0.00       0.00       0.00       0.00       0.00       0.00       0.00       0.00       0.00       0.00       0.00       0.00       0.00     149.00       0.00       0.00       0.00       0.00      18.00       0.00       0.00

17시 07분 34초  CPU       HI/s    TIMER/s   NET_TX/s   NET_RX/s    BLOCK/s IRQ_POLL/s  TASKLET/s    SCHED/s  HRTIMER/s      RCU/s
17시 07분 35초    0       0.00       6.00       5.00     111.00       3.00       0.00       1.00      40.00       0.00      23.00
17시 07분 35초    1       0.00      30.00       0.00       0.00       0.00       0.00       0.00      31.00       0.00      26.00
17시 07분 35초    2       0.00      19.00       0.00       0.00       0.00       0.00       0.00      20.00       0.00      19.00
17시 07분 35초    3       0.00      14.00       0.00       0.00       0.00       0.00       0.00      27.00       0.00      31.00
17시 07분 35초    4       0.00      25.00       0.00       0.00       0.00       0.00       0.00      36.00       0.00      19.00
17시 07분 35초    5       0.00      14.00       0.00       0.00       0.00       0.00       0.00      58.00       0.00      33.00

17시 07분 35초  CPU    %usr   %nice    %sys %iowait    %irq   %soft  %steal  %guest  %gnice   %idle
17시 07분 36초  all    0.67    0.00    1.50    0.00    0.00    0.00    0.00    0.00    0.00   97.83
17시 07분 36초    0    1.01    0.00    1.01    0.00    0.00    0.00    0.00    0.00    0.00   97.98
17시 07분 36초    1    1.00    0.00    2.00    0.00    0.00    0.00    0.00    0.00    0.00   97.00
17시 07분 36초    2    0.00    0.00    0.00    0.00    0.00    0.00    0.00    0.00    0.00  100.00
17시 07분 36초    3    1.00    0.00    3.00    0.00    0.00    0.00    0.00    0.00    0.00   96.00
17시 07분 36초    4    0.00    0.00    0.00    0.00    0.00    0.00    0.00    0.00    0.00  100.00
17시 07분 36초    5    0.99    0.00    2.97    0.00    0.00    0.00    0.00    0.00    0.00   96.04

17시 07분 35초  CPU    intr/s
17시 07분 36초  all    328.00
17시 07분 36초    0     60.00
17시 07분 36초    1     83.00
17시 07분 36초    2     64.00
17시 07분 36초    3     42.00
17시 07분 36초    4     57.00
17시 07분 36초    5     56.00

17시 07분 35초  CPU        9/s       11/s       12/s       13/s       18/s       20/s       21/s       22/s       23/s       24/s       25/s       26/s       27/s       28/s       29/s       30/s       31/s       32/s       33/s       34/s       35/s       36/s       37/s       38/s       39/s       40/s       41/s       42/s       43/s       44/s       45/s       46/s       47/s       48/s       49/s       50/s       51/s       52/s       53/s       54/s       55/s       57/s       59/s       61/s       65/s       66/s       67/s       68/s       69/s       70/s       71/s       72/s       73/s       74/s       75/s       76/s       77/s       79/s       80/s       81/s       82/s       83/s       84/s       85/s       86/s       87/s       88/s       89/s       90/s       91/s       92/s       93/s       94/s       95/s       96/s       97/s       98/s      112/s      113/s      114/s      115/s      116/s      117/s      118/s      119/s      120/s      121/s      122/s      123/s      124/s      125/s      126/s      127/s      128/s      129/s      130/s      131/s      132/s      133/s      134/s      135/s      136/s      137/s      138/s      150/s      154/s      162/s      167/s      171/s      224/s      228/s      229/s      230/s      231/s      232/s      233/s      234/s      235/s      236/s      237/s      245/s      246/s      247/s      249/s      250/s      252/s      253/s      262/s      263/s      294/s      296/s      297/s      298/s      299/s      301/s      302/s     IPI0/s     IPI1/s     IPI2/s     IPI3/s     IPI4/s     IPI5/s     IPI6/s      Err/s
17시 07분 36초    0       0.00       0.00       0.00      45.00       0.00       0.00       0.00       0.00       0.00       0.00       0.00       0.00       0.00       0.00       0.00       0.00       0.00       0.00       0.00       0.00       0.00       0.00       0.00       0.00       0.00       0.00       0.00       0.00       0.00       0.00       0.00       0.00       0.00       0.00       0.00       0.00       0.00       0.00       0.00       0.00       0.00       0.00       0.00       0.00       0.00       0.00       0.00       0.00       0.00       0.00       0.00       0.00       0.00       0.00       0.00       0.00       0.00       0.00       0.00       0.00       0.00       0.00       0.00       0.00       0.00       0.00       0.00       0.00       0.00       0.00       0.00       0.00       0.00       0.00       0.00       0.00       0.00       0.00       0.00       0.00       0.00       0.00       0.00       0.00       0.00       0.00       0.00       0.00       0.00       0.00       0.00       0.00       0.00       0.00       0.00       0.00       0.00       0.00       0.00       0.00       0.00       0.00       0.00       0.00       0.00      15.00       0.00       0.00       0.00       1.00       0.00       0.00       0.00       0.00       0.00       0.00       0.00       0.00       0.00       0.00       0.00       0.00       0.00       0.00       0.00       0.00       0.00       0.00       0.00       0.00       0.00       0.00       0.00       0.00      12.00       0.00       1.00       8.00       0.00       0.00       0.00       1.00       0.00       0.00
17시 07분 36초    1       0.00       0.00       0.00      53.00       0.00       0.00       0.00       0.00       0.00       0.00       0.00       0.00       0.00       0.00       0.00       0.00       0.00       0.00       0.00       0.00       0.00       0.00       0.00       0.00       0.00       0.00       0.00       0.00       0.00       0.00       0.00       0.00       0.00       0.00       0.00       0.00       0.00       0.00       0.00       0.00       0.00       0.00       0.00       0.00       0.00       0.00       0.00       0.00       0.00       0.00       0.00       0.00       0.00       0.00       0.00       0.00       0.00       0.00       0.00       0.00       0.00       0.00       0.00       0.00       0.00       0.00       0.00       0.00       0.00       0.00       0.00       0.00       0.00       0.00       0.00       0.00       0.00       0.00       0.00       0.00       0.00       0.00       0.00       0.00       0.00       0.00       0.00       0.00       0.00       0.00       0.00       0.00       0.00       0.00       0.00       0.00       0.00       0.00       0.00       0.00       0.00       0.00       0.00       0.00       0.00       0.00       0.00       0.00       0.00       0.00       0.00       0.00       0.00       0.00       0.00       0.00       0.00       0.00       0.00       0.00       0.00       0.00       0.00       0.00       0.00       0.00       0.00       0.00       0.00       0.00       0.00       0.00       0.00       0.00       0.00       0.00      10.00       3.00       0.00       0.00       0.00       0.00       0.00       0.00
17시 07분 36초    2       0.00       0.00       0.00      38.00       0.00       0.00       0.00       0.00       0.00       0.00       0.00       0.00       0.00       0.00       0.00       0.00       0.00       0.00       0.00       0.00       0.00       0.00       0.00       0.00       0.00       0.00       0.00       0.00       0.00       0.00       0.00       0.00       0.00       0.00       0.00       0.00       0.00       0.00       0.00       0.00       0.00       0.00       0.00       0.00       0.00       0.00       0.00       0.00       0.00       0.00       0.00       0.00       0.00       0.00       0.00       0.00       0.00       0.00       0.00       0.00       0.00       0.00       0.00       0.00       0.00       0.00       0.00       0.00       0.00       0.00       0.00       0.00       0.00       0.00       0.00       0.00       0.00       0.00       0.00       0.00       0.00       0.00       0.00       0.00       0.00       0.00       0.00       0.00       0.00       0.00       0.00       0.00       0.00       0.00       0.00       0.00       0.00       0.00       0.00       0.00       0.00       0.00       0.00       0.00       0.00       0.00       0.00       0.00       0.00       0.00       0.00       0.00       0.00       0.00       0.00       0.00       0.00       0.00       0.00       0.00       0.00       0.00       0.00       0.00       0.00       0.00       0.00       0.00       0.00       0.00       0.00       0.00       0.00       0.00       0.00       0.00       8.00       1.00       0.00       0.00       0.00       1.00       0.00       0.00
17시 07분 36초    3       0.00       0.00       0.00      38.00       0.00       0.00       0.00       0.00       0.00       0.00       0.00       0.00       0.00       0.00       0.00       0.00       0.00       0.00       0.00       0.00       0.00       0.00       0.00       0.00       0.00       0.00       0.00       0.00       0.00       0.00       0.00       0.00       0.00       0.00       0.00       0.00       0.00       0.00       0.00       0.00       0.00       0.00       0.00       0.00       0.00       0.00       0.00       0.00       0.00       0.00       0.00       0.00       0.00       0.00       0.00       0.00       0.00       0.00       0.00       0.00       0.00       0.00       0.00       0.00       0.00       0.00       0.00       0.00       0.00       0.00       0.00       0.00       0.00       0.00       0.00       0.00       0.00       0.00       0.00       0.00       0.00       0.00       0.00       0.00       0.00       0.00       0.00       0.00       0.00       0.00       0.00       0.00       0.00       0.00       0.00       0.00       0.00       0.00       0.00       0.00       0.00       0.00       0.00       0.00       0.00       0.00       0.00       0.00       0.00       0.00       0.00       0.00       0.00       0.00       0.00       0.00       0.00       0.00       0.00       0.00       0.00       0.00       0.00       0.00       0.00       0.00       0.00       0.00       0.00       0.00       0.00       0.00       0.00       0.00       0.00       0.00       6.00       0.00       0.00       0.00       0.00       0.00       0.00       0.00
17시 07분 36초    4       0.00       0.00       0.00      28.00       0.00       0.00       0.00       0.00       0.00       0.00       0.00       0.00       0.00       0.00       0.00       0.00       0.00       0.00       0.00       0.00       0.00       0.00       0.00       0.00       0.00       0.00       0.00       0.00       0.00       0.00       0.00       0.00       0.00       0.00       0.00       0.00       0.00       0.00       0.00       0.00       0.00       0.00       0.00       0.00       0.00       0.00       0.00       0.00       0.00       0.00       0.00       0.00       0.00       0.00       0.00       0.00       0.00       0.00       0.00       0.00       0.00       0.00       0.00       0.00       0.00       0.00       0.00       0.00       0.00       0.00       0.00       0.00       0.00       0.00       0.00       0.00       0.00       0.00       0.00       0.00       0.00       0.00       0.00       0.00       0.00       0.00       0.00       0.00       0.00       0.00       0.00       0.00       0.00       0.00       0.00       0.00       0.00       0.00       0.00       0.00       0.00       0.00       0.00       0.00       0.00       0.00       0.00       0.00       0.00       0.00       0.00       0.00       0.00       0.00       0.00       0.00       0.00       0.00       0.00       0.00       0.00       0.00       0.00       0.00       0.00       0.00       0.00       0.00       0.00       0.00       0.00       0.00       0.00       0.00       0.00       0.00       5.00       0.00       0.00       0.00       0.00       0.00       0.00       0.00
17시 07분 36초    5       0.00       0.00       0.00      49.00       0.00       0.00       0.00       0.00       0.00       0.00       0.00       0.00       0.00       0.00       0.00       0.00       0.00       0.00       0.00       0.00       0.00       0.00       0.00       0.00       0.00       0.00       0.00       0.00       0.00       0.00       0.00       0.00       0.00       0.00       0.00       0.00       0.00       0.00       0.00       0.00       0.00       0.00       0.00       0.00       0.00       0.00       0.00       0.00       0.00       0.00       0.00       0.00       0.00       0.00       0.00       0.00       0.00       0.00       0.00       0.00       0.00       0.00       0.00       0.00       0.00       0.00       0.00       0.00       0.00       0.00       0.00       0.00       0.00       0.00       0.00       0.00       0.00       0.00       0.00       0.00       0.00       0.00       0.00       0.00       0.00       0.00       0.00       0.00       0.00       0.00       0.00       0.00       0.00       0.00       0.00       0.00       0.00       0.00       0.00       0.00       0.00       0.00       0.00       0.00       0.00       0.00       0.00       0.00       0.00       0.00       0.00       0.00       0.00       0.00       0.00       0.00       0.00       0.00       0.00       0.00       0.00       0.00       0.00       0.00       0.00       0.00       0.00       0.00       0.00       0.00       0.00       0.00       0.00       0.00       0.00       0.00       5.00       0.00       0.00       0.00       0.00       0.00       0.00       0.00

17시 07분 35초  CPU       HI/s    TIMER/s   NET_TX/s   NET_RX/s    BLOCK/s IRQ_POLL/s  TASKLET/s    SCHED/s  HRTIMER/s      RCU/s
17시 07분 36초    0       0.00       6.00       0.00      11.00       0.00       0.00       0.00      22.00       0.00      21.00
17시 07분 36초    1       0.00      23.00       0.00       0.00       0.00       0.00       0.00      31.00       0.00      29.00
17시 07분 36초    2       0.00      24.00       0.00       0.00       0.00       0.00       0.00      21.00       0.00      19.00
17시 07분 36초    3       0.00      10.00       0.00       0.00       0.00       0.00       0.00      14.00       0.00      18.00
17시 07분 36초    4       0.00      22.00       0.00       0.00       0.00       0.00       0.00      21.00       0.00      14.00
17시 07분 36초    5       0.00      13.00       0.00       0.00       0.00       0.00       0.00      20.00       0.00      23.00

17시 07분 36초  CPU    %usr   %nice    %sys %iowait    %irq   %soft  %steal  %guest  %gnice   %idle
17시 07분 37초  all    3.15    0.00    2.65    0.00    0.00    0.00    0.00    0.00    0.00   94.20
17시 07분 37초    0    2.94    0.00    3.92    0.00    0.00    0.00    0.00    0.00    0.00   93.14
17시 07분 37초    1    3.00    0.00    3.00    0.00    0.00    0.00    0.00    0.00    0.00   94.00
17시 07분 37초    2    4.00    0.00    2.00    0.00    0.00    0.00    0.00    0.00    0.00   94.00
17시 07분 37초    3    3.03    0.00    4.04    0.00    0.00    0.00    0.00    0.00    0.00   92.93
17시 07분 37초    4    1.98    0.00    0.99    0.00    0.00    0.00    0.00    0.00    0.00   97.03
17시 07분 37초    5    3.96    0.00    1.98    0.00    0.00    0.00    0.00    0.00    0.00   94.06

17시 07분 36초  CPU    intr/s
17시 07분 37초  all   1423.00
17시 07분 37초    0    207.00
17시 07분 37초    1    123.00
17시 07분 37초    2     73.00
17시 07분 37초    3     75.00
17시 07분 37초    4     74.00
17시 07분 37초    5    103.00

17시 07분 36초  CPU        9/s       11/s       12/s       13/s       18/s       20/s       21/s       22/s       23/s       24/s       25/s       26/s       27/s       28/s       29/s       30/s       31/s       32/s       33/s       34/s       35/s       36/s       37/s       38/s       39/s       40/s       41/s       42/s       43/s       44/s       45/s       46/s       47/s       48/s       49/s       50/s       51/s       52/s       53/s       54/s       55/s       57/s       59/s       61/s       65/s       66/s       67/s       68/s       69/s       70/s       71/s       72/s       73/s       74/s       75/s       76/s       77/s       79/s       80/s       81/s       82/s       83/s       84/s       85/s       86/s       87/s       88/s       89/s       90/s       91/s       92/s       93/s       94/s       95/s       96/s       97/s       98/s      112/s      113/s      114/s      115/s      116/s      117/s      118/s      119/s      120/s      121/s      122/s      123/s      124/s      125/s      126/s      127/s      128/s      129/s      130/s      131/s      132/s      133/s      134/s      135/s      136/s      137/s      138/s      150/s      154/s      162/s      167/s      171/s      224/s      228/s      229/s      230/s      231/s      232/s      233/s      234/s      235/s      236/s      237/s      245/s      246/s      247/s      249/s      250/s      252/s      253/s      262/s      263/s      294/s      296/s      297/s      298/s      299/s      301/s      302/s     IPI0/s     IPI1/s     IPI2/s     IPI3/s     IPI4/s     IPI5/s     IPI6/s      Err/s
17시 07분 37초    0       0.00       0.00       0.00     141.00       0.00       0.00       0.00       0.00       0.00       0.00       0.00       0.00       0.00       0.00       0.00       0.00       0.00       0.00       0.00       0.00       0.00       0.00       0.00       0.00       0.00       0.00       0.00       0.00       0.00       0.00       0.00       0.00       0.00       0.00       0.00       0.00       0.00       0.00       0.00       0.00       0.00       0.00       0.00       0.00       0.00       0.00       0.00       0.00       0.00       0.00       0.00       0.00       0.00       0.00       0.00       0.00       0.00       0.00       0.00       0.00       0.00       0.00       0.00       0.00       0.00       0.00       0.00       0.00       0.00       0.00       0.00       0.00       0.00       0.00       0.00       0.00       0.00       0.00       0.00       0.00       0.00       0.00       0.00       0.00       0.00       0.00       0.00       0.00       0.00       0.00       0.00       0.00       0.00       0.00       0.00       0.00       0.00       0.00       0.00       0.00       0.00       0.00       0.00       0.00       0.00      26.00       0.00       0.00       0.00       0.00       0.00       0.00       0.00       0.00       0.00       0.00       0.00       0.00       0.00       0.00       0.00       0.00       0.00       0.00       0.00       0.00       0.00       0.00       0.00       0.00       0.00       0.00       0.00       0.00     132.00       0.00     130.00      13.00       0.00       0.00       0.00       3.00       0.00       0.00
17시 07분 37초    1       0.00       0.00       0.00      97.00       0.00       0.00       0.00       0.00       0.00       0.00       0.00       0.00       0.00       0.00       0.00       0.00       0.00       0.00       0.00       0.00       0.00       0.00       0.00       0.00       0.00       0.00       0.00       0.00       0.00       0.00       0.00       0.00       0.00       0.00       0.00       0.00       0.00       0.00       0.00       0.00       0.00       0.00       0.00       0.00       0.00       0.00       0.00       0.00       0.00       0.00       0.00       0.00       0.00       0.00       0.00       0.00       0.00       0.00       0.00       0.00       0.00       0.00       0.00       0.00       0.00       0.00       0.00       0.00       0.00       0.00       0.00       0.00       0.00       0.00       0.00       0.00       0.00       0.00       0.00       0.00       0.00       0.00       0.00       0.00       0.00       0.00       0.00       0.00       0.00       0.00       0.00       0.00       0.00       0.00       0.00       0.00       0.00       0.00       0.00       0.00       0.00       0.00       0.00       0.00       0.00       0.00       0.00       0.00       0.00       0.00       0.00       0.00       0.00       0.00       0.00       0.00       0.00       0.00       0.00       0.00       0.00       0.00       0.00       0.00       0.00       0.00       0.00       0.00       0.00       0.00       0.00       0.00       0.00       0.00       0.00       0.00      83.00       7.00       0.00       0.00       0.00       3.00       0.00       0.00
17시 07분 37초    2       0.00       0.00       0.00      56.00       0.00       0.00       0.00       0.00       0.00       0.00       0.00       0.00       0.00       0.00       0.00       0.00       0.00       0.00       0.00       0.00       0.00       0.00       0.00       0.00       0.00       0.00       0.00       0.00       0.00       0.00       0.00       0.00       0.00       0.00       0.00       0.00       0.00       0.00       0.00       0.00       0.00       0.00       0.00       0.00       0.00       0.00       0.00       0.00       0.00       0.00       0.00       0.00       0.00       0.00       0.00       0.00       0.00       0.00       0.00       0.00       0.00       0.00       0.00       0.00       0.00       0.00       0.00       0.00       0.00       0.00       0.00       0.00       0.00       0.00       0.00       0.00       0.00       0.00       0.00       0.00       0.00       0.00       0.00       0.00       0.00       0.00       0.00       0.00       0.00       0.00       0.00       0.00       0.00       0.00       0.00       0.00       0.00       0.00       0.00       0.00       0.00       0.00       0.00       0.00       0.00       0.00       0.00       0.00       0.00       0.00       0.00       0.00       0.00       0.00       0.00       0.00       0.00       0.00       0.00       0.00       0.00       0.00       0.00       0.00       0.00       0.00       0.00       0.00       0.00       0.00       0.00       0.00       0.00       0.00       0.00       0.00     122.00      11.00       0.00       0.00       0.00       1.00       0.00       0.00
17시 07분 37초    3       0.00       0.00       0.00      67.00       0.00       0.00       0.00       0.00       0.00       0.00       0.00       0.00       0.00       0.00       0.00       0.00       0.00       0.00       0.00       0.00       0.00       0.00       0.00       0.00       0.00       0.00       0.00       0.00       0.00       0.00       0.00       0.00       0.00       0.00       0.00       0.00       0.00       0.00       0.00       0.00       0.00       0.00       0.00       0.00       0.00       0.00       0.00       0.00       0.00       0.00       0.00       0.00       0.00       0.00       0.00       0.00       0.00       0.00       0.00       0.00       0.00       0.00       0.00       0.00       0.00       0.00       0.00       0.00       0.00       0.00       0.00       0.00       0.00       0.00       0.00       0.00       0.00       0.00       0.00       0.00       0.00       0.00       0.00       0.00       0.00       0.00       0.00       0.00       0.00       0.00       0.00       0.00       0.00       0.00       0.00       0.00       0.00       0.00       0.00       0.00       0.00       0.00       0.00       0.00       0.00       0.00       0.00       0.00       0.00       0.00       0.00       0.00       0.00       0.00       0.00       0.00       0.00       0.00       0.00       0.00       0.00       0.00       0.00       0.00       0.00       0.00       0.00       0.00       0.00       0.00       0.00       0.00       0.00       0.00       0.00       0.00     126.00      11.00       0.00       0.00       0.00       4.00       0.00       0.00
17시 07분 37초    4       0.00       0.00       0.00      68.00       0.00       0.00       0.00       0.00       0.00       0.00       0.00       0.00       0.00       0.00       0.00       0.00       0.00       0.00       0.00       0.00       0.00       0.00       0.00       0.00       0.00       0.00       0.00       0.00       0.00       0.00       0.00       0.00       0.00       0.00       0.00       0.00       0.00       0.00       0.00       0.00       0.00       0.00       0.00       0.00       0.00       0.00       0.00       0.00       0.00       0.00       0.00       0.00       0.00       0.00       0.00       0.00       0.00       0.00       0.00       0.00       0.00       0.00       0.00       0.00       0.00       0.00       0.00       0.00       0.00       0.00       0.00       0.00       0.00       0.00       0.00       0.00       0.00       0.00       0.00       0.00       0.00       0.00       0.00       0.00       0.00       0.00       0.00       0.00       0.00       0.00       0.00       0.00       0.00       0.00       0.00       0.00       0.00       0.00       0.00       0.00       0.00       0.00       0.00       0.00       0.00       0.00       0.00       0.00       0.00       0.00       0.00       0.00       0.00       0.00       0.00       0.00       0.00       0.00       0.00       0.00       0.00       0.00       0.00       0.00       0.00       0.00       0.00       0.00       0.00       0.00       0.00       0.00       0.00       0.00       0.00       0.00     146.00       5.00       0.00       0.00       0.00       5.00       0.00       0.00
17시 07분 37초    5       0.00       0.00       0.00      68.00       0.00       0.00       0.00       0.00       0.00       0.00       0.00       0.00       0.00       0.00       0.00       0.00       0.00       0.00       0.00       0.00       0.00       0.00       0.00       0.00       0.00       0.00       0.00       0.00       0.00       0.00       0.00       0.00       0.00       0.00       0.00       0.00       0.00       0.00       0.00       0.00       0.00       0.00       0.00       0.00       0.00       0.00       0.00       0.00       0.00       0.00       0.00       0.00       0.00       0.00       0.00       0.00       0.00       0.00       0.00       0.00       0.00       0.00       0.00       0.00       0.00       0.00       0.00       0.00       0.00       0.00       0.00       0.00       0.00       0.00       0.00       0.00       0.00       0.00       0.00       0.00       0.00       0.00       0.00       0.00       0.00       0.00       0.00       0.00       0.00       0.00       0.00       0.00       0.00       0.00       0.00       0.00       0.00       0.00       0.00       0.00       0.00       0.00       0.00       0.00       0.00       0.00       0.00       0.00       0.00       0.00       0.00       0.00       0.00       0.00       0.00       0.00       0.00       0.00       0.00       0.00       0.00       0.00       0.00       0.00       0.00       0.00       0.00       0.00       0.00       0.00       0.00       0.00       0.00       0.00       0.00       0.00      88.00       4.00       0.00       0.00       0.00       5.00       0.00       0.00

17시 07분 36초  CPU       HI/s    TIMER/s   NET_TX/s   NET_RX/s    BLOCK/s IRQ_POLL/s  TASKLET/s    SCHED/s  HRTIMER/s      RCU/s
17시 07분 37초    0       0.00       7.00       6.00     123.00       0.00       0.00       0.00      37.00       0.00      34.00
17시 07분 37초    1       0.00      35.00       0.00       0.00       0.00       0.00       0.00      45.00       0.00      43.00
17시 07분 37초    2       0.00      16.00       0.00       0.00       0.00       0.00       0.00      26.00       0.00      31.00
17시 07분 37초    3       0.00       7.00       0.00       0.00       0.00       0.00       0.00      31.00       0.00      37.00
17시 07분 37초    4       0.00      19.00       0.00       0.00       0.00       0.00       0.00      24.00       0.00      31.00
17시 07분 37초    5       0.00      30.00       0.00       0.00       0.00       0.00       0.00      38.00       0.00      35.00

17시 07분 37초  CPU    %usr   %nice    %sys %iowait    %irq   %soft  %steal  %guest  %gnice   %idle
17시 07분 38초  all    1.17    0.00    1.00    0.00    0.17    0.33    0.00    0.00    0.00   97.33
17시 07분 38초    0    2.00    0.00    2.00    0.00    1.00    1.00    0.00    0.00    0.00   94.00
17시 07분 38초    1    1.01    0.00    1.01    0.00    0.00    0.00    0.00    0.00    0.00   97.98
17시 07분 38초    2    1.00    0.00    0.00    0.00    0.00    0.00    0.00    0.00    0.00   99.00
17시 07분 38초    3    1.98    0.00    0.99    0.00    0.00    0.99    0.00    0.00    0.00   96.04
17시 07분 38초    4    0.00    0.00    0.00    0.00    0.00    0.00    0.00    0.00    0.00  100.00
17시 07분 38초    5    0.99    0.00    1.98    0.00    0.00    0.00    0.00    0.00    0.00   97.03

17시 07분 37초  CPU    intr/s
17시 07분 38초  all    759.00
17시 07분 38초    0    235.00
17시 07분 38초    1    194.00
17시 07분 38초    2     62.00
17시 07분 38초    3     54.00
17시 07분 38초    4     85.00
17시 07분 38초    5     85.00

17시 07분 37초  CPU        9/s       11/s       12/s       13/s       18/s       20/s       21/s       22/s       23/s       24/s       25/s       26/s       27/s       28/s       29/s       30/s       31/s       32/s       33/s       34/s       35/s       36/s       37/s       38/s       39/s       40/s       41/s       42/s       43/s       44/s       45/s       46/s       47/s       48/s       49/s       50/s       51/s       52/s       53/s       54/s       55/s       57/s       59/s       61/s       65/s       66/s       67/s       68/s       69/s       70/s       71/s       72/s       73/s       74/s       75/s       76/s       77/s       79/s       80/s       81/s       82/s       83/s       84/s       85/s       86/s       87/s       88/s       89/s       90/s       91/s       92/s       93/s       94/s       95/s       96/s       97/s       98/s      112/s      113/s      114/s      115/s      116/s      117/s      118/s      119/s      120/s      121/s      122/s      123/s      124/s      125/s      126/s      127/s      128/s      129/s      130/s      131/s      132/s      133/s      134/s      135/s      136/s      137/s      138/s      150/s      154/s      162/s      167/s      171/s      224/s      228/s      229/s      230/s      231/s      232/s      233/s      234/s      235/s      236/s      237/s      245/s      246/s      247/s      249/s      250/s      252/s      253/s      262/s      263/s      294/s      296/s      297/s      298/s      299/s      301/s      302/s     IPI0/s     IPI1/s     IPI2/s     IPI3/s     IPI4/s     IPI5/s     IPI6/s      Err/s
17시 07분 38초    0       0.00       0.00       0.00      79.00       0.00       0.00       0.00       0.00       0.00       0.00       0.00       0.00       0.00       0.00       0.00       0.00       0.00       0.00       0.00       0.00       0.00       0.00       0.00       0.00       0.00       0.00       0.00       0.00       0.00       0.00       0.00       0.00       0.00       0.00       0.00       0.00       0.00       0.00       0.00       0.00       0.00       0.00       0.00       0.00       0.00       0.00       0.00       0.00       0.00       0.00       0.00       0.00       0.00       0.00       0.00       0.00       0.00       0.00       0.00       0.00       0.00       0.00       0.00       0.00       0.00       0.00       0.00       0.00       0.00       0.00       0.00       0.00       0.00       0.00       0.00       0.00       0.00      66.00       0.00       0.00       0.00       0.00       0.00       0.00       0.00       0.00       0.00       0.00       0.00       0.00       0.00       0.00       0.00       0.00       0.00       0.00       0.00       0.00       0.00       0.00       0.00       0.00       0.00       0.00       0.00      10.00       0.00       0.00       0.00       0.00       0.00       0.00       0.00       0.00       0.00       0.00       0.00       0.00       0.00       0.00       0.00       0.00       0.00       0.00       0.00       0.00       0.00       0.00       0.00       0.00       0.00       0.00       0.00       0.00     163.00       0.00       2.00       1.00       0.00       0.00       0.00       0.00       0.00       0.00
17시 07분 38초    1       0.00       0.00       0.00      82.00       0.00       0.00       0.00       0.00       0.00       0.00       0.00       0.00       0.00       0.00       0.00       0.00       0.00       0.00       0.00       0.00       0.00       0.00       0.00       0.00       0.00       0.00       0.00       0.00       0.00       0.00       0.00       0.00       0.00       0.00       0.00       0.00       0.00       0.00       0.00       0.00       0.00       0.00       0.00       0.00       0.00       0.00       0.00       0.00       0.00       0.00       0.00       0.00       0.00       0.00       0.00       0.00       0.00       0.00       0.00       0.00       0.00       0.00       0.00       0.00       0.00       0.00       0.00       0.00       0.00       0.00       0.00       0.00       0.00       0.00       0.00       0.00       0.00       0.00       0.00       0.00       0.00       0.00       0.00       0.00       0.00       0.00       0.00       0.00       0.00       0.00       0.00       0.00       0.00       0.00       0.00       0.00       0.00       0.00       0.00       0.00       0.00       0.00       0.00       0.00       0.00       0.00       0.00       0.00       0.00       0.00       0.00       0.00       0.00       0.00       0.00       0.00       0.00       0.00       0.00       0.00       0.00       0.00       0.00       0.00       0.00       0.00       0.00       0.00       0.00       0.00       0.00       0.00       0.00       0.00       0.00       0.00      16.00       5.00       0.00       0.00       0.00       0.00       0.00       0.00
17시 07분 38초    2       0.00       0.00       0.00      45.00       0.00       0.00       0.00       0.00       0.00       0.00       0.00       0.00       0.00       0.00       0.00       0.00       0.00       0.00       0.00       0.00       0.00       0.00       0.00       0.00       0.00       0.00       0.00       0.00       0.00       0.00       0.00       0.00       0.00       0.00       0.00       0.00       0.00       0.00       0.00       0.00       0.00       0.00       0.00       0.00       0.00       0.00       0.00       0.00       0.00       0.00       0.00       0.00       0.00       0.00       0.00       0.00       0.00       0.00       0.00       0.00       0.00       0.00       0.00       0.00       0.00       0.00       0.00       0.00       0.00       0.00       0.00       0.00       0.00       0.00       0.00       0.00       0.00       0.00       0.00       0.00       0.00       0.00       0.00       0.00       0.00       0.00       0.00       0.00       0.00       0.00       0.00       0.00       0.00       0.00       0.00       0.00       0.00       0.00       0.00       0.00       0.00       0.00       0.00       0.00       0.00       0.00       0.00       0.00       0.00       0.00       0.00       0.00       0.00       0.00       0.00       0.00       0.00       0.00       0.00       0.00       0.00       0.00       0.00       0.00       0.00       0.00       0.00       0.00       0.00       0.00       0.00       0.00       0.00       0.00       0.00       0.00       5.00       3.00       0.00       0.00       0.00       0.00       0.00       0.00
17시 07분 38초    3       0.00       0.00       0.00      52.00       0.00       0.00       0.00       0.00       0.00       0.00       0.00       0.00       0.00       0.00       0.00       0.00       0.00       0.00       0.00       0.00       0.00       0.00       0.00       0.00       0.00       0.00       0.00       0.00       0.00       0.00       0.00       0.00       0.00       0.00       0.00       0.00       0.00       0.00       0.00       0.00       0.00       0.00       0.00       0.00       0.00       0.00       0.00       0.00       0.00       0.00       0.00       0.00       0.00       0.00       0.00       0.00       0.00       0.00       0.00       0.00       0.00       0.00       0.00       0.00       0.00       0.00       0.00       0.00       0.00       0.00       0.00       0.00       0.00       0.00       0.00       0.00       0.00       0.00       0.00       0.00       0.00       0.00       0.00       0.00       0.00       0.00       0.00       0.00       0.00       0.00       0.00       0.00       0.00       0.00       0.00       0.00       0.00       0.00       0.00       0.00       0.00       0.00       0.00       0.00       0.00       0.00       0.00       0.00       0.00       0.00       0.00       0.00       0.00       0.00       0.00       0.00       0.00       0.00       0.00       0.00       0.00       0.00       0.00       0.00       0.00       0.00       0.00       0.00       0.00       0.00       0.00       0.00       0.00       0.00       0.00       0.00       2.00       0.00       0.00       0.00       0.00       0.00       0.00       0.00
17시 07분 38초    4       0.00       0.00       0.00      60.00       0.00       0.00       0.00       0.00       0.00       0.00       0.00       0.00       0.00       0.00       0.00       0.00       0.00       0.00       0.00       0.00       0.00       0.00       0.00       0.00       0.00       0.00       0.00       0.00       0.00       0.00       0.00       0.00       0.00       0.00       0.00       0.00       0.00       0.00       0.00       0.00       0.00       0.00       0.00       0.00       0.00       0.00       0.00       0.00       0.00       0.00       0.00       0.00       0.00       0.00       0.00       0.00       0.00       0.00       0.00       0.00       0.00       0.00       0.00       0.00       0.00       0.00       0.00       0.00       0.00       0.00       0.00       0.00       0.00       0.00       0.00       0.00       0.00       0.00       0.00       0.00       0.00       0.00       0.00       0.00       0.00       0.00       0.00       0.00       0.00       0.00       0.00       0.00       0.00       0.00       0.00       0.00       0.00       0.00       0.00       0.00       0.00       0.00       0.00       0.00       0.00       0.00       0.00       0.00       0.00       0.00       0.00       0.00       0.00       0.00       0.00       0.00       0.00       0.00       0.00       0.00       0.00       0.00       0.00       0.00       0.00       0.00       0.00       0.00       0.00       0.00       0.00       0.00       0.00       0.00       0.00       0.00       7.00       0.00       0.00       0.00       0.00       0.00       0.00       0.00
17시 07분 38초    5       0.00       0.00       0.00      78.00       0.00       0.00       0.00       0.00       0.00       0.00       0.00       0.00       0.00       0.00       0.00       0.00       0.00       0.00       0.00       0.00       0.00       0.00       0.00       0.00       0.00       0.00       0.00       0.00       0.00       0.00       0.00       0.00       0.00       0.00       0.00       0.00       0.00       0.00       0.00       0.00       0.00       0.00       0.00       0.00       0.00       0.00       0.00       0.00       0.00       0.00       0.00       0.00       0.00       0.00       0.00       0.00       0.00       0.00       0.00       0.00       0.00       0.00       0.00       0.00       0.00       0.00       0.00       0.00       0.00       0.00       0.00       0.00       0.00       0.00       0.00       0.00       0.00       0.00       0.00       0.00       0.00       0.00       0.00       0.00       0.00       0.00       0.00       0.00       0.00       0.00       0.00       0.00       0.00       0.00       0.00       0.00       0.00       0.00       0.00       0.00       0.00       0.00       0.00       0.00       0.00       0.00       0.00       0.00       0.00       0.00       0.00       0.00       0.00       0.00       0.00       0.00       0.00       0.00       0.00       0.00       0.00       0.00       0.00       0.00       0.00       0.00       0.00       0.00       0.00       0.00       0.00       0.00       0.00       0.00       0.00       0.00      82.00       1.00       0.00       0.00       0.00       0.00       0.00       0.00

17시 07분 37초  CPU       HI/s    TIMER/s   NET_TX/s   NET_RX/s    BLOCK/s IRQ_POLL/s  TASKLET/s    SCHED/s  HRTIMER/s      RCU/s
17시 07분 38초    0       0.00      10.00       5.00     152.00       0.00       0.00       0.00      31.00       0.00      37.00
17시 07분 38초    1       0.00      36.00       0.00       0.00       0.00       0.00       0.00      44.00       0.00     114.00
17시 07분 38초    2       0.00      12.00       0.00       0.00       0.00       0.00       0.00      24.00       0.00      26.00
17시 07분 38초    3       0.00       4.00       0.00       0.00       0.00       0.00       0.00      20.00       0.00      30.00
17시 07분 38초    4       0.00      31.00       0.00       0.00       0.00       0.00       0.00      31.00       0.00      23.00
17시 07분 38초    5       0.00      23.00       0.00       0.00       0.00       0.00       0.00      35.00       0.00      27.00

17시 07분 38초  CPU    %usr   %nice    %sys %iowait    %irq   %soft  %steal  %guest  %gnice   %idle
17시 07분 39초  all    0.33    0.00    1.67    0.00    0.00    0.00    0.00    0.00    0.00   98.00
17시 07분 39초    0    1.00    0.00    3.00    0.00    0.00    0.00    0.00    0.00    0.00   96.00
17시 07분 39초    1    0.00    0.00    2.00    0.00    0.00    0.00    0.00    0.00    0.00   98.00
17시 07분 39초    2    0.00    0.00    1.00    0.00    0.00    0.00    0.00    0.00    0.00   99.00
17시 07분 39초    3    1.01    0.00    2.02    0.00    0.00    0.00    0.00    0.00    0.00   96.97
17시 07분 39초    4    0.00    0.00    0.00    0.00    0.00    0.00    0.00    0.00    0.00  100.00
17시 07분 39초    5    0.00    0.00    2.00    0.00    0.00    0.00    0.00    0.00    0.00   98.00

17시 07분 38초  CPU    intr/s
17시 07분 39초  all    328.00
17시 07분 39초    0     58.00
17시 07분 39초    1     91.00
17시 07분 39초    2     47.00
17시 07분 39초    3     40.00
17시 07분 39초    4     59.00
17시 07분 39초    5     85.00

17시 07분 38초  CPU        9/s       11/s       12/s       13/s       18/s       20/s       21/s       22/s       23/s       24/s       25/s       26/s       27/s       28/s       29/s       30/s       31/s       32/s       33/s       34/s       35/s       36/s       37/s       38/s       39/s       40/s       41/s       42/s       43/s       44/s       45/s       46/s       47/s       48/s       49/s       50/s       51/s       52/s       53/s       54/s       55/s       57/s       59/s       61/s       65/s       66/s       67/s       68/s       69/s       70/s       71/s       72/s       73/s       74/s       75/s       76/s       77/s       79/s       80/s       81/s       82/s       83/s       84/s       85/s       86/s       87/s       88/s       89/s       90/s       91/s       92/s       93/s       94/s       95/s       96/s       97/s       98/s      112/s      113/s      114/s      115/s      116/s      117/s      118/s      119/s      120/s      121/s      122/s      123/s      124/s      125/s      126/s      127/s      128/s      129/s      130/s      131/s      132/s      133/s      134/s      135/s      136/s      137/s      138/s      150/s      154/s      162/s      167/s      171/s      224/s      228/s      229/s      230/s      231/s      232/s      233/s      234/s      235/s      236/s      237/s      245/s      246/s      247/s      249/s      250/s      252/s      253/s      262/s      263/s      294/s      296/s      297/s      298/s      299/s      301/s      302/s     IPI0/s     IPI1/s     IPI2/s     IPI3/s     IPI4/s     IPI5/s     IPI6/s      Err/s
17시 07분 39초    0       0.00       0.00       0.00      55.00       0.00       0.00       0.00       0.00       0.00       0.00       0.00       0.00       0.00       0.00       0.00       0.00       0.00       0.00       0.00       0.00       0.00       0.00       0.00       0.00       0.00       0.00       0.00       0.00       0.00       0.00       0.00       0.00       0.00       0.00       0.00       0.00       0.00       0.00       0.00       0.00       0.00       0.00       0.00       0.00       0.00       0.00       0.00       0.00       0.00       0.00       0.00       0.00       0.00       0.00       0.00       0.00       0.00       0.00       0.00       0.00       0.00       0.00       0.00       0.00       0.00       0.00       0.00       0.00       0.00       0.00       0.00       0.00       0.00       0.00       0.00       0.00       0.00       2.00       0.00       0.00       0.00       0.00       0.00       0.00       0.00       0.00       0.00       0.00       0.00       0.00       0.00       0.00       0.00       0.00       0.00       0.00       0.00       0.00       0.00       0.00       0.00       0.00       0.00       0.00       0.00       5.00       0.00       0.00       0.00       0.00       0.00       0.00       0.00       0.00       0.00       0.00       0.00       0.00       0.00       0.00       0.00       0.00       0.00       0.00       0.00       0.00       0.00       0.00       0.00       0.00       0.00       0.00       0.00       0.00      12.00       0.00       1.00       1.00       0.00       0.00       0.00       0.00       0.00       0.00
17시 07분 39초    1       0.00       0.00       0.00      61.00       0.00       0.00       0.00       0.00       0.00       0.00       0.00       0.00       0.00       0.00       0.00       0.00       0.00       0.00       0.00       0.00       0.00       0.00       0.00       0.00       0.00       0.00       0.00       0.00       0.00       0.00       0.00       0.00       0.00       0.00       0.00       0.00       0.00       0.00       0.00       0.00       0.00       0.00       0.00       0.00       0.00       0.00       0.00       0.00       0.00       0.00       0.00       0.00       0.00       0.00       0.00       0.00       0.00       0.00       0.00       0.00       0.00       0.00       0.00       0.00       0.00       0.00       0.00       0.00       0.00       0.00       0.00       0.00       0.00       0.00       0.00       0.00       0.00       0.00       0.00       0.00       0.00       0.00       0.00       0.00       0.00       0.00       0.00       0.00       0.00       0.00       0.00       0.00       0.00       0.00       0.00       0.00       0.00       0.00       0.00       0.00       0.00       0.00       0.00       0.00       0.00       0.00       0.00       0.00       0.00       0.00       0.00       0.00       0.00       0.00       0.00       0.00       0.00       0.00       0.00       0.00       0.00       0.00       0.00       0.00       0.00       0.00       0.00       0.00       0.00       0.00       0.00       0.00       0.00       0.00       0.00       0.00       5.00       5.00       0.00       0.00       0.00       0.00       0.00       0.00
17시 07분 39초    2       0.00       0.00       0.00      25.00       0.00       0.00       0.00       0.00       0.00       0.00       0.00       0.00       0.00       0.00       0.00       0.00       0.00       0.00       0.00       0.00       0.00       0.00       0.00       0.00       0.00       0.00       0.00       0.00       0.00       0.00       0.00       0.00       0.00       0.00       0.00       0.00       0.00       0.00       0.00       0.00       0.00       0.00       0.00       0.00       0.00       0.00       0.00       0.00       0.00       0.00       0.00       0.00       0.00       0.00       0.00       0.00       0.00       0.00       0.00       0.00       0.00       0.00       0.00       0.00       0.00       0.00       0.00       0.00       0.00       0.00       0.00       0.00       0.00       0.00       0.00       0.00       0.00       0.00       0.00       0.00       0.00       0.00       0.00       0.00       0.00       0.00       0.00       0.00       0.00       0.00       0.00       0.00       0.00       0.00       0.00       0.00       0.00       0.00       0.00       0.00       0.00       0.00       0.00       0.00       0.00       0.00       0.00       0.00       0.00       0.00       0.00       0.00       0.00       0.00       0.00       0.00       0.00       0.00       0.00       0.00       0.00       0.00       0.00       0.00       0.00       0.00       0.00       0.00       0.00       0.00       0.00       0.00       0.00       0.00       0.00       0.00       0.00       1.00       0.00       0.00       0.00       0.00       0.00       0.00
17시 07분 39초    3       0.00       0.00       0.00      33.00       0.00       0.00       0.00       0.00       0.00       0.00       0.00       0.00       0.00       0.00       0.00       0.00       0.00       0.00       0.00       0.00       0.00       0.00       0.00       0.00       0.00       0.00       0.00       0.00       0.00       0.00       0.00       0.00       0.00       0.00       0.00       0.00       0.00       0.00       0.00       0.00       0.00       0.00       0.00       0.00       0.00       0.00       0.00       0.00       0.00       0.00       0.00       0.00       0.00       0.00       0.00       0.00       0.00       0.00       0.00       0.00       0.00       0.00       0.00       0.00       0.00       0.00       0.00       0.00       0.00       0.00       0.00       0.00       0.00       0.00       0.00       0.00       0.00       0.00       0.00       0.00       0.00       0.00       0.00       0.00       0.00       0.00       0.00       0.00       0.00       0.00       0.00       0.00       0.00       0.00       0.00       0.00       0.00       0.00       0.00       0.00       0.00       0.00       0.00       0.00       0.00       0.00       0.00       0.00       0.00       0.00       0.00       0.00       0.00       0.00       0.00       0.00       0.00       0.00       0.00       0.00       0.00       0.00       0.00       0.00       0.00       0.00       0.00       0.00       0.00       0.00       0.00       0.00       0.00       0.00       0.00       0.00       0.00       1.00       0.00       0.00       0.00       0.00       0.00       0.00
17시 07분 39초    4       0.00       0.00       0.00      39.00       0.00       0.00       0.00       0.00       0.00       0.00       0.00       0.00       0.00       0.00       0.00       0.00       0.00       0.00       0.00       0.00       0.00       0.00       0.00       0.00       0.00       0.00       0.00       0.00       0.00       0.00       0.00       0.00       0.00       0.00       0.00       0.00       0.00       0.00       0.00       0.00       0.00       0.00       0.00       0.00       0.00       0.00       0.00       0.00       0.00       0.00       0.00       0.00       0.00       0.00       0.00       0.00       0.00       0.00       0.00       0.00       0.00       0.00       0.00       0.00       0.00       0.00       0.00       0.00       0.00       0.00       0.00       0.00       0.00       0.00       0.00       0.00       0.00       0.00       0.00       0.00       0.00       0.00       0.00       0.00       0.00       0.00       0.00       0.00       0.00       0.00       0.00       0.00       0.00       0.00       0.00       0.00       0.00       0.00       0.00       0.00       0.00       0.00       0.00       0.00       0.00       0.00       0.00       0.00       0.00       0.00       0.00       0.00       0.00       0.00       0.00       0.00       0.00       0.00       0.00       0.00       0.00       0.00       0.00       0.00       0.00       0.00       0.00       0.00       0.00       0.00       0.00       0.00       0.00       0.00       0.00       0.00       0.00       0.00       0.00       0.00       0.00       0.00       0.00       0.00
17시 07분 39초    5       0.00       0.00       0.00      59.00       0.00       0.00       0.00       0.00       0.00       0.00       0.00       0.00       0.00       0.00       0.00       0.00       0.00       0.00       0.00       0.00       0.00       0.00       0.00       0.00       0.00       0.00       0.00       0.00       0.00       0.00       0.00       0.00       0.00       0.00       0.00       0.00       0.00       0.00       0.00       0.00       0.00       0.00       0.00       0.00       0.00       0.00       0.00       0.00       0.00       0.00       0.00       0.00       0.00       0.00       0.00       0.00       0.00       0.00       0.00       0.00       0.00       0.00       0.00       0.00       0.00       0.00       0.00       0.00       0.00       0.00       0.00       0.00       0.00       0.00       0.00       0.00       0.00       0.00       0.00       0.00       0.00       0.00       0.00       0.00       0.00       0.00       0.00       0.00       0.00       0.00       0.00       0.00       0.00       0.00       0.00       0.00       0.00       0.00       0.00       0.00       0.00       0.00       0.00       0.00       0.00       0.00       0.00       0.00       0.00       0.00       0.00       0.00       0.00       0.00       0.00       0.00       0.00       0.00       0.00       0.00       0.00       0.00       0.00       0.00       0.00       0.00       0.00       0.00       0.00       0.00       0.00       0.00       0.00       0.00       0.00       0.00      23.00       0.00       0.00       0.00       0.00       0.00       0.00       0.00

17시 07분 38초  CPU       HI/s    TIMER/s   NET_TX/s   NET_RX/s    BLOCK/s IRQ_POLL/s  TASKLET/s    SCHED/s  HRTIMER/s      RCU/s
17시 07분 39초    0       0.00       6.00       0.00      11.00       0.00       0.00       0.00      20.00       0.00      21.00
17시 07분 39초    1       0.00      26.00       0.00       0.00       0.00       0.00       0.00      37.00       0.00      28.00
17시 07분 39초    2       0.00      20.00       0.00       0.00       0.00       0.00       0.00      13.00       0.00      14.00
17시 07분 39초    3       0.00       3.00       0.00       0.00       0.00       0.00       0.00      14.00       0.00      23.00
17시 07분 39초    4       0.00      23.00       0.00       0.00       0.00       0.00       0.00      20.00       0.00      16.00
17시 07분 39초    5       0.00      29.00       0.00       0.00       0.00       0.00       0.00      28.00       0.00      28.00

17시 07분 39초  CPU    %usr   %nice    %sys %iowait    %irq   %soft  %steal  %guest  %gnice   %idle
17시 07분 40초  all    0.33    0.00    3.68    1.17    0.00    0.00    0.00    0.00    0.00   94.82
17시 07분 40초    0    1.00    0.00    2.00    4.00    0.00    0.00    0.00    0.00    0.00   93.00
17시 07분 40초    1    1.00    0.00    2.00    0.00    0.00    0.00    0.00    0.00    0.00   97.00
17시 07분 40초    2    0.00    0.00   14.85    1.98    0.00    0.00    0.00    0.00    0.00   83.17
17시 07분 40초    3    0.00    0.00    3.03    1.01    0.00    0.00    0.00    0.00    0.00   95.96
17시 07분 40초    4    0.00    0.00    0.00    0.00    0.00    0.00    0.00    0.00    0.00  100.00
17시 07분 40초    5    0.00    0.00    0.00    0.00    0.00    0.00    0.00    0.00    0.00  100.00

17시 07분 39초  CPU    intr/s
17시 07분 40초  all    720.00
17시 07분 40초    0     90.00
17시 07분 40초    1     85.00
17시 07분 40초    2     83.00
17시 07분 40초    3     36.00
17시 07분 40초    4     78.00
17시 07분 40초    5     68.00

17시 07분 39초  CPU        9/s       11/s       12/s       13/s       18/s       20/s       21/s       22/s       23/s       24/s       25/s       26/s       27/s       28/s       29/s       30/s       31/s       32/s       33/s       34/s       35/s       36/s       37/s       38/s       39/s       40/s       41/s       42/s       43/s       44/s       45/s       46/s       47/s       48/s       49/s       50/s       51/s       52/s       53/s       54/s       55/s       57/s       59/s       61/s       65/s       66/s       67/s       68/s       69/s       70/s       71/s       72/s       73/s       74/s       75/s       76/s       77/s       79/s       80/s       81/s       82/s       83/s       84/s       85/s       86/s       87/s       88/s       89/s       90/s       91/s       92/s       93/s       94/s       95/s       96/s       97/s       98/s      112/s      113/s      114/s      115/s      116/s      117/s      118/s      119/s      120/s      121/s      122/s      123/s      124/s      125/s      126/s      127/s      128/s      129/s      130/s      131/s      132/s      133/s      134/s      135/s      136/s      137/s      138/s      150/s      154/s      162/s      167/s      171/s      224/s      228/s      229/s      230/s      231/s      232/s      233/s      234/s      235/s      236/s      237/s      245/s      246/s      247/s      249/s      250/s      252/s      253/s      262/s      263/s      294/s      296/s      297/s      298/s      299/s      301/s      302/s     IPI0/s     IPI1/s     IPI2/s     IPI3/s     IPI4/s     IPI5/s     IPI6/s      Err/s
17시 07분 40초    0       0.00       0.00       0.00      73.00       0.00       0.00       0.00       0.00       0.00       0.00       0.00       0.00       0.00       0.00       0.00       0.00       0.00       0.00       0.00       0.00       0.00       0.00       0.00       0.00       0.00       0.00       0.00       0.00       0.00       0.00       0.00       0.00       0.00       0.00       0.00       0.00       0.00       0.00       0.00       0.00       0.00       0.00       0.00       0.00       0.00       0.00     134.00       0.00       0.00       0.00       0.00       0.00       0.00       0.00       0.00       0.00       0.00       0.00       0.00       0.00       0.00       0.00       0.00       0.00       0.00       0.00       0.00       0.00       0.00       0.00       0.00       0.00       0.00       0.00       0.00       0.00       0.00       0.00       0.00       0.00       0.00       0.00       0.00       0.00       0.00       0.00       0.00       0.00       0.00       0.00       0.00       0.00       0.00       0.00       0.00       0.00       0.00       0.00       0.00       0.00       0.00       0.00       0.00       0.00       0.00      34.00       0.00       0.00       0.00       0.00       0.00       0.00       0.00       0.00       0.00       0.00       0.00       0.00       0.00       0.00       0.00       0.00       0.00       0.00       0.00       0.00       0.00       0.00       0.00       0.00       0.00       0.00       0.00       0.00      12.00       0.00      12.00       9.00       0.00       0.00       0.00       3.00       0.00       0.00
17시 07분 40초    1       0.00       0.00       0.00      54.00       0.00       0.00       0.00       0.00       0.00       0.00       0.00       0.00       0.00       0.00       0.00       0.00       0.00       0.00       0.00       0.00       0.00       0.00       0.00       0.00       0.00       0.00       0.00       0.00       0.00       0.00       0.00       0.00       0.00       0.00       0.00       0.00       0.00       0.00       0.00       0.00       0.00       0.00       0.00       0.00       0.00       0.00       0.00       0.00       0.00       0.00       0.00       0.00       0.00       0.00       0.00       0.00       0.00       0.00       0.00       0.00       0.00       0.00       0.00       0.00       0.00       0.00       0.00       0.00       0.00       0.00       0.00       0.00       0.00       0.00       0.00       0.00       0.00       0.00       0.00       0.00       0.00       0.00       0.00       0.00       0.00       0.00       0.00       0.00       0.00       0.00       0.00       0.00       0.00       0.00       0.00       0.00       0.00       0.00       0.00       0.00       0.00       0.00       0.00       0.00       0.00       0.00       0.00       0.00       0.00       0.00       0.00       0.00       0.00       0.00       0.00       0.00       0.00       0.00       0.00       0.00       0.00       0.00       0.00       0.00       0.00       0.00       0.00       0.00       0.00       0.00       0.00       0.00       0.00       0.00       0.00       0.00       6.00       8.00       0.00       0.00       0.00       1.00       0.00       0.00
17시 07분 40초    2       0.00       0.00       0.00      73.00       0.00       0.00       0.00       0.00       0.00       0.00       0.00       0.00       0.00       0.00       0.00       0.00       0.00       0.00       0.00       0.00       0.00       0.00       0.00       0.00       0.00       0.00       0.00       0.00       0.00       0.00       0.00       0.00       0.00       0.00       0.00       0.00       0.00       0.00       0.00       0.00       0.00       0.00       0.00       0.00       0.00       0.00       0.00       0.00       0.00       0.00       0.00       0.00       0.00       0.00       0.00       0.00       0.00       0.00       0.00       0.00       0.00       0.00       0.00       0.00       0.00       0.00       0.00       0.00       0.00       0.00       0.00       0.00       0.00       0.00       0.00       0.00       0.00       0.00       0.00       0.00       0.00       0.00       0.00       0.00       0.00       0.00       0.00       0.00       0.00       0.00       0.00       0.00       0.00       0.00       0.00       0.00       0.00       0.00       0.00       0.00       0.00       0.00       0.00       0.00       0.00       0.00       0.00       0.00       0.00       0.00       0.00       0.00       0.00       0.00       0.00       0.00       0.00       0.00       0.00       0.00       0.00       0.00       0.00       0.00       0.00       0.00       0.00       0.00       0.00       0.00       0.00       0.00       0.00       0.00       0.00       0.00     150.00       1.00       0.00       0.00       0.00      10.00       0.00       0.00
17시 07분 40초    3       0.00       0.00       0.00      37.00       0.00       0.00       0.00       0.00       0.00       0.00       0.00       0.00       0.00       0.00       0.00       0.00       0.00       0.00       0.00       0.00       0.00       0.00       0.00       0.00       0.00       0.00       0.00       0.00       0.00       0.00       0.00       0.00       0.00       0.00       0.00       0.00       0.00       0.00       0.00       0.00       0.00       0.00       0.00       0.00       0.00       0.00       0.00       0.00       0.00       0.00       0.00       0.00       0.00       0.00       0.00       0.00       0.00       0.00       0.00       0.00       0.00       0.00       0.00       0.00       0.00       0.00       0.00       0.00       0.00       0.00       0.00       0.00       0.00       0.00       0.00       0.00       0.00       0.00       0.00       0.00       0.00       0.00       0.00       0.00       0.00       0.00       0.00       0.00       0.00       0.00       0.00       0.00       0.00       0.00       0.00       0.00       0.00       0.00       0.00       0.00       0.00       0.00       0.00       0.00       0.00       0.00       0.00       0.00       0.00       0.00       0.00       0.00       0.00       0.00       0.00       0.00       0.00       0.00       0.00       0.00       0.00       0.00       0.00       0.00       0.00       0.00       0.00       0.00       0.00       0.00       0.00       0.00       0.00       0.00       0.00       0.00       3.00       0.00       0.00       0.00       0.00       0.00       0.00       0.00
17시 07분 40초    4       0.00       0.00       0.00      42.00       0.00       0.00       0.00       0.00       0.00       0.00       0.00       0.00       0.00       0.00       0.00       0.00       0.00       0.00       0.00       0.00       0.00       0.00       0.00       0.00       0.00       0.00       0.00       0.00       0.00       0.00       0.00       0.00       0.00       0.00       0.00       0.00       0.00       0.00       0.00       0.00       0.00       0.00       0.00       0.00       0.00       0.00       0.00       0.00       0.00       0.00       0.00       0.00       0.00       0.00       0.00       0.00       0.00       0.00       0.00       0.00       0.00       0.00       0.00       0.00       0.00       0.00       0.00       0.00       0.00       0.00       0.00       0.00       0.00       0.00       0.00       0.00       0.00       0.00       0.00       0.00       0.00       0.00       0.00       0.00       0.00       0.00       0.00       0.00       0.00       0.00       0.00       0.00       0.00       0.00       0.00       0.00       0.00       0.00       0.00       0.00       0.00       0.00       0.00       0.00       0.00       0.00       0.00       0.00       0.00       0.00       0.00       0.00       0.00       0.00       0.00       0.00       0.00       0.00       0.00       0.00       0.00       0.00       0.00       0.00       0.00       0.00       0.00       0.00       0.00       0.00       0.00       0.00       0.00       0.00       0.00       0.00       4.00       0.00       0.00       0.00       0.00       0.00       0.00       0.00
17시 07분 40초    5       0.00       0.00       0.00      43.00       0.00       0.00       0.00       0.00       0.00       0.00       0.00       0.00       0.00       0.00       0.00       0.00       0.00       0.00       0.00       0.00       0.00       0.00       0.00       0.00       0.00       0.00       0.00       0.00       0.00       0.00       0.00       0.00       0.00       0.00       0.00       0.00       0.00       0.00       0.00       0.00       0.00       0.00       0.00       0.00       0.00       0.00       0.00       0.00       0.00       0.00       0.00       0.00       0.00       0.00       0.00       0.00       0.00       0.00       0.00       0.00       0.00       0.00       0.00       0.00       0.00       0.00       0.00       0.00       0.00       0.00       0.00       0.00       0.00       0.00       0.00       0.00       0.00       0.00       0.00       0.00       0.00       0.00       0.00       0.00       0.00       0.00       0.00       0.00       0.00       0.00       0.00       0.00       0.00       0.00       0.00       0.00       0.00       0.00       0.00       0.00       0.00       0.00       0.00       0.00       0.00       0.00       0.00       0.00       0.00       0.00       0.00       0.00       0.00       0.00       0.00       0.00       0.00       0.00       0.00       0.00       0.00       0.00       0.00       0.00       0.00       0.00       0.00       0.00       0.00       0.00       0.00       0.00       0.00       0.00       0.00       0.00      11.00       0.00       0.00       0.00       0.00       0.00       0.00       0.00

17시 07분 39초  CPU       HI/s    TIMER/s   NET_TX/s   NET_RX/s    BLOCK/s IRQ_POLL/s  TASKLET/s    SCHED/s  HRTIMER/s      RCU/s
17시 07분 40초    0       0.00       7.00       0.00      11.00       2.00       0.00       0.00      38.00       0.00      32.00
17시 07분 40초    1       0.00      24.00       0.00       0.00       0.00       0.00       0.00      37.00       0.00      24.00
17시 07분 40초    2       0.00       8.00       0.00       0.00       0.00       0.00       0.00      51.00       0.00      24.00
17시 07분 40초    3       0.00       2.00       0.00       0.00       0.00       0.00       0.00      13.00       0.00      21.00
17시 07분 40초    4       0.00      34.00       0.00       0.00       0.00       0.00       0.00      26.00       0.00      18.00
17시 07분 40초    5       0.00      24.00       0.00       0.00       0.00       0.00       0.00      20.00       0.00      24.00

17시 07분 40초  CPU    %usr   %nice    %sys %iowait    %irq   %soft  %steal  %guest  %gnice   %idle
17시 07분 41초  all    1.00    0.00    1.50    0.00    0.17    0.00    0.00    0.00    0.00   97.34
17시 07분 41초    0    2.00    0.00    2.00    0.00    1.00    0.00    0.00    0.00    0.00   95.00
17시 07분 41초    1    1.00    0.00    1.00    0.00    0.00    0.00    0.00    0.00    0.00   98.00
17시 07분 41초    2    0.00    0.00    0.00    0.00    0.00    0.00    0.00    0.00    0.00  100.00
17시 07분 41초    3    1.98    0.00    3.96    0.00    0.00    0.00    0.00    0.00    0.00   94.06
17시 07분 41초    4    1.00    0.00    0.00    0.00    0.00    0.00    0.00    0.00    0.00   99.00
17시 07분 41초    5    0.00    0.00    1.98    0.00    0.00    0.00    0.00    0.00    0.00   98.02

17시 07분 40초  CPU    intr/s
17시 07분 41초  all    588.00
17시 07분 41초    0    170.00
17시 07분 41초    1    113.00
17시 07분 41초    2     36.00
17시 07분 41초    3     37.00
17시 07분 41초    4     52.00
17시 07분 41초    5     51.00

17시 07분 40초  CPU        9/s       11/s       12/s       13/s       18/s       20/s       21/s       22/s       23/s       24/s       25/s       26/s       27/s       28/s       29/s       30/s       31/s       32/s       33/s       34/s       35/s       36/s       37/s       38/s       39/s       40/s       41/s       42/s       43/s       44/s       45/s       46/s       47/s       48/s       49/s       50/s       51/s       52/s       53/s       54/s       55/s       57/s       59/s       61/s       65/s       66/s       67/s       68/s       69/s       70/s       71/s       72/s       73/s       74/s       75/s       76/s       77/s       79/s       80/s       81/s       82/s       83/s       84/s       85/s       86/s       87/s       88/s       89/s       90/s       91/s       92/s       93/s       94/s       95/s       96/s       97/s       98/s      112/s      113/s      114/s      115/s      116/s      117/s      118/s      119/s      120/s      121/s      122/s      123/s      124/s      125/s      126/s      127/s      128/s      129/s      130/s      131/s      132/s      133/s      134/s      135/s      136/s      137/s      138/s      150/s      154/s      162/s      167/s      171/s      224/s      228/s      229/s      230/s      231/s      232/s      233/s      234/s      235/s      236/s      237/s      245/s      246/s      247/s      249/s      250/s      252/s      253/s      262/s      263/s      294/s      296/s      297/s      298/s      299/s      301/s      302/s     IPI0/s     IPI1/s     IPI2/s     IPI3/s     IPI4/s     IPI5/s     IPI6/s      Err/s
17시 07분 41초    0       0.00       0.00       0.00      58.00       0.00       0.00       0.00       0.00       0.00       0.00       0.00       0.00       0.00       0.00       0.00       0.00       0.00       0.00       0.00       0.00       0.00       0.00       0.00       0.00       0.00       0.00       0.00       0.00       0.00       0.00       0.00       0.00       0.00       0.00       0.00       0.00       0.00       0.00       0.00       0.00       0.00       0.00       0.00       0.00       0.00       0.00       0.00       0.00       0.00       0.00       0.00       0.00       0.00       0.00       0.00       0.00       0.00       0.00       0.00       0.00       0.00       0.00       0.00       0.00       0.00       0.00       0.00       0.00       0.00       0.00       0.00       0.00       0.00       0.00       0.00       0.00       0.00       0.00       0.00       0.00       0.00       0.00       0.00       0.00       0.00       0.00       0.00       0.00       0.00       0.00       0.00       0.00       0.00       0.00       0.00       0.00       0.00       0.00       0.00       0.00       0.00       0.00       0.00       0.00       0.00      10.00       0.00       0.00       0.00       0.00       0.00       0.00       0.00       0.00       0.00       0.00       0.00       0.00       0.00       0.00       0.00       0.00       0.00       0.00       0.00       0.00       0.00       0.00       0.00       0.00       0.00       0.00       0.00       0.00     107.00       0.00       6.00       2.00       0.00       0.00       0.00       3.00       0.00       0.00
17시 07분 41초    1       0.00       0.00       0.00      69.00       0.00       0.00       0.00       0.00       0.00       0.00       0.00       0.00       0.00       0.00       0.00       0.00       0.00       0.00       0.00       0.00       0.00       0.00       0.00       0.00       0.00       0.00       0.00       0.00       0.00       0.00       0.00       0.00       0.00       0.00       0.00       0.00       0.00       0.00       0.00       0.00       0.00       0.00       0.00       0.00       0.00       0.00       0.00       0.00       0.00       0.00       0.00       0.00       0.00       0.00       0.00       0.00       0.00       0.00       0.00       0.00       0.00       0.00       0.00       0.00       0.00       0.00       0.00       0.00       0.00       0.00       0.00       0.00       0.00       0.00       0.00       0.00       0.00       0.00       0.00       0.00       0.00       0.00       0.00       0.00       0.00       0.00       0.00       0.00       0.00       0.00       0.00       0.00       0.00       0.00       0.00       0.00       0.00       0.00       0.00       0.00       0.00       0.00       0.00       0.00       0.00       0.00       0.00       0.00       0.00       0.00       0.00       0.00       0.00       0.00       0.00       0.00       0.00       0.00       0.00       0.00       0.00       0.00       0.00       0.00       0.00       0.00       0.00       0.00       0.00       0.00       0.00       0.00       0.00       0.00       0.00       0.00       7.00       3.00       0.00       0.00       0.00       0.00       0.00       0.00
17시 07분 41초    2       0.00       0.00       0.00      20.00       0.00       0.00       0.00       0.00       0.00       0.00       0.00       0.00       0.00       0.00       0.00       0.00       0.00       0.00       0.00       0.00       0.00       0.00       0.00       0.00       0.00       0.00       0.00       0.00       0.00       0.00       0.00       0.00       0.00       0.00       0.00       0.00       0.00       0.00       0.00       0.00       0.00       0.00       0.00       0.00       0.00       0.00       0.00       0.00       0.00       0.00       0.00       0.00       0.00       0.00       0.00       0.00       0.00       0.00       0.00       0.00       0.00       0.00       0.00       0.00       0.00       0.00       0.00       0.00       0.00       0.00       0.00       0.00       0.00       0.00       0.00       0.00       0.00       0.00       0.00       0.00       0.00       0.00       0.00       0.00       0.00       0.00       0.00       0.00       0.00       0.00       0.00       0.00       0.00       0.00       0.00       0.00       0.00       0.00       0.00       0.00       0.00       0.00       0.00       0.00       0.00       0.00       0.00       0.00       0.00       0.00       0.00       0.00       0.00       0.00       0.00       0.00       0.00       0.00       0.00       0.00       0.00       0.00       0.00       0.00       0.00       0.00       0.00       0.00       0.00       0.00       0.00       0.00       0.00       0.00       0.00       0.00       3.00       1.00       0.00       0.00       0.00       0.00       0.00       0.00
17시 07분 41초    3       0.00       0.00       0.00      65.00       0.00       0.00       0.00       0.00       0.00       0.00       0.00       0.00       0.00       0.00       0.00       0.00       0.00       0.00       0.00       0.00       0.00       0.00       0.00       0.00       0.00       0.00       0.00       0.00       0.00       0.00       0.00       0.00       0.00       0.00       0.00       0.00       0.00       0.00       0.00       0.00       0.00       0.00       0.00       0.00       0.00       0.00       0.00       0.00       0.00       0.00       0.00       0.00       0.00       0.00       0.00       0.00       0.00       0.00       0.00       0.00       0.00       0.00       0.00       0.00       0.00       0.00       0.00       0.00       0.00       0.00       0.00       0.00       0.00       0.00       0.00       0.00       0.00       0.00       0.00       0.00       0.00       0.00       0.00       0.00       0.00       0.00       0.00       0.00       0.00       0.00       0.00       0.00       0.00       0.00       0.00       0.00       0.00       0.00       0.00       0.00       0.00       0.00       0.00       0.00       0.00       0.00       0.00       0.00       0.00       0.00       0.00       0.00       0.00       0.00       0.00       0.00       0.00       0.00       0.00       0.00       0.00       0.00       0.00       0.00       0.00       0.00       0.00       0.00       0.00       0.00       0.00       0.00       0.00       0.00       0.00       0.00       5.00       0.00       0.00       0.00       0.00       1.00       0.00       0.00
17시 07분 41초    4       0.00       0.00       0.00     181.00       0.00       0.00       0.00       0.00       0.00       0.00       0.00       0.00       0.00       0.00       0.00       0.00       0.00       0.00       0.00       0.00       0.00       0.00       0.00       0.00       0.00       0.00       0.00       0.00       0.00       0.00       0.00       0.00       0.00       0.00       0.00       0.00       0.00       0.00       0.00       0.00       0.00       0.00       0.00       0.00       0.00       0.00       0.00       0.00       0.00       0.00       0.00       0.00       0.00       0.00       0.00       0.00       0.00       0.00       0.00       0.00       0.00       0.00       0.00       0.00       0.00       0.00       0.00       0.00       0.00       0.00       0.00       0.00       0.00       0.00       0.00       0.00       0.00       0.00       0.00       0.00       0.00       0.00       0.00       0.00       0.00       0.00       0.00       0.00       0.00       0.00       0.00       0.00       0.00       0.00       0.00       0.00       0.00       0.00       0.00       0.00       0.00       0.00       0.00       0.00       0.00       0.00       0.00       0.00       0.00       0.00       0.00       0.00       0.00       0.00       0.00       0.00       0.00       0.00       0.00       0.00       0.00       0.00       0.00       0.00       0.00       0.00       0.00       0.00       0.00       0.00       0.00       0.00       0.00       0.00       0.00       0.00       9.00       0.00       0.00       0.00       0.00       0.00       0.00       0.00
17시 07분 41초    5       0.00       0.00       0.00      28.00       0.00       0.00       0.00       0.00       0.00       0.00       0.00       0.00       0.00       0.00       0.00       0.00       0.00       0.00       0.00       0.00       0.00       0.00       0.00       0.00       0.00       0.00       0.00       0.00       0.00       0.00       0.00       0.00       0.00       0.00       0.00       0.00       0.00       0.00       0.00       0.00       0.00       0.00       0.00       0.00       0.00       0.00       0.00       0.00       0.00       0.00       0.00       0.00       0.00       0.00       0.00       0.00       0.00       0.00       0.00       0.00       0.00       0.00       0.00       0.00       0.00       0.00       0.00       0.00       0.00       0.00       0.00       0.00       0.00       0.00       0.00       0.00       0.00       0.00       0.00       0.00       0.00       0.00       0.00       0.00       0.00       0.00       0.00       0.00       0.00       0.00       0.00       0.00       0.00       0.00       0.00       0.00       0.00       0.00       0.00       0.00       0.00       0.00       0.00       0.00       0.00       0.00       0.00       0.00       0.00       0.00       0.00       0.00       0.00       0.00       0.00       0.00       0.00       0.00       0.00       0.00       0.00       0.00       0.00       0.00       0.00       0.00       0.00       0.00       0.00       0.00       0.00       0.00       0.00       0.00       0.00       0.00      10.00       0.00       0.00       0.00       0.00       0.00       0.00       0.00

17시 07분 40초  CPU       HI/s    TIMER/s   NET_TX/s   NET_RX/s    BLOCK/s IRQ_POLL/s  TASKLET/s    SCHED/s  HRTIMER/s      RCU/s
17시 07분 41초    0       0.00      10.00       6.00      99.00       0.00       0.00       0.00      26.00       0.00      29.00
17시 07분 41초    1       0.00      44.00       0.00       0.00       0.00       0.00       0.00      42.00       0.00      27.00
17시 07분 41초    2       0.00      16.00       0.00       0.00       0.00       0.00       0.00      12.00       0.00       8.00
17시 07분 41초    3       0.00       2.00       0.00       0.00       0.00       0.00       0.00      12.00       0.00      23.00
17시 07분 41초    4       0.00      16.00       0.00       0.00       0.00       0.00       0.00      18.00       0.00      18.00
17시 07분 41초    5       0.00      14.00       0.00       0.00       0.00       0.00       0.00      17.00       0.00      20.00

17시 07분 41초  CPU    %usr   %nice    %sys %iowait    %irq   %soft  %steal  %guest  %gnice   %idle
17시 07분 42초  all    1.17    0.00    1.00    0.00    0.00    0.33    0.00    0.00    0.00   97.50
17시 07분 42초    0    1.00    0.00    2.00    0.00    0.00    1.00    0.00    0.00    0.00   96.00
17시 07분 42초    1    0.99    0.00    1.98    0.00    0.00    0.99    0.00    0.00    0.00   96.04
17시 07분 42초    2    0.00    0.00    0.00    0.00    0.00    0.00    0.00    0.00    0.00  100.00
17시 07분 42초    3    2.00    0.00    2.00    0.00    0.00    0.00    0.00    0.00    0.00   96.00
17시 07분 42초    4    0.00    0.00    0.00    0.00    0.00    0.00    0.00    0.00    0.00  100.00
17시 07분 42초    5    3.06    0.00    0.00    0.00    0.00    0.00    0.00    0.00    0.00   96.94

17시 07분 41초  CPU    intr/s
17시 07분 42초  all    305.00
17시 07분 42초    0    101.00
17시 07분 42초    1     74.00
17시 07분 42초    2     46.00
17시 07분 42초    3     32.00
17시 07분 42초    4      0.00
17시 07분 42초    5     78.00

17시 07분 41초  CPU        9/s       11/s       12/s       13/s       18/s       20/s       21/s       22/s       23/s       24/s       25/s       26/s       27/s       28/s       29/s       30/s       31/s       32/s       33/s       34/s       35/s       36/s       37/s       38/s       39/s       40/s       41/s       42/s       43/s       44/s       45/s       46/s       47/s       48/s       49/s       50/s       51/s       52/s       53/s       54/s       55/s       57/s       59/s       61/s       65/s       66/s       67/s       68/s       69/s       70/s       71/s       72/s       73/s       74/s       75/s       76/s       77/s       79/s       80/s       81/s       82/s       83/s       84/s       85/s       86/s       87/s       88/s       89/s       90/s       91/s       92/s       93/s       94/s       95/s       96/s       97/s       98/s      112/s      113/s      114/s      115/s      116/s      117/s      118/s      119/s      120/s      121/s      122/s      123/s      124/s      125/s      126/s      127/s      128/s      129/s      130/s      131/s      132/s      133/s      134/s      135/s      136/s      137/s      138/s      150/s      154/s      162/s      167/s      171/s      224/s      228/s      229/s      230/s      231/s      232/s      233/s      234/s      235/s      236/s      237/s      245/s      246/s      247/s      249/s      250/s      252/s      253/s      262/s      263/s      294/s      296/s      297/s      298/s      299/s      301/s      302/s     IPI0/s     IPI1/s     IPI2/s     IPI3/s     IPI4/s     IPI5/s     IPI6/s      Err/s
17시 07분 42초    0       0.00       0.00       0.00      70.00       0.00       0.00       0.00       0.00       0.00       0.00       0.00       0.00       0.00       0.00       0.00       0.00       0.00       0.00       0.00       0.00       0.00       0.00       0.00       0.00       0.00       0.00       0.00       0.00       0.00       0.00       0.00       0.00       0.00       0.00       0.00       0.00       0.00       0.00       0.00       0.00       0.00       0.00       0.00       0.00       0.00       0.00       0.00       0.00       0.00       0.00       0.00       0.00       0.00       0.00       0.00       0.00       0.00       0.00       0.00       0.00       0.00       0.00       0.00       0.00       0.00       0.00       0.00       0.00       0.00       0.00       0.00       0.00       0.00       0.00       0.00       0.00       0.00       0.00       0.00       0.00       0.00       0.00       0.00       0.00       0.00       0.00       0.00       0.00       0.00       0.00       0.00       0.00       0.00       0.00       0.00       0.00       0.00       0.00       0.00       0.00       0.00       0.00       0.00       0.00       0.00       5.00       0.00       0.00       0.00       0.00       0.00       0.00       0.00       0.00       0.00       0.00       0.00       0.00       0.00       0.00       0.00       0.00       0.00       0.00       0.00       0.00       0.00       0.00       0.00       0.00       0.00       0.00       0.00       0.00      12.00       0.00       8.00       1.00       0.00       0.00       0.00       0.00       0.00       0.00
17시 07분 42초    1       0.00       0.00       0.00      53.00       0.00       0.00       0.00       0.00       0.00       0.00       0.00       0.00       0.00       0.00       0.00       0.00       0.00       0.00       0.00       0.00       0.00       0.00       0.00       0.00       0.00       0.00       0.00       0.00       0.00       0.00       0.00       0.00       0.00       0.00       0.00       0.00       0.00       0.00       0.00       0.00       0.00       0.00       0.00       0.00       0.00       0.00       0.00       0.00       0.00       0.00       0.00       0.00       0.00       0.00       0.00       0.00       0.00  