Linux 5.10.120-tegra (orin-desktop) 	2024년 09월 30일 	_aarch64_	(6 CPU)

17시 06분 45초  CPU    %usr   %nice    %sys %iowait    %irq   %soft  %steal  %guest  %gnice   %idle
17시 06분 46초  all   16.42    0.00    3.98    0.50    0.33    0.33    0.00    0.00    0.00   78.44
17시 06분 46초    0    7.00    0.00    3.00    0.00    1.00    1.00    0.00    0.00    0.00   88.00
17시 06분 46초    1   12.87    0.00    0.99    0.00    0.00    0.99    0.00    0.00    0.00   85.15
17시 06분 46초    2   39.60    0.00    3.96    0.00    0.00    0.00    0.00    0.00    0.00   56.44
17시 06분 46초    3   11.76    0.00    1.96    1.96    0.98    0.00    0.00    0.00    0.00   83.33
17시 06분 46초    4   13.00    0.00    0.00    0.00    0.00    0.00    0.00    0.00    0.00   87.00
17시 06분 46초    5   14.14    0.00   14.14    1.01    0.00    0.00    0.00    0.00    0.00   70.71

17시 06분 45초  CPU    intr/s
17시 06분 46초  all   3871.00
17시 06분 46초    0    517.00
17시 06분 46초    1    176.00
17시 06분 46초    2    187.00
17시 06분 46초    3    164.00
17시 06분 46초    4    226.00
17시 06분 46초    5    131.00

17시 06분 45초  CPU        9/s       11/s       12/s       13/s       18/s       20/s       21/s       22/s       23/s       24/s       25/s       26/s       27/s       28/s       29/s       30/s       31/s       32/s       33/s       34/s       35/s       36/s       37/s       38/s       39/s       40/s       41/s       42/s       43/s       44/s       45/s       46/s       47/s       48/s       49/s       50/s       51/s       52/s       53/s       54/s       55/s       57/s       59/s       61/s       65/s       66/s       67/s       68/s       69/s       70/s       71/s       72/s       73/s       74/s       75/s       76/s       77/s       79/s       80/s       81/s       82/s       83/s       84/s       85/s       86/s       87/s       88/s       89/s       90/s       91/s       92/s       93/s       94/s       95/s       96/s       97/s       98/s      112/s      113/s      114/s      115/s      116/s      117/s      118/s      119/s      120/s      121/s      122/s      123/s      124/s      125/s      126/s      127/s      128/s      129/s      130/s      131/s      132/s      133/s      134/s      135/s      136/s      137/s      138/s      150/s      154/s      162/s      167/s      171/s      224/s      228/s      229/s      230/s      231/s      232/s      233/s      234/s      235/s      236/s      237/s      245/s      246/s      247/s      249/s      250/s      252/s      253/s      262/s      263/s      294/s      296/s      297/s      298/s      299/s      301/s      302/s     IPI0/s     IPI1/s     IPI2/s     IPI3/s     IPI4/s     IPI5/s     IPI6/s      Err/s
17시 06분 46초    0       0.00       0.00       0.00     192.00       0.00       0.00       0.00       0.00       0.00       0.00       0.00       0.00       0.00       0.00       0.00       0.00       0.00       0.00       0.00       0.00       0.00       0.00       0.00       0.00       0.00       0.00       0.00       0.00       0.00       0.00       0.00       0.00       0.00       0.00       0.00       0.00       0.00       0.00       0.00       0.00       0.00       0.00       0.00       0.00       0.00       0.00     134.00       0.00       0.00       0.00       0.00       0.00       0.00       0.00       0.00       0.00       0.00       0.00       0.00       0.00       0.00       0.00       0.00       0.00       0.00       0.00       0.00       0.00       0.00       0.00       0.00       0.00       0.00       0.00       0.00       0.00       0.00       0.00       0.00       9.00       0.00       0.00       0.00       0.00       0.00       0.00       0.00       0.00       0.00       0.00       0.00       0.00       0.00      65.00       0.00       0.00       0.00       0.00       0.00       0.00       0.00       0.00       0.00       0.00       0.00     212.00       0.00       0.00       0.00       0.00       0.00       0.00       0.00       0.00       0.00       0.00       0.00       0.00       0.00       0.00       0.00       0.00       0.00       0.00       0.00       0.00       0.00       0.00       0.00       0.00       0.00       0.00       0.00       0.00     336.00       0.00     342.00      36.00       0.00       0.00       0.00      44.00       0.00       0.00
17시 06분 46초    1       0.00       0.00       0.00     138.00       0.00       0.00       0.00       0.00       0.00       0.00       0.00       0.00       0.00       0.00       0.00       0.00       0.00       0.00       0.00       0.00       0.00       0.00       0.00       0.00       0.00       0.00       0.00       0.00       0.00       0.00       0.00       0.00       0.00       0.00       0.00       0.00       0.00       0.00       0.00       0.00       0.00       0.00       0.00       0.00       0.00       0.00       0.00       0.00       0.00       0.00       0.00       0.00       0.00       0.00       0.00       0.00       0.00       0.00       0.00       0.00       0.00       0.00       0.00       0.00       0.00       0.00       0.00       0.00       0.00       0.00       0.00       0.00       0.00       0.00       0.00       0.00       0.00       0.00       0.00       0.00       0.00       0.00       0.00       0.00       0.00       0.00       0.00       0.00       0.00       0.00       0.00       0.00       0.00       0.00       0.00       0.00       0.00       0.00       0.00       0.00       0.00       0.00       0.00       0.00       0.00       0.00       0.00       0.00       0.00       0.00       0.00       0.00       0.00       0.00       0.00       0.00       0.00       0.00       0.00       0.00       0.00       0.00       0.00       0.00       0.00       0.00       0.00       0.00       0.00       0.00       0.00       0.00       0.00       0.00       0.00       0.00     274.00      54.00       0.00       0.00       0.00      26.00       0.00       0.00
17시 06분 46초    2       0.00       0.00       0.00     217.00       0.00       0.00       0.00       0.00       0.00       0.00       0.00       0.00       0.00       0.00       0.00       0.00       0.00       0.00       0.00       0.00       0.00       0.00       0.00       0.00       0.00       0.00       0.00       0.00       0.00       0.00       0.00       0.00       0.00       0.00       0.00       0.00       0.00       0.00       0.00       0.00       0.00       0.00       0.00       0.00       0.00       0.00       0.00       0.00       0.00       0.00       0.00       0.00       0.00       0.00       0.00       0.00       0.00       0.00       0.00       0.00       0.00       0.00       0.00       0.00       0.00       0.00       0.00       0.00       0.00       0.00       0.00       0.00       0.00       0.00       0.00       0.00       0.00       0.00       0.00       0.00       0.00       0.00       0.00       0.00       0.00       0.00       0.00       0.00       0.00       0.00       0.00       0.00       0.00       0.00       0.00       0.00       0.00       0.00       0.00       0.00       0.00       0.00       0.00       0.00       0.00       0.00       0.00       0.00       0.00       0.00       0.00       0.00       0.00       0.00       0.00       0.00       0.00       0.00       0.00       0.00       0.00       0.00       0.00       0.00       0.00       0.00       0.00       0.00       0.00       0.00       0.00       0.00       0.00       0.00       0.00       0.00     196.00      19.00       0.00       0.00       0.00      22.00       0.00       0.00
17시 06분 46초    3       0.00       0.00       0.00     222.00       0.00       0.00       0.00       0.00       0.00       0.00       0.00       0.00       0.00       0.00       0.00       0.00       0.00       0.00       0.00       0.00       0.00       0.00       0.00       0.00       0.00       0.00       0.00       0.00       0.00       0.00       0.00       0.00       0.00       0.00       0.00       0.00       0.00       0.00       0.00       0.00       0.00       0.00       0.00       0.00       0.00       0.00       0.00       0.00       0.00       0.00       0.00       0.00       0.00       0.00       0.00       0.00       0.00       0.00       0.00       0.00       0.00       0.00       0.00       0.00       0.00       0.00       0.00       0.00       0.00       0.00       0.00       0.00       0.00       0.00       0.00       0.00       0.00       0.00       0.00       0.00       0.00       0.00       0.00       0.00       0.00       0.00       0.00       0.00       0.00       0.00       0.00       0.00       0.00       0.00       0.00       0.00       0.00       0.00       0.00       0.00       0.00       0.00       0.00       0.00       0.00       0.00       0.00       0.00       0.00       0.00       0.00       0.00       0.00       0.00       0.00       0.00       0.00       0.00       0.00       0.00       0.00       0.00       0.00       0.00       0.00       0.00       0.00       0.00       0.00       0.00       0.00       0.00       0.00       0.00       0.00       0.00     307.00      17.00       0.00       0.00       0.00      25.00       0.00       0.00
17시 06분 46초    4       0.00       0.00       0.00     171.00       0.00       0.00       0.00       0.00       0.00       0.00       0.00       0.00       0.00       0.00       0.00       0.00       0.00       0.00       0.00       0.00       0.00       0.00       0.00       0.00       0.00       0.00       0.00       0.00       0.00       0.00       0.00       0.00       0.00       0.00       0.00       0.00       0.00       0.00       0.00       0.00       0.00       0.00       0.00       0.00       0.00       0.00       0.00       0.00       0.00       0.00       0.00       0.00       0.00       0.00       0.00       0.00       0.00       0.00       0.00       0.00       0.00       0.00       0.00       0.00       0.00       0.00       0.00       0.00       0.00       0.00       0.00       0.00       0.00       0.00       0.00       0.00       0.00       0.00       0.00       0.00       0.00       0.00       0.00       0.00       0.00       0.00       0.00       0.00       0.00       0.00       0.00       0.00       0.00       0.00       0.00       0.00       0.00       0.00       0.00       0.00       0.00       0.00       0.00       0.00       0.00       0.00       0.00       0.00       0.00       0.00       0.00       0.00       0.00       0.00       0.00       0.00       0.00       0.00       0.00       0.00       0.00       0.00       0.00       0.00       0.00       0.00       0.00       0.00       0.00       0.00       0.00       0.00       0.00       0.00       0.00       0.00     364.00       8.00       0.00       0.00       0.00      32.00       0.00       0.00
17시 06분 46초    5       0.00       0.00       0.00     141.00       0.00       0.00       0.00       0.00       0.00       0.00       0.00       0.00       0.00       0.00       0.00       0.00       0.00       0.00       0.00       0.00       0.00       0.00       0.00       0.00       0.00       0.00       0.00       0.00       0.00       0.00       0.00       0.00       0.00       0.00       0.00       0.00       0.00       0.00       0.00       0.00       0.00       0.00       0.00       0.00       0.00       0.00       0.00       0.00       0.00       0.00       0.00       0.00       0.00       0.00       0.00       0.00       0.00       0.00       0.00       0.00       0.00       0.00       0.00       0.00       0.00       0.00       0.00       0.00       0.00       0.00       0.00       0.00       0.00       0.00       0.00       0.00       0.00       0.00       0.00       0.00       0.00       0.00       0.00       0.00       0.00       0.00       0.00       0.00       0.00       0.00       0.00       0.00       0.00       0.00       0.00       0.00       0.00       0.00       0.00       0.00       0.00       0.00       0.00       0.00       0.00       0.00       0.00       0.00       0.00       0.00       0.00       0.00       0.00       0.00       0.00       0.00       0.00       0.00       0.00       0.00       0.00       0.00       0.00       0.00       0.00       0.00       0.00       0.00       0.00       0.00       0.00       0.00       0.00       0.00       0.00       0.00     234.00       1.00       0.00       0.00       0.00      33.00       0.00       0.00

17시 06분 45초  CPU       HI/s    TIMER/s   NET_TX/s   NET_RX/s    BLOCK/s IRQ_POLL/s  TASKLET/s    SCHED/s  HRTIMER/s      RCU/s
17시 06분 46초    0       0.00      23.00      13.00     310.00       2.00       0.00       0.00      95.00       0.00      74.00
17시 06분 46초    1       0.00      32.00       0.00       0.00       0.00       0.00       0.00      90.00       0.00      54.00
17시 06분 46초    2       0.00       8.00       0.00       0.00       0.00       0.00       0.00      69.00       0.00     110.00
17시 06분 46초    3       0.00      26.00       0.00       0.00       0.00       0.00       0.00      72.00       0.00      66.00
17시 06분 46초    4       0.00      28.00       0.00       0.00       0.00       0.00       0.00      65.00       0.00     133.00
17시 06분 46초    5       0.00       8.00       0.00       0.00       0.00       0.00       0.00      68.00       0.00      55.00

17시 06분 46초  CPU    %usr   %nice    %sys %iowait    %irq   %soft  %steal  %guest  %gnice   %idle
17시 06분 47초  all   15.20    0.00    1.86    0.00    0.17    0.00    0.00    0.00    0.00   82.77
17시 06분 47초    0    9.38    0.00    2.08    0.00    0.00    0.00    0.00    0.00    0.00   88.54
17시 06분 47초    1    5.32    0.00    3.19    0.00    0.00    0.00    0.00    0.00    0.00   91.49
17시 06분 47초    2    7.92    0.00    0.99    0.00    0.00    0.00    0.00    0.00    0.00   91.09
17시 06분 47초    3    4.08    0.00    2.04    0.00    0.00    0.00    0.00    0.00    0.00   93.88
17시 06분 47초    4   29.00    0.00    1.00    0.00    0.00    0.00    0.00    0.00    0.00   70.00
17시 06분 47초    5   33.98    0.00    1.94    0.00    0.97    0.00    0.00    0.00    0.00   63.11

17시 06분 46초  CPU    intr/s
17시 06분 47초  all   3243.00
17시 06분 47초    0    582.00
17시 06분 47초    1    184.00
17시 06분 47초    2    101.00
17시 06분 47초    3     82.00
17시 06분 47초    4    121.00
17시 06분 47초    5    125.00

17시 06분 46초  CPU        9/s       11/s       12/s       13/s       18/s       20/s       21/s       22/s       23/s       24/s       25/s       26/s       27/s       28/s       29/s       30/s       31/s       32/s       33/s       34/s       35/s       36/s       37/s       38/s       39/s       40/s       41/s       42/s       43/s       44/s       45/s       46/s       47/s       48/s       49/s       50/s       51/s       52/s       53/s       54/s       55/s       57/s       59/s       61/s       65/s       66/s       67/s       68/s       69/s       70/s       71/s       72/s       73/s       74/s       75/s       76/s       77/s       79/s       80/s       81/s       82/s       83/s       84/s       85/s       86/s       87/s       88/s       89/s       90/s       91/s       92/s       93/s       94/s       95/s       96/s       97/s       98/s      112/s      113/s      114/s      115/s      116/s      117/s      118/s      119/s      120/s      121/s      122/s      123/s      124/s      125/s      126/s      127/s      128/s      129/s      130/s      131/s      132/s      133/s      134/s      135/s      136/s      137/s      138/s      150/s      154/s      162/s      167/s      171/s      224/s      228/s      229/s      230/s      231/s      232/s      233/s      234/s      235/s      236/s      237/s      245/s      246/s      247/s      249/s      250/s      252/s      253/s      262/s      263/s      294/s      296/s      297/s      298/s      299/s      301/s      302/s     IPI0/s     IPI1/s     IPI2/s     IPI3/s     IPI4/s     IPI5/s     IPI6/s      Err/s
17시 06분 47초    0       0.00       0.00       0.00     212.00       0.00       0.00       0.00       0.00       0.00       0.00       0.00       0.00       0.00       0.00       0.00       0.00       0.00       0.00       0.00       0.00       0.00       0.00       0.00       0.00       0.00       0.00       0.00       0.00       0.00       0.00       0.00       0.00       0.00       0.00       0.00       0.00       0.00       0.00       0.00       0.00       0.00       0.00       0.00       0.00       0.00       0.00       0.00       0.00       0.00       0.00       0.00       0.00       0.00       0.00       0.00       0.00       0.00       0.00       0.00       0.00       0.00       0.00       0.00       0.00       0.00       0.00       0.00       0.00       0.00       0.00       0.00       0.00       0.00       0.00       0.00       0.00       0.00      81.00       0.00       4.00       0.00       0.00       0.00       0.00       0.00       0.00       0.00       0.00       0.00       0.00       0.00       0.00       0.00      91.00       0.00       0.00       0.00       0.00       0.00       0.00       0.00       0.00       0.00       0.00       0.00     185.00       0.00       0.00       0.00       0.00       0.00       0.00       0.00       0.00       0.00       0.00       0.00       0.00       0.00       0.00       0.00       0.00       0.00       0.00       0.00       0.00       0.00       0.00       0.00       0.00       0.00       0.00       0.00       0.00     432.00       0.00     165.00      38.00       0.00       0.00       0.00      74.00       0.00       0.00
17시 06분 47초    1       0.00       0.00       0.00     144.00       0.00       0.00       0.00       0.00       0.00       0.00       0.00       0.00       0.00       0.00       0.00       0.00       0.00       0.00       0.00       0.00       0.00       0.00       0.00       0.00       0.00       0.00       0.00       0.00       0.00       0.00       0.00       0.00       0.00       0.00       0.00       0.00       0.00       0.00       0.00       0.00       0.00       0.00       0.00       0.00       0.00       0.00       0.00       0.00       0.00       0.00       0.00       0.00       0.00       0.00       0.00       0.00       0.00       0.00       0.00       0.00       0.00       0.00       0.00       0.00       0.00       0.00       0.00       0.00       0.00       0.00       0.00       0.00       0.00       0.00       0.00       0.00       0.00       0.00       0.00       0.00       0.00       0.00       0.00       0.00       0.00       0.00       0.00       0.00       0.00       0.00       0.00       0.00       0.00       0.00       0.00       0.00       0.00       0.00       0.00       0.00       0.00       0.00       0.00       0.00       0.00       0.00       0.00       0.00       0.00       0.00       0.00       0.00       0.00       0.00       0.00       0.00       0.00       0.00       0.00       0.00       0.00       0.00       0.00       0.00       0.00       0.00       0.00       0.00       0.00       0.00       0.00       0.00       0.00       0.00       0.00       0.00     193.00      73.00       0.00       0.00       0.00      20.00       0.00       0.00
17시 06분 47초    2       0.00       0.00       0.00     131.00       0.00       0.00       0.00       0.00       0.00       0.00       0.00       0.00       0.00       0.00       0.00       0.00       0.00       0.00       0.00       0.00       0.00       0.00       0.00       0.00       0.00       0.00       0.00       0.00       0.00       0.00       0.00       0.00       0.00       0.00       0.00       0.00       0.00       0.00       0.00       0.00       0.00       0.00       0.00       0.00       0.00       0.00       0.00       0.00       0.00       0.00       0.00       0.00       0.00       0.00       0.00       0.00       0.00       0.00       0.00       0.00       0.00       0.00       0.00       0.00       0.00       0.00       0.00       0.00       0.00       0.00       0.00       0.00       0.00       0.00       0.00       0.00       0.00       0.00       0.00       0.00       0.00       0.00       0.00       0.00       0.00       0.00       0.00       0.00       0.00       0.00       0.00       0.00       0.00       0.00       0.00       0.00       0.00       0.00       0.00       0.00       0.00       0.00       0.00       0.00       0.00       0.00       0.00       0.00       0.00       0.00       0.00       0.00       0.00       0.00       0.00       0.00       0.00       0.00       0.00       0.00       0.00       0.00       0.00       0.00       0.00       0.00       0.00       0.00       0.00       0.00       0.00       0.00       0.00       0.00       0.00       0.00     175.00      13.00       0.00       0.00       0.00      16.00       0.00       0.00
17시 06분 47초    3       0.00       0.00       0.00     168.00       0.00       0.00       0.00       0.00       0.00       0.00       0.00       0.00       0.00       0.00       0.00       0.00       0.00       0.00       0.00       0.00       0.00       0.00       0.00       0.00       0.00       0.00       0.00       0.00       0.00       0.00       0.00       0.00       0.00       0.00       0.00       0.00       0.00       0.00       0.00       0.00       0.00       0.00       0.00       0.00       0.00       0.00       0.00       0.00       0.00       0.00       0.00       0.00       0.00       0.00       0.00       0.00       0.00       0.00       0.00       0.00       0.00       0.00       0.00       0.00       0.00       0.00       0.00       0.00       0.00       0.00       0.00       0.00       0.00       0.00       0.00       0.00       0.00       0.00       0.00       0.00       0.00       0.00       0.00       0.00       0.00       0.00       0.00       0.00       0.00       0.00       0.00       0.00       0.00       0.00       0.00       0.00       0.00       0.00       0.00       0.00       0.00       0.00       0.00       0.00       0.00       0.00       0.00       0.00       0.00       0.00       0.00       0.00       0.00       0.00       0.00       0.00       0.00       0.00       0.00       0.00       0.00       0.00       0.00       0.00       0.00       0.00       0.00       0.00       0.00       0.00       0.00       0.00       0.00       0.00       0.00       0.00     180.00       2.00       0.00       0.00       0.00      11.00       0.00       0.00
17시 06분 47초    4       0.00       0.00       0.00     197.00       0.00       0.00       0.00       0.00       0.00       0.00       0.00       0.00       0.00       0.00       0.00       0.00       0.00       0.00       0.00       0.00       0.00       0.00       0.00       0.00       0.00       0.00       0.00       0.00       0.00       0.00       0.00       0.00       0.00       0.00       0.00       0.00       0.00       0.00       0.00       0.00       0.00       0.00       0.00       0.00       0.00       0.00       0.00       0.00       0.00       0.00       0.00       0.00       0.00       0.00       0.00       0.00       0.00       0.00       0.00       0.00       0.00       0.00       0.00       0.00       0.00       0.00       0.00       0.00       0.00       0.00       0.00       0.00       0.00       0.00       0.00       0.00       0.00       0.00       0.00       0.00       0.00       0.00       0.00       0.00       0.00       0.00       0.00       0.00       0.00       0.00       0.00       0.00       0.00       0.00       0.00       0.00       0.00       0.00       0.00       0.00       0.00       0.00       0.00       0.00       0.00       0.00       0.00       0.00       0.00       0.00       0.00       0.00       0.00       0.00       0.00       0.00       0.00       0.00       0.00       0.00       0.00       0.00       0.00       0.00       0.00       0.00       0.00       0.00       0.00       0.00       0.00       0.00       0.00       0.00       0.00       0.00     201.00       1.00       0.00       0.00       0.00      35.00       0.00       0.00
17시 06분 47초    5       0.00       0.00       0.00     181.00       0.00       0.00       0.00       0.00       0.00       0.00       0.00       0.00       0.00       0.00       0.00       0.00       0.00       0.00       0.00       0.00       0.00       0.00       0.00       0.00       0.00       0.00       0.00       0.00       0.00       0.00       0.00       0.00       0.00       0.00       0.00       0.00       0.00       0.00       0.00       0.00       0.00       0.00       0.00       0.00       0.00       0.00       0.00       0.00       0.00       0.00       0.00       0.00       0.00       0.00       0.00       0.00       0.00       0.00       0.00       0.00       0.00       0.00       0.00       0.00       0.00       0.00       0.00       0.00       0.00       0.00       0.00       0.00       0.00       0.00       0.00       0.00       0.00       0.00       0.00       0.00       0.00       0.00       0.00       0.00       0.00       0.00       0.00       0.00       0.00       0.00       0.00       0.00       0.00       0.00       0.00       0.00       0.00       0.00       0.00       0.00       0.00       0.00       0.00       0.00       0.00       0.00       0.00       0.00       0.00       0.00       0.00       0.00       0.00       0.00       0.00       0.00       0.00       0.00       0.00       0.00       0.00       0.00       0.00       0.00       0.00       0.00       0.00       0.00       0.00       0.00       0.00       0.00       0.00       0.00       0.00       0.00     200.00       0.00       0.00       0.00       0.00      20.00       0.00       0.00

17시 06분 46초  CPU       HI/s    TIMER/s   NET_TX/s   NET_RX/s    BLOCK/s IRQ_POLL/s  TASKLET/s    SCHED/s  HRTIMER/s      RCU/s
17시 06분 47초    0       0.00      11.00      17.00     396.00       0.00       0.00       0.00     104.00       0.00      54.00
17시 06분 47초    1       0.00      42.00       0.00       0.00       0.00       0.00       0.00     116.00       0.00      26.00
17시 06분 47초    2       0.00      18.00       0.00       0.00       0.00       0.00       0.00      51.00       0.00      32.00
17시 06분 47초    3       0.00      11.00       0.00       0.00       0.00       0.00       0.00      28.00       0.00      43.00
17시 06분 47초    4       0.00      11.00       0.00       0.00       0.00       0.00       0.00      63.00       0.00      47.00
17시 06분 47초    5       0.00      17.00       0.00       0.00       0.00       0.00       0.00      59.00       0.00      49.00

17시 06분 47초  CPU    %usr   %nice    %sys %iowait    %irq   %soft  %steal  %guest  %gnice   %idle
17시 06분 48초  all   15.10    0.00    1.68    0.00    0.50    0.17    0.00    0.00    0.00   82.55
17시 06분 48초    0   22.77    0.00    0.99    0.00    0.99    0.99    0.00    0.00    0.00   74.26
17시 06분 48초    1    8.25    0.00    1.03    0.00    0.00    0.00    0.00    0.00    0.00   90.72
17시 06분 48초    2   14.00    0.00    2.00    0.00    1.00    0.00    0.00    0.00    0.00   83.00
17시 06분 48초    3   11.11    0.00    3.03    0.00    0.00    0.00    0.00    0.00    0.00   85.86
17시 06분 48초    4   16.00    0.00    2.00    0.00    1.00    0.00    0.00    0.00    0.00   81.00
17시 06분 48초    5   18.18    0.00    1.01    0.00    0.00    0.00    0.00    0.00    0.00   80.81

17시 06분 47초  CPU    intr/s
17시 06분 48초  all   2993.00
17시 06분 48초    0    531.00
17시 06분 48초    1    168.00
17시 06분 48초    2    100.00
17시 06분 48초    3    124.00
17시 06분 48초    4    108.00
17시 06분 48초    5    114.00

17시 06분 47초  CPU        9/s       11/s       12/s       13/s       18/s       20/s       21/s       22/s       23/s       24/s       25/s       26/s       27/s       28/s       29/s       30/s       31/s       32/s       33/s       34/s       35/s       36/s       37/s       38/s       39/s       40/s       41/s       42/s       43/s       44/s       45/s       46/s       47/s       48/s       49/s       50/s       51/s       52/s       53/s       54/s       55/s       57/s       59/s       61/s       65/s       66/s       67/s       68/s       69/s       70/s       71/s       72/s       73/s       74/s       75/s       76/s       77/s       79/s       80/s       81/s       82/s       83/s       84/s       85/s       86/s       87/s       88/s       89/s       90/s       91/s       92/s       93/s       94/s       95/s       96/s       97/s       98/s      112/s      113/s      114/s      115/s      116/s      117/s      118/s      119/s      120/s      121/s      122/s      123/s      124/s      125/s      126/s      127/s      128/s      129/s      130/s      131/s      132/s      133/s      134/s      135/s      136/s      137/s      138/s      150/s      154/s      162/s      167/s      171/s      224/s      228/s      229/s      230/s      231/s      232/s      233/s      234/s      235/s      236/s      237/s      245/s      246/s      247/s      249/s      250/s      252/s      253/s      262/s      263/s      294/s      296/s      297/s      298/s      299/s      301/s      302/s     IPI0/s     IPI1/s     IPI2/s     IPI3/s     IPI4/s     IPI5/s     IPI6/s      Err/s
17시 06분 48초    0       0.00       0.00       0.00     197.00       0.00       0.00       0.00       0.00       0.00       0.00       0.00       0.00       0.00       0.00       0.00       0.00       0.00       0.00       0.00       0.00       0.00       0.00       0.00       0.00       0.00       0.00       0.00       0.00       0.00       0.00       0.00       0.00       0.00       0.00       0.00       0.00       0.00       0.00       0.00       0.00       0.00       0.00       0.00       0.00       0.00       0.00       0.00       0.00       0.00       0.00       0.00       0.00       0.00       0.00       0.00       0.00       0.00       0.00       0.00       0.00       0.00       0.00       0.00       0.00       0.00       0.00       0.00       0.00       0.00       0.00       0.00       0.00       0.00       0.00       0.00       0.00       0.00       2.00       0.00       2.00       0.00       0.00       0.00       0.00       0.00       0.00       0.00       0.00       0.00       0.00       0.00       0.00       0.00      84.00       0.00       0.00       0.00       0.00       0.00       0.00       0.00       0.00       0.00       0.00       0.00     193.00       0.00       0.00       0.00       0.00       0.00       0.00       0.00       0.00       0.00       0.00       0.00       0.00       0.00       0.00       0.00       0.00       0.00       0.00       0.00       0.00       0.00       0.00       0.00       0.00       0.00       0.00       0.00       0.00     378.00       0.00     206.00      49.00       0.00       0.00       0.00      86.00       0.00       0.00
17시 06분 48초    1       0.00       0.00       0.00     143.00       0.00       0.00       0.00       0.00       0.00       0.00       0.00       0.00       0.00       0.00       0.00       0.00       0.00       0.00       0.00       0.00       0.00       0.00       0.00       0.00       0.00       0.00       0.00       0.00       0.00       0.00       0.00       0.00       0.00       0.00       0.00       0.00       0.00       0.00       0.00       0.00       0.00       0.00       0.00       0.00       0.00       0.00       0.00       0.00       0.00       0.00       0.00       0.00       0.00       0.00       0.00       0.00       0.00       0.00       0.00       0.00       0.00       0.00       0.00       0.00       0.00       0.00       0.00       0.00       0.00       0.00       0.00       0.00       0.00       0.00       0.00       0.00       0.00       0.00       0.00       0.00       0.00       0.00       0.00       0.00       0.00       0.00       0.00       0.00       0.00       0.00       0.00       0.00       0.00       0.00       0.00       0.00       0.00       0.00       0.00       0.00       0.00       0.00       0.00       0.00       0.00       0.00       0.00       0.00       0.00       0.00       0.00       0.00       0.00       0.00       0.00       0.00       0.00       0.00       0.00       0.00       0.00       0.00       0.00       0.00       0.00       0.00       0.00       0.00       0.00       0.00       0.00       0.00       0.00       0.00       0.00       0.00     194.00      60.00       0.00       0.00       0.00      21.00       0.00       0.00
17시 06분 48초    2       0.00       0.00       0.00     154.00       0.00       0.00       0.00       0.00       0.00       0.00       0.00       0.00       0.00       0.00       0.00       0.00       0.00       0.00       0.00       0.00       0.00       0.00       0.00       0.00       0.00       0.00       0.00       0.00       0.00       0.00       0.00       0.00       0.00       0.00       0.00       0.00       0.00       0.00       0.00       0.00       0.00       0.00       0.00       0.00       0.00       0.00       0.00       0.00       0.00       0.00       0.00       0.00       0.00       0.00       0.00       0.00       0.00       0.00       0.00       0.00       0.00       0.00       0.00       0.00       0.00       0.00       0.00       0.00       0.00       0.00       0.00       0.00       0.00       0.00       0.00       0.00       0.00       0.00       0.00       0.00       0.00       0.00       0.00       0.00       0.00       0.00       0.00       0.00       0.00       0.00       0.00       0.00       0.00       0.00       0.00       0.00       0.00       0.00       0.00       0.00       0.00       0.00       0.00       0.00       0.00       0.00       0.00       0.00       0.00       0.00       0.00       0.00       0.00       0.00       0.00       0.00       0.00       0.00       0.00       0.00       0.00       0.00       0.00       0.00       0.00       0.00       0.00       0.00       0.00       0.00       0.00       0.00       0.00       0.00       0.00       0.00     123.00       8.00       0.00       0.00       0.00      21.00       0.00       0.00
17시 06분 48초    3       0.00       0.00       0.00     156.00       0.00       0.00       0.00       0.00       0.00       0.00       0.00       0.00       0.00       0.00       0.00       0.00       0.00       0.00       0.00       0.00       0.00       0.00       0.00       0.00       0.00       0.00       0.00       0.00       0.00       0.00       0.00       0.00       0.00       0.00       0.00       0.00       0.00       0.00       0.00       0.00       0.00       0.00       0.00       0.00       0.00       0.00       0.00       0.00       0.00       0.00       0.00       0.00       0.00       0.00       0.00       0.00       0.00       0.00       0.00       0.00       0.00       0.00       0.00       0.00       0.00       0.00       0.00       0.00       0.00       0.00       0.00       0.00       0.00       0.00       0.00       0.00       0.00       0.00       0.00       0.00       0.00       0.00       0.00       0.00       0.00       0.00       0.00       0.00       0.00       0.00       0.00       0.00       0.00       0.00       0.00       0.00       0.00       0.00       0.00       0.00       0.00       0.00       0.00       0.00       0.00       0.00       0.00       0.00       0.00       0.00       0.00       0.00       0.00       0.00       0.00       0.00       0.00       0.00       0.00       0.00       0.00       0.00       0.00       0.00       0.00       0.00       0.00       0.00       0.00       0.00       0.00       0.00       0.00       0.00       0.00       0.00     158.00      14.00       0.00       0.00       0.00      15.00       0.00       0.00
17시 06분 48초    4       0.00       0.00       0.00     183.00       0.00       0.00       0.00       0.00       0.00       0.00       0.00       0.00       0.00       0.00       0.00       0.00       0.00       0.00       0.00       0.00       0.00       0.00       0.00       0.00       0.00       0.00       0.00       0.00       0.00       0.00       0.00       0.00       0.00       0.00       0.00       0.00       0.00       0.00       0.00       0.00       0.00       0.00       0.00       0.00       0.00       0.00       0.00       0.00       0.00       0.00       0.00       0.00       0.00       0.00       0.00       0.00       0.00       0.00       0.00       0.00       0.00       0.00       0.00       0.00       0.00       0.00       0.00       0.00       0.00       0.00       0.00       0.00       0.00       0.00       0.00       0.00       0.00       0.00       0.00       0.00       0.00       0.00       0.00       0.00       0.00       0.00       0.00       0.00       0.00       0.00       0.00       0.00       0.00       0.00       0.00       0.00       0.00       0.00       0.00       0.00       0.00       0.00       0.00       0.00       0.00       0.00       0.00       0.00       0.00       0.00       0.00       0.00       0.00       0.00       0.00       0.00       0.00       0.00       0.00       0.00       0.00       0.00       0.00       0.00       0.00       0.00       0.00       0.00       0.00       0.00       0.00       0.00       0.00       0.00       0.00       0.00     205.00       3.00       0.00       0.00       0.00      11.00       0.00       0.00
17시 06분 48초    5       0.00       0.00       0.00     134.00       0.00       0.00       0.00       0.00       0.00       0.00       0.00       0.00       0.00       0.00       0.00       0.00       0.00       0.00       0.00       0.00       0.00       0.00       0.00       0.00       0.00       0.00       0.00       0.00       0.00       0.00       0.00       0.00       0.00       0.00       0.00       0.00       0.00       0.00       0.00       0.00       0.00       0.00       0.00       0.00       0.00       0.00       0.00       0.00       0.00       0.00       0.00       0.00       0.00       0.00       0.00       0.00       0.00       0.00       0.00       0.00       0.00       0.00       0.00       0.00       0.00       0.00       0.00       0.00       0.00       0.00       0.00       0.00       0.00       0.00       0.00       0.00       0.00       0.00       0.00       0.00       0.00       0.00       0.00       0.00       0.00       0.00       0.00       0.00       0.00       0.00       0.00       0.00       0.00       0.00       0.00       0.00       0.00       0.00       0.00       0.00       0.00       0.00       0.00       0.00       0.00       0.00       0.00       0.00       0.00       0.00       0.00       0.00       0.00       0.00       0.00       0.00       0.00       0.00       0.00       0.00       0.00       0.00       0.00       0.00       0.00       0.00       0.00       0.00       0.00       0.00       0.00       0.00       0.00       0.00       0.00       0.00     169.00       1.00       0.00       0.00       0.00      23.00       0.00       0.00

17시 06분 47초  CPU       HI/s    TIMER/s   NET_TX/s   NET_RX/s    BLOCK/s IRQ_POLL/s  TASKLET/s    SCHED/s  HRTIMER/s      RCU/s
17시 06분 48초    0       0.00      13.00      18.00     348.00       0.00       0.00       0.00     108.00       0.00      44.00
17시 06분 48초    1       0.00      20.00       0.00       0.00       0.00       0.00       0.00     109.00       0.00      39.00
17시 06분 48초    2       0.00       5.00       0.00       0.00       0.00       0.00       0.00      55.00       0.00      40.00
17시 06분 48초    3       0.00      18.00       0.00       0.00       0.00       0.00       0.00      64.00       0.00      42.00
17시 06분 48초    4       0.00      17.00       0.00       0.00       0.00       0.00       0.00      60.00       0.00      31.00
17시 06분 48초    5       0.00      39.00       0.00       0.00       0.00       0.00       0.00      44.00       0.00      31.00

17시 06분 48초  CPU    %usr   %nice    %sys %iowait    %irq   %soft  %steal  %guest  %gnice   %idle
17시 06분 49초  all   15.05    0.00    3.85    0.00    0.17    0.00    0.00    0.00    0.00   80.94
17시 06분 49초    0   13.27    0.00    2.04    0.00    1.02    0.00    0.00    0.00    0.00   83.67
17시 06분 49초    1   16.83    0.00    1.98    0.00    0.00    0.00    0.00    0.00    0.00   81.19
17시 06분 49초    2   18.63    0.00   13.73    0.00    0.00    0.00    0.00    0.00    0.00   67.65
17시 06분 49초    3    9.18    0.00    3.06    0.00    0.00    0.00    0.00    0.00    0.00   87.76
17시 06분 49초    4   10.10    0.00    1.01    0.00    0.00    0.00    0.00    0.00    0.00   88.89
17시 06분 49초    5   22.00    0.00    1.00    0.00    0.00    0.00    0.00    0.00    0.00   77.00

17시 06분 48초  CPU    intr/s
17시 06분 49초  all   3289.00
17시 06분 49초    0    546.00
17시 06분 49초    1    162.00
17시 06분 49초    2    144.00
17시 06분 49초    3    128.00
17시 06분 49초    4    113.00
17시 06분 49초    5    115.00

17시 06분 48초  CPU        9/s       11/s       12/s       13/s       18/s       20/s       21/s       22/s       23/s       24/s       25/s       26/s       27/s       28/s       29/s       30/s       31/s       32/s       33/s       34/s       35/s       36/s       37/s       38/s       39/s       40/s       41/s       42/s       43/s       44/s       45/s       46/s       47/s       48/s       49/s       50/s       51/s       52/s       53/s       54/s       55/s       57/s       59/s       61/s       65/s       66/s       67/s       68/s       69/s       70/s       71/s       72/s       73/s       74/s       75/s       76/s       77/s       79/s       80/s       81/s       82/s       83/s       84/s       85/s       86/s       87/s       88/s       89/s       90/s       91/s       92/s       93/s       94/s       95/s       96/s       97/s       98/s      112/s      113/s      114/s      115/s      116/s      117/s      118/s      119/s      120/s      121/s      122/s      123/s      124/s      125/s      126/s      127/s      128/s      129/s      130/s      131/s      132/s      133/s      134/s      135/s      136/s      137/s      138/s      150/s      154/s      162/s      167/s      171/s      224/s      228/s      229/s      230/s      231/s      232/s      233/s      234/s      235/s      236/s      237/s      245/s      246/s      247/s      249/s      250/s      252/s      253/s      262/s      263/s      294/s      296/s      297/s      298/s      299/s      301/s      302/s     IPI0/s     IPI1/s     IPI2/s     IPI3/s     IPI4/s     IPI5/s     IPI6/s      Err/s
17시 06분 49초    0       0.00       0.00       0.00     189.00       0.00       0.00       0.00       0.00       0.00       0.00       0.00       0.00       0.00       0.00       0.00       0.00       0.00       0.00       0.00       0.00       0.00       0.00       0.00       0.00       0.00       0.00       0.00       0.00       0.00       0.00       0.00       0.00       0.00       0.00       0.00       0.00       0.00       0.00       0.00       0.00       0.00       0.00       0.00       0.00       0.00       0.00     140.00       0.00       0.00       0.00       0.00       0.00       0.00       0.00       0.00       0.00       0.00       0.00       0.00       0.00       0.00       0.00       0.00       0.00       0.00       0.00       0.00       0.00       0.00       0.00       0.00       0.00       0.00       0.00       0.00       0.00       0.00       0.00       0.00       1.00       0.00       0.00       0.00       0.00       0.00       0.00       0.00       0.00       0.00       0.00       0.00       0.00       0.00      91.00       0.00       0.00       0.00       0.00       0.00       0.00       0.00       0.00       0.00       0.00       0.00     185.00       0.00       0.00       0.00       0.00       0.00       0.00       0.00       0.00       0.00       0.00       0.00       0.00       0.00       0.00       0.00       0.00       0.00       0.00       0.00       0.00       0.00       0.00       0.00       0.00       0.00       0.00       0.00       0.00     405.00       0.00     209.00      29.00       0.00       0.00       0.00      56.00       0.00       0.00
17시 06분 49초    1       0.00       0.00       0.00     156.00       0.00       0.00       0.00       0.00       0.00       0.00       0.00       0.00       0.00       0.00       0.00       0.00       0.00       0.00       0.00       0.00       0.00       0.00       0.00       0.00       0.00       0.00       0.00       0.00       0.00       0.00       0.00       0.00       0.00       0.00       0.00       0.00       0.00       0.00       0.00       0.00       0.00       0.00       0.00       0.00       0.00       0.00       0.00       0.00       0.00       0.00       0.00       0.00       0.00       0.00       0.00       0.00       0.00       0.00       0.00       0.00       0.00       0.00       0.00       0.00       0.00       0.00       0.00       0.00       0.00       0.00       0.00       0.00       0.00       0.00       0.00       0.00       0.00       0.00       0.00       0.00       0.00       0.00       0.00       0.00       0.00       0.00       0.00       0.00       0.00       0.00       0.00       0.00       0.00       0.00       0.00       0.00       0.00       0.00       0.00       0.00       0.00       0.00       0.00       0.00       0.00       0.00       0.00       0.00       0.00       0.00       0.00       0.00       0.00       0.00       0.00       0.00       0.00       0.00       0.00       0.00       0.00       0.00       0.00       0.00       0.00       0.00       0.00       0.00       0.00       0.00       0.00       0.00       0.00       0.00       0.00       0.00     116.00      55.00       0.00       0.00       0.00      24.00       0.00       0.00
17시 06분 49초    2       0.00       0.00       0.00     182.00       0.00       0.00       0.00       0.00       0.00       0.00       0.00       0.00       0.00       0.00       0.00       0.00       0.00       0.00       0.00       0.00       0.00       0.00       0.00       0.00       0.00       0.00       0.00       0.00       0.00       0.00       0.00       0.00       0.00       0.00       0.00       0.00       0.00       0.00       0.00       0.00       0.00       0.00       0.00       0.00       0.00       0.00       0.00       0.00       0.00       0.00       0.00       0.00       0.00       0.00       0.00       0.00       0.00       0.00       0.00       0.00       0.00       0.00       0.00       0.00       0.00       0.00       0.00       0.00       0.00       0.00       0.00       0.00       0.00       0.00       0.00       0.00       0.00       0.00       0.00       0.00       0.00       0.00       0.00       0.00       0.00       0.00       0.00       0.00       0.00       0.00       0.00       0.00       0.00       0.00       0.00       0.00       0.00       0.00       0.00       0.00       0.00       0.00       0.00       0.00       0.00       0.00       0.00       0.00       0.00       0.00       0.00       0.00       0.00       0.00       0.00       0.00       0.00       0.00       0.00       0.00       0.00       0.00       0.00       0.00       0.00       0.00       0.00       0.00       0.00       0.00       0.00       0.00       0.00       0.00       0.00       0.00     281.00       5.00       0.00       0.00       0.00      46.00       0.00       0.00
17시 06분 49초    3       0.00       0.00       0.00     141.00       0.00       0.00       0.00       0.00       0.00       0.00       0.00       0.00       0.00       0.00       0.00       0.00       0.00       0.00       0.00       0.00       0.00       0.00       0.00       0.00       0.00       0.00       0.00       0.00       0.00       0.00       0.00       0.00       0.00       0.00       0.00       0.00       0.00       0.00       0.00       0.00       0.00       0.00       0.00       0.00       0.00       0.00       0.00       0.00       0.00       0.00       0.00       0.00       0.00       0.00       0.00       0.00       0.00       0.00       0.00       0.00       0.00       0.00       0.00       0.00       0.00       0.00       0.00       0.00       0.00       0.00       0.00       0.00       0.00       0.00       0.00       0.00       0.00       0.00       0.00       0.00       0.00       0.00       0.00       0.00       0.00       0.00       0.00       0.00       0.00       0.00       0.00       0.00       0.00       0.00       0.00       0.00       0.00       0.00       0.00       0.00       0.00       0.00       0.00       0.00       0.00       0.00       0.00       0.00       0.00       0.00       0.00       0.00       0.00       0.00       0.00       0.00       0.00       0.00       0.00       0.00       0.00       0.00       0.00       0.00       0.00       0.00       0.00       0.00       0.00       0.00       0.00       0.00       0.00       0.00       0.00       0.00     187.00      29.00       0.00       0.00       0.00      18.00       0.00       0.00
17시 06분 49초    4       0.00       0.00       0.00     179.00       0.00       0.00       0.00       0.00       0.00       0.00       0.00       0.00       0.00       0.00       0.00       0.00       0.00       0.00       0.00       0.00       0.00       0.00       0.00       0.00       0.00       0.00       0.00       0.00       0.00       0.00       0.00       0.00       0.00       0.00       0.00       0.00       0.00       0.00       0.00       0.00       0.00       0.00       0.00       0.00       0.00       0.00       0.00       0.00       0.00       0.00       0.00       0.00       0.00       0.00       0.00       0.00       0.00       0.00       0.00       0.00       0.00       0.00       0.00       0.00       0.00       0.00       0.00       0.00       0.00       0.00       0.00       0.00       0.00       0.00       0.00       0.00       0.00       0.00       0.00       0.00       0.00       0.00       0.00       0.00       0.00       0.00       0.00       0.00       0.00       0.00       0.00       0.00       0.00       0.00       0.00       0.00       0.00       0.00       0.00       0.00       0.00       0.00       0.00       0.00       0.00       0.00       0.00       0.00       0.00       0.00       0.00       0.00       0.00       0.00       0.00       0.00       0.00       0.00       0.00       0.00       0.00       0.00       0.00       0.00       0.00       0.00       0.00       0.00       0.00       0.00       0.00       0.00       0.00       0.00       0.00       0.00     210.00       5.00       0.00       0.00       0.00       9.00       0.00       0.00
17시 06분 49초    5       0.00       0.00       0.00     155.00       0.00       0.00       0.00       0.00       0.00       0.00       0.00       0.00       0.00       0.00       0.00       0.00       0.00       0.00       0.00       0.00       0.00       0.00       0.00       0.00       0.00       0.00       0.00       0.00       0.00       0.00       0.00       0.00       0.00       0.00       0.00       0.00       0.00       0.00       0.00       0.00       0.00       0.00       0.00       0.00       0.00       0.00       0.00       0.00       0.00       0.00       0.00       0.00       0.00       0.00       0.00       0.00       0.00       0.00       0.00       0.00       0.00       0.00       0.00       0.00       0.00       0.00       0.00       0.00       0.00       0.00       0.00       0.00       0.00       0.00       0.00       0.00       0.00       0.00       0.00       0.00       0.00       0.00       0.00       0.00       0.00       0.00       0.00       0.00       0.00       0.00       0.00       0.00       0.00       0.00       0.00       0.00       0.00       0.00       0.00       0.00       0.00       0.00       0.00       0.00       0.00       0.00       0.00       0.00       0.00       0.00       0.00       0.00       0.00       0.00       0.00       0.00       0.00       0.00       0.00       0.00       0.00       0.00       0.00       0.00       0.00       0.00       0.00       0.00       0.00       0.00       0.00       0.00       0.00       0.00       0.00       0.00     171.00       3.00       0.00       0.00       0.00      13.00       0.00       0.00

17시 06분 48초  CPU       HI/s    TIMER/s   NET_TX/s   NET_RX/s    BLOCK/s IRQ_POLL/s  TASKLET/s    SCHED/s  HRTIMER/s      RCU/s
17시 06분 49초    0       0.00      19.00      17.00     372.00       1.00       0.00       0.00      95.00       0.00      42.00
17시 06분 49초    1       0.00      21.00       0.00       0.00       0.00       0.00       0.00     104.00       0.00      37.00
17시 06분 49초    2       0.00      16.00       0.00       0.00       3.00       0.00       0.00      83.00       0.00      42.00
17시 06분 49초    3       0.00      22.00       0.00       0.00       0.00       0.00       0.00      70.00       0.00      36.00
17시 06분 49초    4       0.00      14.00       0.00       0.00       0.00       0.00       0.00      64.00       0.00      35.00
17시 06분 49초    5       0.00      10.00       0.00       0.00       0.00       0.00       0.00      70.00       0.00      35.00

17시 06분 49초  CPU    %usr   %nice    %sys %iowait    %irq   %soft  %steal  %guest  %gnice   %idle
17시 06분 50초  all   14.91    0.00    2.51    0.00    0.17    0.00    0.00    0.00    0.00   82.41
17시 06분 50초    0   13.86    0.00    2.97    0.00    0.99    0.00    0.00    0.00    0.00   82.18
17시 06분 50초    1   15.31    0.00    2.04    0.00    0.00    0.00    0.00    0.00    0.00   82.65
17시 06분 50초    2   13.13    0.00    1.01    0.00    0.00    0.00    0.00    0.00    0.00   85.86
17시 06분 50초    3   16.33    0.00    2.04    0.00    0.00    0.00    0.00    0.00    0.00   81.63
17시 06분 50초    4   13.00    0.00    5.00    0.00    0.00    0.00    0.00    0.00    0.00   82.00
17시 06분 50초    5   17.82    0.00    1.98    0.00    0.00    0.00    0.00    0.00    0.00   80.20

17시 06분 49초  CPU    intr/s
17시 06분 50초  all   3031.00
17시 06분 50초    0    585.00
17시 06분 50초    1    149.00
17시 06분 50초    2    104.00
17시 06분 50초    3    117.00
17시 06분 50초    4    139.00
17시 06분 50초    5    116.00

17시 06분 49초  CPU        9/s       11/s       12/s       13/s       18/s       20/s       21/s       22/s       23/s       24/s       25/s       26/s       27/s       28/s       29/s       30/s       31/s       32/s       33/s       34/s       35/s       36/s       37/s       38/s       39/s       40/s       41/s       42/s       43/s       44/s       45/s       46/s       47/s       48/s       49/s       50/s       51/s       52/s       53/s       54/s       55/s       57/s       59/s       61/s       65/s       66/s       67/s       68/s       69/s       70/s       71/s       72/s       73/s       74/s       75/s       76/s       77/s       79/s       80/s       81/s       82/s       83/s       84/s       85/s       86/s       87/s       88/s       89/s       90/s       91/s       92/s       93/s       94/s       95/s       96/s       97/s       98/s      112/s      113/s      114/s      115/s      116/s      117/s      118/s      119/s      120/s      121/s      122/s      123/s      124/s      125/s      126/s      127/s      128/s      129/s      130/s      131/s      132/s      133/s      134/s      135/s      136/s      137/s      138/s      150/s      154/s      162/s      167/s      171/s      224/s      228/s      229/s      230/s      231/s      232/s      233/s      234/s      235/s      236/s      237/s      245/s      246/s      247/s      249/s      250/s      252/s      253/s      262/s      263/s      294/s      296/s      297/s      298/s      299/s      301/s      302/s     IPI0/s     IPI1/s     IPI2/s     IPI3/s     IPI4/s     IPI5/s     IPI6/s      Err/s
17시 06분 50초    0       0.00       0.00       0.00     168.00       0.00       0.00       0.00       0.00       0.00       0.00       0.00       0.00       0.00       0.00       0.00       0.00       0.00       0.00       0.00       0.00       0.00       0.00       0.00       0.00       0.00       0.00       0.00       0.00       0.00       0.00       0.00       0.00       0.00       0.00       0.00       0.00       0.00       0.00       0.00       0.00       0.00       0.00       0.00       0.00       0.00       0.00       0.00       0.00       0.00       0.00       0.00       0.00       0.00       0.00       0.00       0.00       0.00       0.00       0.00       0.00       0.00       0.00       0.00       0.00       0.00       0.00       0.00       0.00       0.00       0.00       0.00       0.00       0.00       0.00       0.00       0.00       0.00       0.00       0.00       0.00       0.00       0.00       0.00       0.00       0.00       0.00       0.00       0.00       0.00       0.00       0.00       0.00       0.00      92.00       0.00       0.00       0.00       0.00       0.00       0.00       0.00       0.00       0.00       0.00       0.00     172.00       0.00       0.00       0.00       0.00       0.00       0.00       0.00       0.00       0.00       0.00       0.00       0.00       0.00       0.00       0.00       0.00       0.00       0.00       0.00       0.00       0.00       0.00       0.00       0.00       0.00       0.00       0.00       0.00     429.00       0.00     213.00      57.00       0.00       0.00       0.00      66.00       0.00       0.00
17시 06분 50초    1       0.00       0.00       0.00     156.00       0.00       0.00       0.00       0.00       0.00       0.00       0.00       0.00       0.00       0.00       0.00       0.00       0.00       0.00       0.00       0.00       0.00       0.00       0.00       0.00       0.00       0.00       0.00       0.00       0.00       0.00       0.00       0.00       0.00       0.00       0.00       0.00       0.00       0.00       0.00       0.00       0.00       0.00       0.00       0.00       0.00       0.00       0.00       0.00       0.00       0.00       0.00       0.00       0.00       0.00       0.00       0.00       0.00       0.00       0.00       0.00       0.00       0.00       0.00       0.00       0.00       0.00       0.00       0.00       0.00       0.00       0.00       0.00       0.00       0.00       0.00       0.00       0.00       0.00       0.00       0.00       0.00       0.00       0.00       0.00       0.00       0.00       0.00       0.00       0.00       0.00       0.00       0.00       0.00       0.00       0.00       0.00       0.00       0.00       0.00       0.00       0.00       0.00       0.00       0.00       0.00       0.00       0.00       0.00       0.00       0.00       0.00       0.00       0.00       0.00       0.00       0.00       0.00       0.00       0.00       0.00       0.00       0.00       0.00       0.00       0.00       0.00       0.00       0.00       0.00       0.00       0.00       0.00       0.00       0.00       0.00       0.00     154.00      32.00       0.00       0.00       0.00      24.00       0.00       0.00
17시 06분 50초    2       0.00       0.00       0.00     149.00       0.00       0.00       0.00       0.00       0.00       0.00       0.00       0.00       0.00       0.00       0.00       0.00       0.00       0.00       0.00       0.00       0.00       0.00       0.00       0.00       0.00       0.00       0.00       0.00       0.00       0.00       0.00       0.00       0.00       0.00       0.00       0.00       0.00       0.00       0.00       0.00       0.00       0.00       0.00       0.00       0.00       0.00       0.00       0.00       0.00       0.00       0.00       0.00       0.00       0.00       0.00       0.00       0.00       0.00       0.00       0.00       0.00       0.00       0.00       0.00       0.00       0.00       0.00       0.00       0.00       0.00       0.00       0.00       0.00       0.00       0.00       0.00       0.00       0.00       0.00       0.00       0.00       0.00       0.00       0.00       0.00       0.00       0.00       0.00       0.00       0.00       0.00       0.00       0.00       0.00       0.00       0.00       0.00       0.00       0.00       0.00       0.00       0.00       0.00       0.00       0.00       0.00       0.00       0.00       0.00       0.00       0.00       0.00       0.00       0.00       0.00       0.00       0.00       0.00       0.00       0.00       0.00       0.00       0.00       0.00       0.00       0.00       0.00       0.00       0.00       0.00       0.00       0.00       0.00       0.00       0.00       0.00     147.00      10.00       0.00       0.00       0.00      19.00       0.00       0.00
17시 06분 50초    3       0.00       0.00       0.00     169.00       0.00       0.00       0.00       0.00       0.00       0.00       0.00       0.00       0.00       0.00       0.00       0.00       0.00       0.00       0.00       0.00       0.00       0.00       0.00       0.00       0.00       0.00       0.00       0.00       0.00       0.00       0.00       0.00       0.00       0.00       0.00       0.00       0.00       0.00       0.00       0.00       0.00       0.00       0.00       0.00       0.00       0.00       0.00       0.00       0.00       0.00       0.00       0.00       0.00       0.00       0.00       0.00       0.00       0.00       0.00       0.00       0.00       0.00       0.00       0.00       0.00       0.00       0.00       0.00       0.00       0.00       0.00       0.00       0.00       0.00       0.00       0.00       0.00       0.00       0.00       0.00       0.00       0.00       0.00       0.00       0.00       0.00       0.00       0.00       0.00       0.00       0.00       0.00       0.00       0.00       0.00       0.00       0.00       0.00       0.00       0.00       0.00       0.00       0.00       0.00       0.00       0.00       0.00       0.00       0.00       0.00       0.00       0.00       0.00       0.00       0.00       0.00       0.00       0.00       0.00       0.00       0.00       0.00       0.00       0.00       0.00       0.00       0.00       0.00       0.00       0.00       0.00       0.00       0.00       0.00       0.00       0.00     160.00       9.00       0.00       0.00       0.00      24.00       0.00       0.00
17시 06분 50초    4       0.00       0.00       0.00     180.00       0.00       0.00       0.00       0.00       0.00       0.00       0.00       0.00       0.00       0.00       0.00       0.00       0.00       0.00       0.00       0.00       0.00       0.00       0.00       0.00       0.00       0.00       0.00       0.00       0.00       0.00       0.00       0.00       0.00       0.00       0.00       0.00       0.00       0.00       0.00       0.00       0.00       0.00       0.00       0.00       0.00       0.00       0.00       0.00       0.00       0.00       0.00       0.00       0.00       0.00       0.00       0.00       0.00       0.00       0.00       0.00       0.00       0.00       0.00       0.00       0.00       0.00       0.00       0.00       0.00       0.00       0.00       0.00       0.00       0.00       0.00       0.00       0.00       0.00       0.00       0.00       0.00       0.00       0.00       0.00       0.00       0.00       0.00       0.00       0.00       0.00       0.00       0.00       0.00       0.00       0.00       0.00       0.00       0.00       0.00       0.00       0.00       0.00       0.00       0.00       0.00       0.00       0.00       0.00       0.00       0.00       0.00       0.00       0.00       0.00       0.00       0.00       0.00       0.00       0.00       0.00       0.00       0.00       0.00       0.00       0.00       0.00       0.00       0.00       0.00       0.00       0.00       0.00       0.00       0.00       0.00       0.00     244.00       4.00       0.00       0.00       0.00      16.00       0.00       0.00
17시 06분 50초    5       0.00       0.00       0.00     165.00       0.00       0.00       0.00       0.00       0.00       0.00       0.00       0.00       0.00       0.00       0.00       0.00       0.00       0.00       0.00       0.00       0.00       0.00       0.00       0.00       0.00       0.00       0.00       0.00       0.00       0.00       0.00       0.00       0.00       0.00       0.00       0.00       0.00       0.00       0.00       0.00       0.00       0.00       0.00       0.00       0.00       0.00       0.00       0.00       0.00       0.00       0.00       0.00       0.00       0.00       0.00       0.00       0.00       0.00       0.00       0.00       0.00       0.00       0.00       0.00       0.00       0.00       0.00       0.00       0.00       0.00       0.00       0.00       0.00       0.00       0.00       0.00       0.00       0.00       0.00       0.00       0.00       0.00       0.00       0.00       0.00       0.00       0.00       0.00       0.00       0.00       0.00       0.00       0.00       0.00       0.00       0.00       0.00       0.00       0.00       0.00       0.00       0.00       0.00       0.00       0.00       0.00       0.00       0.00       0.00       0.00       0.00       0.00       0.00       0.00       0.00       0.00       0.00       0.00       0.00       0.00       0.00       0.00       0.00       0.00       0.00       0.00       0.00       0.00       0.00       0.00       0.00       0.00       0.00       0.00       0.00       0.00     150.00       3.00       0.00       0.00       0.00      18.00       0.00       0.00

17시 06분 49초  CPU       HI/s    TIMER/s   NET_TX/s   NET_RX/s    BLOCK/s IRQ_POLL/s  TASKLET/s    SCHED/s  HRTIMER/s      RCU/s
17시 06분 50초    0       0.00      18.00      17.00     394.00       0.00       0.00       0.00     107.00       0.00      49.00
17시 06분 50초    1       0.00      22.00       0.00       0.00       0.00       0.00       0.00      81.00       0.00      46.00
17시 06분 50초    2       0.00      11.00       0.00       0.00       0.00       0.00       0.00      59.00       0.00      34.00
17시 06분 50초    3       0.00      16.00       0.00       0.00       0.00       0.00       0.00      65.00       0.00      36.00
17시 06분 50초    4       0.00      14.00       0.00       0.00       0.00       0.00       0.00      78.00       0.00      47.00
17시 06분 50초    5       0.00      24.00       0.00       0.00       0.00       0.00       0.00      60.00       0.00      32.00

17시 06분 50초  CPU    %usr   %nice    %sys %iowait    %irq   %soft  %steal  %guest  %gnice   %idle
17시 06분 51초  all   15.29    0.00    3.53    0.67    0.17    0.17    0.00    0.00    0.00   80.17
17시 06분 51초    0   11.34    0.00    1.03    0.00    0.00    1.03    0.00    0.00    0.00   86.60
17시 06분 51초    1    5.05    0.00    2.02    0.00    1.01    0.00    0.00    0.00    0.00   91.92
17시 06분 51초    2   17.35    0.00    0.00    0.00    0.00    0.00    0.00    0.00    0.00   82.65
17시 06분 51초    3   11.11    0.00    1.01    0.00    0.00    0.00    0.00    0.00    0.00   87.88
17시 06분 51초    4   25.49    0.00    2.94    2.94    0.00    0.00    0.00    0.00    0.00   68.63
17시 06분 51초    5   21.00    0.00   14.00    1.00    0.00    0.00    0.00    0.00    0.00   64.00

17시 06분 50초  CPU    intr/s
17시 06분 51초  all   3468.32
17시 06분 51초    0    534.65
17시 06분 51초    1    194.06
17시 06분 51초    2    124.75
17시 06분 51초    3    108.91
17시 06분 51초    4    121.78
17시 06분 51초    5    129.70

17시 06분 50초  CPU        9/s       11/s       12/s       13/s       18/s       20/s       21/s       22/s       23/s       24/s       25/s       26/s       27/s       28/s       29/s       30/s       31/s       32/s       33/s       34/s       35/s       36/s       37/s       38/s       39/s       40/s       41/s       42/s       43/s       44/s       45/s       46/s       47/s       48/s       49/s       50/s       51/s       52/s       53/s       54/s       55/s       57/s       59/s       61/s       65/s       66/s       67/s       68/s       69/s       70/s       71/s       72/s       73/s       74/s       75/s       76/s       77/s       79/s       80/s       81/s       82/s       83/s       84/s       85/s       86/s       87/s       88/s       89/s       90/s       91/s       92/s       93/s       94/s       95/s       96/s       97/s       98/s      112/s      113/s      114/s      115/s      116/s      117/s      118/s      119/s      120/s      121/s      122/s      123/s      124/s      125/s      126/s      127/s      128/s      129/s      130/s      131/s      132/s      133/s      134/s      135/s      136/s      137/s      138/s      150/s      154/s      162/s      167/s      171/s      224/s      228/s      229/s      230/s      231/s      232/s      233/s      234/s      235/s      236/s      237/s      245/s      246/s      247/s      249/s      250/s      252/s      253/s      262/s      263/s      294/s      296/s      297/s      298/s      299/s      301/s      302/s     IPI0/s     IPI1/s     IPI2/s     IPI3/s     IPI4/s     IPI5/s     IPI6/s      Err/s
17시 06분 51초    0       0.00       0.00       0.00     216.83       0.00       0.00       0.00       0.00       0.00       0.00       0.00       0.00       0.00       0.00       0.00       0.00       0.00       0.00       0.00       0.00       0.00       0.00       0.00       0.00       0.00       0.00       0.00       0.00       0.00       0.00       0.00       0.00       0.00       0.00       0.00       0.00       0.00       0.00       0.00       0.00       0.00       0.00       0.00       0.00       0.00       0.00     132.67       0.00       0.00       0.00       0.00       0.00       0.00       0.00       0.00       0.00       0.00       0.00       0.00       0.00       0.00       0.00       0.00       0.00       0.00       0.00       0.00       0.00       0.00       0.00       0.00       0.00       0.00       0.00       0.00       0.00       0.00       0.00       0.00       0.00       0.00       0.00       0.00       0.00       0.00       0.00       0.00       0.00       0.00       0.00       0.00       0.00       0.00      90.10       0.00       0.00       0.00       0.00       0.00       0.00       0.00       0.00       0.00       0.00       0.00     228.71       0.00       0.00       0.00       0.00       0.00       0.00       0.00       0.00       0.00       0.00       0.00       0.00       0.00       0.00       0.00       0.00       0.00       0.00       0.00       0.00       0.00       0.00       0.00       0.00       0.00       0.00       0.00       0.00     403.96       0.00     220.79      26.73       0.00       0.00       0.00      71.29       0.00       0.00
17시 06분 51초    1       0.00       0.00       0.00     142.57       0.00       0.00       0.00       0.00       0.00       0.00       0.00       0.00       0.00       0.00       0.00       0.00       0.00       0.00       0.00       0.00       0.00       0.00       0.00       0.00       0.00       0.00       0.00       0.00       0.00       0.00       0.00       0.00       0.00       0.00       0.00       0.00       0.00       0.00       0.00       0.00       0.00       0.00       0.00       0.00       0.00       0.00       0.00       0.00       0.00       0.00       0.00       0.00       0.00       0.00       0.00       0.00       0.00       0.00       0.00       0.00       0.00       0.00       0.00       0.00       0.00       0.00       0.00       0.00       0.00       0.00       0.00       0.00       0.00       0.00       0.00       0.00       0.00       0.00       0.00       0.00       0.00       0.00       0.00       0.00       0.00       0.00       0.00       0.00       0.00       0.00       0.00       0.00       0.00       0.00       0.00       0.00       0.00       0.00       0.00       0.00       0.00       0.00       0.00       0.00       0.00       0.00       0.00       0.00       0.00       0.00       0.00       0.00       0.00       0.00       0.00       0.00       0.00       0.00       0.00       0.00       0.00       0.00       0.00       0.00       0.00       0.00       0.00       0.00       0.00       0.00       0.00       0.00       0.00       0.00       0.00       0.00     189.11      93.07       0.00       0.00       0.00      28.71       0.00       0.00
17시 06분 51초    2       0.00       0.00       0.00     158.42       0.00       0.00       0.00       0.00       0.00       0.00       0.00       0.00       0.00       0.00       0.00       0.00       0.00       0.00       0.00       0.00       0.00       0.00       0.00       0.00       0.00       0.00       0.00       0.00       0.00       0.00       0.00       0.00       0.00       0.00       0.00       0.00       0.00       0.00       0.00       0.00       0.00       0.00       0.00       0.00       0.00       0.00       0.00       0.00       0.00       0.00       0.00       0.00       0.00       0.00       0.00       0.00       0.00       0.00       0.00       0.00       0.00       0.00       0.00       0.00       0.00       0.00       0.00       0.00       0.00       0.00       0.00       0.00       0.00       0.00       0.00       0.00       0.00       0.00       0.00       0.00       0.00       0.00       0.00       0.00       0.00       0.00       0.00       0.00       0.00       0.00       0.00       0.00       0.00       0.00       0.00       0.00       0.00       0.00       0.00       0.00       0.00       0.00       0.00       0.00       0.00       0.00       0.00       0.00       0.00       0.00       0.00       0.00       0.00       0.00       0.00       0.00       0.00       0.00       0.00       0.00       0.00       0.00       0.00       0.00       0.00       0.00       0.00       0.00       0.00       0.00       0.00       0.00       0.00       0.00       0.00       0.00     146.53      11.88       0.00       0.00       0.00      30.69       0.00       0.00
17시 06분 51초    3       0.00       0.00       0.00     138.61       0.00       0.00       0.00       0.00       0.00       0.00       0.00       0.00       0.00       0.00       0.00       0.00       0.00       0.00       0.00       0.00       0.00       0.00       0.00       0.00       0.00       0.00       0.00       0.00       0.00       0.00       0.00       0.00       0.00       0.00       0.00       0.00       0.00       0.00       0.00       0.00       0.00       0.00       0.00       0.00       0.00       0.00       0.00       0.00       0.00       0.00       0.00       0.00       0.00       0.00       0.00       0.00       0.00       0.00       0.00       0.00       0.00       0.00       0.00       0.00       0.00       0.00       0.00       0.00       0.00       0.00       0.00       0.00       0.00       0.00       0.00       0.00       0.00       0.00       0.00       0.00       0.00       0.00       0.00       0.00       0.00       0.00       0.00       0.00       0.00       0.00       0.00       0.00       0.00       0.00       0.00       0.00       0.00       0.00       0.00       0.00       0.00       0.00       0.00       0.00       0.00       0.00       0.00       0.00       0.00       0.00       0.00       0.00       0.00       0.00       0.00       0.00       0.00       0.00       0.00       0.00       0.00       0.00       0.00       0.00       0.00       0.00       0.00       0.00       0.00       0.00       0.00       0.00       0.00       0.00       0.00       0.00     209.90       8.91       0.00       0.00       0.00      14.85       0.00       0.00
17시 06분 51초    4       0.00       0.00       0.00     190.10       0.00       0.00       0.00       0.00       0.00       0.00       0.00       0.00       0.00       0.00       0.00       0.00       0.00       0.00       0.00       0.00       0.00       0.00       0.00       0.00       0.00       0.00       0.00       0.00       0.00       0.00       0.00       0.00       0.00       0.00       0.00       0.00       0.00       0.00       0.00       0.00       0.00       0.00       0.00       0.00       0.00       0.00       0.00       0.00       0.00       0.00       0.00       0.00       0.00       0.00       0.00       0.00       0.00       0.00       0.00       0.00       0.00       0.00       0.00       0.00       0.00       0.00       0.00       0.00       0.00       0.00       0.00       0.00       0.00       0.00       0.00       0.00       0.00       0.00       0.00       0.00       0.00       0.00       0.00       0.00       0.00       0.00       0.00       0.00       0.00       0.00       0.00       0.00       0.00       0.00       0.00       0.00       0.00       0.00       0.00       0.00       0.00       0.00       0.00       0.00       0.00       0.00       0.00       0.00       0.00       0.00       0.00       0.00       0.00       0.00       0.00       0.00       0.00       0.00       0.00       0.00       0.00       0.00       0.00       0.00       0.00       0.00       0.00       0.00       0.00       0.00       0.00       0.00       0.00       0.00       0.00       0.00     240.59       5.94       0.00       0.00       0.00      28.71       0.00       0.00
17시 06분 51초    5       0.00       0.00       0.00     174.26       0.00       0.00       0.00       0.00       0.00       0.00       0.00       0.00       0.00       0.00       0.00       0.00       0.00       0.00       0.00       0.00       0.00       0.00       0.00       0.00       0.00       0.00       0.00       0.00       0.00       0.00       0.00       0.00       0.00       0.00       0.00       0.00       0.00       0.00       0.00       0.00       0.00       0.00       0.00       0.00       0.00       0.00       0.00       0.00       0.00       0.00       0.00       0.00       0.00       0.00       0.00       0.00       0.00       0.00       0.00       0.00       0.00       0.00       0.00       0.00       0.00       0.00       0.00       0.00       0.00       0.00       0.00       0.00       0.00       0.00       0.00       0.00       0.00       0.00       0.00       0.00       0.00       0.00       0.00       0.00       0.00       0.00       0.00       0.00       0.00       0.00       0.00       0.00       0.00       0.00       0.00       0.00       0.00       0.00       0.00       0.00       0.00       0.00       0.00       0.00       0.00       0.00       0.00       0.00       0.00       0.00       0.00       0.00       0.00       0.00       0.00       0.00       0.00       0.00       0.00       0.00       0.00       0.00       0.00       0.00       0.00       0.00       0.00       0.00       0.00       0.00       0.00       0.00       0.00       0.00       0.00       0.00     233.66       1.98       0.00       0.00       0.00      39.60       0.00       0.00

17시 06분 50초  CPU       HI/s    TIMER/s   NET_TX/s   NET_RX/s    BLOCK/s IRQ_POLL/s  TASKLET/s    SCHED/s  HRTIMER/s      RCU/s
17시 06분 51초    0       0.00      13.86      16.83     370.30       1.98       0.00       0.00      94.06       0.00      37.62
17시 06분 51초    1       0.00      21.78       0.00       0.00       0.00       0.00       0.00     136.63       0.00      35.64
17시 06분 51초    2       0.00      17.82       0.00       0.00       0.00       0.00       0.00      72.28       0.00      34.65
17시 06분 51초    3       0.00      27.72       0.00       0.00       0.00       0.00       0.00      50.50       0.00      30.69
17시 06분 51초    4       0.00       7.92       0.00       0.00       0.00       0.00       0.00      71.29       0.00      42.57
17시 06분 51초    5       0.00      15.84       0.00       0.00       0.00       0.00       0.00      80.20       0.00      33.66

17시 06분 51초  CPU    %usr   %nice    %sys %iowait    %irq   %soft  %steal  %guest  %gnice   %idle
17시 06분 52초  all   13.33    0.00    4.67    0.00    0.33    0.17    0.00    0.00    0.00   81.50
17시 06분 52초    0    6.06    0.00    0.00    0.00    1.01    0.00    0.00    0.00    0.00   92.93
17시 06분 52초    1   20.00    0.00   10.00    0.00    0.00    0.00    0.00    0.00    0.00   70.00
17시 06분 52초    2    7.92    0.00    1.98    0.00    0.00    0.00    0.00    0.00    0.00   90.10
17시 06분 52초    3   22.22    0.00   12.12    0.00    0.00    1.01    0.00    0.00    0.00   64.65
17시 06분 52초    4    9.09    0.00    2.02    0.00    0.00    0.00    0.00    0.00    0.00   88.89
17시 06분 52초    5   14.71    0.00    1.96    0.00    0.98    0.00    0.00    0.00    0.00   82.35

17시 06분 51초  CPU    intr/s
17시 06분 52초  all   2060.00
17시 06분 52초    0    437.00
17시 06분 52초    1    153.00
17시 06분 52초    2    121.00
17시 06분 52초    3    119.00
17시 06분 52초    4    107.00
17시 06분 52초    5     90.00

17시 06분 51초  CPU        9/s       11/s       12/s       13/s       18/s       20/s       21/s       22/s       23/s       24/s       25/s       26/s       27/s       28/s       29/s       30/s       31/s       32/s       33/s       34/s       35/s       36/s       37/s       38/s       39/s       40/s       41/s       42/s       43/s       44/s       45/s       46/s       47/s       48/s       49/s       50/s       51/s       52/s       53/s       54/s       55/s       57/s       59/s       61/s       65/s       66/s       67/s       68/s       69/s       70/s       71/s       72/s       73/s       74/s       75/s       76/s       77/s       79/s       80/s       81/s       82/s       83/s       84/s       85/s       86/s       87/s       88/s       89/s       90/s       91/s       92/s       93/s       94/s       95/s       96/s       97/s       98/s      112/s      113/s      114/s      115/s      116/s      117/s      118/s      119/s      120/s      121/s      122/s      123/s      124/s      125/s      126/s      127/s      128/s      129/s      130/s      131/s      132/s      133/s      134/s      135/s      136/s      137/s      138/s      150/s      154/s      162/s      167/s      171/s      224/s      228/s      229/s      230/s      231/s      232/s      233/s      234/s      235/s      236/s      237/s      245/s      246/s      247/s      249/s      250/s      252/s      253/s      262/s      263/s      294/s      296/s      297/s      298/s      299/s      301/s      302/s     IPI0/s     IPI1/s     IPI2/s     IPI3/s     IPI4/s     IPI5/s     IPI6/s      Err/s
17시 06분 52초    0       0.00       0.00       0.00     137.00       0.00       0.00       0.00       0.00       0.00       0.00       0.00       0.00       0.00       0.00       0.00       0.00       0.00       0.00       0.00       0.00       0.00       0.00       0.00       0.00       0.00       0.00       0.00       0.00       0.00       0.00       0.00       0.00       0.00       0.00       0.00       0.00       0.00       0.00       0.00       0.00       0.00       0.00       0.00       0.00       0.00       0.00       0.00       0.00       0.00       0.00       0.00       0.00       0.00       0.00       0.00       0.00       0.00       0.00       0.00       0.00       0.00       0.00       0.00       0.00       0.00       0.00       0.00       0.00       0.00       0.00       0.00       0.00       0.00       0.00       0.00       0.00       0.00       0.00       0.00       8.00       0.00       0.00       0.00       0.00       0.00       0.00       0.00       0.00       0.00       0.00       0.00       0.00       0.00      39.00       0.00       0.00       0.00       0.00       0.00       0.00       0.00       0.00       0.00       0.00       0.00     102.00       0.00       0.00       0.00       0.00       0.00       0.00       0.00       0.00       0.00       0.00       0.00       0.00       0.00       0.00       0.00       0.00       0.00       0.00       0.00       0.00       0.00       0.00       0.00       0.00       0.00       0.00       0.00       0.00     255.00       0.00     109.00      70.00       0.00       0.00       0.00      27.00       0.00       0.00
17시 06분 52초    1       0.00       0.00       0.00     155.00       0.00       0.00       0.00       0.00       0.00       0.00       0.00       0.00       0.00       0.00       0.00       0.00       0.00       0.00       0.00       0.00       0.00       0.00       0.00       0.00       0.00       0.00       0.00       0.00       0.00       0.00       0.00       0.00       0.00       0.00       0.00       0.00       0.00       0.00       0.00       0.00       0.00       0.00       0.00       0.00       0.00       0.00       0.00       0.00       0.00       0.00       0.00       0.00       0.00       0.00       0.00       0.00       0.00       0.00       0.00       0.00       0.00       0.00       0.00       0.00       0.00       0.00       0.00       0.00       0.00       0.00       0.00       0.00       0.00       0.00       0.00       0.00       0.00       0.00       0.00       0.00       0.00       0.00       0.00       0.00       0.00       0.00       0.00       0.00       0.00       0.00       0.00       0.00       0.00       0.00       0.00       0.00       0.00       0.00       0.00       0.00       0.00       0.00       0.00       0.00       0.00       0.00       0.00       0.00       0.00       0.00       0.00       0.00       0.00       0.00       0.00       0.00       0.00       0.00       0.00       0.00       0.00       0.00       0.00       0.00       0.00       0.00       0.00       0.00       0.00       0.00       0.00       0.00       0.00       0.00       0.00       0.00      86.00      20.00       0.00       0.00       0.00      11.00       0.00       0.00
17시 06분 52초    2       0.00       0.00       0.00     161.00       0.00       0.00       0.00       0.00       0.00       0.00       0.00       0.00       0.00       0.00       0.00       0.00       0.00       0.00       0.00       0.00       0.00       0.00       0.00       0.00       0.00       0.00       0.00       0.00       0.00       0.00       0.00       0.00       0.00       0.00       0.00       0.00       0.00       0.00       0.00       0.00       0.00       0.00       0.00       0.00       0.00       0.00       0.00       0.00       0.00       0.00       0.00       0.00       0.00       0.00       0.00       0.00       0.00       0.00       0.00       0.00       0.00       0.00       0.00       0.00       0.00       0.00       0.00       0.00       0.00       0.00       0.00       0.00       0.00       0.00       0.00       0.00       0.00       0.00       0.00       0.00       0.00       0.00       0.00       0.00       0.00       0.00       0.00       0.00       0.00       0.00       0.00       0.00       0.00       0.00       0.00       0.00       0.00       0.00       0.00       0.00       0.00       0.00       0.00       0.00       0.00       0.00       0.00       0.00       0.00       0.00       0.00       0.00       0.00       0.00       0.00       0.00       0.00       0.00       0.00       0.00       0.00       0.00       0.00       0.00       0.00       0.00       0.00       0.00       0.00       0.00       0.00       0.00       0.00       0.00       0.00       0.00      95.00       6.00       0.00       0.00       0.00      13.00       0.00       0.00
17시 06분 52초    3       0.00       0.00       0.00     199.00       0.00       0.00       0.00       0.00       0.00       0.00       0.00       0.00       0.00       0.00       0.00       0.00       0.00       0.00       0.00       0.00       0.00       0.00       0.00       0.00       0.00       0.00       0.00       0.00       0.00       0.00       0.00       0.00       0.00       0.00       0.00       0.00       0.00       0.00       0.00       0.00       0.00       0.00       0.00       0.00       0.00       0.00       0.00       0.00       0.00       0.00       0.00       0.00       0.00       0.00       0.00       0.00       0.00       0.00       0.00       0.00       0.00       0.00       0.00       0.00       0.00       0.00       0.00       0.00       0.00       0.00       0.00       0.00       0.00       0.00       0.00       0.00       0.00       0.00       0.00       0.00       0.00       0.00       0.00       0.00       0.00       0.00       0.00       0.00       0.00       0.00       0.00       0.00       0.00       0.00       0.00       0.00       0.00       0.00       0.00       0.00       0.00       0.00       0.00       0.00       0.00       0.00       0.00       0.00       0.00       0.00       0.00       0.00       0.00       0.00       0.00       0.00       0.00       0.00       0.00       0.00       0.00       0.00       0.00       0.00       0.00       0.00       0.00       0.00       0.00       0.00       0.00       0.00       0.00       0.00       0.00       0.00      92.00       3.00       0.00       0.00       0.00      12.00       0.00       0.00
17시 06분 52초    4       0.00       0.00       0.00     141.00       0.00       0.00       0.00       0.00       0.00       0.00       0.00       0.00       0.00       0.00       0.00       0.00       0.00       0.00       0.00       0.00       0.00       0.00       0.00       0.00       0.00       0.00       0.00       0.00       0.00       0.00       0.00       0.00       0.00       0.00       0.00       0.00       0.00       0.00       0.00       0.00       0.00       0.00       0.00       0.00       0.00       0.00       0.00       0.00       0.00       0.00       0.00       0.00       0.00       0.00       0.00       0.00       0.00       0.00       0.00       0.00       0.00       0.00       0.00       0.00       0.00       0.00       0.00       0.00       0.00       0.00       0.00       0.00       0.00       0.00       0.00       0.00       0.00       0.00       0.00       0.00       0.00       0.00       0.00       0.00       0.00       0.00       0.00       0.00       0.00       0.00       0.00       0.00       0.00       0.00       0.00       0.00       0.00       0.00       0.00       0.00       0.00       0.00       0.00       0.00       0.00       0.00       0.00       0.00       0.00       0.00       0.00       0.00       0.00       0.00       0.00       0.00       0.00       0.00       0.00       0.00       0.00       0.00       0.00       0.00       0.00       0.00       0.00       0.00       0.00       0.00       0.00       0.00       0.00       0.00       0.00       0.00      82.00       5.00       0.00       0.00       0.00      13.00       0.00       0.00
17시 06분 52초    5       0.00       0.00       0.00     141.00       0.00       0.00       0.00       0.00       0.00       0.00       0.00       0.00       0.00       0.00       0.00       0.00       0.00       0.00       0.00       0.00       0.00       0.00       0.00       0.00       0.00       0.00       0.00       0.00       0.00       0.00       0.00       0.00       0.00       0.00       0.00       0.00       0.00       0.00       0.00       0.00       0.00       0.00       0.00       0.00       0.00       0.00       0.00       0.00       0.00       0.00       0.00       0.00       0.00       0.00       0.00       0.00       0.00       0.00       0.00       0.00       0.00       0.00       0.00       0.00       0.00       0.00       0.00       0.00       0.00       0.00       0.00       0.00       0.00       0.00       0.00       0.00       0.00       0.00       0.00       0.00       0.00       0.00       0.00       0.00       0.00       0.00       0.00       0.00       0.00       0.00       0.00       0.00       0.00       0.00       0.00       0.00       0.00       0.00       0.00       0.00       0.00       0.00       0.00       0.00       0.00       0.00       0.00       0.00       0.00       0.00       0.00       0.00       0.00       0.00       0.00       0.00       0.00       0.00       0.00       0.00       0.00       0.00       0.00       0.00       0.00       0.00       0.00       0.00       0.00       0.00       0.00       0.00       0.00       0.00       0.00       0.00      59.00       0.00       0.00       0.00       0.00       8.00       0.00       0.00

17시 06분 51초  CPU       HI/s    TIMER/s   NET_TX/s   NET_RX/s    BLOCK/s IRQ_POLL/s  TASKLET/s    SCHED/s  HRTIMER/s      RCU/s
17시 06분 52초    0       0.00      47.00      10.00     234.00       0.00       0.00       0.00     109.00       0.00      37.00
17시 06분 52초    1       0.00      19.00       0.00       0.00       0.00       0.00       0.00      56.00       0.00      78.00
17시 06분 52초    2       0.00      12.00       0.00       0.00       0.00       0.00       0.00      68.00       0.00      41.00
17시 06분 52초    3       0.00      24.00       0.00       0.00       0.00       0.00       0.00      45.00       0.00      50.00
17시 06분 52초    4       0.00       9.00       0.00       0.00       0.00       0.00       0.00      52.00       0.00      46.00
17시 06분 52초    5       0.00      10.00       0.00       0.00       0.00       0.00       0.00      44.00       0.00      36.00

17시 06분 52초  CPU    %usr   %nice    %sys %iowait    %irq   %soft  %steal  %guest  %gnice   %idle
17시 06분 53초  all   15.17    0.00    2.33    0.00    0.33    0.00    0.00    0.00    0.00   82.17
17시 06분 53초    0   16.50    0.00    2.91    0.00    0.97    0.00    0.00    0.00    0.00   79.61
17시 06분 53초    1   15.46    0.00    1.03    0.00    0.00    0.00    0.00    0.00    0.00   83.51
17시 06분 53초    2    8.08    0.00    2.02    0.00    0.00    0.00    0.00    0.00    0.00   89.90
17시 06분 53초    3   15.69    0.00    2.94    0.00    0.98    0.00    0.00    0.00    0.00   80.39
17시 06분 53초    4   14.85    0.00    2.97    0.00    0.00    0.00    0.00    0.00    0.00   82.18
17시 06분 53초    5   20.41    0.00    2.04    0.00    0.00    0.00    0.00    0.00    0.00   77.55

17시 06분 52초  CPU    intr/s
17시 06분 53초  all   3071.00
17시 06분 53초    0    542.00
17시 06분 53초    1    154.00
17시 06분 53초    2    111.00
17시 06분 53초    3    133.00
17시 06분 53초    4    121.00
17시 06분 53초    5    109.00

17시 06분 52초  CPU        9/s       11/s       12/s       13/s       18/s       20/s       21/s       22/s       23/s       24/s       25/s       26/s       27/s       28/s       29/s       30/s       31/s       32/s       33/s       34/s       35/s       36/s       37/s       38/s       39/s       40/s       41/s       42/s       43/s       44/s       45/s       46/s       47/s       48/s       49/s       50/s       51/s       52/s       53/s       54/s       55/s       57/s       59/s       61/s       65/s       66/s       67/s       68/s       69/s       70/s       71/s       72/s       73/s       74/s       75/s       76/s       77/s       79/s       80/s       81/s       82/s       83/s       84/s       85/s       86/s       87/s       88/s       89/s       90/s       91/s       92/s       93/s       94/s       95/s       96/s       97/s       98/s      112/s      113/s      114/s      115/s      116/s      117/s      118/s      119/s      120/s      121/s      122/s      123/s      124/s      125/s      126/s      127/s      128/s      129/s      130/s      131/s      132/s      133/s      134/s      135/s      136/s      137/s      138/s      150/s      154/s      162/s      167/s      171/s      224/s      228/s      229/s      230/s      231/s      232/s      233/s      234/s      235/s      236/s      237/s      245/s      246/s      247/s      249/s      250/s      252/s      253/s      262/s      263/s      294/s      296/s      297/s      298/s      299/s      301/s      302/s     IPI0/s     IPI1/s     IPI2/s     IPI3/s     IPI4/s     IPI5/s     IPI6/s      Err/s
17시 06분 53초    0       0.00       0.00       0.00     198.00       0.00       0.00       0.00       0.00       0.00       0.00       0.00       0.00       0.00       0.00       0.00       0.00       0.00       0.00       0.00       0.00       0.00       0.00       0.00       0.00       0.00       0.00       0.00       0.00       0.00       0.00       0.00       0.00       0.00       0.00       0.00       0.00       0.00       0.00       0.00       0.00       0.00       0.00       0.00       0.00       0.00       0.00       0.00       0.00       0.00       0.00       0.00       0.00       0.00       0.00       0.00       0.00       0.00       0.00       0.00       0.00       0.00       0.00       0.00       0.00       0.00       0.00       0.00       0.00       0.00       0.00       0.00       0.00       0.00       0.00       0.00       0.00       0.00      80.00       0.00       4.00       0.00       0.00       0.00       0.00       0.00       0.00       0.00       0.00       0.00       0.00       0.00       0.00       0.00      82.00       0.00       0.00       0.00       0.00       0.00       0.00       0.00       0.00       0.00       0.00       0.00     181.00       0.00       0.00       0.00       0.00       0.00       0.00       0.00       0.00       0.00       0.00       0.00       0.00       0.00       0.00       0.00       0.00       0.00       0.00       0.00       0.00       0.00       0.00       0.00       0.00       0.00       0.00       0.00       0.00     377.00       0.00     214.00      30.00       0.00       0.00       0.00      78.00       0.00       0.00
17시 06분 53초    1       0.00       0.00       0.00     150.00       0.00       0.00       0.00       0.00       0.00       0.00       0.00       0.00       0.00       0.00       0.00       0.00       0.00       0.00       0.00       0.00       0.00       0.00       0.00       0.00       0.00       0.00       0.00       0.00       0.00       0.00       0.00       0.00       0.00       0.00       0.00       0.00       0.00       0.00       0.00       0.00       0.00       0.00       0.00       0.00       0.00       0.00       0.00       0.00       0.00       0.00       0.00       0.00       0.00       0.00       0.00       0.00       0.00       0.00       0.00       0.00       0.00       0.00       0.00       0.00       0.00       0.00       0.00       0.00       0.00       0.00       0.00       0.00       0.00       0.00       0.00       0.00       0.00       0.00       0.00       0.00       0.00       0.00       0.00       0.00       0.00       0.00       0.00       0.00       0.00       0.00       0.00       0.00       0.00       0.00       0.00       0.00       0.00       0.00       0.00       0.00       0.00       0.00       0.00       0.00       0.00       0.00       0.00       0.00       0.00       0.00       0.00       0.00       0.00       0.00       0.00       0.00       0.00       0.00       0.00       0.00       0.00       0.00       0.00       0.00       0.00       0.00       0.00       0.00       0.00       0.00       0.00       0.00       0.00       0.00       0.00       0.00     173.00      38.00       0.00       0.00       0.00      17.00       0.00       0.00
17시 06분 53초    2       0.00       0.00       0.00     137.00       0.00       0.00       0.00       0.00       0.00       0.00       0.00       0.00       0.00       0.00       0.00       0.00       0.00       0.00       0.00       0.00       0.00       0.00       0.00       0.00       0.00       0.00       0.00       0.00       0.00       0.00       0.00       0.00       0.00       0.00       0.00       0.00       0.00       0.00       0.00       0.00       0.00       0.00       0.00       0.00       0.00       0.00       0.00       0.00       0.00       0.00       0.00       0.00       0.00       0.00       0.00       0.00       0.00       0.00       0.00       0.00       0.00       0.00       0.00       0.00       0.00       0.00       0.00       0.00       0.00       0.00       0.00       0.00       0.00       0.00       0.00       0.00       0.00       0.00       0.00       0.00       0.00       0.00       0.00       0.00       0.00       0.00       0.00       0.00       0.00       0.00       0.00       0.00       0.00       0.00       0.00       0.00       0.00       0.00       0.00       0.00       0.00       0.00       0.00       0.00       0.00       0.00       0.00       0.00       0.00       0.00       0.00       0.00       0.00       0.00       0.00       0.00       0.00       0.00       0.00       0.00       0.00       0.00       0.00       0.00       0.00       0.00       0.00       0.00       0.00       0.00       0.00       0.00       0.00       0.00       0.00       0.00     165.00      23.00       0.00       0.00       0.00      25.00       0.00       0.00
17시 06분 53초    3       0.00       0.00       0.00     179.00       0.00       0.00       0.00       0.00       0.00       0.00       0.00       0.00       0.00       0.00       0.00       0.00       0.00       0.00       0.00       0.00       0.00       0.00       0.00       0.00       0.00       0.00       0.00       0.00       0.00       0.00       0.00       0.00       0.00       0.00       0.00       0.00       0.00       0.00       0.00       0.00       0.00       0.00       0.00       0.00       0.00       0.00       0.00       0.00       0.00       0.00       0.00       0.00       0.00       0.00       0.00       0.00       0.00       0.00       0.00       0.00       0.00       0.00       0.00       0.00       0.00       0.00       0.00       0.00       0.00       0.00       0.00       0.00       0.00       0.00       0.00       0.00       0.00       0.00       0.00       0.00       0.00       0.00       0.00       0.00       0.00       0.00       0.00       0.00       0.00       0.00       0.00       0.00       0.00       0.00       0.00       0.00       0.00       0.00       0.00       0.00       0.00       0.00       0.00       0.00       0.00       0.00       0.00       0.00       0.00       0.00       0.00       0.00       0.00       0.00       0.00       0.00       0.00       0.00       0.00       0.00       0.00       0.00       0.00       0.00       0.00       0.00       0.00       0.00       0.00       0.00       0.00       0.00       0.00       0.00       0.00       0.00     160.00      11.00       0.00       0.00       0.00      26.00       0.00       0.00
17시 06분 53초    4       0.00       0.00       0.00     136.00       0.00       0.00       0.00       0.00       0.00       0.00       0.00       0.00       0.00       0.00       0.00       0.00       0.00       0.00       0.00       0.00       0.00       0.00       0.00       0.00       0.00       0.00       0.00       0.00       0.00       0.00       0.00       0.00       0.00       0.00       0.00       0.00       0.00       0.00       0.00       0.00       0.00       0.00       0.00       0.00       0.00       0.00       0.00       0.00       0.00       0.00       0.00       0.00       0.00       0.00       0.00       0.00       0.00       0.00       0.00       0.00       0.00       0.00       0.00       0.00       0.00       0.00       0.00       0.00       0.00       0.00       0.00       0.00       0.00       0.00       0.00       0.00       0.00       0.00       0.00       0.00       0.00       0.00       0.00       0.00       0.00       0.00       0.00       0.00       0.00       0.00       0.00       0.00       0.00       0.00       0.00       0.00       0.00       0.00       0.00       0.00       0.00       0.00       0.00       0.00       0.00       0.00       0.00       0.00       0.00       0.00       0.00       0.00       0.00       0.00       0.00       0.00       0.00       0.00       0.00       0.00       0.00       0.00       0.00       0.00       0.00       0.00       0.00       0.00       0.00       0.00       0.00       0.00       0.00       0.00       0.00       0.00     193.00       5.00       0.00       0.00       0.00      17.00       0.00       0.00
17시 06분 53초    5       0.00       0.00       0.00     157.00       0.00       0.00       0.00       0.00       0.00       0.00       0.00       0.00       0.00       0.00       0.00       0.00       0.00       0.00       0.00       0.00       0.00       0.00       0.00       0.00       0.00       0.00       0.00       0.00       0.00       0.00       0.00       0.00       0.00       0.00       0.00       0.00       0.00       0.00       0.00       0.00       0.00       0.00       0.00       0.00       0.00       0.00       0.00       0.00       0.00       0.00       0.00       0.00       0.00       0.00       0.00       0.00       0.00       0.00       0.00       0.00       0.00       0.00       0.00       0.00       0.00       0.00       0.00       0.00       0.00       0.00       0.00       0.00       0.00       0.00       0.00       0.00       0.00       0.00       0.00       0.00       0.00       0.00       0.00       0.00       0.00       0.00       0.00       0.00       0.00       0.00       0.00       0.00       0.00       0.00       0.00       0.00       0.00       0.00       0.00       0.00       0.00       0.00       0.00       0.00       0.00       0.00       0.00       0.00       0.00       0.00       0.00       0.00       0.00       0.00       0.00       0.00       0.00       0.00       0.00       0.00       0.00       0.00       0.00       0.00       0.00       0.00       0.00       0.00       0.00       0.00       0.00       0.00       0.00       0.00       0.00       0.00     204.00       2.00       0.00       0.00       0.00       9.00       0.00       0.00

17시 06분 52초  CPU       HI/s    TIMER/s   NET_TX/s   NET_RX/s    BLOCK/s IRQ_POLL/s  TASKLET/s    SCHED/s  HRTIMER/s      RCU/s
17시 06분 53초    0       0.00      22.00      17.00     346.00       0.00       0.00       0.00     104.00       0.00      53.00
17시 06분 53초    1       0.00      24.00       0.00       0.00       0.00       0.00       0.00      83.00       0.00      47.00
17시 06분 53초    2       0.00      13.00       0.00       0.00       0.00       0.00       0.00      62.00       0.00      36.00
17시 06분 53초    3       0.00      18.00       0.00       0.00       0.00       0.00       0.00      71.00       0.00      44.00
17시 06분 53초    4       0.00      22.00       0.00       0.00       0.00       0.00       0.00      53.00       0.00      46.00
17시 06분 53초    5       0.00      11.00       0.00       0.00       0.00       0.00       0.00      56.00       0.00      42.00

17시 06분 53초  CPU    %usr   %nice    %sys %iowait    %irq   %soft  %steal  %guest  %gnice   %idle
17시 06분 54초  all   14.98    0.00    1.52    0.00    0.34    0.17    0.00    0.00    0.00   83.00
17시 06분 54초    0   10.42    0.00    1.04    0.00    0.00    1.04    0.00    0.00    0.00   87.50
17시 06분 54초    1   13.13    0.00    1.01    0.00    0.00    0.00    0.00    0.00    0.00   85.86
17시 06분 54초    2   14.85    0.00    1.98    0.00    0.99    0.00    0.00    0.00    0.00   82.18
17시 06분 54초    3   13.13    0.00    1.01    0.00    0.00    0.00    0.00    0.00    0.00   85.86
17시 06분 54초    4   14.14    0.00    3.03    0.00    1.01    0.00    0.00    0.00    0.00   81.82
17시 06분 54초    5   24.00    0.00    1.00    0.00    0.00    0.00    0.00    0.00    0.00   75.00

17시 06분 53초  CPU    intr/s
17시 06분 54초  all   3081.00
17시 06분 54초    0    556.00
17시 06분 54초    1    150.00
17시 06분 54초    2    121.00
17시 06분 54초    3    128.00
17시 06분 54초    4    128.00
17시 06분 54초    5    122.00

17시 06분 53초  CPU        9/s       11/s       12/s       13/s       18/s       20/s       21/s       22/s       23/s       24/s       25/s       26/s       27/s       28/s       29/s       30/s       31/s       32/s       33/s       34/s       35/s       36/s       37/s       38/s       39/s       40/s       41/s       42/s       43/s       44/s       45/s       46/s       47/s       48/s       49/s       50/s       51/s       52/s       53/s       54/s       55/s       57/s       59/s       61/s       65/s       66/s       67/s       68/s       69/s       70/s       71/s       72/s       73/s       74/s       75/s       76/s       77/s       79/s       80/s       81/s       82/s       83/s       84/s       85/s       86/s       87/s       88/s       89/s       90/s       91/s       92/s       93/s       94/s       95/s       96/s       97/s       98/s      112/s      113/s      114/s      115/s      116/s      117/s      118/s      119/s      120/s      121/s      122/s      123/s      124/s      125/s      126/s      127/s      128/s      129/s      130/s      131/s      132/s      133/s      134/s      135/s      136/s      137/s      138/s      150/s      154/s      162/s      167/s      171/s      224/s      228/s      229/s      230/s      231/s      232/s      233/s      234/s      235/s      236/s      237/s      245/s      246/s      247/s      249/s      250/s      252/s      253/s      262/s      263/s      294/s      296/s      297/s      298/s      299/s      301/s      302/s     IPI0/s     IPI1/s     IPI2/s     IPI3/s     IPI4/s     IPI5/s     IPI6/s      Err/s
17시 06분 54초    0       0.00       0.00       0.00     172.00       0.00       0.00       0.00       0.00       0.00       0.00       0.00       0.00       0.00       0.00       0.00       0.00       0.00       0.00       0.00       0.00       0.00       0.00       0.00       0.00       0.00       0.00       0.00       0.00       0.00       0.00       0.00       0.00       0.00       0.00       0.00       0.00       0.00       0.00       0.00       0.00       0.00       0.00       0.00       0.00       0.00       0.00       0.00       0.00       0.00       0.00       0.00       0.00       0.00       0.00       0.00       0.00       0.00       0.00       0.00       0.00       0.00       0.00       0.00       0.00       0.00       0.00       0.00       0.00       0.00       0.00       0.00       0.00       0.00       0.00       0.00       0.00       0.00       0.00       0.00       3.00       0.00       0.00       0.00       0.00       0.00       0.00       0.00       0.00       0.00       0.00       0.00       0.00       0.00      93.00       0.00       0.00       0.00       0.00       0.00       0.00       0.00       0.00       0.00       0.00       0.00     209.00       0.00       0.00       0.00       0.00       0.00       0.00       0.00       0.00       0.00       0.00       0.00       0.00       0.00       0.00       0.00       0.00       0.00       0.00       0.00       0.00       0.00       0.00       0.00       0.00       0.00       0.00       0.00       0.00     397.00       0.00     249.00      55.00       0.00       0.00       0.00      72.00       0.00       0.00
17시 06분 54초    1       0.00       0.00       0.00     147.00       0.00       0.00       0.00       0.00       0.00       0.00       0.00       0.00       0.00       0.00       0.00       0.00       0.00       0.00       0.00       0.00       0.00       0.00       0.00       0.00       0.00       0.00       0.00       0.00       0.00       0.00       0.00       0.00       0.00       0.00       0.00       0.00       0.00       0.00       0.00       0.00       0.00       0.00       0.00       0.00       0.00       0.00       0.00       0.00       0.00       0.00       0.00       0.00       0.00       0.00       0.00       0.00       0.00       0.00       0.00       0.00       0.00       0.00       0.00       0.00       0.00       0.00       0.00       0.00       0.00       0.00       0.00       0.00       0.00       0.00       0.00       0.00       0.00       0.00       0.00       0.00       0.00       0.00       0.00       0.00       0.00       0.00       0.00       0.00       0.00       0.00       0.00       0.00       0.00       0.00       0.00       0.00       0.00       0.00       0.00       0.00       0.00       0.00       0.00       0.00       0.00       0.00       0.00       0.00       0.00       0.00       0.00       0.00       0.00       0.00       0.00       0.00       0.00       0.00       0.00       0.00       0.00       0.00       0.00       0.00       0.00       0.00       0.00       0.00       0.00       0.00       0.00       0.00       0.00       0.00       0.00       0.00     167.00      34.00       0.00       0.00       0.00      29.00       0.00       0.00
17시 06분 54초    2       0.00       0.00       0.00     164.00       0.00       0.00       0.00       0.00       0.00       0.00       0.00       0.00       0.00       0.00       0.00       0.00       0.00       0.00       0.00       0.00       0.00       0.00       0.00       0.00       0.00       0.00       0.00       0.00       0.00       0.00       0.00       0.00       0.00       0.00       0.00       0.00       0.00       0.00       0.00       0.00       0.00       0.00       0.00       0.00       0.00       0.00       0.00       0.00       0.00       0.00       0.00       0.00       0.00       0.00       0.00       0.00       0.00       0.00       0.00       0.00       0.00       0.00       0.00       0.00       0.00       0.00       0.00       0.00       0.00       0.00       0.00       0.00       0.00       0.00       0.00       0.00       0.00       0.00       0.00       0.00       0.00       0.00       0.00       0.00       0.00       0.00       0.00       0.00       0.00       0.00       0.00       0.00       0.00       0.00       0.00       0.00       0.00       0.00       0.00       0.00       0.00       0.00       0.00       0.00       0.00       0.00       0.00       0.00       0.00       0.00       0.00       0.00       0.00       0.00       0.00       0.00       0.00       0.00       0.00       0.00       0.00       0.00       0.00       0.00       0.00       0.00       0.00       0.00       0.00       0.00       0.00       0.00       0.00       0.00       0.00       0.00     144.00      11.00       0.00       0.00       0.00      27.00       0.00       0.00
17시 06분 54초    3       0.00       0.00       0.00     156.00       0.00       0.00       0.00       0.00       0.00       0.00       0.00       0.00       0.00       0.00       0.00       0.00       0.00       0.00       0.00       0.00       0.00       0.00       0.00       0.00       0.00       0.00       0.00       0.00       0.00       0.00       0.00       0.00       0.00       0.00       0.00       0.00       0.00       0.00       0.00       0.00       0.00       0.00       0.00       0.00       0.00       0.00       0.00       0.00       0.00       0.00       0.00       0.00       0.00       0.00       0.00       0.00       0.00       0.00       0.00       0.00       0.00       0.00       0.00       0.00       0.00       0.00       0.00       0.00       0.00       0.00       0.00       0.00       0.00       0.00       0.00       0.00       0.00       0.00       0.00       0.00       0.00       0.00       0.00       0.00       0.00       0.00       0.00       0.00       0.00       0.00       0.00       0.00       0.00       0.00       0.00       0.00       0.00       0.00       0.00       0.00       0.00       0.00       0.00       0.00       0.00       0.00       0.00       0.00       0.00       0.00       0.00       0.00       0.00       0.00       0.00       0.00       0.00       0.00       0.00       0.00       0.00       0.00       0.00       0.00       0.00       0.00       0.00       0.00       0.00       0.00       0.00       0.00       0.00       0.00       0.00       0.00     148.00      10.00       0.00       0.00       0.00      22.00       0.00       0.00
17시 06분 54초    4       0.00       0.00       0.00     166.00       0.00       0.00       0.00       0.00       0.00       0.00       0.00       0.00       0.00       0.00       0.00       0.00       0.00       0.00       0.00       0.00       0.00       0.00       0.00       0.00       0.00       0.00       0.00       0.00       0.00       0.00       0.00       0.00       0.00       0.00       0.00       0.00       0.00       0.00       0.00       0.00       0.00       0.00       0.00       0.00       0.00       0.00       0.00       0.00       0.00       0.00       0.00       0.00       0.00       0.00       0.00       0.00       0.00       0.00       0.00       0.00       0.00       0.00       0.00       0.00       0.00       0.00       0.00       0.00       0.00       0.00       0.00       0.00       0.00       0.00       0.00       0.00       0.00       0.00       0.00       0.00       0.00       0.00       0.00       0.00       0.00       0.00       0.00       0.00       0.00       0.00       0.00       0.00       0.00       0.00       0.00       0.00       0.00       0.00       0.00       0.00       0.00       0.00       0.00       0.00       0.00       0.00       0.00       0.00       0.00       0.00       0.00       0.00       0.00       0.00       0.00       0.00       0.00       0.00       0.00       0.00       0.00       0.00       0.00       0.00       0.00       0.00       0.00       0.00       0.00       0.00       0.00       0.00       0.00       0.00       0.00       0.00     257.00       0.00       0.00       0.00       0.00      17.00       0.00       0.00
17시 06분 54초    5       0.00       0.00       0.00     167.00       0.00       0.00       0.00       0.00       0.00       0.00       0.00       0.00       0.00       0.00       0.00       0.00       0.00       0.00       0.00       0.00       0.00       0.00       0.00       0.00       0.00       0.00       0.00       0.00       0.00       0.00       0.00       0.00       0.00       0.00       0.00       0.00       0.00       0.00       0.00       0.00       0.00       0.00       0.00       0.00       0.00       0.00       0.00       0.00       0.00       0.00       0.00       0.00       0.00       0.00       0.00       0.00       0.00       0.00       0.00       0.00       0.00       0.00       0.00       0.00       0.00       0.00       0.00       0.00       0.00       0.00       0.00       0.00       0.00       0.00       0.00       0.00       0.00       0.00       0.00       0.00       0.00       0.00       0.00       0.00       0.00       0.00       0.00       0.00       0.00       0.00       0.00       0.00       0.00       0.00       0.00       0.00       0.00       0.00       0.00       0.00       0.00       0.00       0.00       0.00       0.00       0.00       0.00       0.00       0.00       0.00       0.00       0.00       0.00       0.00       0.00       0.00       0.00       0.00       0.00       0.00       0.00       0.00       0.00       0.00       0.00       0.00       0.00       0.00       0.00       0.00       0.00       0.00       0.00       0.00       0.00       0.00     133.00       0.00       0.00       0.00       0.00      32.00       0.00       0.00

17시 06분 53초  CPU       HI/s    TIMER/s   NET_TX/s   NET_RX/s    BLOCK/s IRQ_POLL/s  TASKLET/s    SCHED/s  HRTIMER/s      RCU/s
17시 06분 54초    0       0.00      22.00      17.00     364.00       0.00       0.00       0.00     106.00       0.00      47.00
17시 06분 54초    1       0.00      22.00       0.00       0.00       0.00       0.00       0.00      83.00       0.00      45.00
17시 06분 54초    2       0.00      13.00       0.00       0.00       0.00       0.00       0.00      65.00       0.00      43.00
17시 06분 54초    3       0.00      26.00       0.00       0.00       0.00       0.00       0.00      59.00       0.00      43.00
17시 06분 54초    4       0.00      18.00       0.00       0.00       0.00       0.00       0.00      63.00       0.00      47.00
17시 06분 54초    5       0.00      19.00       0.00       0.00       0.00       0.00       0.00      60.00       0.00      43.00

17시 06분 54초  CPU    %usr   %nice    %sys %iowait    %irq   %soft  %steal  %guest  %gnice   %idle
17시 06분 55초  all   15.67    0.00    1.67    0.00    0.17    0.17    0.00    0.00    0.00   82.33
17시 06분 55초    0   15.84    0.00    1.98    0.00    0.99    0.00    0.00    0.00    0.00   81.19
17시 06분 55초    1   12.87    0.00    0.99    0.00    0.00    0.99    0.00    0.00    0.00   85.15
17시 06분 55초    2    9.00    0.00    2.00    0.00    0.00    0.00    0.00    0.00    0.00   89.00
17시 06분 55초    3   16.49    0.00    1.03    0.00    0.00    0.00    0.00    0.00    0.00   82.47
17시 06분 55초    4   17.82    0.00    2.97    0.00    0.00    0.00    0.00    0.00    0.00   79.21
17시 06분 55초    5   22.00    0.00    1.00    0.00    0.00    0.00    0.00    0.00    0.00   77.00

17시 06분 54초  CPU    intr/s
17시 06분 55초  all   3197.00
17시 06분 55초    0    575.00
17시 06분 55초    1    179.00
17시 06분 55초    2    126.00
17시 06분 55초    3    131.00
17시 06분 55초    4    147.00
17시 06분 55초    5    115.00

17시 06분 54초  CPU        9/s       11/s       12/s       13/s       18/s       20/s       21/s       22/s       23/s       24/s       25/s       26/s       27/s       28/s       29/s       30/s       31/s       32/s       33/s       34/s       35/s       36/s       37/s       38/s       39/s       40/s       41/s       42/s       43/s       44/s       45/s       46/s       47/s       48/s       49/s       50/s       51/s       52/s       53/s       54/s       55/s       57/s       59/s       61/s       65/s       66/s       67/s       68/s       69/s       70/s       71/s       72/s       73/s       74/s       75/s       76/s       77/s       79/s       80/s       81/s       82/s       83/s       84/s       85/s       86/s       87/s       88/s       89/s       90/s       91/s       92/s       93/s       94/s       95/s       96/s       97/s       98/s      112/s      113/s      114/s      115/s      116/s      117/s      118/s      119/s      120/s      121/s      122/s      123/s      124/s      125/s      126/s      127/s      128/s      129/s      130/s      131/s      132/s      133/s      134/s      135/s      136/s      137/s      138/s      150/s      154/s      162/s      167/s      171/s      224/s      228/s      229/s      230/s      231/s      232/s      233/s      234/s      235/s      236/s      237/s      245/s      246/s      247/s      249/s      250/s      252/s      253/s      262/s      263/s      294/s      296/s      297/s      298/s      299/s      301/s      302/s     IPI0/s     IPI1/s     IPI2/s     IPI3/s     IPI4/s     IPI5/s     IPI6/s      Err/s
17시 06분 55초    0       0.00       0.00       0.00     205.00       0.00       0.00       0.00       0.00       0.00       0.00       0.00       0.00       0.00       0.00       0.00       0.00       0.00       0.00       0.00       0.00       0.00       0.00       0.00       0.00       0.00       0.00       0.00       0.00       0.00       0.00       0.00       0.00       0.00       0.00       0.00       0.00       0.00       0.00       0.00       0.00       0.00       0.00       0.00       0.00       0.00       0.00       0.00       0.00       0.00       0.00       0.00       0.00       0.00       0.00       0.00       0.00       0.00       0.00       0.00       0.00       0.00       0.00       0.00       0.00       0.00       0.00       0.00       0.00       0.00       0.00       0.00       0.00       0.00       0.00       0.00       0.00       0.00       2.00       0.00       1.00       0.00       0.00       0.00       0.00       0.00       0.00       0.00       0.00       0.00       0.00       0.00       0.00       0.00      87.00       0.00       0.00       0.00       0.00       0.00       0.00       0.00       0.00       0.00       0.00       0.00     214.00       0.00       0.00       0.00       0.00       0.00       0.00       0.00       0.00       0.00       0.00       0.00       0.00       0.00       0.00       0.00       0.00       0.00       0.00       0.00       0.00       0.00       0.00       0.00       0.00       0.00       0.00       0.00       0.00     408.00       0.00     222.00      50.00       0.00       0.00       0.00      71.00       0.00       0.00
17시 06분 55초    1       0.00       0.00       0.00     140.00       0.00       0.00       0.00       0.00       0.00       0.00       0.00       0.00       0.00       0.00       0.00       0.00       0.00       0.00       0.00       0.00       0.00       0.00       0.00       0.00       0.00       0.00       0.00       0.00       0.00       0.00       0.00       0.00       0.00       0.00       0.00       0.00       0.00       0.00       0.00       0.00       0.00       0.00       0.00       0.00       0.00       0.00       0.00       0.00       0.00       0.00       0.00       0.00       0.00       0.00       0.00       0.00       0.00       0.00       0.00       0.00       0.00       0.00       0.00       0.00       0.00       0.00       0.00       0.00       0.00       0.00       0.00       0.00       0.00       0.00       0.00       0.00       0.00       0.00       0.00       0.00       0.00       0.00       0.00       0.00       0.00       0.00       0.00       0.00       0.00       0.00       0.00       0.00       0.00       0.00       0.00       0.00       0.00       0.00       0.00       0.00       0.00       0.00       0.00       0.00       0.00       0.00       0.00       0.00       0.00       0.00       0.00       0.00       0.00       0.00       0.00       0.00       0.00       0.00       0.00       0.00       0.00       0.00       0.00       0.00       0.00       0.00       0.00       0.00       0.00       0.00       0.00       0.00       0.00       0.00       0.00       0.00     165.00      55.00       0.00       0.00       0.00      33.00       0.00       0.00
17시 06분 55초    2       0.00       0.00       0.00     159.00       0.00       0.00       0.00       0.00       0.00       0.00       0.00       0.00       0.00       0.00       0.00       0.00       0.00       0.00       0.00       0.00       0.00       0.00       0.00       0.00       0.00       0.00       0.00       0.00       0.00       0.00       0.00       0.00       0.00       0.00       0.00       0.00       0.00       0.00       0.00       0.00       0.00       0.00       0.00       0.00       0.00       0.00       0.00       0.00       0.00       0.00       0.00       0.00       0.00       0.00       0.00       0.00       0.00       0.00       0.00       0.00       0.00       0.00       0.00       0.00       0.00       0.00       0.00       0.00       0.00       0.00       0.00       0.00       0.00       0.00       0.00       0.00       0.00       0.00       0.00       0.00       0.00       0.00       0.00       0.00       0.00       0.00       0.00       0.00       0.00       0.00       0.00       0.00       0.00       0.00       0.00       0.00       0.00       0.00       0.00       0.00       0.00       0.00       0.00       0.00       0.00       0.00       0.00       0.00       0.00       0.00       0.00       0.00       0.00       0.00       0.00       0.00       0.00       0.00       0.00       0.00       0.00       0.00       0.00       0.00       0.00       0.00       0.00       0.00       0.00       0.00       0.00       0.00       0.00       0.00       0.00       0.00     130.00      14.00       0.00       0.00       0.00      25.00       0.00       0.00
17시 06분 55초    3       0.00       0.00       0.00     173.00       0.00       0.00       0.00       0.00       0.00       0.00       0.00       0.00       0.00       0.00       0.00       0.00       0.00       0.00       0.00       0.00       0.00       0.00       0.00       0.00       0.00       0.00       0.00       0.00       0.00       0.00       0.00       0.00       0.00       0.00       0.00       0.00       0.00       0.00       0.00       0.00       0.00       0.00       0.00       0.00       0.00       0.00       0.00       0.00       0.00       0.00       0.00       0.00       0.00       0.00       0.00       0.00       0.00       0.00       0.00       0.00       0.00       0.00       0.00       0.00       0.00       0.00       0.00       0.00       0.00       0.00       0.00       0.00       0.00       0.00       0.00       0.00       0.00       0.00       0.00       0.00       0.00       0.00       0.00       0.00       0.00       0.00       0.00       0.00       0.00       0.00       0.00       0.00       0.00       0.00       0.00       0.00       0.00       0.00       0.00       0.00       0.00       0.00       0.00       0.00       0.00       0.00       0.00       0.00       0.00       0.00       0.00       0.00       0.00       0.00       0.00       0.00       0.00       0.00       0.00       0.00       0.00       0.00       0.00       0.00       0.00       0.00       0.00       0.00       0.00       0.00       0.00       0.00       0.00       0.00       0.00       0.00     178.00      13.00       0.00       0.00       0.00      28.00       0.00       0.00
17시 06분 55초    4       0.00       0.00       0.00     187.00       0.00       0.00       0.00       0.00       0.00       0.00       0.00       0.00       0.00       0.00       0.00       0.00       0.00       0.00       0.00       0.00       0.00       0.00       0.00       0.00       0.00       0.00       0.00       0.00       0.00       0.00       0.00       0.00       0.00       0.00       0.00       0.00       0.00       0.00       0.00       0.00       0.00       0.00       0.00       0.00       0.00       0.00       0.00       0.00       0.00       0.00       0.00       0.00       0.00       0.00       0.00       0.00       0.00       0.00       0.00       0.00       0.00       0.00       0.00       0.00       0.00       0.00       0.00       0.00       0.00       0.00       0.00       0.00       0.00       0.00       0.00       0.00       0.00       0.00       0.00       0.00       0.00       0.00       0.00       0.00       0.00       0.00       0.00       0.00       0.00       0.00       0.00       0.00       0.00       0.00       0.00       0.00       0.00       0.00       0.00       0.00       0.00       0.00       0.00       0.00       0.00       0.00       0.00       0.00       0.00       0.00       0.00       0.00       0.00       0.00       0.00       0.00       0.00       0.00       0.00       0.00       0.00       0.00       0.00       0.00       0.00       0.00       0.00       0.00       0.00       0.00       0.00       0.00       0.00       0.00       0.00       0.00     229.00       3.00       0.00       0.00       0.00      28.00       0.00       0.00
17시 06분 55초    5       0.00       0.00       0.00     200.00       0.00       0.00       0.00       0.00       0.00       0.00       0.00       0.00       0.00       0.00       0.00       0.00       0.00       0.00       0.00       0.00       0.00       0.00       0.00       0.00       0.00       0.00       0.00       0.00       0.00       0.00       0.00       0.00       0.00       0.00       0.00       0.00       0.00       0.00       0.00       0.00       0.00       0.00       0.00       0.00       0.00       0.00       0.00       0.00       0.00       0.00       0.00       0.00       0.00       0.00       0.00       0.00       0.00       0.00       0.00       0.00       0.00       0.00       0.00       0.00       0.00       0.00       0.00       0.00       0.00       0.00       0.00       0.00       0.00       0.00       0.00       0.00       0.00       0.00       0.00       0.00       0.00       0.00       0.00       0.00       0.00       0.00       0.00       0.00       0.00       0.00       0.00       0.00       0.00       0.00       0.00       0.00       0.00       0.00       0.00       0.00       0.00       0.00       0.00       0.00       0.00       0.00       0.00       0.00       0.00       0.00       0.00       0.00       0.00       0.00       0.00       0.00       0.00       0.00       0.00       0.00       0.00       0.00       0.00       0.00       0.00       0.00       0.00       0.00       0.00       0.00       0.00       0.00       0.00       0.00       0.00       0.00     154.00       2.00       0.00       0.00       0.00      21.00       0.00       0.00

17시 06분 54초  CPU       HI/s    TIMER/s   NET_TX/s   NET_RX/s    BLOCK/s IRQ_POLL/s  TASKLET/s    SCHED/s  HRTIMER/s      RCU/s
17시 06분 55초    0       0.00      16.00      17.00     374.00       0.00       0.00       0.00     113.00       0.00      55.00
17시 06분 55초    1       0.00      32.00       0.00       0.00       0.00       0.00       0.00      99.00       0.00      48.00
17시 06분 55초    2       0.00      12.00       0.00       0.00       0.00       0.00       0.00      67.00       0.00      47.00
17시 06분 55초    3       0.00      24.00       0.00       0.00       0.00       0.00       0.00      66.00       0.00      41.00
17시 06분 55초    4       0.00      18.00       0.00       0.00       0.00       0.00       0.00      81.00       0.00      48.00
17시 06분 55초    5       0.00      10.00       0.00       0.00       0.00       0.00       0.00      61.00       0.00      44.00

17시 06분 55초  CPU    %usr   %nice    %sys %iowait    %irq   %soft  %steal  %guest  %gnice   %idle
17시 06분 56초  all   15.40    0.00    4.74    0.51    0.17    0.17    0.00    0.00    0.00   79.02
17시 06분 56초    0   17.65    0.00    2.94    1.96    0.98    0.00    0.00    0.00    0.00   76.47
17시 06분 56초    1   13.27    0.00    4.08    0.00    0.00    0.00    0.00    0.00    0.00   82.65
17시 06분 56초    2   22.22    0.00    2.02    0.00    0.00    0.00    0.00    0.00    0.00   75.76
17시 06분 56초    3   14.74    0.00    1.05    0.00    0.00    0.00    0.00    0.00    0.00   84.21
17시 06분 56초    4   15.31    0.00    3.06    0.00    0.00    0.00    0.00    0.00    0.00   81.63
17시 06분 56초    5    9.09    0.00   15.15    1.01    0.00    1.01    0.00    0.00    0.00   73.74

17시 06분 55초  CPU    intr/s
17시 06분 56초  all   4347.00
17시 06분 56초    0    654.00
17시 06분 56초    1    192.00
17시 06분 56초    2    159.00
17시 06분 56초    3    141.00
17시 06분 56초    4    150.00
17시 06분 56초    5    242.00

17시 06분 55초  CPU        9/s       11/s       12/s       13/s       18/s       20/s       21/s       22/s       23/s       24/s       25/s       26/s       27/s       28/s       29/s       30/s       31/s       32/s       33/s       34/s       35/s       36/s       37/s       38/s       39/s       40/s       41/s       42/s       43/s       44/s       45/s       46/s       47/s       48/s       49/s       50/s       51/s       52/s       53/s       54/s       55/s       57/s       59/s       61/s       65/s       66/s       67/s       68/s       69/s       70/s       71/s       72/s       73/s       74/s       75/s       76/s       77/s       79/s       80/s       81/s       82/s       83/s       84/s       85/s       86/s       87/s       88/s       89/s       90/s       91/s       92/s       93/s       94/s       95/s       96/s       97/s       98/s      112/s      113/s      114/s      115/s      116/s      117/s      118/s      119/s      120/s      121/s      122/s      123/s      124/s      125/s      126/s      127/s      128/s      129/s      130/s      131/s      132/s      133/s      134/s      135/s      136/s      137/s      138/s      150/s      154/s      162/s      167/s      171/s      224/s      228/s      229/s      230/s      231/s      232/s      233/s      234/s      235/s      236/s      237/s      245/s      246/s      247/s      249/s      250/s      252/s      253/s      262/s      263/s      294/s      296/s      297/s      298/s      299/s      301/s      302/s     IPI0/s     IPI1/s     IPI2/s     IPI3/s     IPI4/s     IPI5/s     IPI6/s      Err/s
17시 06분 56초    0       0.00       0.00       0.00     192.00       0.00       0.00       0.00       0.00       0.00       0.00       0.00       0.00       0.00       0.00       0.00       0.00       0.00       0.00       0.00       0.00       0.00       0.00       0.00       0.00       0.00       0.00       0.00       0.00       0.00       0.00       0.00       0.00       0.00       0.00       0.00       0.00       0.00       0.00       0.00       0.00       0.00       0.00       0.00       0.00       0.00       0.00     134.00       0.00       0.00       0.00       0.00       0.00       0.00       0.00       0.00       0.00       0.00       0.00       0.00       0.00       0.00       0.00       0.00       0.00       0.00       0.00       0.00       0.00       0.00       0.00       0.00       0.00       0.00       0.00       0.00       0.00       0.00       0.00       0.00       1.00       0.00       0.00       0.00       0.00       0.00       0.00       0.00       0.00       0.00       0.00       0.00       0.00       0.00      91.00       0.00       0.00       0.00       0.00       0.00       0.00       0.00       0.00       0.00       0.00       0.00     229.00       0.00       0.00       0.00       0.00       0.00       0.00       0.00       0.00       0.00       0.00       0.00       0.00       0.00       0.00       0.00       0.00       0.00       0.00       0.00       0.00       0.00       0.00       0.00       0.00       0.00       0.00       0.00       0.00     457.00       0.00     304.00      58.00       0.00       0.00       0.00      67.00       0.00       0.00
17시 06분 56초    1       0.00       0.00       0.00     163.00       0.00       0.00       0.00       0.00       0.00       0.00       0.00       0.00       0.00       0.00       0.00       0.00       0.00       0.00       0.00       0.00       0.00       0.00       0.00       0.00       0.00       0.00       0.00       0.00       0.00       0.00       0.00       0.00       0.00       0.00       0.00       0.00       0.00       0.00       0.00       0.00       0.00       0.00       0.00       0.00       0.00       0.00       0.00       0.00       0.00       0.00       0.00       0.00       0.00       0.00       0.00       0.00       0.00       0.00       0.00       0.00       0.00       0.00       0.00       0.00       0.00       0.00       0.00       0.00       0.00       0.00       0.00       0.00       0.00       0.00       0.00       0.00       0.00       0.00       0.00       0.00       0.00       0.00       0.00       0.00       0.00       0.00       0.00       0.00       0.00       0.00       0.00       0.00       0.00       0.00       0.00       0.00       0.00       0.00       0.00       0.00       0.00       0.00       0.00       0.00       0.00       0.00       0.00       0.00       0.00       0.00       0.00       0.00       0.00       0.00       0.00       0.00       0.00       0.00       0.00       0.00       0.00       0.00       0.00       0.00       0.00       0.00       0.00       0.00       0.00       0.00       0.00       0.00       0.00       0.00       0.00       0.00     307.00      54.00       0.00       0.00       0.00      30.00       0.00       0.00
17시 06분 56초    2       0.00       0.00       0.00     175.00       0.00       0.00       0.00       0.00       0.00       0.00       0.00       0.00       0.00       0.00       0.00       0.00       0.00       0.00       0.00       0.00       0.00       0.00       0.00       0.00       0.00       0.00       0.00       0.00       0.00       0.00       0.00       0.00       0.00       0.00       0.00       0.00       0.00       0.00       0.00       0.00       0.00       0.00       0.00       0.00       0.00       0.00       0.00       0.00       0.00       0.00       0.00       0.00       0.00       0.00       0.00       0.00       0.00       0.00       0.00       0.00       0.00       0.00       0.00       0.00       0.00       0.00       0.00       0.00       0.00       0.00       0.00       0.00       0.00       0.00       0.00       0.00       0.00       0.00       0.00       0.00       0.00       0.00       0.00       0.00       0.00       0.00       0.00       0.00       0.00       0.00       0.00       0.00       0.00       0.00       0.00       0.00       0.00       0.00       0.00       0.00       0.00       0.00       0.00       0.00       0.00       0.00       0.00       0.00       0.00       0.00       0.00       0.00       0.00       0.00       0.00       0.00       0.00       0.00       0.00       0.00       0.00       0.00       0.00       0.00       0.00       0.00       0.00       0.00       0.00       0.00       0.00       0.00       0.00       0.00       0.00       0.00     218.00      19.00       0.00       0.00       0.00      45.00       0.00       0.00
17시 06분 56초    3       0.00       0.00       0.00     183.00       0.00       0.00       0.00       0.00       0.00       0.00       0.00       0.00       0.00       0.00       0.00       0.00       0.00       0.00       0.00       0.00       0.00       0.00       0.00       0.00       0.00       0.00       0.00       0.00       0.00       0.00       0.00       0.00       0.00       0.00       0.00       0.00       0.00       0.00       0.00       0.00       0.00       0.00       0.00       0.00       0.00       0.00       0.00       0.00       0.00       0.00       0.00       0.00       0.00       0.00       0.00       0.00       0.00       0.00       0.00       0.00       0.00       0.00       0.00       0.00       0.00       0.00       0.00       0.00       0.00       0.00       0.00       0.00       0.00       0.00       0.00       0.00       0.00       0.00       0.00       0.00       0.00       0.00       0.00       0.00       0.00       0.00       0.00       0.00       0.00       0.00       0.00       0.00       0.00       0.00       0.00       0.00       0.00       0.00       0.00       0.00       0.00       0.00       0.00       0.00       0.00       0.00       0.00       0.00       0.00       0.00       0.00       0.00       0.00       0.00       0.00       0.00       0.00       0.00       0.00       0.00       0.00       0.00       0.00       0.00       0.00       0.00       0.00       0.00       0.00       0.00       0.00       0.00       0.00       0.00       0.00       0.00     294.00      16.00       0.00       0.00       0.00      32.00       0.00       0.00
17시 06분 56초    4       0.00       0.00       0.00     191.00       0.00       0.00       0.00       0.00       0.00       0.00       0.00       0.00       0.00       0.00       0.00       0.00       0.00       0.00       0.00       0.00       0.00       0.00       0.00       0.00       0.00       0.00       0.00       0.00       0.00       0.00       0.00       0.00       0.00       0.00       0.00       0.00       0.00       0.00       0.00       0.00       0.00       0.00       0.00       0.00       0.00       0.00       0.00       0.00       0.00       0.00       0.00       0.00       0.00       0.00       0.00       0.00       0.00       0.00       0.00       0.00       0.00       0.00       0.00       0.00       0.00       0.00       0.00       0.00       0.00       0.00       0.00       0.00       0.00       0.00       0.00       0.00       0.00       0.00       0.00       0.00       0.00       0.00       0.00       0.00       0.00       0.00       0.00       0.00       0.00       0.00       0.00       0.00       0.00       0.00       0.00       0.00       0.00       0.00       0.00       0.00       0.00       0.00       0.00       0.00       0.00       0.00       0.00       0.00       0.00       0.00       0.00       0.00       0.00       0.00       0.00       0.00       0.00       0.00       0.00       0.00       0.00       0.00       0.00       0.00       0.00       0.00       0.00       0.00       0.00       0.00       0.00       0.00       0.00       0.00       0.00       0.00     378.00       9.00       0.00       0.00       0.00      13.00       0.00       0.00
17시 06분 56초    5       0.00       0.00       0.00     257.00       0.00       0.00       0.00       0.00       0.00       0.00       0.00       0.00       0.00       0.00       0.00       0.00       0.00       0.00       0.00       0.00       0.00       0.00       0.00       0.00       0.00       0.00       0.00       0.00       0.00       0.00       0.00       0.00       0.00       0.00       0.00       0.00       0.00       0.00       0.00       0.00       0.00       0.00       0.00       0.00       0.00       0.00       0.00       0.00       0.00       0.00       0.00       0.00       0.00       0.00       0.00       0.00       0.00       0.00       0.00       0.00       0.00       0.00       0.00       0.00       0.00       0.00       0.00       0.00       0.00       0.00       0.00       0.00       0.00       0.00       0.00       0.00       0.00       0.00       0.00       0.00       0.00       0.00       0.00       0.00       0.00       0.00       0.00       0.00       0.00       0.00       0.00       0.00       0.00       0.00       0.00       0.00       0.00       0.00       0.00       0.00       0.00       0.00       0.00       0.00       0.00       0.00       0.00       0.00       0.00       0.00       0.00       0.00       0.00       0.00       0.00       0.00       0.00       0.00       0.00       0.00       0.00       0.00       0.00       0.00       0.00       0.00       0.00       0.00       0.00       0.00       0.00       0.00       0.00       0.00       0.00       0.00     404.00       8.00       0.00       0.00       0.00      18.00       0.00       0.00

17시 06분 55초  CPU       HI/s    TIMER/s   NET_TX/s   NET_RX/s    BLOCK/s IRQ_POLL/s  TASKLET/s    SCHED/s  HRTIMER/s      RCU/s
17시 06분 56초    0       0.00      22.00      19.00     420.00       2.00       0.00       0.00     116.00       1.00      74.00
17시 06분 56초    1       0.00      37.00       0.00       0.00       0.00       0.00       0.00     104.00       0.00      51.00
17시 06분 56초    2       0.00      21.00       0.00       0.00       0.00       0.00       0.00      79.00       0.00      59.00
17시 06분 56초    3       0.00      15.00       0.00       0.00       0.00       0.00       0.00      69.00       0.00      57.00
17시 06분 56초    4       0.00      19.00       0.00       0.00       0.00       0.00       0.00      77.00       0.00      54.00
17시 06분 56초    5       0.00      15.00       0.00       0.00       0.00       0.00       0.00      92.00       0.00     135.00

17시 06분 56초  CPU    %usr   %nice    %sys %iowait    %irq   %soft  %steal  %guest  %gnice   %idle
17시 06분 57초  all   16.06    0.00    1.82    0.00    0.17    0.33    0.00    0.00    0.00   81.62
17시 06분 57초    0   17.17    0.00    2.02    0.00    0.00    1.01    0.00    0.00    0.00   79.80
17시 06분 57초    1    9.28    0.00    1.03    0.00    0.00    0.00    0.00    0.00    0.00   89.69
17시 06분 57초    2   29.41    0.00    0.98    0.00    0.00    0.00    0.00    0.00    0.00   69.61
17시 06분 57초    3   18.63    0.00    0.98    0.00    0.00    0.00    0.00    0.00    0.00   80.39
17시 06분 57초    4    3.92    0.00    3.92    0.00    0.00    0.98    0.00    0.00    0.00   91.18
17시 06분 57초    5   17.65    0.00    1.96    0.00    0.98    0.00    0.00    0.00    0.00   79.41

17시 06분 56초  CPU    intr/s
17시 06분 57초  all   3024.00
17시 06분 57초    0    571.00
17시 06분 57초    1    156.00
17시 06분 57초    2    133.00
17시 06분 57초    3    135.00
17시 06분 57초    4    119.00
17시 06분 57초    5    124.00

17시 06분 56초  CPU        9/s       11/s       12/s       13/s       18/s       20/s       21/s       22/s       23/s       24/s       25/s       26/s       27/s       28/s       29/s       30/s       31/s       32/s       33/s       34/s       35/s       36/s       37/s       38/s       39/s       40/s       41/s       42/s       43/s       44/s       45/s       46/s       47/s       48/s       49/s       50/s       51/s       52/s       53/s       54/s       55/s       57/s       59/s       61/s       65/s       66/s       67/s       68/s       69/s       70/s       71/s       72/s       73/s       74/s       75/s       76/s       77/s       79/s       80/s       81/s       82/s       83/s       84/s       85/s       86/s       87/s       88/s       89/s       90/s       91/s       92/s       93/s       94/s       95/s       96/s       97/s       98/s      112/s      113/s      114/s      115/s      116/s      117/s      118/s      119/s      120/s      121/s      122/s      123/s      124/s      125/s      126/s      127/s      128/s      129/s      130/s      131/s      132/s      133/s      134/s      135/s      136/s      137/s      138/s      150/s      154/s      162/s      167/s      171/s      224/s      228/s      229/s      230/s      231/s      232/s      233/s      234/s      235/s      236/s      237/s      245/s      246/s      247/s      249/s      250/s      252/s      253/s      262/s      263/s      294/s      296/s      297/s      298/s      299/s      301/s      302/s     IPI0/s     IPI1/s     IPI2/s     IPI3/s     IPI4/s     IPI5/s     IPI6/s      Err/s
17시 06분 57초    0       0.00       0.00       0.00     181.00       0.00       0.00       0.00       0.00       0.00       0.00       0.00       0.00       0.00       0.00       0.00       0.00       0.00       0.00       0.00       0.00       0.00       0.00       0.00       0.00       0.00       0.00       0.00       0.00       0.00       0.00       0.00       0.00       0.00       0.00       0.00       0.00       0.00       0.00       0.00       0.00       0.00       0.00       0.00       0.00       0.00       0.00       0.00       0.00       0.00       0.00       0.00       0.00       0.00       0.00       0.00       0.00       0.00       0.00       0.00       0.00       0.00       0.00       0.00       0.00       0.00       0.00       0.00       0.00       0.00       0.00       0.00       0.00       0.00       0.00       0.00       0.00       0.00       0.00       0.00       0.00       0.00       0.00       0.00       0.00       0.00       0.00       0.00       0.00       0.00       0.00       0.00       0.00       0.00      89.00       0.00       0.00       0.00       0.00       0.00       0.00       0.00       0.00       0.00       0.00       0.00     177.00       0.00       0.00       0.00       0.00       0.00       0.00       0.00       0.00       0.00       0.00       0.00       0.00       0.00       0.00       0.00       0.00       0.00       0.00       0.00       0.00       0.00       0.00       0.00       0.00       0.00       0.00       0.00       0.00     410.00       0.00     204.00      63.00       0.00       0.00       0.00      69.00       0.00       0.00
17시 06분 57초    1       0.00       0.00       0.00     147.00       0.00       0.00       0.00       0.00       0.00       0.00       0.00       0.00       0.00       0.00       0.00       0.00       0.00       0.00       0.00       0.00       0.00       0.00       0.00       0.00       0.00       0.00       0.00       0.00       0.00       0.00       0.00       0.00       0.00       0.00       0.00       0.00       0.00       0.00       0.00       0.00       0.00       0.00       0.00       0.00       0.00       0.00       0.00       0.00       0.00       0.00       0.00       0.00       0.00       0.00       0.00       0.00       0.00       0.00       0.00       0.00       0.00       0.00       0.00       0.00       0.00       0.00       0.00       0.00       0.00       0.00       0.00       0.00       0.00       0.00       0.00       0.00       0.00       0.00       0.00       0.00       0.00       0.00       0.00       0.00       0.00       0.00       0.00       0.00       0.00       0.00       0.00       0.00       0.00       0.00       0.00       0.00       0.00       0.00       0.00       0.00       0.00       0.00       0.00       0.00       0.00       0.00       0.00       0.00       0.00       0.00       0.00       0.00       0.00       0.00       0.00       0.00       0.00       0.00       0.00       0.00       0.00       0.00       0.00       0.00       0.00       0.00       0.00       0.00       0.00       0.00       0.00       0.00       0.00       0.00       0.00       0.00     195.00      33.00       0.00       0.00       0.00      26.00       0.00       0.00
17시 06분 57초    2       0.00       0.00       0.00     189.00       0.00       0.00       0.00       0.00       0.00       0.00       0.00       0.00       0.00       0.00       0.00       0.00       0.00       0.00       0.00       0.00       0.00       0.00       0.00       0.00       0.00       0.00       0.00       0.00       0.00       0.00       0.00       0.00       0.00       0.00       0.00       0.00       0.00       0.00       0.00       0.00       0.00       0.00       0.00       0.00       0.00       0.00       0.00       0.00       0.00       0.00       0.00       0.00       0.00       0.00       0.00       0.00       0.00       0.00       0.00       0.00       0.00       0.00       0.00       0.00       0.00       0.00       0.00       0.00       0.00       0.00       0.00       0.00       0.00       0.00       0.00       0.00       0.00       0.00       0.00       0.00       0.00       0.00       0.00       0.00       0.00       0.00       0.00       0.00       0.00       0.00       0.00       0.00       0.00       0.00       0.00       0.00       0.00       0.00       0.00       0.00       0.00       0.00       0.00       0.00       0.00       0.00       0.00       0.00       0.00       0.00       0.00       0.00       0.00       0.00       0.00       0.00       0.00       0.00       0.00       0.00       0.00       0.00       0.00       0.00       0.00       0.00       0.00       0.00       0.00       0.00       0.00       0.00       0.00       0.00       0.00       0.00     121.00      13.00       0.00       0.00       0.00      42.00       0.00       0.00
17시 06분 57초    3       0.00       0.00       0.00     181.00       0.00       0.00       0.00       0.00       0.00       0.00       0.00       0.00       0.00       0.00       0.00       0.00       0.00       0.00       0.00       0.00       0.00       0.00       0.00       0.00       0.00       0.00       0.00       0.00       0.00       0.00       0.00       0.00       0.00       0.00       0.00       0.00       0.00       0.00       0.00       0.00       0.00       0.00       0.00       0.00       0.00       0.00       0.00       0.00       0.00       0.00       0.00       0.00       0.00       0.00       0.00       0.00       0.00       0.00       0.00       0.00       0.00       0.00       0.00       0.00       0.00       0.00       0.00       0.00       0.00       0.00       0.00       0.00       0.00       0.00       0.00       0.00       0.00       0.00       0.00       0.00       0.00       0.00       0.00       0.00       0.00       0.00       0.00       0.00       0.00       0.00       0.00       0.00       0.00       0.00       0.00       0.00       0.00       0.00       0.00       0.00       0.00       0.00       0.00       0.00       0.00       0.00       0.00       0.00       0.00       0.00       0.00       0.00       0.00       0.00       0.00       0.00       0.00       0.00       0.00       0.00       0.00       0.00       0.00       0.00       0.00       0.00       0.00       0.00       0.00       0.00       0.00       0.00       0.00       0.00       0.00       0.00     163.00      18.00       0.00       0.00       0.00      36.00       0.00       0.00
17시 06분 57초    4       0.00       0.00       0.00     153.00       0.00       0.00       0.00       0.00       0.00       0.00       0.00       0.00       0.00       0.00       0.00       0.00       0.00       0.00       0.00       0.00       0.00       0.00       0.00       0.00       0.00       0.00       0.00       0.00       0.00       0.00       0.00       0.00       0.00       0.00       0.00       0.00       0.00       0.00       0.00       0.00       0.00       0.00       0.00       0.00       0.00       0.00       0.00       0.00       0.00       0.00       0.00       0.00       0.00       0.00       0.00       0.00       0.00       0.00       0.00       0.00       0.00       0.00       0.00       0.00       0.00       0.00       0.00       0.00       0.00       0.00       0.00       0.00       0.00       0.00       0.00       0.00       0.00       0.00       0.00       0.00       0.00       0.00       0.00       0.00       0.00       0.00       0.00       0.00       0.00       0.00       0.00       0.00       0.00       0.00       0.00       0.00       0.00       0.00       0.00       0.00       0.00       0.00       0.00       0.00       0.00       0.00       0.00       0.00       0.00       0.00       0.00       0.00       0.00       0.00       0.00       0.00       0.00       0.00       0.00       0.00       0.00       0.00       0.00       0.00       0.00       0.00       0.00       0.00       0.00       0.00       0.00       0.00       0.00       0.00       0.00       0.00     170.00       9.00       0.00       0.00       0.00       3.00       0.00       0.00
17시 06분 57초    5       0.00       0.00       0.00     169.00       0.00       0.00       0.00       0.00       0.00       0.00       0.00       0.00       0.00       0.00       0.00       0.00       0.00       0.00       0.00       0.00       0.00       0.00       0.00       0.00       0.00       0.00       0.00       0.00       0.00       0.00       0.00       0.00       0.00       0.00       0.00       0.00       0.00       0.00       0.00       0.00       0.00       0.00       0.00       0.00       0.00       0.00       0.00       0.00       0.00       0.00       0.00       0.00       0.00       0.00       0.00       0.00       0.00       0.00       0.00       0.00       0.00       0.00       0.00       0.00       0.00       0.00       0.00       0.00       0.00       0.00       0.00       0.00       0.00       0.00       0.00       0.00       0.00       0.00       0.00       0.00       0.00       0.00       0.00       0.00       0.00       0.00       0.00       0.00       0.00       0.00       0.00       0.00       0.00       0.00       0.00       0.00       0.00       0.00       0.00       0.00       0.00       0.00       0.00       0.00       0.00       0.00       0.00       0.00       0.00       0.00       0.00       0.00       0.00       0.00       0.00       0.00       0.00       0.00       0.00       0.00       0.00       0.00       0.00       0.00       0.00       0.00       0.00       0.00       0.00       0.00       0.00       0.00       0.00       0.00       0.00       0.00     157.00       5.00       0.00       0.00       0.00       1.00       0.00       0.00

17시 06분 56초  CPU       HI/s    TIMER/s   NET_TX/s   NET_RX/s    BLOCK/s IRQ_POLL/s  TASKLET/s    SCHED/s  HRTIMER/s      RCU/s
17시 06분 57초    0       0.00      14.00      16.00     376.00       0.00       0.00       0.00     116.00       0.00      49.00
17시 06분 57초    1       0.00      38.00       0.00       0.00       0.00       0.00       0.00      79.00       0.00      39.00
17시 06분 57초    2       0.00      16.00       0.00       0.00       0.00       0.00       0.00      71.00       0.00      46.00
17시 06분 57초    3       0.00      19.00       0.00       0.00       0.00       0.00       0.00      69.00       0.00      47.00
17시 06분 57초    4       0.00      12.00       0.00       0.00       0.00       0.00       0.00      57.00       0.00      50.00
17시 06분 57초    5       0.00       6.00       0.00       0.00       0.00       0.00       0.00      74.00       0.00      44.00

17시 06분 57초  CPU    %usr   %nice    %sys %iowait    %irq   %soft  %steal  %guest  %gnice   %idle
17시 06분 58초  all   15.47    0.00    2.16    0.00    0.50    0.17    0.00    0.00    0.00   81.70
17시 06분 58초    0   22.33    0.00    2.91    0.00    0.97    0.00    0.00    0.00    0.00   73.79
17시 06분 58초    1   20.79    0.00    1.98    0.00    0.99    0.00    0.00    0.00    0.00   76.24
17시 06분 58초    2   16.16    0.00    1.01    0.00    0.00    1.01    0.00    0.00    0.00   81.82
17시 06분 58초    3   11.22    0.00    1.02    0.00    1.02    0.00    0.00    0.00    0.00   86.73
17시 06분 58초    4    8.00    0.00    5.00    0.00    0.00    0.00    0.00    0.00    0.00   87.00
17시 06분 58초    5   14.00    0.00    1.00    0.00    0.00    0.00    0.00    0.00    0.00   85.00

17시 06분 57초  CPU    intr/s
17시 06분 58초  all   3005.00
17시 06분 58초    0    575.00
17시 06분 58초    1    170.00
17시 06분 58초    2    148.00
17시 06분 58초    3    136.00
17시 06분 58초    4    137.00
17시 06분 58초    5    105.00

17시 06분 57초  CPU        9/s       11/s       12/s       13/s       18/s       20/s       21/s       22/s       23/s       24/s       25/s       26/s       27/s       28/s       29/s       30/s       31/s       32/s       33/s       34/s       35/s       36/s       37/s       38/s       39/s       40/s       41/s       42/s       43/s       44/s       45/s       46/s       47/s       48/s       49/s       50/s       51/s       52/s       53/s       54/s       55/s       57/s       59/s       61/s       65/s       66/s       67/s       68/s       69/s       70/s       71/s       72/s       73/s       74/s       75/s       76/s       77/s       79/s       80/s       81/s       82/s       83/s       84/s       85/s       86/s       87/s       88/s       89/s       90/s       91/s       92/s       93/s       94/s       95/s       96/s       97/s       98/s      112/s      113/s      114/s      115/s      116/s      117/s      118/s      119/s      120/s      121/s      122/s      123/s      124/s      125/s      126/s      127/s      128/s      129/s      130/s      131/s      132/s      133/s      134/s      135/s      136/s      137/s      138/s      150/s      154/s      162/s      167/s      171/s      224/s      228/s      229/s      230/s      231/s      232/s      233/s      234/s      235/s      236/s      237/s      245/s      246/s      247/s      249/s      250/s      252/s      253/s      262/s      263/s      294/s      296/s      297/s      298/s      299/s      301/s      302/s     IPI0/s     IPI1/s     IPI2/s     IPI3/s     IPI4/s     IPI5/s     IPI6/s      Err/s
17시 06분 58초    0       0.00       0.00       0.00     200.00       0.00       0.00       0.00       0.00       0.00       0.00       0.00       0.00       0.00       0.00       0.00       0.00       0.00       0.00       0.00       0.00       0.00       0.00       0.00       0.00       0.00       0.00       0.00       0.00       0.00       0.00       0.00       0.00       0.00       0.00       0.00       0.00       0.00       0.00       0.00       0.00       0.00       0.00       0.00       0.00       0.00       0.00       0.00       0.00       0.00       0.00       0.00       0.00       0.00       0.00       0.00       0.00       0.00       0.00       0.00       0.00       0.00       0.00       0.00       0.00       0.00       0.00       0.00       0.00       0.00       0.00       0.00       0.00       0.00       0.00       0.00       0.00       0.00       0.00       0.00       0.00       0.00       0.00       0.00       0.00       0.00       0.00       0.00       0.00       0.00       0.00       0.00       0.00       0.00      90.00       0.00       0.00       0.00       0.00       0.00       0.00       0.00       0.00       0.00       0.00       0.00     171.00       0.00       0.00       0.00       0.00       0.00       0.00       0.00       0.00       0.00       0.00       0.00       0.00       0.00       0.00       0.00       0.00       0.00       0.00       0.00       0.00       0.00       0.00       0.00       0.00       0.00       0.00       0.00       0.00     407.00       0.00     182.00      41.00       0.00       0.00       0.00      78.00       0.00       0.00
17시 06분 58초    1       0.00       0.00       0.00     140.00       0.00       0.00       0.00       0.00       0.00       0.00       0.00       0.00       0.00       0.00       0.00       0.00       0.00       0.00       0.00       0.00       0.00       0.00       0.00       0.00       0.00       0.00       0.00       0.00       0.00       0.00       0.00       0.00       0.00       0.00       0.00       0.00       0.00       0.00       0.00       0.00       0.00       0.00       0.00       0.00       0.00       0.00       0.00       0.00       0.00       0.00       0.00       0.00       0.00       0.00       0.00       0.00       0.00       0.00       0.00       0.00       0.00       0.00       0.00       0.00       0.00       0.00       0.00       0.00       0.00       0.00       0.00       0.00       0.00       0.00       0.00       0.00       0.00       0.00       0.00       0.00       0.00       0.00       0.00       0.00       0.00       0.00       0.00       0.00       0.00       0.00       0.00       0.00       0.00       0.00       0.00       0.00       0.00       0.00       0.00       0.00       0.00       0.00       0.00       0.00       0.00       0.00       0.00       0.00       0.00       0.00       0.00       0.00       0.00       0.00       0.00       0.00       0.00       0.00       0.00       0.00       0.00       0.00       0.00       0.00       0.00       0.00       0.00       0.00       0.00       0.00       0.00       0.00       0.00       0.00       0.00       0.00     160.00      51.00       0.00       0.00       0.00      23.00       0.00       0.00
17시 06분 58초    2       0.00       0.00       0.00     174.00       0.00       0.00       0.00       0.00       0.00       0.00       0.00       0.00       0.00       0.00       0.00       0.00       0.00       0.00       0.00       0.00       0.00       0.00       0.00       0.00       0.00       0.00       0.00       0.00       0.00       0.00       0.00       0.00       0.00       0.00       0.00       0.00       0.00       0.00       0.00       0.00       0.00       0.00       0.00       0.00       0.00       0.00       0.00       0.00       0.00       0.00       0.00       0.00       0.00       0.00       0.00       0.00       0.00       0.00       0.00       0.00       0.00       0.00       0.00       0.00       0.00       0.00       0.00       0.00       0.00       0.00       0.00       0.00       0.00       0.00       0.00       0.00       0.00       0.00       0.00       0.00       0.00       0.00       0.00       0.00       0.00       0.00       0.00       0.00       0.00       0.00       0.00       0.00       0.00       0.00       0.00       0.00       0.00       0.00       0.00       0.00       0.00       0.00       0.00       0.00       0.00       0.00       0.00       0.00       0.00       0.00       0.00       0.00       0.00       0.00       0.00       0.00       0.00       0.00       0.00       0.00       0.00       0.00       0.00       0.00       0.00       0.00       0.00       0.00       0.00       0.00       0.00       0.00       0.00       0.00       0.00       0.00     171.00      26.00       0.00       0.00       0.00      27.00       0.00       0.00
17시 06분 58초    3       0.00       0.00       0.00     188.00       0.00       0.00       0.00       0.00       0.00       0.00       0.00       0.00       0.00       0.00       0.00       0.00       0.00       0.00       0.00       0.00       0.00       0.00       0.00       0.00       0.00       0.00       0.00       0.00       0.00       0.00       0.00       0.00       0.00       0.00       0.00       0.00       0.00       0.00       0.00       0.00       0.00       0.00       0.00       0.00       0.00       0.00       0.00       0.00       0.00       0.00       0.00       0.00       0.00       0.00       0.00       0.00       0.00       0.00       0.00       0.00       0.00       0.00       0.00       0.00       0.00       0.00       0.00       0.00       0.00       0.00       0.00       0.00       0.00       0.00       0.00       0.00       0.00       0.00       0.00       0.00       0.00       0.00       0.00       0.00       0.00       0.00       0.00       0.00       0.00       0.00       0.00       0.00       0.00       0.00       0.00       0.00       0.00       0.00       0.00       0.00       0.00       0.00       0.00       0.00       0.00       0.00       0.00       0.00       0.00       0.00       0.00       0.00       0.00       0.00       0.00       0.00       0.00       0.00       0.00       0.00       0.00       0.00       0.00       0.00       0.00       0.00       0.00       0.00       0.00       0.00       0.00       0.00       0.00       0.00       0.00       0.00     193.00      14.00       0.00       0.00       0.00      20.00       0.00       0.00
17시 06분 58초    4       0.00       0.00       0.00     171.00       0.00       0.00       0.00       0.00       0.00       0.00       0.00       0.00       0.00       0.00       0.00       0.00       0.00       0.00       0.00       0.00       0.00       0.00       0.00       0.00       0.00       0.00       0.00       0.00       0.00       0.00       0.00       0.00       0.00       0.00       0.00       0.00       0.00       0.00       0.00       0.00       0.00       0.00       0.00       0.00       0.00       0.00       0.00       0.00       0.00       0.00       0.00       0.00       0.00       0.00       0.00       0.00       0.00       0.00       0.00       0.00       0.00       0.00       0.00       0.00       0.00       0.00       0.00       0.00       0.00       0.00       0.00       0.00       0.00       0.00       0.00       0.00       0.00       0.00       0.00       0.00       0.00       0.00       0.00       0.00       0.00       0.00       0.00       0.00       0.00       0.00       0.00       0.00       0.00       0.00       0.00       0.00       0.00       0.00       0.00       0.00       0.00       0.00       0.00       0.00       0.00       0.00       0.00       0.00       0.00       0.00       0.00       0.00       0.00       0.00       0.00       0.00       0.00       0.00       0.00       0.00       0.00       0.00       0.00       0.00       0.00       0.00       0.00       0.00       0.00       0.00       0.00       0.00       0.00       0.00       0.00       0.00     177.00       5.00       0.00       0.00       0.00      10.00       0.00       0.00
17시 06분 58초    5       0.00       0.00       0.00     126.00       0.00       0.00       0.00       0.00       0.00       0.00       0.00       0.00       0.00       0.00       0.00       0.00       0.00       0.00       0.00       0.00       0.00       0.00       0.00       0.00       0.00       0.00       0.00       0.00       0.00       0.00       0.00       0.00       0.00       0.00       0.00       0.00       0.00       0.00       0.00       0.00       0.00       0.00       0.00       0.00       0.00       0.00       0.00       0.00       0.00       0.00       0.00       0.00       0.00       0.00       0.00       0.00       0.00       0.00       0.00       0.00       0.00       0.00       0.00       0.00       0.00       0.00       0.00       0.00       0.00       0.00       0.00       0.00       0.00       0.00       0.00       0.00       0.00       0.00       0.00       0.00       0.00       0.00       0.00       0.00       0.00       0.00       0.00       0.00       0.00       0.00       0.00       0.00       0.00       0.00       0.00       0.00       0.00       0.00       0.00       0.00       0.00       0.00       0.00       0.00       0.00       0.00       0.00       0.00       0.00       0.00       0.00       0.00       0.00       0.00       0.00       0.00       0.00       0.00       0.00       0.00       0.00       0.00       0.00       0.00       0.00       0.00       0.00       0.00       0.00       0.00       0.00       0.00       0.00       0.00       0.00       0.00     152.00       0.00       0.00       0.00       0.00       8.00       0.00       0.00

17시 06분 57초  CPU       HI/s    TIMER/s   NET_TX/s   NET_RX/s    BLOCK/s IRQ_POLL/s  TASKLET/s    SCHED/s  HRTIMER/s      RCU/s
17시 06분 58초    0       0.00      20.00      17.00     374.00       0.00       0.00       0.00     105.00       0.00      59.00
17시 06분 58초    1       0.00      30.00       0.00       0.00       0.00       0.00       0.00      96.00       0.00      44.00
17시 06분 58초    2       0.00      13.00       0.00       0.00       0.00       0.00       0.00      84.00       0.00      51.00
17시 06분 58초    3       0.00      25.00       0.00       0.00       0.00       0.00       0.00      69.00       0.00      42.00
17시 06분 58초    4       0.00      17.00       0.00       0.00       0.00       0.00       0.00      68.00       0.00      52.00
17시 06분 58초    5       0.00      17.00       0.00       0.00       0.00       0.00       0.00      45.00       0.00      43.00

17시 06분 58초  CPU    %usr   %nice    %sys %iowait    %irq   %soft  %steal  %guest  %gnice   %idle
17시 06분 59초  all   15.80    0.00    1.85    0.00    0.17    0.00    0.00    0.00    0.00   82.18
17시 06분 59초    0    0.00    0.00    0.00    0.00    0.00    0.00    0.00    0.00    0.00  100.00
17시 06분 59초    1    5.05    0.00    1.01    0.00    0.00    0.00    0.00    0.00    0.00   93.94
17시 06분 59초    2    7.07    0.00    2.02    0.00    0.00    0.00    0.00    0.00    0.00   90.91
17시 06분 59초    3    6.00    0.00    2.00    0.00    0.00    0.00    0.00    0.00    0.00   92.00
17시 06분 59초    4   72.00    0.00    3.00    0.00    1.00    0.00    0.00    0.00    0.00   24.00
17시 06분 59초    5    4.00    0.00    3.00    0.00    0.00    0.00    0.00    0.00    0.00   93.00

17시 06분 58초  CPU    intr/s
17시 06분 59초  all   1588.00
17시 06분 59초    0    348.00
17시 06분 59초    1    117.00
17시 06분 59초    2     74.00
17시 06분 59초    3    100.00
17시 06분 59초    4    123.00
17시 06분 59초    5    104.00

17시 06분 58초  CPU        9/s       11/s       12/s       13/s       18/s       20/s       21/s       22/s       23/s       24/s       25/s       26/s       27/s       28/s       29/s       30/s       31/s       32/s       33/s       34/s       35/s       36/s       37/s       38/s       39/s       40/s       41/s       42/s       43/s       44/s       45/s       46/s       47/s       48/s       49/s       50/s       51/s       52/s       53/s       54/s       55/s       57/s       59/s       61/s       65/s       66/s       67/s       68/s       69/s       70/s       71/s       72/s       73/s       74/s       75/s       76/s       77/s       79/s       80/s       81/s       82/s       83/s       84/s       85/s       86/s       87/s       88/s       89/s       90/s       91/s       92/s       93/s       94/s       95/s       96/s       97/s       98/s      112/s      113/s      114/s      115/s      116/s      117/s      118/s      119/s      120/s      121/s      122/s      123/s      124/s      125/s      126/s      127/s      128/s      129/s      130/s      131/s      132/s      133/s      134/s      135/s      136/s      137/s      138/s      150/s      154/s      162/s      167/s      171/s      224/s      228/s      229/s      230/s      231/s      232/s      233/s      234/s      235/s      236/s      237/s      245/s      246/s      247/s      249/s      250/s      252/s      253/s      262/s      263/s      294/s      296/s      297/s      298/s      299/s      301/s      302/s     IPI0/s     IPI1/s     IPI2/s     IPI3/s     IPI4/s     IPI5/s     IPI6/s      Err/s
17시 06분 59초    0       0.00       0.00       0.00     158.00       0.00       0.00       0.00       0.00       0.00       0.00       0.00       0.00       0.00       0.00       0.00       0.00       0.00       0.00       0.00       0.00       0.00       0.00       0.00       0.00       0.00       0.00       0.00       0.00       0.00       0.00       0.00       0.00       0.00       0.00       0.00       0.00       0.00       0.00       0.00       0.00       0.00       0.00       0.00       0.00       0.00       0.00       0.00       0.00       0.00       0.00       0.00       0.00       0.00       0.00       0.00       0.00       0.00       0.00       0.00       0.00       0.00       0.00       0.00       0.00       0.00       0.00       0.00       0.00       0.00       0.00       0.00       0.00       0.00       0.00       0.00       0.00       0.00       0.00       0.00       9.00       0.00       0.00       0.00       0.00       0.00       0.00       0.00       0.00       0.00       0.00       0.00       0.00       0.00      24.00       0.00       0.00       0.00       0.00       0.00       0.00       0.00       0.00       0.00       0.00       0.00      79.00       0.00       0.00       0.00       0.00       0.00       0.00       0.00       0.00       0.00       0.00       0.00       0.00       0.00       0.00       0.00       0.00       0.00       0.00       0.00       0.00       0.00       0.00       0.00       0.00       0.00       0.00       0.00       0.00     205.00       0.00      99.00      45.00       0.00       0.00       0.00      30.00       0.00       0.00
17시 06분 59초    1       0.00       0.00       0.00      98.00       0.00       0.00       0.00       0.00       0.00       0.00       0.00       0.00       0.00       0.00       0.00       0.00       0.00       0.00       0.00       0.00       0.00       0.00       0.00       0.00       0.00       0.00       0.00       0.00       0.00       0.00       0.00       0.00       0.00       0.00       0.00       0.00       0.00       0.00       0.00       0.00       0.00       0.00       0.00       0.00       0.00       0.00       0.00       0.00       0.00       0.00       0.00       0.00       0.00       0.00       0.00       0.00       0.00       0.00       0.00       0.00       0.00       0.00       0.00       0.00       0.00       0.00       0.00       0.00       0.00       0.00       0.00       0.00       0.00       0.00       0.00       0.00       0.00       0.00       0.00       0.00       0.00       0.00       0.00       0.00       0.00       0.00       0.00       0.00       0.00       0.00       0.00       0.00       0.00       0.00       0.00       0.00       0.00       0.00       0.00       0.00       0.00       0.00       0.00       0.00       0.00       0.00       0.00       0.00       0.00       0.00       0.00       0.00       0.00       0.00       0.00       0.00       0.00       0.00       0.00       0.00       0.00       0.00       0.00       0.00       0.00       0.00       0.00       0.00       0.00       0.00       0.00       0.00       0.00       0.00       0.00       0.00      45.00      29.00       0.00       0.00       0.00       7.00       0.00       0.00
17시 06분 59초    2       0.00       0.00       0.00      81.00       0.00       0.00       0.00       0.00       0.00       0.00       0.00       0.00       0.00       0.00       0.00       0.00       0.00       0.00       0.00       0.00       0.00       0.00       0.00       0.00       0.00       0.00       0.00       0.00       0.00       0.00       0.00       0.00       0.00       0.00       0.00       0.00       0.00       0.00       0.00       0.00       0.00       0.00       0.00       0.00       0.00       0.00       0.00       0.00       0.00       0.00       0.00       0.00       0.00       0.00       0.00       0.00       0.00       0.00       0.00       0.00       0.00       0.00       0.00       0.00       0.00       0.00       0.00       0.00       0.00       0.00       0.00       0.00       0.00       0.00       0.00       0.00       0.00       0.00       0.00       0.00       0.00       0.00       0.00       0.00       0.00       0.00       0.00       0.00       0.00       0.00       0.00       0.00       0.00       0.00       0.00       0.00       0.00       0.00       0.00       0.00       0.00       0.00       0.00       0.00       0.00       0.00       0.00       0.00       0.00       0.00       0.00       0.00       0.00       0.00       0.00       0.00       0.00       0.00       0.00       0.00       0.00       0.00       0.00       0.00       0.00       0.00       0.00       0.00       0.00       0.00       0.00       0.00       0.00       0.00       0.00       0.00      45.00       8.00       0.00       0.00       0.00       8.00       0.00       0.00
17시 06분 59초    3       0.00       0.00       0.00      96.00       0.00       0.00       0.00       0.00       0.00       0.00       0.00       0.00       0.00       0.00       0.00       0.00       0.00       0.00       0.00       0.00       0.00       0.00       0.00       0.00       0.00       0.00       0.00       0.00       0.00       0.00       0.00       0.00       0.00       0.00       0.00       0.00       0.00       0.00       0.00       0.00       0.00       0.00       0.00       0.00       0.00       0.00       0.00       0.00       0.00       0.00       0.00       0.00       0.00       0.00       0.00       0.00       0.00       0.00       0.00       0.00       0.00       0.00       0.00       0.00       0.00       0.00       0.00       0.00       0.00       0.00       0.00       0.00       0.00       0.00       0.00       0.00       0.00       0.00       0.00       0.00       0.00       0.00       0.00       0.00       0.00       0.00       0.00       0.00       0.00       0.00       0.00       0.00       0.00       0.00       0.00       0.00       0.00       0.00       0.00       0.00       0.00       0.00       0.00       0.00       0.00       0.00       0.00       0.00       0.00       0.00       0.00       0.00       0.00       0.00       0.00       0.00       0.00       0.00       0.00       0.00       0.00       0.00       0.00       0.00       0.00       0.00       0.00       0.00       0.00       0.00       0.00       0.00       0.00       0.00       0.00       0.00      53.00       4.00       0.00       0.00       0.00       7.00       0.00       0.00
17시 06분 59초    4       0.00       0.00       0.00     243.00       0.00       0.00       0.00       0.00       0.00       0.00       0.00       0.00       0.00       0.00       0.00       0.00       0.00       0.00       0.00       0.00       0.00       0.00       0.00       0.00       0.00       0.00       0.00       0.00       0.00       0.00       0.00       0.00       0.00       0.00       0.00       0.00       0.00       0.00       0.00       0.00       0.00       0.00       0.00       0.00       0.00       0.00       0.00       0.00       0.00       0.00       0.00       0.00       0.00       0.00       0.00       0.00       0.00       0.00       0.00       0.00       0.00       0.00       0.00       0.00       0.00       0.00       0.00       0.00       0.00       0.00       0.00       0.00       0.00       0.00       0.00       0.00       0.00       0.00       0.00       0.00       0.00       0.00       0.00       0.00       0.00       0.00       0.00       0.00       0.00       0.00       0.00       0.00       0.00       0.00       0.00       0.00       0.00       0.00       0.00       0.00       0.00       0.00       0.00       0.00       0.00       0.00       0.00       0.00       0.00       0.00       0.00       0.00       0.00       0.00       0.00       0.00       0.00       0.00       0.00       0.00       0.00       0.00       0.00       0.00       0.00       0.00       0.00       0.00       0.00       0.00       0.00       0.00       0.00       0.00       0.00       0.00      56.00       1.00       0.00       0.00       0.00      10.00       0.00       0.00
17시 06분 59초    5       0.00       0.00       0.00     107.00       0.00       0.00       0.00       0.00       0.00       0.00       0.00       0.00       0.00       0.00       0.00       0.00       0.00       0.00       0.00       0.00       0.00       0.00       0.00       0.00       0.00       0.00       0.00       0.00       0.00       0.00       0.00       0.00       0.00       0.00       0.00       0.00       0.00       0.00       0.00       0.00       0.00       0.00       0.00       0.00       0.00       0.00       0.00       0.00       0.00       0.00       0.00       0.00       0.00       0.00       0.00       0.00       0.00       0.00       0.00       0.00       0.00       0.00       0.00       0.00       0.00       0.00       0.00       0.00       0.00       0.00       0.00       0.00       0.00       0.00       0.00       0.00       0.00       0.00       0.00       0.00       0.00       0.00       0.00       0.00       0.00       0.00       0.00       0.00       0.00       0.00       0.00       0.00       0.00       0.00       0.00       0.00       0.00       0.00       0.00       0.00       0.00       0.00       0.00       0.00       0.00       0.00       0.00       0.00       0.00       0.00       0.00       0.00       0.00       0.00       0.00       0.00       0.00       0.00       0.00       0.00       0.00       0.00       0.00       0.00       0.00       0.00       0.00       0.00       0.00       0.00       0.00       0.00       0.00       0.00       0.00       0.00      38.00       1.00       0.00       0.00       0.00       2.00       0.00       0.00

17시 06분 58초  CPU       HI/s    TIMER/s   NET_TX/s   NET_RX/s    BLOCK/s IRQ_POLL/s  TASKLET/s    SCHED/s  HRTIMER/s      RCU/s
17시 06분 59초    0       0.00      36.00       8.00     189.00       0.00       0.00       0.00      80.00       0.00      35.00
17시 06분 59초    1       0.00      20.00       0.00       0.00       0.00       0.00       0.00      63.00       0.00      34.00
17시 06분 59초    2       0.00      15.00       0.00       0.00       0.00       0.00       0.00      30.00       0.00      29.00
17시 06분 59초    3       0.00      24.00       0.00       0.00       0.00       0.00       0.00      40.00       0.00      36.00
17시 06분 59초    4       0.00       1.00       0.00       0.00       0.00       0.00       0.00      27.00       0.00      95.00
17시 06분 59초    5       0.00      16.00       0.00       0.00       0.00       0.00       0.00      42.00       0.00      46.00

17시 06분 59초  CPU    %usr   %nice    %sys %iowait    %irq   %soft  %steal  %guest  %gnice   %idle
17시 07분 00초  all   15.33    0.00    4.67    0.00    0.17    0.00    0.00    0.00    0.00   79.83
17시 07분 00초    0    0.99    0.00    1.98    0.00    0.99    0.00    0.00    0.00    0.00   96.04
17시 07분 00초    1    1.01    0.00   10.10    0.00    0.00    0.00    0.00    0.00    0.00   88.89
17시 07분 00초    2    1.00    0.00    1.00    0.00    0.00    0.00    0.00    0.00    0.00   98.00
17시 07분 00초    3    0.00    0.00    2.00    0.00    0.00    0.00    0.00    0.00    0.00   98.00
17시 07분 00초    4   88.00    0.00   11.00    0.00    0.00    0.00    0.00    0.00    0.00    1.00
17시 07분 00초    5    1.00    0.00    2.00    0.00    0.00    0.00    0.00    0.00    0.00   97.00

17시 06분 59초  CPU    intr/s
17시 07분 00초  all   1151.00
17시 07분 00초    0    187.00
17시 07분 00초    1    127.00
17시 07분 00초    2     80.00
17시 07분 00초    3     78.00
17시 07분 00초    4    153.00
17시 07분 00초    5    127.00

17시 06분 59초  CPU        9/s       11/s       12/s       13/s       18/s       20/s       21/s       22/s       23/s       24/s       25/s       26/s       27/s       28/s       29/s       30/s       31/s       32/s       33/s       34/s       35/s       36/s       37/s       38/s       39/s       40/s       41/s       42/s       43/s       44/s       45/s       46/s       47/s       48/s       49/s       50/s       51/s       52/s       53/s       54/s       55/s       57/s       59/s       61/s       65/s       66/s       67/s       68/s       69/s       70/s       71/s       72/s       73/s       74/s       75/s       76/s       77/s       79/s       80/s       81/s       82/s       83/s       84/s       85/s       86/s       87/s       88/s       89/s       90/s       91/s       92/s       93/s       94/s       95/s       96/s       97/s       98/s      112/s      113/s      114/s      115/s      116/s      117/s      118/s      119/s      120/s      121/s      122/s      123/s      124/s      125/s      126/s      127/s      128/s      129/s      130/s      131/s      132/s      133/s      134/s      135/s      136/s      137/s      138/s      150/s      154/s      162/s      167/s      171/s      224/s      228/s      229/s      230/s      231/s      232/s      233/s      234/s      235/s      236/s      237/s      245/s      246/s      247/s      249/s      250/s      252/s      253/s      262/s      263/s      294/s      296/s      297/s      298/s      299/s      301/s      302/s     IPI0/s     IPI1/s     IPI2/s     IPI3/s     IPI4/s     IPI5/s     IPI6/s      Err/s
17시 07분 00초    0       0.00       0.00       0.00     123.00       0.00       0.00       0.00       0.00       0.00       0.00       0.00       0.00       0.00       0.00       0.00       0.00       0.00       0.00       0.00       0.00       0.00       0.00       0.00       0.00       0.00       0.00       0.00       0.00       0.00       0.00       0.00       0.00       0.00       0.00       0.00       0.00       0.00       0.00       0.00       0.00       0.00       0.00       0.00       0.00       0.00       0.00       0.00       0.00       0.00       0.00       0.00       0.00       0.00       0.00       0.00       0.00       0.00       0.00       0.00       0.00       0.00       0.00       0.00       0.00       0.00       0.00       0.00       0.00       0.00       0.00       0.00       0.00       0.00       0.00       0.00       0.00       0.00      74.00       0.00       7.00       0.00       0.00       0.00       0.00       0.00       0.00       0.00       0.00       0.00       0.00       0.00       0.00       0.00       0.00       0.00       0.00       0.00       0.00       0.00       0.00       0.00       0.00       0.00       0.00       0.00      50.00       0.00       0.00       0.00       0.00       0.00       0.00       0.00       0.00       0.00       0.00       0.00       0.00       0.00       0.00       0.00       0.00       0.00       0.00       0.00       0.00       0.00       0.00       0.00       0.00       0.00       0.00       0.00       0.00      24.00       0.00      33.00      45.00       0.00       0.00       0.00      15.00       0.00       0.00
17시 07분 00초    1       0.00       0.00       0.00      94.00       0.00       0.00       0.00       0.00       0.00       0.00       0.00       0.00       0.00       0.00       0.00       0.00       0.00       0.00       0.00       0.00       0.00       0.00       0.00       0.00       0.00       0.00       0.00       0.00       0.00       0.00       0.00       0.00       0.00       0.00       0.00       0.00       0.00       0.00       0.00       0.00       0.00       0.00       0.00       0.00       0.00       0.00       0.00       0.00       0.00       0.00       0.00       0.00       0.00       0.00       0.00       0.00       0.00       0.00       0.00       0.00       0.00       0.00       0.00       0.00       0.00       0.00       0.00       0.00       0.00       0.00       0.00       0.00       0.00       0.00       0.00       0.00       0.00       0.00       0.00       0.00       0.00       0.00       0.00       0.00       0.00       0.00       0.00       0.00       0.00       0.00       0.00       0.00       0.00       0.00       0.00       0.00       0.00       0.00       0.00       0.00       0.00       0.00       0.00       0.00       0.00       0.00       0.00       0.00       0.00       0.00       0.00       0.00       0.00       0.00       0.00       0.00       0.00       0.00       0.00       0.00       0.00       0.00       0.00       0.00       0.00       0.00       0.00       0.00       0.00       0.00       0.00       0.00       0.00       0.00       0.00       0.00      77.00      14.00       0.00       0.00       0.00      15.00       0.00       0.00
17시 07분 00초    2       0.00       0.00       0.00      53.00       0.00       0.00       0.00       0.00       0.00       0.00       0.00       0.00       0.00       0.00       0.00       0.00       0.00       0.00       0.00       0.00       0.00       0.00       0.00       0.00       0.00       0.00       0.00       0.00       0.00       0.00       0.00       0.00       0.00       0.00       0.00       0.00       0.00       0.00       0.00       0.00       0.00       0.00       0.00       0.00       0.00       0.00       0.00       0.00       0.00       0.00       0.00       0.00       0.00       0.00       0.00       0.00       0.00       0.00       0.00       0.00       0.00       0.00       0.00       0.00       0.00       0.00       0.00       0.00       0.00       0.00       0.00       0.00       0.00       0.00       0.00       0.00       0.00       0.00       0.00       0.00       0.00       0.00       0.00       0.00       0.00       0.00       0.00       0.00       0.00       0.00       0.00       0.00       0.00       0.00       0.00       0.00       0.00       0.00       0.00       0.00       0.00       0.00       0.00       0.00       0.00       0.00       0.00       0.00       0.00       0.00       0.00       0.00       0.00       0.00       0.00       0.00       0.00       0.00       0.00       0.00       0.00       0.00       0.00       0.00       0.00       0.00       0.00       0.00       0.00       0.00       0.00       0.00       0.00       0.00       0.00       0.00       2.00       9.00       0.00       0.00       0.00       1.00       0.00       0.00
17시 07분 00초    3       0.00       0.00       0.00      57.00       0.00       0.00       0.00       0.00       0.00       0.00       0.00       0.00       0.00       0.00       0.00       0.00       0.00       0.00       0.00       0.00       0.00       0.00       0.00       0.00       0.00       0.00       0.00       0.00       0.00       0.00       0.00       0.00       0.00       0.00       0.00       0.00       0.00       0.00       0.00       0.00       0.00       0.00       0.00       0.00       0.00       0.00       0.00       0.00       0.00       0.00       0.00       0.00       0.00       0.00       0.00       0.00       0.00       0.00       0.00       0.00       0.00       0.00       0.00       0.00       0.00       0.00       0.00       0.00       0.00       0.00       0.00       0.00       0.00       0.00       0.00       0.00       0.00       0.00       0.00       0.00       0.00       0.00       0.00       0.00       0.00       0.00       0.00       0.00       0.00       0.00       0.00       0.00       0.00       0.00       0.00       0.00       0.00       0.00       0.00       0.00       0.00       0.00       0.00       0.00       0.00       0.00       0.00       0.00       0.00       0.00       0.00       0.00       0.00       0.00       0.00       0.00       0.00       0.00       0.00       0.00       0.00       0.00       0.00       0.00       0.00       0.00       0.00       0.00       0.00       0.00       0.00       0.00       0.00       0.00       0.00       0.00      14.00       0.00       0.00       0.00       0.00       2.00       0.00       0.00
17시 07분 00초    4       0.00       0.00       0.00     250.00       0.00       0.00       0.00       0.00       0.00       0.00       0.00       0.00       0.00       0.00       0.00       0.00       0.00       0.00       0.00       0.00       0.00       0.00       0.00       0.00       0.00       0.00       0.00       0.00       0.00       0.00       0.00       0.00       0.00       0.00       0.00       0.00       0.00       0.00       0.00       0.00       0.00       0.00       0.00       0.00       0.00       0.00       0.00       0.00       0.00       0.00       0.00       0.00       0.00       0.00       0.00       0.00       0.00       0.00       0.00       0.00       0.00       0.00       0.00       0.00       0.00       0.00       0.00       0.00       0.00       0.00       0.00       0.00       0.00       0.00       0.00       0.00       0.00       0.00       0.00       0.00       0.00       0.00       0.00       0.00       0.00       0.00       0.00       0.00       0.00       0.00       0.00       0.00       0.00       0.00       0.00       0.00       0.00       0.00       0.00       0.00       0.00       0.00       0.00       0.00       0.00       0.00       0.00       0.00       0.00       0.00       0.00       0.00       0.00       0.00       0.00       0.00       0.00       0.00       0.00       0.00       0.00       0.00       0.00       0.00       0.00       0.00       0.00       0.00       0.00       0.00       0.00       0.00       0.00       0.00       0.00       0.00       0.00       1.00       0.00       0.00       0.00       0.00       0.00       0.00
17시 07분 00초    5       0.00       0.00       0.00     110.00       0.00       0.00       0.00       0.00       0.00       0.00       0.00       0.00       0.00       0.00       0.00       0.00       0.00       0.00       0.00       0.00       0.00       0.00       0.00       0.00       0.00       0.00       0.00       0.00       0.00       0.00       0.00       0.00       0.00       0.00       0.00       0.00       0.00       0.00       0.00       0.00       0.00       0.00       0.00       0.00       0.00       0.00       0.00       0.00       0.00       0.00       0.00       0.00       0.00       0.00       0.00       0.00       0.00       0.00       0.00       0.00       0.00       0.00       0.00       0.00       0.00       0.00       0.00       0.00       0.00       0.00       0.00       0.00       0.00       0.00       0.00       0.00       0.00       0.00       0.00       0.00       0.00       0.00       0.00       0.00       0.00       0.00       0.00       0.00       0.00       0.00       0.00       0.00       0.00       0.00       0.00       0.00       0.00       0.00       0.00       0.00       0.00       0.00       0.00       0.00       0.00       0.00       0.00       0.00       0.00       0.00       0.00       0.00       0.00       0.00       0.00       0.00       0.00       0.00       0.00       0.00       0.00       0.00       0.00       0.00       0.00       0.00       0.00       0.00       0.00       0.00       0.00       0.00       0.00       0.00       0.00       0.00      81.00       0.00       0.00       0.00       0.00       0.00       0.00       0.00

17시 06분 59초  CPU       HI/s    TIMER/s   NET_TX/s   NET_RX/s    BLOCK/s IRQ_POLL/s  TASKLET/s    SCHED/s  HRTIMER/s      RCU/s
17시 07분 00초    0       0.00      35.00       1.00      22.00       0.00       0.00       0.00      78.00       0.00      51.00
17시 07분 00초    1       0.00      18.00       0.00       0.00       0.00       0.00       0.00      52.00       0.00      57.00
17시 07분 00초    2       0.00      19.00       0.00       0.00       0.00       0.00       0.00      33.00       0.00      28.00
17시 07분 00초    3       0.00      27.00       0.00       0.00       0.00       0.00       0.00      20.00       0.00      31.00
17시 07분 00초    4       0.00       2.00       0.00       0.00       0.00       0.00       0.00       7.00       0.00     144.00
17시 07분 00초    5       0.00      36.00       0.00       0.00       0.00       0.00       0.00      41.00       0.00      50.00

17시 07분 00초  CPU    %usr   %nice    %sys %iowait    %irq   %soft  %steal  %guest  %gnice   %idle
17시 07분 01초  all    0.50    0.00   11.54    0.33    0.17    0.00    0.00    0.00    0.00   87.46
17시 07분 01초    0    1.01    0.00   15.15    0.00    0.00    0.00    0.00    0.00    0.00   83.84
17시 07분 01초    1    0.00    0.00    1.01    2.02    0.00    0.00    0.00    0.00    0.00   96.97
17시 07분 01초    2    0.00    0.00   18.63    0.00    0.98    0.00    0.00    0.00    0.00   80.39
17시 07분 01초    3    1.00    0.00    1.00    0.00    0.00    0.00    0.00    0.00    0.00   98.00
17시 07분 01초    4    0.00    0.00    0.00    0.00    0.00    0.00    0.00    0.00    0.00  100.00
17시 07분 01초    5    1.01    0.00   33.33    0.00    0.00    0.00    0.00    0.00    0.00   65.66

17시 07분 00초  CPU    intr/s
17시 07분 01초  all   1002.00
17시 07분 01초    0    209.00
17시 07분 01초    1    108.00
17시 07분 01초    2     72.00
17시 07분 01초    3     90.00
17시 07분 01초    4     82.00
17시 07분 01초    5    188.00

17시 07분 00초  CPU        9/s       11/s       12/s       13/s       18/s       20/s       21/s       22/s       23/s       24/s       25/s       26/s       27/s       28/s       29/s       30/s       31/s       32/s       33/s       34/s       35/s       36/s       37/s       38/s       39/s       40/s       41/s       42/s       43/s       44/s       45/s       46/s       47/s       48/s       49/s       50/s       51/s       52/s       53/s       54/s       55/s       57/s       59/s       61/s       65/s       66/s       67/s       68/s       69/s       70/s       71/s       72/s       73/s       74/s       75/s       76/s       77/s       79/s       80/s       81/s       82/s       83/s       84/s       85/s       86/s       87/s       88/s       89/s       90/s       91/s       92/s       93/s       94/s       95/s       96/s       97/s       98/s      112/s      113/s      114/s      115/s      116/s      117/s      118/s      119/s      120/s      121/s      122/s      123/s      124/s      125/s      126/s      127/s      128/s      129/s      130/s      131/s      132/s      133/s      134/s      135/s      136/s      137/s      138/s      150/s      154/s      162/s      167/s      171/s      224/s      228/s      229/s      230/s      231/s      232/s      233/s      234/s      235/s      236/s      237/s      245/s      246/s      247/s      249/s      250/s      252/s      253/s      262/s      263/s      294/s      296/s      297/s      298/s      299/s      301/s      302/s     IPI0/s     IPI1/s     IPI2/s     IPI3/s     IPI4/s     IPI5/s     IPI6/s      Err/s
17시 07분 01초    0       0.00       0.00       0.00     155.00       0.00       0.00       0.00       0.00       0.00       0.00       0.00       0.00       0.00       0.00       0.00       0.00       0.00       0.00       0.00       0.00       0.00       0.00       0.00       0.00       0.00       0.00       0.00       0.00       0.00       0.00       0.00       0.00       0.00       0.00       0.00       0.00       0.00       0.00       0.00       0.00       0.00       0.00       0.00       0.00       0.00       0.00     134.00       0.00       0.00       0.00       0.00       0.00       0.00       0.00       0.00       0.00       0.00       0.00       0.00       0.00       0.00       0.00       0.00       0.00       0.00       0.00       0.00       0.00       0.00       0.00       0.00       0.00       0.00       0.00       0.00       0.00       0.00       2.00       0.00       5.00       0.00       0.00       0.00       0.00       0.00       0.00       0.00       0.00       0.00       0.00       0.00       0.00       0.00       0.00       0.00       0.00       0.00       0.00       0.00       0.00       0.00       0.00       0.00       0.00       0.00      50.00       0.00       0.00       0.00       0.00       0.00       0.00       0.00       0.00       0.00       0.00       0.00       0.00       0.00       0.00       0.00       0.00       0.00       0.00       0.00       0.00       0.00       0.00       0.00       0.00       0.00       0.00       0.00       0.00      36.00       0.00      31.00      26.00       0.00       0.00       0.00       7.00       0.00       0.00
17시 07분 01초    1       0.00       0.00       0.00      64.00       0.00       0.00       0.00       0.00       0.00       0.00       0.00       0.00       0.00       0.00       0.00       0.00       0.00       0.00       0.00       0.00       0.00       0.00       0.00       0.00       0.00       0.00       0.00       0.00       0.00       0.00       0.00       0.00       0.00       0.00       0.00       0.00       0.00       0.00       0.00       0.00       0.00       0.00       0.00       0.00       0.00       0.00       0.00       0.00       0.00       0.00       0.00       0.00       0.00       0.00       0.00       0.00       0.00       0.00       0.00       0.00       0.00       0.00       0.00       0.00       0.00       0.00       0.00       0.00       0.00       0.00       0.00       0.00       0.00       0.00       0.00       0.00       0.00       0.00       0.00       0.00       0.00       0.00       0.00       0.00       0.00       0.00       0.00       0.00       0.00       0.00       0.00       0.00       0.00       0.00       0.00       0.00       0.00       0.00       0.00       0.00       0.00       0.00       0.00       0.00       0.00       0.00       0.00       0.00       0.00       0.00       0.00       0.00       0.00       0.00       0.00       0.00       0.00       0.00       0.00       0.00       0.00       0.00       0.00       0.00       0.00       0.00       0.00       0.00       0.00       0.00       0.00       0.00       0.00       0.00       0.00       0.00       8.00      21.00       0.00       0.00       0.00       1.00       0.00       0.00
17시 07분 01초    2       0.00       0.00       0.00      83.00       0.00       0.00       0.00       0.00       0.00       0.00       0.00       0.00       0.00       0.00       0.00       0.00       0.00       0.00       0.00       0.00       0.00       0.00       0.00       0.00       0.00       0.00       0.00       0.00       0.00       0.00       0.00       0.00       0.00       0.00       0.00       0.00       0.00       0.00       0.00       0.00       0.00       0.00       0.00       0.00       0.00       0.00       0.00       0.00       0.00       0.00       0.00       0.00       0.00       0.00       0.00       0.00       0.00       0.00       0.00       0.00       0.00       0.00       0.00       0.00       0.00       0.00       0.00       0.00       0.00       0.00       0.00       0.00       0.00       0.00       0.00       0.00       0.00       0.00       0.00       0.00       0.00       0.00       0.00       0.00       0.00       0.00       0.00       0.00       0.00       0.00       0.00       0.00       0.00       0.00       0.00       0.00       0.00       0.00       0.00       0.00       0.00       0.00       0.00       0.00       0.00       0.00       0.00       0.00       0.00       0.00       0.00       0.00       0.00       0.00       0.00       0.00       0.00       0.00       0.00       0.00       0.00       0.00       0.00       0.00       0.00       0.00       0.00       0.00       0.00       0.00       0.00       0.00       0.00       0.00       0.00       0.00      12.00       1.00       0.00       0.00       0.00       8.00       0.00       0.00
17시 07분 01초    3       0.00       0.00       0.00      81.00       0.00       0.00       0.00       0.00       0.00       0.00       0.00       0.00       0.00       0.00       0.00       0.00       0.00       0.00       0.00       0.00       0.00       0.00       0.00       0.00       0.00       0.00       0.00       0.00       0.00       0.00       0.00       0.00       0.00       0.00       0.00       0.00       0.00       0.00       0.00       0.00       0.00       0.00       0.00       0.00       0.00       0.00       0.00       0.00       0.00       0.00       0.00       0.00       0.00       0.00       0.00       0.00       0.00       0.00       0.00       0.00       0.00       0.00       0.00       0.00       0.00       0.00       0.00       0.00       0.00       0.00       0.00       0.00       0.00       0.00       0.00       0.00       0.00       0.00       0.00       0.00       0.00       0.00       0.00       0.00       0.00       0.00       0.00       0.00       0.00       0.00       0.00       0.00       0.00       0.00       0.00       0.00       0.00       0.00       0.00       0.00       0.00       0.00       0.00       0.00       0.00       0.00       0.00       0.00       0.00       0.00       0.00       0.00       0.00       0.00       0.00       0.00       0.00       0.00       0.00       0.00       0.00       0.00       0.00       0.00       0.00       0.00       0.00       0.00       0.00       0.00       0.00       0.00       0.00       0.00       0.00       0.00       5.00       4.00       0.00       0.00       0.00       5.00       0.00       0.00
17시 07분 01초    4       0.00       0.00       0.00      69.00       0.00       0.00       0.00       0.00       0.00       0.00       0.00       0.00       0.00       0.00       0.00       0.00       0.00       0.00       0.00       0.00       0.00       0.00       0.00       0.00       0.00       0.00       0.00       0.00       0.00       0.00       0.00       0.00       0.00       0.00       0.00       0.00       0.00       0.00       0.00       0.00       0.00       0.00       0.00       0.00       0.00       0.00       0.00       0.00       0.00       0.00       0.00       0.00       0.00       0.00       0.00       0.00       0.00       0.00       0.00       0.00       0.00       0.00       0.00       0.00       0.00       0.00       0.00       0.00       0.00       0.00       0.00       0.00       0.00       0.00       0.00       0.00       0.00       0.00       0.00       0.00       0.00       0.00       0.00       0.00       0.00       0.00       0.00       0.00       0.00       0.00       0.00       0.00       0.00       0.00       0.00       0.00       0.00       0.00       0.00       0.00       0.00       0.00       0.00       0.00       0.00       0.00       0.00       0.00       0.00       0.00       0.00       0.00       0.00       0.00       0.00       0.00       0.00       0.00       0.00       0.00       0.00       0.00       0.00       0.00       0.00       0.00       0.00       0.00       0.00       0.00       0.00       0.00       0.00       0.00       0.00       0.00       7.00       0.00       0.00       0.00       0.00       0.00       0.00       0.00
17시 07분 01초    5       0.00       0.00       0.00     156.00       0.00       0.00       0.00       0.00       0.00       0.00       0.00       0.00       0.00       0.00       0.00       0.00       0.00       0.00       0.00       0.00       0.00       0.00       0.00       0.00       0.00       0.00       0.00       0.00       0.00       0.00       0.00       0.00       0.00       0.00       0.00       0.00       0.00       0.00       0.00       0.00       0.00       0.00       0.00       0.00       0.00       0.00       0.00       0.00       0.00       0.00       0.00       0.00       0.00       0.00       0.00       0.00       0.00       0.00       0.00       0.00       0.00       0.00       0.00       0.00       0.00       0.00       0.00       0.00       0.00       0.00       0.00       0.00       0.00       0.00       0.00       0.00       0.00       0.00       0.00       0.00       0.00       0.00       0.00       0.00       0.00       0.00       0.00       0.00       0.00       0.00       0.00       0.00       0.00       0.00       0.00       0.00       0.00       0.00       0.00       0.00       0.00       0.00       0.00       0.00       0.00       0.00       0.00       0.00       0.00       0.00       0.00       0.00       0.00       0.00       0.00       0.00       0.00       0.00       0.00       0.00       0.00       0.00       0.00       0.00       0.00       0.00       0.00       0.00       0.00       0.00       0.00       0.00       0.00       0.00       0.00       0.00      24.00       6.00       0.00       0.00       0.00       1.00       0.00       0.00

17시 07분 00초  CPU       HI/s    TIMER/s   NET_TX/s   NET_RX/s    BLOCK/s IRQ_POLL/s  TASKLET/s    SCHED/s  HRTIMER/s      RCU/s
17시 07분 01초    0       0.00      29.00       1.00      33.00       2.00       0.00       0.00      97.00       0.00      47.00
17시 07분 01초    1       0.00      29.00       0.00       0.00       0.00       0.00       0.00      47.00       0.00      32.00
17시 07분 01초    2       0.00      14.00       0.00       0.00       0.00       0.00       0.00      22.00       0.00      36.00
17시 07분 01초    3       0.00      20.00       0.00       0.00       0.00       0.00       0.00      33.00       0.00      37.00
17시 07분 01초    4       0.00      22.00       0.00       0.00       0.00       0.00       0.00      29.00       0.00      31.00
17시 07분 01초    5       0.00       5.00       0.00       0.00       0.00       0.00       0.00      36.00       0.00     147.00

17시 07분 01초  CPU    %usr   %nice    %sys %iowait    %irq   %soft  %steal  %guest  %gnice   %idle
17시 07분 02초  all    0.83    0.00    1.00    0.00    0.00    0.17    0.00    0.00    0.00   98.00
17시 07분 02초    0    0.99    0.00    1.98    0.00    0.00    0.99    0.00    0.00    0.00   96.04
17시 07분 02초    1    1.98    0.00    0.99    0.00    0.00    0.00    0.00    0.00    0.00   97.03
17시 07분 02초    2    0.00    0.00    0.00    0.00    0.00    0.00    0.00    0.00    0.00  100.00
17시 07분 02초    3    1.01    0.00    1.01    0.00    0.00    0.00    0.00    0.00    0.00   97.98
17시 07분 02초    4    0.00    0.00    0.00    0.00    0.00    0.00    0.00    0.00    0.00  100.00
17시 07분 02초    5    1.01    0.00    2.02    0.00    0.00    0.00    0.00    0.00    0.00   96.97

17시 07분 01초  CPU    intr/s
17시 07분 02초  all    472.00
17시 07분 02초    0    105.00
17시 07분 02초    1     69.00
17시 07분 02초    2     66.00
17시 07분 02초    3     57.00
17시 07분 02초    4     91.00
17시 07분 02초    5     47.00

17시 07분 01초  CPU        9/s       11/s       12/s       13/s       18/s       20/s       21/s       22/s       23/s       24/s       25/s       26/s       27/s       28/s       29/s       30/s       31/s       32/s       33/s       34/s       35/s       36/s       37/s       38/s       39/s       40/s       41/s       42/s       43/s       44/s       45/s       46/s       47/s       48/s       49/s       50/s       51/s       52/s       53/s       54/s       55/s       57/s       59/s       61/s       65/s       66/s       67/s       68/s       69/s       70/s       71/s       72/s       73/s       74/s       75/s       76/s       77/s       79/s       80/s       81/s       82/s       83/s       84/s       85/s       86/s       87/s       88/s       89/s       90/s       91/s       92/s       93/s       94/s       95/s       96/s       97/s       98/s      112/s      113/s      114/s      115/s      116/s      117/s      118/s      119/s      120/s      121/s      122/s      123/s      124/s      125/s      126/s      127/s      128/s      129/s      130/s      131/s      132/s      133/s      134/s      135/s      136/s      137/s      138/s      150/s      154/s      162/s      167/s      171/s      224/s      228/s      229/s      230/s      231/s      232/s      233/s      234/s      235/s      236/s      237/s      245/s      246/s      247/s      249/s      250/s      252/s      253/s      262/s      263/s      294/s      296/s      297/s      298/s      299/s      301/s      302/s     IPI0/s     IPI1/s     IPI2/s     IPI3/s     IPI4/s     IPI5/s     IPI6/s      Err/s
17시 07분 02초    0       0.00       0.00       0.00      72.00       0.00       0.00       0.00       0.00       0.00       0.00       0.00       0.00       0.00       0.00       0.00       0.00       0.00       0.00       0.00       0.00       0.00       0.00       0.00       0.00       0.00       0.00       0.00       0.00       0.00       0.00       0.00       0.00       0.00       0.00       0.00       0.00       0.00       0.00       0.00       0.00       0.00       0.00       0.00       0.00       0.00       0.00       0.00       0.00       0.00       0.00       0.00       0.00       0.00       0.00       0.00       0.00       0.00       0.00       0.00       0.00       0.00       0.00       0.00       0.00       0.00       0.00       0.00       0.00       0.00       0.00       0.00       0.00       0.00       0.00       0.00       0.00       0.00       0.00       0.00       4.00       0.00       0.00       0.00       0.00       0.00       0.00       0.00       0.00       0.00       0.00       0.00       0.00       0.00       0.00       0.00       0.00       0.00       0.00       0.00       0.00       0.00       0.00       0.00       0.00       0.00      58.00       0.00       0.00       0.00       0.00       0.00       0.00       0.00       0.00       0.00       0.00       0.00       0.00       0.00       0.00       0.00       0.00       0.00       0.00       0.00       0.00       0.00       0.00       0.00       0.00       0.00       0.00       0.00       0.00      36.00       0.00       9.00       5.00       0.00       0.00       0.00       8.00       0.00       0.00
17시 07분 02초    1       0.00       0.00       0.00      46.00       0.00       0.00       0.00       0.00       0.00       0.00       0.00       0.00       0.00       0.00       0.00       0.00       0.00       0.00       0.00       0.00       0.00       0.00       0.00       0.00       0.00       0.00       0.00       0.00       0.00       0.00       0.00       0.00       0.00       0.00       0.00       0.00       0.00       0.00       0.00       0.00       0.00       0.00       0.00       0.00       0.00       0.00       0.00       0.00       0.00       0.00       0.00       0.00       0.00       0.00       0.00       0.00       0.00       0.00       0.00       0.00       0.00       0.00       0.00       0.00       0.00       0.00       0.00       0.00       0.00       0.00       0.00       0.00       0.00       0.00       0.00       0.00       0.00       0.00       0.00       0.00       0.00       0.00       0.00       0.00       0.00       0.00       0.00       0.00       0.00       0.00       0.00       0.00       0.00       0.00       0.00       0.00       0.00       0.00       0.00       0.00       0.00       0.00       0.00       0.00       0.00       0.00       0.00       0.00       0.00       0.00       0.00       0.00       0.00       0.00       0.00       0.00       0.00       0.00       0.00       0.00       0.00       0.00       0.00       0.00       0.00       0.00       0.00       0.00       0.00       0.00       0.00       0.00       0.00       0.00       0.00       0.00       0.00       1.00       0.00       0.00       0.00       2.00       0.00       0.00
17시 07분 02초    2       0.00       0.00       0.00      35.00       0.00       0.00       0.00       0.00       0.00       0.00       0.00       0.00       0.00       0.00       0.00       0.00       0.00       0.00       0.00       0.00       0.00       0.00       0.00       0.00       0.00       0.00       0.00       0.00       0.00       0.00       0.00       0.00       0.00       0.00       0.00       0.00       0.00       0.00       0.00       0.00       0.00       0.00       0.00       0.00       0.00       0.00       0.00       0.00       0.00       0.00       0.00       0.00       0.00       0.00       0.00       0.00       0.00       0.00       0.00       0.00       0.00       0.00       0.00       0.00       0.00       0.00       0.00       0.00       0.00       0.00       0.00       0.00       0.00       0.00       0.00       0.00       0.00       0.00       0.00       0.00       0.00       0.00       0.00       0.00       0.00       0.00       0.00       0.00       0.00       0.00       0.00       0.00       0.00       0.00       0.00       0.00       0.00       0.00       0.00       0.00       0.00       0.00       0.00       0.00       0.00       0.00       0.00       0.00       0.00       0.00       0.00       0.00       0.00       0.00       0.00       0.00       0.00       0.00       0.00       0.00       0.00       0.00       0.00       0.00       0.00       0.00       0.00       0.00       0.00       0.00       0.00       0.00       0.00       0.00       0.00       0.00      15.00       2.00       0.00       0.00       0.00       0.00       0.00       0.00
17시 07분 02초    3       0.00       0.00       0.00      40.00       0.00       0.00       0.00       0.00       0.00       0.00       0.00       0.00       0.00       0.00       0.00       0.00       0.00       0.00       0.00       0.00       0.00       0.00       0.00       0.00       0.00       0.00       0.00       0.00       0.00       0.00       0.00       0.00       0.00       0.00       0.00       0.00       0.00       0.00       0.00       0.00       0.00       0.00       0.00       0.00       0.00       0.00       0.00       0.00       0.00       0.00       0.00       0.00       0.00       0.00       0.00       0.00       0.00       0.00       0.00       0.00       0.00       0.00       0.00       0.00       0.00       0.00       0.00       0.00       0.00       0.00       0.00       0.00       0.00       0.00       0.00       0.00       0.00       0.00       0.00       0.00       0.00       0.00       0.00       0.00       0.00       0.00       0.00       0.00       0.00       0.00       0.00       0.00       0.00       0.00       0.00       0.00       0.00       0.00       0.00       0.00       0.00       0.00       0.00       0.00       0.00       0.00       0.00       0.00       0.00       0.00       0.00       0.00       0.00       0.00       0.00       0.00       0.00       0.00       0.00       0.00       0.00       0.00       0.00       0.00       0.00       0.00       0.00       0.00       0.00       0.00       0.00       0.00       0.00       0.00       0.00       0.00       4.00       0.00       0.00       0.00       0.00       0.00       0.00       0.00
17시 07분 02초    4       0.00       0.00       0.00      60.00       0.00       0.00       0.00       0.00       0.00       0.00       0.00       0.00       0.00       0.00       0.00       0.00       0.00       0.00       0.00       0.00       0.00       0.00       0.00       0.00       0.00       0.00       0.00       0.00       0.00       0.00       0.00       0.00       0.00       0.00       0.00       0.00       0.00       0.00       0.00       0.00       0.00       0.00       0.00       0.00       0.00       0.00       0.00       0.00       0.00       0.00       0.00       0.00       0.00       0.00       0.00       0.00       0.00       0.00       0.00       0.00       0.00       0.00       0.00       0.00       0.00       0.00       0.00       0.00       0.00       0.00       0.00       0.00       0.00       0.00       0.00       0.00       0.00       0.00       0.00       0.00       0.00       0.00       0.00       0.00       0.00       0.00       0.00       0.00       0.00       0.00       0.00       0.00       0.00       0.00       0.00       0.00       0.00       0.00       0.00       0.00       0.00       0.00       0.00       0.00       0.00       0.00       0.00       0.00       0.00       0.00       0.00       0.00       0.00       0.00       0.00       0.00       0.00       0.00       0.00       0.00       0.00       0.00       0.00       0.00       0.00       0.00       0.00       0.00       0.00       0.00       0.00       0.00       0.00       0.00       0.00       0.00      35.00       0.00       0.00       0.00       0.00       1.00       0.00       0.00
17시 07분 02초    5       0.00       0.00       0.00      34.00       0.00       0.00       0.00       0.00       0.00       0.00       0.00       0.00       0.00       0.00       0.00       0.00       0.00       0.00       0.00       0.00       0.00       0.00       0.00       0.00       0.00       0.00       0.00       0.00       0.00       0.00       0.00       0.00       0.00       0.00       0.00       0.00       0.00       0.00       0.00       0.00       0.00       0.00       0.00       0.00       0.00       0.00       0.00       0.00       0.00       0.00       0.00       0.00       0.00       0.00       0.00       0.00       0.00       0.00       0.00       0.00       0.00       0.00       0.00       0.00       0.00       0.00       0.00       0.00       0.00       0.00       0.00       0.00       0.00       0.00       0.00       0.00       0.00       0.00       0.00       0.00       0.00       0.00       0.00       0.00       0.00       0.00       0.00       0.00       0.00       0.00       0.00       0.00       0.00       0.00       0.00       0.00       0.00       0.00       0.00       0.00       0.00       0.00       0.00       0.00       0.00       0.00       0.00       0.00       0.00       0.00       0.00       0.00       0.00       0.00       0.00       0.00       0.00       0.00       0.00       0.00       0.00       0.00       0.00       0.00       0.00       0.00       0.00       0.00       0.00       0.00       0.00       0.00       0.00       0.00       0.00       0.00       4.00       0.00       0.00       0.00       0.00       1.00       0.00       0.00

17시 07분 01초  CPU       HI/s    TIMER/s   NET_TX/s   NET_RX/s    BLOCK/s IRQ_POLL/s  TASKLET/s    SCHED/s  HRTIMER/s      RCU/s
17시 07분 02초    0       0.00      11.00       0.00      33.00       0.00       0.00       0.00      33.00       0.00      28.00
17시 07분 02초    1       0.00      18.00       0.00       0.00       0.00       0.00       0.00      25.00       0.00      26.00
17시 07분 02초    2       0.00      24.00       0.00       0.00       0.00       0.00       0.00      21.00       0.00      21.00
17시 07분 02초    3       0.00      12.00       0.00       0.00       0.00       0.00       0.00      20.00       0.00      25.00
17시 07분 02초    4       0.00      31.00       0.00       0.00       0.00       0.00       0.00      32.00       0.00      28.00
17시 07분 02초    5       0.00       7.00       0.00       0.00       0.00       0.00       0.00      16.00       0.00      24.00

17시 07분 02초  CPU    %usr   %nice    %sys %iowait    %irq   %soft  %steal  %guest  %gnice   %idle
17시 07분 03초  all    0.33    0.00    1.50    0.00    0.00    0.00    0.00    0.00    0.00   98.16
17시 07분 03초    0    0.00    0.00    3.03    0.00    0.00    0.00    0.00    0.00    0.00   96.97
17시 07분 03초    1    0.00    0.00    1.01    0.00    0.00    0.00    0.00    0.00    0.00   98.99
17시 07분 03초    2    0.00    0.00    1.00    0.00    0.00    0.00    0.00    0.00    0.00   99.00
17시 07분 03초    3    0.00    0.00    2.00    0.00    0.00    0.00    0.00    0.00    0.00   98.00
17시 07분 03초    4    0.00    0.00    0.00    0.00    0.00    0.00    0.00    0.00    0.00  100.00
17시 07분 03초    5    1.98    0.00    1.98    0.00    0.00    0.00    0.00    0.00    0.00   96.04

17시 07분 02초  CPU    intr/s
17시 07분 03초  all    337.00
17시 07분 03초    0     92.00
17시 07분 03초    1     68.00
17시 07분 03초    2     66.00
17시 07분 03초    3     55.00
17시 07분 03초    4     77.00
17시 07분 03초    5     31.00

17시 07분 02초  CPU        9/s       11/s       12/s       13/s       18/s       20/s       21/s       22/s       23/s       24/s       25/s       26/s       27/s       28/s       29/s       30/s       31/s       32/s       33/s       34/s       35/s       36/s       37/s       38/s       39/s       40/s       41/s       42/s       43/s       44/s       45/s       46/s       47/s       48/s       49/s       50/s       51/s       52/s       53/s       54/s       55/s       57/s       59/s       61/s       65/s       66/s       67/s       68/s       69/s       70/s       71/s       72/s       73/s       74/s       75/s       76/s       77/s       79/s       80/s       81/s       82/s       83/s       84/s       85/s       86/s       87/s       88/s       89/s       90/s       91/s       92/s       93/s       94/s       95/s       96/s       97/s       98/s      112/s      113/s      114/s      115/s      116/s      117/s      118/s      119/s      120/s      121/s      122/s      123/s      124/s      125/s      126/s      127/s      128/s      129/s      130/s      131/s      132/s      133/s      134/s      135/s      136/s      137/s      138/s      150/s      154/s      162/s      167/s      171/s      224/s      228/s      229/s      230/s      231/s      232/s      233/s      234/s      235/s      236/s      237/s      245/s      246/s      247/s      249/s      250/s      252/s      253/s      262/s      263/s      294/s      296/s      297/s      298/s      299/s      301/s      302/s     IPI0/s     IPI1/s     IPI2/s     IPI3/s     IPI4/s     IPI5/s     IPI6/s      Err/s
17시 07분 03초    0       0.00       0.00       0.00      54.00       0.00       0.00       0.00       0.00       0.00       0.00       0.00       0.00       0.00       0.00       0.00       0.00       0.00       0.00       0.00       0.00       0.00       0.00       0.00       0.00       0.00       0.00       0.00       0.00       0.00       0.00       0.00       0.00       0.00       0.00       0.00       0.00       0.00       0.00       0.00       0.00       0.00       0.00       0.00       0.00       0.00       0.00       0.00       0.00       0.00       0.00       0.00       0.00       0.00       0.00       0.00       0.00       0.00       0.00       0.00       0.00       0.00       0.00       0.00       0.00       0.00       0.00       0.00       0.00       0.00       0.00       0.00       0.00       0.00       0.00       0.00       0.00       0.00       0.00       0.00       2.00       0.00       0.00       0.00       0.00       0.00       0.00       0.00       0.00       0.00       0.00       0.00       0.00       0.00       0.00       0.00       0.00       0.00       0.00       0.00       0.00       0.00       0.00       0.00       0.00       0.00      32.00       0.00       0.00       0.00       0.00       0.00       0.00       0.00       0.00       0.00       0.00       0.00       0.00       0.00       0.00       0.00       0.00       0.00       0.00       0.00       0.00       0.00       0.00       0.00       0.00       0.00       0.00       0.00       0.00      37.00       0.00       4.00       5.00       0.00       0.00       0.00       7.00       0.00       0.00
17시 07분 03초    1       0.00       0.00       0.00      41.00       0.00       0.00       0.00       0.00       0.00       0.00       0.00       0.00       0.00       0.00       0.00       0.00       0.00       0.00       0.00       0.00       0.00       0.00       0.00       0.00       0.00       0.00       0.00       0.00       0.00       0.00       0.00       0.00       0.00       0.00       0.00       0.00       0.00       0.00       0.00       0.00       0.00       0.00       0.00       0.00       0.00       0.00       0.00       0.00       0.00       0.00       0.00       0.00       0.00       0.00       0.00       0.00       0.00       0.00       0.00       0.00       0.00       0.00       0.00       0.00       0.00       0.00       0.00       0.00       0.00       0.00       0.00       0.00       0.00       0.00       0.00       0.00       0.00       0.00       0.00       0.00       0.00       0.00       0.00       0.00       0.00       0.00       0.00       0.00       0.00       0.00       0.00       0.00       0.00       0.00       0.00       0.00       0.00       0.00       0.00       0.00       0.00       0.00       0.00       0.00       0.00       0.00       0.00       0.00       0.00       0.00       0.00       0.00       0.00       0.00       0.00       0.00       0.00       0.00       0.00       0.00       0.00       0.00       0.00       0.00       0.00       0.00       0.00       0.00       0.00       0.00       0.00       0.00       0.00       0.00       0.00       0.00       3.00       1.00       0.00       0.00       0.00       1.00       0.00       0.00
17시 07분 03초    2       0.00       0.00       0.00      31.00       0.00       0.00       0.00       0.00       0.00       0.00       0.00       0.00       0.00       0.00       0.00       0.00       0.00       0.00       0.00       0.00       0.00       0.00       0.00       0.00       0.00       0.00       0.00       0.00       0.00       0.00       0.00       0.00       0.00       0.00       0.00       0.00       0.00       0.00       0.00       0.00       0.00       0.00       0.00       0.00       0.00       0.00       0.00       0.00       0.00       0.00       0.00       0.00       0.00       0.00       0.00       0.00       0.00       0.00       0.00       0.00       0.00       0.00       0.00       0.00       0.00       0.00       0.00       0.00       0.00       0.00       0.00       0.00       0.00       0.00       0.00       0.00       0.00       0.00       0.00       0.00       0.00       0.00       0.00       0.00       0.00       0.00       0.00       0.00       0.00       0.00       0.00       0.00       0.00       0.00       0.00       0.00       0.00       0.00       0.00       0.00       0.00       0.00       0.00       0.00       0.00       0.00       0.00       0.00       0.00       0.00       0.00       0.00       0.00       0.00       0.00       0.00       0.00       0.00       0.00       0.00       0.00       0.00       0.00       0.00       0.00       0.00       0.00       0.00       0.00       0.00       0.00       0.00       0.00       0.00       0.00       0.00      10.00       1.00       0.00       0.00       0.00       0.00       0.00       0.00
17시 07분 03초    3       0.00       0.00       0.00      40.00       0.00       0.00       0.00       0.00       0.00       0.00       0.00       0.00       0.00       0.00       0.00       0.00       0.00       0.00       0.00       0.00       0.00       0.00       0.00       0.00       0.00       0.00       0.00       0.00       0.00       0.00       0.00       0.00       0.00       0.00       0.00       0.00       0.00       0.00       0.00       0.00       0.00       0.00       0.00       0.00       0.00       0.00       0.00       0.00       0.00       0.00       0.00       0.00       0.00       0.00       0.00       0.00       0.00       0.00       0.00       0.00       0.00       0.00       0.00       0.00       0.00       0.00       0.00       0.00       0.00       0.00       0.00       0.00       0.00       0.00       0.00       0.00       0.00       0.00       0.00       0.00       0.00       0.00       0.00       0.00       0.00       0.00       0.00       0.00       0.00       0.00       0.00       0.00       0.00       0.00       0.00       0.00       0.00       0.00       0.00       0.00       0.00       0.00       0.00       0.00       0.00       0.00       0.00       0.00       0.00       0.00       0.00       0.00       0.00       0.00       0.00       0.00       0.00       0.00       0.00       0.00       0.00       0.00       0.00       0.00       0.00       0.00       0.00       0.00       0.00       0.00       0.00       0.00       0.00       0.00       0.00       0.00       0.00       0.00       0.00       0.00       0.00       0.00       0.00       0.00
17시 07분 03초    4       0.00       0.00       0.00      38.00       0.00       0.00       0.00       0.00       0.00       0.00       0.00       0.00       0.00       0.00       0.00       0.00       0.00       0.00       0.00       0.00       0.00       0.00       0.00       0.00       0.00       0.00       0.00       0.00       0.00       0.00       0.00       0.00       0.00       0.00       0.00       0.00       0.00       0.00       0.00       0.00       0.00       0.00       0.00       0.00       0.00       0.00       0.00       0.00       0.00       0.00       0.00       0.00       0.00       0.00       0.00       0.00       0.00       0.00       0.00       0.00       0.00       0.00       0.00       0.00       0.00       0.00       0.00       0.00       0.00       0.00       0.00       0.00       0.00       0.00       0.00       0.00       0.00       0.00       0.00       0.00       0.00       0.00       0.00       0.00       0.00       0.00       0.00       0.00       0.00       0.00       0.00       0.00       0.00       0.00       0.00       0.00       0.00       0.00       0.00       0.00       0.00       0.00       0.00       0.00       0.00       0.00       0.00       0.00       0.00       0.00       0.00       0.00       0.00       0.00       0.00       0.00       0.00       0.00       0.00       0.00       0.00       0.00       0.00       0.00       0.00       0.00       0.00       0.00       0.00       0.00       0.00       0.00       0.00       0.00       0.00       0.00       2.00       0.00       0.00       0.00       0.00       0.00       0.00       0.00
17시 07분 03초    5       0.00       0.00       0.00      28.00       0.00       0.00       0.00       0.00       0.00       0.00       0.00       0.00       0.00       0.00       0.00       0.00       0.00       0.00       0.00       0.00       0.00       0.00       0.00       0.00       0.00       0.00       0.00       0.00       0.00       0.00       0.00       0.00       0.00       0.00       0.00       0.00       0.00       0.00       0.00       0.00       0.00       0.00       0.00       0.00       0.00       0.00       0.00       0.00       0.00       0.00       0.00       0.00       0.00       0.00       0.00       0.00       0.00       0.00       0.00       0.00       0.00       0.00       0.00       0.00       0.00       0.00       0.00       0.00       0.00       0.00       0.00       0.00       0.00       0.00       0.00       0.00       0.00       0.00       0.00       0.00       0.00       0.00       0.00       0.00       0.00       0.00       0.00       0.00       0.00       0.00       0.00       0.00       0.00       0.00       0.00       0.00       0.00       0.00       0.00       0.00       0.00       0.00       0.00       0.00       0.00       0.00       0.00       0.00       0.00       0.00       0.00       0.00       0.00       0.00       0.00       0.00       0.00       0.00       0.00       0.00       0.00       0.00       0.00       0.00       0.00       0.00       0.00       0.00       0.00       0.00       0.00       0.00       0.00       0.00       0.00       0.00       0.00       0.00       0.00       0.00       0.00       0.00       0.00       0.00

17시 07분 02초  CPU       HI/s    TIMER/s   NET_TX/s   NET_RX/s    BLOCK/s IRQ_POLL/s  TASKLET/s    SCHED/s  HRTIMER/s      RCU/s
17시 07분 03초    0       0.00      11.00       1.00      34.00       0.00       0.00       0.00      26.00       0.00      20.00
17시 07분 03초    1       0.00      19.00       0.00       0.00       0.00       0.00       0.00      27.00       0.00      22.00
17시 07분 03초    2       0.00      26.00       0.00       0.00       0.00       0.00       0.00      22.00       0.00      18.00
17시 07분 03초    3       0.00      11.00       0.00       0.00       0.00       0.00       0.00      19.00       0.00      25.00
17시 07분 03초    4       0.00      32.00       0.00       0.00       0.00       0.00       0.00      31.00       0.00      14.00
17시 07분 03초    5       0.00       2.00       0.00       0.00       0.00       0.00       0.00      11.00       0.00      18.00

17시 07분 03초  CPU    %usr   %nice    %sys %iowait    %irq   %soft  %steal  %guest  %gnice   %idle
17시 07분 05초  all    1.00    0.00    1.50    0.00    0.17    0.00    0.00    0.00    0.00   97.34
17시 07분 05초    0    1.98    0.00    1.98    0.00    0.99    0.00    0.00    0.00    0.00   95.05
17시 07분 05초    1    2.00    0.00    1.00    0.00    0.00    0.00    0.00    0.00    0.00   97.00
17시 07분 05초    2    0.00    0.00    1.00    0.00    0.00    0.00    0.00    0.00    0.00   99.00
17시 07분 05초    3    1.00    0.00    2.00    0.00    0.00    0.00    0.00    0.00    0.00   97.00
17시 07분 05초    4    0.00    0.00    0.00    0.00    0.00    0.00    0.00    0.00    0.00  100.00
17시 07분 05초    5    0.99    0.00    2.97    0.00    0.00    0.00    0.00    0.00    0.00   96.04

17시 07분 03초  CPU    intr/s
17시 07분 05초  all    310.00
17시 07분 05초    0     87.00
17시 07분 05초    1     67.00
17시 07분 05초    2     58.00
17시 07분 05초    3     49.00
17시 07분 05초    4     75.00
17시 07분 05초    5     42.00

17시 07분 03초  CPU        9/s       11/s       12/s       13/s       18/s       20/s       21/s       22/s       23/s       24/s       25/s       26/s       27/s       28/s       29/s       30/s       31/s       32/s       33/s       34/s       35/s       36/s       37/s       38/s       39/s       40/s       41/s       42/s       43/s       44/s       45/s       46/s       47/s       48/s       49/s       50/s       51/s       52/s       53/s       54/s       55/s       57/s       59/s       61/s       65/s       66/s       67/s       68/s       69/s       70/s       71/s       72/s       73/s       74/s       75/s       76/s       77/s       79/s       80/s       81/s       82/s       83/s       84/s       85/s       86/s       87/s       88/s       89/s       90/s       91/s       92/s       93/s       94/s       95/s       96/s       97/s       98/s      112/s      113/s      114/s      115/s      116/s      117/s      118/s      119/s      120/s      121/s      122/s      123/s      124/s      125/s      126/s      127/s      128/s      129/s      130/s      131/s      132/s      133/s      134/s      135/s      136/s      137/s      138/s      150/s      154/s      162/s      167/s      171/s      224/s      228/s      229/s      230/s      231/s      232/s      233/s      234/s      235/s      236/s      237/s      245/s      246/s      247/s      249/s      250/s      252/s      253/s      262/s      263/s      294/s      296/s      297/s      298/s      299/s      301/s      302/s     IPI0/s     IPI1/s     IPI2/s     IPI3/s     IPI4/s     IPI5/s     IPI6/s      Err/s
17시 07분 05초    0       0.00       0.00       0.00      55.00       0.00       0.00       0.00       0.00       0.00       0.00       0.00       0.00       0.00       0.00       0.00       0.00       0.00       0.00       0.00       0.00       0.00       0.00       0.00       0.00       0.00       0.00       0.00       0.00       0.00       0.00       0.00       0.00       0.00       0.00       0.00       0.00       0.00       0.00       0.00       0.00       0.00       0.00       0.00       0.00       0.00       0.00       0.00       0.00       0.00       0.00       0.00       0.00       0.00       0.00       0.00       0.00       0.00       0.00       0.00       0.00       0.00       0.00       0.00       0.00       0.00       0.00       0.00       0.00       0.00       0.00       0.00       0.00       0.00       0.00       0.00       0.00       0.00       0.00       0.00       1.00       0.00       0.00       0.00       0.00       0.00       0.00       0.00       0.00       0.00       0.00       0.00       0.00       0.00       0.00       0.00       0.00       0.00       0.00       0.00       0.00       0.00       0.00       0.00       0.00       0.00      16.00       0.00       0.00       0.00       0.00       0.00       0.00       0.00       0.00       0.00       0.00       0.00       0.00       0.00       0.00       0.00       0.00       0.00       0.00       0.00       0.00       0.00       0.00       0.00       0.00       0.00       0.00       0.00       0.00      24.00       0.00       5.00       4.00       0.00       0.00       0.00       4.00       0.00       0.00
17시 07분 05초    1       0.00       0.00       0.00      45.00       0.00       0.00       0.00       0.00       0.00       0.00       0.00       0.00       0.00       0.00       0.00       0.00       0.00       0.00       0.00       0.00       0.00       0.00       0.00       0.00       0.00       0.00       0.00       0.00       0.00       0.00       0.00       0.00       0.00       0.00       0.00       0.00       0.00       0.00       0.00       0.00       0.00       0.00       0.00       0.00       0.00       0.00       0.00       0.00       0.00       0.00       0.00       0.00       0.00       0.00       0.00       0.00       0.00       0.00       0.00       0.00       0.00       0.00       0.00       0.00       0.00       0.00       0.00       0.00       0.00       0.00       0.00       0.00       0.00       0.00       0.00       0.00       0.00       0.00       0.00       0.00       0.00       0.00       0.00       0.00       0.00       0.00       0.00       0.00       0.00       0.00       0.00       0.00       0.00       0.00       0.00       0.00       0.00       0.00       0.00       0.00       0.00       0.00       0.00       0.00       0.00       0.00       0.00       0.00       0.00       0.00       0.00       0.00       0.00       0.00       0.00       0.00       0.00       0.00       0.00       0.00       0.00       0.00       0.00       0.00       0.00       0.00       0.00       0.00       0.00       0.00       0.00       0.00       0.00       0.00       0.00       0.00       1.00       1.00       0.00       0.00       0.00       0.00       0.00       0.00
17시 07분 05초    2       0.00       0.00       0.00      29.00       0.00       0.00       0.00       0.00       0.00       0.00       0.00       0.00       0.00       0.00       0.00       0.00       0.00       0.00       0.00       0.00       0.00       0.00       0.00       0.00       0.00       0.00       0.00       0.00       0.00       0.00       0.00       0.00       0.00       0.00       0.00       0.00       0.00       0.00       0.00       0.00       0.00       0.00       0.00       0.00       0.00       0.00       0.00       0.00       0.00       0.00       0.00       0.00       0.00       0.00       0.00       0.00       0.00       0.00       0.00       0.00       0.00       0.00       0.00       0.00       0.00       0.00       0.00       0.00       0.00       0.00       0.00       0.00       0.00       0.00       0.00       0.00       0.00       0.00       0.00       0.00       0.00       0.00       0.00       0.00       0.00       0.00       0.00       0.00       0.00       0.00       0.00       0.00       0.00       0.00       0.00       0.00       0.00       0.00       0.00       0.00       0.00       0.00       0.00       0.00       0.00       0.00       0.00       0.00       0.00       0.00       0.00       0.00       0.00       0.00       0.00       0.00       0.00       0.00       0.00       0.00       0.00       0.00       0.00       0.00       0.00       0.00       0.00       0.00       0.00       0.00       0.00       0.00       0.00       0.00       0.00       0.00      13.00       1.00       0.00       0.00       0.00       1.00       0.00       0.00
17시 07분 05초    3       0.00       0.00       0.00      37.00       0.00       0.00       0.00       0.00       0.00       0.00       0.00       0.00       0.00       0.00       0.00       0.00       0.00       0.00       0.00       0.00       0.00       0.00       0.00       0.00       0.00       0.00       0.00       0.00       0.00       0.00       0.00       0.00       0.00       0.00       0.00       0.00       0.00       0.00       0.00       0.00       0.00       0.00       0.00       0.00       0.00       0.00       0.00       0.00       0.00       0.00       0.00       0.00       0.00       0.00       0.00       0.00       0.00       0.00       0.00       0.00       0.00       0.00       0.00       0.00       0.00       0.00       0.00       0.00       0.00       0.00       0.00       0.00       0.00       0.00       0.00       0.00       0.00       0.00       0.00       0.00       0.00       0.00       0.00       0.00       0.00       0.00       0.00       0.00       0.00       0.00       0.00       0.00       0.00       0.00       0.00       0.00       0.00       0.00       0.00       0.00       0.00       0.00       0.00       0.00       0.00       0.00       0.00       0.00       0.00       0.00       0.00       0.00       0.00       0.00       0.00       0.00       0.00       0.00       0.00       0.00       0.00       0.00       0.00       0.00       0.00       0.00       0.00       0.00       0.00       0.00       0.00       0.00       0.00       0.00       0.00       0.00       1.00       0.00       0.00       0.00       0.00       0.00       0.00       0.00
17시 07분 05초    4       0.00       0.00       0.00      36.00       0.00       0.00       0.00       0.00       0.00       0.00       0.00       0.00       0.00       0.00       0.00       0.00       0.00       0.00       0.00       0.00       0.00       0.00       0.00       0.00       0.00       0.00       0.00       0.00       0.00       0.00       0.00       0.00       0.00       0.00       0.00       0.00       0.00       0.00       0.00       0.00       0.00       0.00       0.00       0.00       0.00       0.00       0.00       0.00       0.00       0.00       0.00       0.00       0.00       0.00       0.00       0.00       0.00       0.00       0.00       0.00       0.00       0.00       0.00       0.00       0.00       0.00       0.00       0.00       0.00       0.00       0.00       0.00       0.00       0.00       0.00       0.00       0.00       0.00       0.00       0.00       0.00       0.00       0.00       0.00       0.00       0.00       0.00       0.00       0.00       0.00       0.00       0.00       0.00       0.00       0.00       0.00       0.00       0.00       0.00       0.00       0.00       0.00       0.00       0.00       0.00       0.00       0.00       0.00       0.00       0.00       0.00       0.00       0.00       0.00       0.00       0.00       0.00       0.00       0.00       0.00       0.00       0.00       0.00       0.00       0.00       0.00       0.00       0.00       0.00       0.00       0.00       0.00       0.00       0.00       0.00       0.00       2.00       0.00       0.00       0.00       0.00       0.00       0.00       0.00
17시 07분 05초    5       0.00       0.00       0.00      33.00       0.00       0.00       0.00       0.00       0.00       0.00       0.00       0.00       0.00       0.00       0.00       0.00       0.00       0.00       0.00       0.00       0.00       0.00       0.00       0.00       0.00       0.00       0.00       0.00       0.00       0.00       0.00       0.00       0.00       0.00       0.00       0.00       0.00       0.00       0.00       0.00       0.00       0.00       0.00       0.00       0.00       0.00       0.00       0.00       0.00       0.00       0.00       0.00       0.00       0.00       0.00       0.00       0.00       0.00       0.00       0.00       0.00       0.00       0.00       0.00       0.00       0.00       0.00       0.00       0.00       0.00       0.00       0.00       0.00       0.00       0.00       0.00       0.00       0.00       0.00       0.00       0.00       0.00       0.00       0.00       0.00       0.00       0.00       0.00       0.00       0.00       0.00       0.00       0.00       0.00       0.00       0.00       0.00       0.00       0.00       0.00       0.00       0.00       0.00       0.00       0.00       0.00       0.00       0.00       0.00       0.00       0.00       0.00       0.00       0.00       0.00       0.00       0.00       0.00       0.00       0.00       0.00       0.00       0.00       0.00       0.00       0.00       0.00       0.00       0.00       0.00       0.00       0.00       0.00       0.00       0.00       0.00       1.00       0.00       0.00       0.00       0.00       0.00       0.00       0.00

17시 07분 03초  CPU       HI/s    TIMER/s   NET_TX/s   NET_RX/s    BLOCK/s IRQ_POLL/s  TASKLET/s    SCHED/s  HRTIMER/s      RCU/s
17시 07분 05초    0       0.00      12.00       0.00      22.00       0.00       0.00       0.00      26.00       0.00      27.00
17시 07분 05초    1       0.00      19.00       0.00       0.00       0.00       0.00       0.00      27.00       0.00      21.00
17시 07분 05초    2       0.00      21.00       0.00       0.00       0.00       0.00       0.00      18.00       0.00      19.00
17시 07분 05초    3       0.00       9.00       0.00       0.00       0.00       0.00       0.00      17.00       0.00      23.00
17시 07분 05초    4       0.00      32.00       0.00       0.00       0.00       0.00       0.00      31.00       0.00      12.00
17시 07분 05초    5       0.00       7.00       0.00       0.00       0.00       0.00       0.00      14.00       0.00      21.00

17시 07분 05초  CPU    %usr   %nice    %sys %iowait    %irq   %soft  %steal  %guest  %gnice   %idle
17시 07분 06초  all    0.00    0.00    4.19    0.00    0.00    0.00    0.00    0.00    0.00   95.81
17시 07분 06초    0    0.00    0.00    3.00    0.00    0.00    0.00    0.00    0.00    0.00   97.00
17시 07분 06초    1    0.00    0.00    3.00    0.00    0.00    0.00    0.00    0.00    0.00   97.00
17시 07분 06초    2    0.00    0.00    0.00    0.00    0.00    0.00    0.00    0.00    0.00  100.00
17시 07분 06초    3    0.00    0.00    2.02    0.00    0.00    0.00    0.00    0.00    0.00   97.98
17시 07분 06초    4    0.00    0.00   14.00    0.00    0.00    0.00    0.00    0.00    0.00   86.00
17시 07분 06초    5    0.00    0.00    3.03    0.00    0.00    0.00    0.00    0.00    0.00   96.97

17시 07분 05초  CPU    intr/s
17시 07분 06초  all    956.00
17시 07분 06초    0     88.00
17시 07분 06초    1     72.00
17시 07분 06초    2     76.00
17시 07분 06초    3     23.00
17시 07분 06초    4    162.00
17시 07분 06초    5     71.00

17시 07분 05초  CPU        9/s       11/s       12/s       13/s       18/s       20/s       21/s       22/s       23/s       24/s       25/s       26/s       27/s       28/s       29/s       30/s       31/s       32/s       33/s       34/s       35/s       36/s       37/s       38/s       39/s       40/s       41/s       42/s       43/s       44/s       45/s       46/s       47/s       48/s       49/s       50/s       51/s       52/s       53/s       54/s       55/s       57/s       59/s       61/s       65/s       66/s       67/s       68/s       69/s       70/s       71/s       72/s       73/s       74/s       75/s       76/s       77/s       79/s       80/s       81/s       82/s       83/s       84/s       85/s       86/s       87/s       88/s       89/s       90/s       91/s       92/s       93/s       94/s       95/s       96/s       97/s       98/s      112/s      113/s      114/s      115/s      116/s      117/s      118/s      119/s      120/s      121/s      122/s      123/s      124/s      125/s      126/s      127/s      128/s      129/s      130/s      131/s      132/s      133/s      134/s      135/s      136/s      137/s      138/s      150/s      154/s      162/s      167/s      171/s      224/s      228/s      229/s      230/s      231/s      232/s      233/s      234/s      235/s      236/s      237/s      245/s      246/s      247/s      249/s      250/s      252/s      253/s      262/s      263/s      294/s      296/s      297/s      298/s      299/s      301/s      302/s     IPI0/s     IPI1/s     IPI2/s     IPI3/s     IPI4/s     IPI5/s     IPI6/s      Err/s
17시 07분 06초    0       0.00       0.00       0.00      71.00       0.00       0.00       0.00       0.00       0.00       0.00       0.00       0.00       0.00       0.00       0.00       0.00       0.00       0.00       0.00       0.00       0.00       0.00       0.00       0.00       0.00       0.00       0.00       0.00       0.00       0.00       0.00       0.00       0.00       0.00       0.00       0.00       0.00       0.00       0.00       0.00       0.00       0.00       0.00       0.00       0.00       0.00     248.00       0.00       0.00       0.00       0.00       0.00       0.00       0.00       0.00       0.00       0.00       0.00       0.00       0.00       0.00       0.00       0.00       0.00       0.00       0.00       0.00       0.00       0.00       0.00       0.00       0.00       0.00       0.00       0.00       0.00       0.00       0.00       0.00       0.00       0.00       0.00       0.00       0.00       0.00       0.00       0.00       0.00       0.00       0.00       0.00       0.00       0.00       0.00       0.00       0.00       0.00       0.00       0.00       0.00       0.00       0.00       0.00       0.00       0.00      39.00       0.00       0.00       0.00       0.00       0.00       0.00       0.00       0.00       0.00       0.00       0.00       0.00       0.00       0.00       0.00       0.00       0.00       0.00       0.00       0.00       0.00       0.00       0.00       0.00       0.00       0.00       0.00       0.00      12.00       0.00      22.00       8.00       0.00       0.00       0.00       2.00       0.00       0.00
17시 07분 06초    1       0.00       0.00       0.00      47.00       0.00       0.00       0.00       0.00       0.00       0.00       0.00       0.00       0.00       0.00       0.00       0.00       0.00       0.00       0.00       0.00       0.00       0.00       0.00       0.00       0.00       0.00       0.00       0.00       0.00       0.00       0.00       0.00       0.00       0.00       0.00       0.00       0.00       0.00       0.00       0.00       0.00       0.00       0.00       0.00       0.00       0.00       0.00       0.00       0.00       0.00       0.00       0.00       0.00       0.00       0.00       0.00       0.00       0.00       0.00       0.00       0.00       0.00       0.00       0.00       0.00       0.00       0.00       0.00       0.00       0.00       0.00       0.00       0.00       0.00       0.00       0.00       0.00       0.00       0.00       0.00       0.00       0.00       0.00       0.00       0.00       0.00       0.00       0.00       0.00       0.00       0.00       0.00       0.00       0.00       0.00       0.00       0.00       0.00       0.00       0.00       0.00       0.00       0.00       0.00       0.00       0.00       0.00       0.00       0.00       0.00       0.00       0.00       0.00       0.00       0.00       0.00       0.00       0.00       0.00       0.00       0.00       0.00       0.00       0.00       0.00       0.00       0.00       0.00       0.00       0.00       0.00       0.00       0.00       0.00       0.00       0.00       1.00       2.00       0.00       0.00       0.00       2.00       0.00       0.00
17시 07분 06초    2       0.00       0.00       0.00      37.00       0.00       0.00       0.00       0.00       0.00       0.00       0.00       0.00       0.00       0.00       0.00       0.00       0.00       0.00       0.00       0.00       0.00       0.00       0.00       0.00       0.00       0.00       0.00       0.00       0.00       0.00       0.00       0.00       0.00       0.00       0.00       0.00       0.00       0.00       0.00       0.00       0.00       0.00       0.00       0.00       0.00       0.00       0.00       0.00       0.00       0.00       0.00       0.00       0.00       0.00       0.00       0.00       0.00       0.00       0.00       0.00       0.00       0.00       0.00       0.00       0.00       0.00       0.00       0.00       0.00       0.00       0.00       0.00       0.00       0.00       0.00       0.00       0.00       0.00       0.00       0.00       0.00       0.00       0.00       0.00       0.00       0.00       0.00       0.00       0.00       0.00       0.00       0.00       0.00       0.00       0.00       0.00       0.00       0.00       0.00       0.00       0.00       0.00       0.00       0.00       0.00       0.00       0.00       0.00       0.00       0.00       0.00       0.00       0.00       0.00       0.00       0.00       0.00       0.00       0.00       0.00       0.00       0.00       0.00       0.00       0.00       0.00       0.00       0.00       0.00       0.00       0.00       0.00       0.00       0.00       0.00       0.00      13.00       4.00       0.00       0.00       0.00       0.00       0.00       0.00
17시 07분 06초    3       0.00       0.00       0.00      26.00       0.00       0.00       0.00       0.00       0.00       0.00       0.00       0.00       0.00       0.00       0.00       0.00       0.00       0.00       0.00       0.00       0.00       0.00       0.00       0.00       0.00       0.00       0.00       0.00       0.00       0.00       0.00       0.00       0.00       0.00       0.00       0.00       0.00       0.00       0.00       0.00       0.00       0.00       0.00       0.00       0.00       0.00       0.00       0.00       0.00       0.00       0.00       0.00       0.00       0.00       0.00       0.00       0.00       0.00       0.00       0.00       0.00       0.00       0.00       0.00       0.00       0.00       0.00       0.00       0.00       0.00       0.00       0.00       0.00       0.00       0.00       0.00       0.00       0.00       0.00       0.00       0.00       0.00       0.00       0.00       0.00       0.00       0.00       0.00       0.00       0.00       0.00       0.00       0.00       0.00       0.00       0.00       0.00       0.00       0.00       0.00       0.00       0.00       0.00       0.00       0.00       0.00       0.00       0.00       0.00       0.00       0.00       0.00       0.00       0.00       0.00       0.00       0.00       0.00       0.00       0.00       0.00       0.00       0.00       0.00       0.00       0.00       0.00       0.00       0.00       0.00       0.00       0.00       0.00       0.00       0.00       0.00       1.00       0.00       0.00       0.00       0.00       0.00       0.00       0.00
17시 07분 06초    4       0.00       0.00       0.00     110.00       0.00       0.00       0.00       0.00       0.00       0.00       0.00       0.00       0.00       0.00       0.00       0.00       0.00       0.00       0.00       0.00       0.00       0.00       0.00       0.00       0.00       0.00       0.00       0.00       0.00       0.00       0.00       0.00       0.00       0.00       0.00       0.00       0.00       0.00       0.00       0.00       0.00       0.00       0.00       0.00       0.00       0.00       0.00       0.00       0.00       0.00       0.00       0.00       0.00       0.00       0.00       0.00       0.00       0.00       0.00       0.00       0.00       0.00       0.00       0.00       0.00       0.00       0.00       0.00       0.00       0.00       0.00       0.00       0.00       0.00       0.00       0.00       0.00       0.00       0.00       0.00       0.00       0.00       0.00       0.00       0.00       0.00       0.00       0.00       0.00       0.00       0.00       0.00       0.00       0.00       0.00       0.00       0.00       0.00       0.00       0.00       0.00       0.00       0.00       0.00       0.00       0.00       0.00       0.00       0.00       0.00       0.00       0.00       0.00       0.00       0.00       0.00       0.00       0.00       0.00       0.00       0.00       0.00       0.00       0.00       0.00       0.00       0.00       0.00       0.00       0.00       0.00       0.00       0.00       0.00       0.00       0.00     243.00       0.00       0.00       0.00       0.00      14.00       0.00       0.00
17시 07분 06초    5       0.00       0.00       0.00      48.00       0.00       0.00       0.00       0.00       0.00       0.00       0.00       0.00       0.00       0.00       0.00       0.00       0.00       0.00       0.00       0.00       0.00       0.00       0.00       0.00       0.00       0.00       0.00       0.00       0.00       0.00       0.00       0.00       0.00       0.00       0.00       0.00       0.00       0.00       0.00       0.00       0.00       0.00       0.00       0.00       0.00       0.00       0.00       0.00       0.00       0.00       0.00       0.00       0.00       0.00       0.00       0.00       0.00       0.00       0.00       0.00       0.00       0.00       0.00       0.00       0.00       0.00       0.00       0.00       0.00       0.00       0.00       0.00       0.00       0.00       0.00       0.00       0.00       0.00       0.00       0.00       0.00       0.00       0.00       0.00       0.00       0.00       0.00       0.00       0.00       0.00       0.00       0.00       0.00       0.00       0.00       0.00       0.00       0.00       0.00       0.00       0.00       0.00       0.00       0.00       0.00       0.00       0.00       0.00       0.00       0.00       0.00       0.00       0.00       0.00       0.00       0.00       0.00       0.00       0.00       0.00       0.00       0.00       0.00       0.00       0.00       0.00       0.00       0.00       0.00       0.00       0.00       0.00       0.00       0.00       0.00       0.00       6.00       0.00       0.00       0.00       0.00       0.00       0.00       0.00

17시 07분 05초  CPU       HI/s    TIMER/s   NET_TX/s   NET_RX/s    BLOCK/s IRQ_POLL/s  TASKLET/s    SCHED/s  HRTIMER/s      RCU/s
17시 07분 06초    0       0.00      13.00       1.00      11.00       1.00       0.00       0.00      35.00       0.00      27.00
17시 07분 06초    1       0.00      20.00       0.00       0.00       0.00       0.00       0.00      26.00       0.00      26.00
17시 07분 06초    2       0.00      28.00       0.00       0.00       0.00       0.00       0.00      27.00       0.00      21.00
17시 07분 06초    3       0.00       0.00       0.00       0.00       0.00       0.00       0.00       7.00       0.00      16.00
17시 07분 06초    4       0.00      22.00       0.00       0.00      39.00       0.00       0.00      65.00       0.00      36.00
17시 07분 06초    5       0.00      18.00       0.00       0.00       0.00       0.00       0.00      25.00       0.00      28.00

17시 07분 06초  CPU    %usr   %nice    %sys %iowait    %irq   %soft  %steal  %guest  %gnice   %idle
17시 07분 07초  all    1.33    0.00    4.00    0.50    0.17    0.00    0.00    0.00    0.00   94.00
17시 07분 07초    0    0.00    0.00   15.00    1.00    1.00    0.00    0.00    0.00    0.00   83.00
17시 07분 07초    1    2.00    0.00    1.00    2.00    0.00    0.00    0.00    0.00    0.00   95.00
17시 07분 07초    2    2.97    0.00    2.97    0.00    0.00    0.00    0.00    0.00    0.00   94.06
17시 07분 07초    3    1.00    0.00    2.00    0.00    0.00    0.00    0.00    0.00    0.00   97.00
17시 07분 07초    4    0.00    0.00    0.00    0.00    0.00    0.00    0.00    0.00    0.00  100.00
17시 07분 07초    5    2.00    0.00    3.00    0.00    0.00    0.00    0.00    0.00    0.00   95.00

17시 07분 06초  CPU    intr/s
17시 07분 07초  all   1236.00
17시 07분 07초    0    144.00
17시 07분 07초    1     94.00
17시 07분 07초    2     94.00
17시 07분 07초    3     55.00
17시 07분 07초    4     79.00
17시 07분 07초    5     50.00

17시 07분 06초  CPU        9/s       11/s       12/s       13/s       18/s       20/s       21/s       22/s       23/s       24/s       25/s       26/s       27/s       28/s       29/s       30/s       31/s       32/s       33/s       34/s       35/s       36/s       37/s       38/s       39/s       40/s       41/s       42/s       43/s       44/s       45/s       46/s       47/s       48/s       49/s       50/s       51/s       52/s       53/s       54/s       55/s       57/s       59/s       61/s       65/s       66/s       67/s       68/s       69/s       70/s       71/s       72/s       73/s       74/s       75/s       76/s       77/s       79/s       80/s       81/s       82/s       83/s       84/s       85/s       86/s       87/s       88/s       89/s       90/s       91/s       92/s       93/s       94/s       95/s       96/s       97/s       98/s      112/s      113/s      114/s      115/s      116/s      117/s      118/s      119/s      120/s      121/s      122/s      123/s      124/s      125/s      126/s      127/s      128/s      129/s      130/s      131/s      132/s      133/s      134/s      135/s      136/s      137/s      138/s      150/s      154/s      162/s      167/s      171/s      224/s      228/s      229/s      230/s      231/s      232/s      233/s      234/s      235/s      236/s      237/s      245/s      246/s      247/s      249/s      250/s      252/s      253/s      262/s      263/s      294/s      296/s      297/s      298/s      299/s      301/s      302/s     IPI0/s     IPI1/s     IPI2/s     IPI3/s     IPI4/s     IPI5/s     IPI6/s      Err/s
17시 07분 07초    0       0.00       0.00       0.00      92.00       0.00       0.00       0.00       0.00       0.00       0.00       0.00       0.00       0.00       0.00       0.00       0.00       0.00       0.00       0.00       0.00       0.00       0.00       0.00       0.00       0.00       0.00       0.00       0.00       0.00       0.00       0.00       0.00       0.00       0.00       0.00       0.00       0.00       0.00       0.00       0.00       0.00       0.00       0.00       0.00       0.00       0.00     134.00       0.00       0.00       0.00       0.00       0.00       0.00       0.00       0.00       0.00       0.00       0.00       0.00       0.00       0.00       0.00       0.00       0.00       0.00       0.00       0.00       0.00       0.00       0.00       0.00       0.00       0.00       0.00       0.00       0.00       0.00      83.00       0.00       0.00       0.00       0.00       0.00       0.00       0.00       0.00       0.00       0.00       0.00       0.00       0.00       0.00       0.00       0.00       0.00       0.00       0.00       0.00       0.00       0.00       0.00       0.00       0.00       0.00       0.00      55.00       0.00       0.00       0.00       1.00       0.00       0.00       0.00       0.00       0.00       0.00       0.00       0.00       0.00       0.00       0.00       0.00       0.00       0.00       0.00       0.00       0.00       0.00       0.00       0.00       0.00       0.00       0.00       0.00      29.00       0.00      32.00      10.00       0.00       0.00       0.00      15.00       0.00       0.00
17시 07분 07초    1       0.00       0.00       0.00      72.00       0.00       0.00       0.00       0.00       0.00       0.00       0.00       0.00       0.00       0.00       0.00       0.00       0.00       0.00       0.00       0.00       0.00       0.00       0.00       0.00       0.00       0.00       0.00       0.00       0.00       0.00       0.00       0.00       0.00       0.00       0.00       0.00       0.00       0.00       0.00       0.00       0.00       0.00       0.00       0.00       0.00       0.00       0.00       0.00       0.00       0.00       0.00       0.00       0.00       0.00       0.00       0.00       0.00       0.00       0.00       0.00       0.00       0.00       0.00       0.00       0.00       0.00       0.00       0.00       0.00       0.00       0.00       0.00       0.00       0.00       0.00       0.00       0.00       0.00       0.00       0.00       0.00       0.00       0.00       0.00       0.00       0.00       0.00       0.00       0.00       0.00       0.00       0.00       0.00       0.00       0.00       0.00       0.00       0.00       0.00       0.00       0.00       0.00       0.00       0.00       0.00       0.00       0.00       0.00       0.00       0.00       0.00       0.00       0.00       0.00       0.00       0.00       0.00       0.00       0.00       0.00       0.00       0.00       0.00       0.00       0.00       0.00       0.00       0.00       0.00       0.00       0.00       0.00       0.00       0.00       0.00       0.00      60.00      13.00       0.00       0.00       0.00       0.00       0.00       0.00
17시 07분 07초    2       0.00       0.00       0.00      55.00       0.00       0.00       0.00       0.00       0.00       0.00       0.00       0.00       0.00       0.00       0.00       0.00       0.00       0.00       0.00       0.00       0.00       0.00       0.00       0.00       0.00       0.00       0.00       0.00       0.00       0.00       0.00       0.00       0.00       0.00       0.00       0.00       0.00       0.00       0.00       0.00       0.00       0.00       0.00       0.00       0.00       0.00       0.00       0.00       0.00       0.00       0.00       0.00       0.00       0.00       0.00       0.00       0.00       0.00       0.00       0.00       0.00       0.00       0.00       0.00       0.00       0.00       0.00       0.00       0.00       0.00       0.00       0.00       0.00       0.00       0.00       0.00       0.00       0.00       0.00       0.00       0.00       0.00       0.00       0.00       0.00       0.00       0.00       0.00       0.00       0.00       0.00       0.00       0.00       0.00       0.00       0.00       0.00       0.00       0.00       0.00       0.00       0.00       0.00       0.00       0.00       0.00       0.00       0.00       0.00       0.00       0.00       0.00       0.00       0.00       0.00       0.00       0.00       0.00       0.00       0.00       0.00       0.00       0.00       0.00       0.00       0.00       0.00       0.00       0.00       0.00       0.00       0.00       0.00       0.00       0.00       0.00      99.00       8.00       0.00       0.00       0.00       2.00       0.00       0.00
17시 07분 07초    3       0.00       0.00       0.00     100.00       0.00       0.00       0.00       0.00       0.00       0.00       0.00       0.00       0.00       0.00       0.00       0.00       0.00       0.00       0.00       0.00       0.00       0.00       0.00       0.00       0.00       0.00       0.00       0.00       0.00       0.00       0.00       0.00       0.00       0.00       0.00       0.00       0.00       0.00       0.00       0.00       0.00       0.00       0.00       0.00       0.00       0.00       0.00       0.00       0.00       0.00       0.00       0.00       0.00       0.00       0.00       0.00       0.00       0.00       0.00       0.00       0.00       0.00       0.00       0.00       0.00       0.00       0.00       0.00       0.00       0.00       0.00       0.00       0.00       0.00       0.00       0.00       0.00       0.00       0.00       0.00       0.00       0.00       0.00       0.00       0.00       0.00       0.00       0.00       0.00       0.00       0.00       0.00       0.00       0.00       0.00       0.00       0.00       0.00       0.00       0.00       0.00       0.00       0.00       0.00       0.00       0.00       0.00       0.00       0.00       0.00       0.00       0.00       0.00       0.00       0.00       0.00       0.00       0.00       0.00       0.00       0.00       0.00       0.00       0.00       0.00       0.00       0.00       0.00       0.00       0.00       0.00       0.00       0.00       0.00       0.00       0.00      78.00       7.00       0.00       0.00       0.00       0.00       0.00       0.00
17시 07분 07초    4       0.00       0.00       0.00      52.00       0.00       0.00       0.00       0.00       0.00       0.00       0.00       0.00       0.00       0.00       0.00       0.00       0.00       0.00       0.00       0.00       0.00       0.00       0.00       0.00       0.00       0.00       0.00       0.00       0.00       0.00       0.00       0.00       0.00       0.00       0.00       0.00       0.00       0.00       0.00       0.00       0.00       0.00       0.00       0.00       0.00       0.00       0.00       0.00       0.00       0.00       0.00       0.00       0.00       0.00       0.00       0.00       0.00       0.00       0.00       0.00       0.00       0.00       0.00       0.00       0.00       0.00       0.00       0.00       0.00       0.00       0.00       0.00       0.00       0.00       0.00       0.00       0.00       0.00       0.00       0.00       0.00       0.00       0.00       0.00       0.00       0.00       0.00       0.00       0.00       0.00       0.00       0.00       0.00       0.00       0.00       0.00       0.00       0.00       0.00       0.00       0.00       0.00       0.00       0.00       0.00       0.00       0.00       0.00       0.00       0.00       0.00       0.00       0.00       0.00       0.00       0.00       0.00       0.00       0.00       0.00       0.00       0.00       0.00       0.00       0.00       0.00       0.00       0.00       0.00       0.00       0.00       0.00       0.00       0.00       0.00       0.00      84.00       0.00       0.00       0.00       0.00       0.00       0.00       0.00
17시 07분 07초    5       0.00       0.00       0.00      56.00       0.00       0.00       0.00       0.00       0.00       0.00       0.00       0.00       0.00       0.00       0.00       0.00       0.00       0.00       0.00       0.00       0.00       0.00       0.00       0.00       0.00       0.00       0.00       0.00       0.00       0.00       0.00       0.00       0.00       0.00       0.00       0.00       0.00       0.00       0.00       0.00       0.00       0.00       0.00       0.00       0.00       0.00       0.00       0.00       0.00       0.00       0.00       0.00       0.00       0.00       0.00       0.00       0.00       0.00       0.00       0.00       0.00       0.00       0.00       0.00       0.00       0.00       0.00       0.00       0.00       0.00       0.00       0.00       0.00       0.00       0.00       0.00       0.00       0.00       0.00       0.00       0.00       0.00       0.00       0.00       0.00       0.00       0.00       0.00       0.00       0.00       0.00       0.00       0.00       0.00       0.00       0.00       0.00       0.00       0.00       0.00       0.00       0.00       0.00       0.00       0.00       0.00       0.00       0.00       0.00       0.00       0.00       0.00       0.00       0.00       0.00       0.00       0.00       0.00       0.00       0.00       0.00       0.00       0.00       0.00       0.00       0.00       0.00       0.00       0.00       0.00       0.00       0.00       0.00       0.00       0.00       0.00      98.00       0.00       0.00       0.00       0.00       1.00       0.00       0.00

17시 07분 06초  CPU       HI/s    TIMER/s   NET_TX/s   NET_RX/s    BLOCK/s IRQ_POLL/s  TASKLET/s    SCHED/s  HRTIMER/s      RCU/s
17시 07분 07초    0       0.00      17.00       0.00      27.00       2.00       0.00       0.00      61.00       0.00      37.00
17시 07분 07초    1       0.00      19.00       0.00       0.00       0.00       0.00       0.00      38.00       0.00      37.00
17시 07분 07초    2       0.00      28.00       0.00       0.00       0.00       0.00       0.00      31.00       0.00      35.00
17시 07분 07초    3       0.00      11.00       0.00       0.00       0.00       0.00       0.00      19.00       0.00      25.00
17시 07분 07초    4       0.00      32.00       0.00       0.00       0.00       0.00       0.00      29.00       0.00      18.00
17시 07분 07초    5       0.00       4.00       0.00       0.00       0.00       0.00       0.00      18.00       0.00      28.00

17시 07분 07초  CPU    %usr   %nice    %sys %iowait    %irq   %soft  %steal  %guest  %gnice   %idle
17시 07분 08초  all    1.18    0.00    2.02    0.00    0.00    0.17    0.00    0.00    0.00   96.63
17시 07분 08초    0    1.01    0.00    2.02    0.00    0.00    0.00    0.00    0.00    0.00   96.97
17시 07분 08초    1    1.00    0.00    2.00    0.00    0.00    1.00    0.00    0.00    0.00   96.00
17시 07분 08초    2    0.00    0.00    1.01    0.00    0.00    0.00    0.00    0.00    0.00   98.99
17시 07분 08초    3    4.04    0.00    3.03    0.00    0.00    0.00    0.00    0.00    0.00   92.93
17시 07분 08초    4    0.00    0.00    0.00    0.00    0.00    0.00    0.00    0.00    0.00  100.00
17시 07분 08초    5    1.01    0.00    4.04    0.00    0.00    0.00    0.00    0.00    0.00   94.95

17시 07분 07초  CPU    intr/s
17시 07분 08초  all    911.00
17시 07분 08초    0    163.00
17시 07분 08초    1    116.00
17시 07분 08초    2     98.00
17시 07분 08초    3     85.00
17시 07분 08초    4     56.00
17시 07분 08초    5    115.00

17시 07분 07초  CPU        9/s       11/s       12/s       13/s       18/s       20/s       21/s       22/s       23/s       24/s       25/s       26/s       27/s       28/s       29/s       30/s       31/s       32/s       33/s       34/s       35/s       36/s       37/s       38/s       39/s       40/s       41/s       42/s       43/s       44/s       45/s       46/s       47/s       48/s       49/s       50/s       51/s       52/s       53/s       54/s       55/s       57/s       59/s       61/s       65/s       66/s       67/s       68/s       69/s       70/s       71/s       72/s       73/s       74/s       75/s       76/s       77/s       79/s       80/s       81/s       82/s       83/s       84/s       85/s       86/s       87/s       88/s       89/s       90/s       91/s       92/s       93/s       94/s       95/s       96/s       97/s       98/s      112/s      113/s      114/s      115/s      116/s      117/s      118/s      119/s      120/s      121/s      122/s      123/s      124/s      125/s      126/s      127/s      128/s      129/s      130/s      131/s      132/s      133/s      134/s      135/s      136/s      137/s      138/s      150/s      154/s      162/s      167/s      171/s      224/s      228/s      229/s      230/s      231/s      232/s      233/s      234/s      235/s      236/s      237/s      245/s      246/s      247/s      249/s      250/s      252/s      253/s      262/s      263/s      294/s      296/s      297/s      298/s      299/s      301/s      302/s     IPI0/s     IPI1/s     IPI2/s     IPI3/s     IPI4/s     IPI5/s     IPI6/s      Err/s
17시 07분 08초    0       0.00       0.00       0.00      95.00       0.00       0.00       0.00       0.00       0.00       0.00       0.00       0.00       0.00       0.00       0.00       0.00       0.00       0.00       0.00       0.00       0.00       0.00       0.00       0.00       0.00       0.00       0.00       0.00       0.00       0.00       0.00       0.00       0.00       0.00       0.00       0.00       0.00       0.00       0.00       0.00       0.00       0.00       0.00       0.00       0.00       0.00       0.00       0.00       0.00       0.00       0.00       0.00       0.00       0.00       0.00       0.00       0.00       0.00       0.00       0.00       0.00       0.00       0.00       0.00       0.00       0.00       0.00       0.00       0.00       0.00       0.00       0.00       0.00       0.00       0.00       0.00       0.00       2.00       0.00       0.00       0.00       0.00       0.00       0.00       0.00       0.00       0.00       0.00       0.00       0.00       0.00       0.00       0.00       0.00       0.00       0.00       0.00       0.00       0.00       0.00       0.00       0.00       0.00       0.00       0.00      26.00       0.00       0.00       0.00       0.00       0.00       0.00       0.00       0.00       0.00       0.00       0.00       0.00       0.00       0.00       0.00       0.00       0.00       0.00       0.00       0.00       0.00       0.00       0.00       0.00       0.00       0.00       0.00       0.00       0.00       0.00      50.00       9.00       0.00       0.00       0.00       2.00       0.00       0.00
17시 07분 08초    1       0.00       0.00       0.00      92.00       0.00       0.00       0.00       0.00       0.00       0.00       0.00       0.00       0.00       0.00       0.00       0.00       0.00       0.00       0.00       0.00       0.00       0.00       0.00       0.00       0.00       0.00       0.00       0.00       0.00       0.00       0.00       0.00       0.00       0.00       0.00       0.00       0.00       0.00       0.00       0.00       0.00       0.00       0.00       0.00       0.00       0.00       0.00       0.00       0.00       0.00       0.00       0.00       0.00       0.00       0.00       0.00       0.00       0.00       0.00       0.00       0.00       0.00       0.00       0.00       0.00       0.00       0.00       0.00       0.00       0.00       0.00       0.00       0.00       0.00       0.00       0.00       0.00       0.00       0.00       0.00       0.00       0.00       0.00       0.00       0.00       0.00       0.00       0.00       0.00       0.00       0.00       0.00       0.00       0.00       0.00       0.00       0.00       0.00       0.00       0.00       0.00       0.00       0.00       0.00       0.00       0.00       0.00       0.00       0.00       0.00       0.00       0.00       0.00       0.00       0.00       0.00       0.00       0.00       0.00       0.00       0.00       0.00       0.00       0.00       0.00       0.00       0.00       0.00       0.00       0.00       0.00       0.00       0.00       0.00       0.00       0.00      43.00       2.00       0.00       0.00       0.00       1.00       0.00       0.00
17시 07분 08초    2       0.00       0.00       0.00     110.00       0.00       0.00       0.00       0.00       0.00       0.00       0.00       0.00       0.00       0.00       0.00       0.00       0.00       0.00       0.00       0.00       0.00       0.00       0.00       0.00       0.00       0.00       0.00       0.00       0.00       0.00       0.00       0.00       0.00       0.00       0.00       0.00       0.00       0.00       0.00       0.00       0.00       0.00       0.00       0.00       0.00       0.00       0.00       0.00       0.00       0.00       0.00       0.00       0.00       0.00       0.00       0.00       0.00       0.00       0.00       0.00       0.00       0.00       0.00       0.00       0.00       0.00       0.00       0.00       0.00       0.00       0.00       0.00       0.00       0.00       0.00       0.00       0.00       0.00       0.00       0.00       0.00       0.00       0.00       0.00       0.00       0.00       0.00       0.00       0.00       0.00       0.00       0.00       0.00       0.00       0.00       0.00       0.00       0.00       0.00       0.00       0.00       0.00       0.00       0.00       0.00       0.00       0.00       0.00       0.00       0.00       0.00       0.00       0.00       0.00       0.00       0.00       0.00       0.00       0.00       0.00       0.00       0.00       0.00       0.00       0.00       0.00       0.00       0.00       0.00       0.00       0.00       0.00       0.00       0.00       0.00       0.00      58.00       5.00       0.00       0.00       0.00       0.00       0.00       0.00
17시 07분 08초    3       0.00       0.00       0.00      80.00       0.00       0.00       0.00       0.00       0.00       0.00       0.00       0.00       0.00       0.00       0.00       0.00       0.00       0.00       0.00       0.00       0.00       0.00       0.00       0.00       0.00       0.00       0.00       0.00       0.00       0.00       0.00       0.00       0.00       0.00       0.00       0.00       0.00       0.00       0.00       0.00       0.00       0.00       0.00       0.00       0.00       0.00       0.00       0.00       0.00       0.00       0.00       0.00       0.00       0.00       0.00       0.00       0.00       0.00       0.00       0.00       0.00       0.00       0.00       0.00       0.00       0.00       0.00       0.00       0.00       0.00       0.00       0.00       0.00       0.00       0.00       0.00       0.00       0.00       0.00       0.00       0.00       0.00       0.00       0.00       0.00       0.00       0.00       0.00       0.00       0.00       0.00       0.00       0.00       0.00       0.00       0.00       0.00       0.00       0.00       0.00       0.00       0.00       0.00       0.00       0.00       0.00       0.00       0.00       0.00       0.00       0.00       0.00       0.00       0.00       0.00       0.00       0.00       0.00       0.00       0.00       0.00       0.00       0.00       0.00       0.00       0.00       0.00       0.00       0.00       0.00       0.00       0.00       0.00       0.00       0.00       0.00      78.00       4.00       0.00       0.00       0.00       1.00       0.00       0.00
17시 07분 08초    4       0.00       0.00       0.00      40.00       0.00       0.00       0.00       0.00       0.00       0.00       0.00       0.00       0.00       0.00       0.00       0.00       0.00       0.00       0.00       0.00       0.00       0.00       0.00       0.00       0.00       0.00       0.00       0.00       0.00       0.00       0.00       0.00       0.00       0.00       0.00       0.00       0.00       0.00       0.00       0.00       0.00       0.00       0.00       0.00       0.00       0.00       0.00       0.00       0.00       0.00       0.00       0.00       0.00       0.00       0.00       0.00       0.00       0.00       0.00       0.00       0.00       0.00       0.00       0.00       0.00       0.00       0.00       0.00       0.00       0.00       0.00       0.00       0.00       0.00       0.00       0.00       0.00       0.00       0.00       0.00       0.00       0.00       0.00       0.00       0.00       0.00       0.00       0.00       0.00       0.00       0.00       0.00       0.00       0.00       0.00       0.00       0.00       0.00       0.00       0.00       0.00       0.00       0.00       0.00       0.00       0.00       0.00       0.00       0.00       0.00       0.00       0.00       0.00       0.00       0.00       0.00       0.00       0.00       0.00       0.00       0.00       0.00       0.00       0.00       0.00       0.00       0.00       0.00       0.00       0.00       0.00       0.00       0.00       0.00       0.00       0.00      70.00       5.00       0.00       0.00       0.00       4.00       0.00       0.00
17시 07분 08초    5       0.00       0.00       0.00      84.00       0.00       0.00       0.00       0.00       0.00       0.00       0.00       0.00       0.00       0.00       0.00       0.00       0.00       0.00       0.00       0.00       0.00       0.00       0.00       0.00       0.00       0.00       0.00       0.00       0.00       0.00       0.00       0.00       0.00       0.00       0.00       0.00       0.00       0.00       0.00       0.00       0.00       0.00       0.00       0.00       0.00       0.00       0.00       0.00       0.00       0.00       0.00       0.00       0.00       0.00       0.00       0.00       0.00       0.00       0.00       0.00       0.00       0.00       0.00       0.00       0.00       0.00       0.00       0.00       0.00       0.00       0.00       0.00       0.00       0.00       0.00       0.00       0.00       0.00       0.00       0.00       0.00       0.00       0.00       0.00       0.00       0.00       0.00       0.00       0.00       0.00       0.00       0.00       0.00       0.00       0.00       0.00       0.00       0.00       0.00       0.00       0.00       0.00       0.00       0.00       0.00       0.00       0.00       0.00       0.00       0.00       0.00       0.00       0.00       0.00       0.00       0.00       0.00       0.00       0.00       0.00       0.00       0.00       0.00       0.00       0.00       0.00       0.00       0.00       0.00       0.00       0.00       0.00       0.00       0.00       0.00       0.00      43.00       2.00       0.00       0.00       0.00       5.00       0.00       0.00

17시 07분 07초  CPU       HI/s    TIMER/s   NET_TX/s   NET_RX/s    BLOCK/s IRQ_POLL/s  TASKLET/s    SCHED/s  HRTIMER/s      RCU/s
17시 07분 08초    0       0.00      13.00       0.00       0.00       0.00       0.00       0.00      39.00       0.00     111.00
17시 07분 08초    1       0.00      29.00       0.00       0.00       0.00       0.00       0.00      38.00       0.00      49.00
17시 07분 08초    2       0.00      31.00       0.00       0.00       0.00       0.00       0.00      31.00       0.00      36.00
17시 07분 08초    3       0.00       9.00       0.00       0.00       0.00       0.00       0.00      33.00       0.00      43.00
17시 07분 08초    4       0.00      10.00       0.00       0.00       0.00       0.00       0.00      21.00       0.00      25.00
17시 07분 08초    5       0.00      25.00       0.00       0.00       0.00       0.00       0.00      41.00       0.00      49.00

17시 07분 08초  CPU    %usr   %nice    %sys %iowait    %irq   %soft  %steal  %guest  %gnice   %idle
17시 07분 09초  all    0.34    0.00    1.34    0.00    0.00    0.00    0.00    0.00    0.00   98.32
17시 07분 09초    0    0.00    0.00    1.02    0.00    0.00    0.00    0.00    0.00    0.00   98.98
17시 07분 09초    1    1.00    0.00    3.00    0.00    0.00    0.00    0.00    0.00    0.00   96.00
17시 07분 09초    2    0.00    0.00    0.00    0.00    0.00    0.00    0.00    0.00    0.00  100.00
17시 07분 09초    3    1.00    0.00    1.00    0.00    0.00    0.00    0.00    0.00    0.00   98.00
17시 07분 09초    4    0.00    0.00    0.00    0.00    0.00    0.00    0.00    0.00    0.00  100.00
17시 07분 09초    5    0.00    0.00    3.00    0.00    0.00    0.00    0.00    0.00    0.00   97.00

17시 07분 08초  CPU    intr/s
17시 07분 09초  all    336.00
17시 07분 09초    0     69.00
17시 07분 09초    1     96.00
17시 07분 09초    2     80.00
17시 07분 09초    3     52.00
17시 07분 09초    4     62.00
17시 07분 09초    5     40.00

17시 07분 08초  CPU        9/s       11/s       12/s       13/s       18/s       20/s       21/s       22/s       23/s       24/s       25/s       26/s       27/s       28/s       29/s       30/s       31/s       32/s       33/s       34/s       35/s       36/s       37/s       38/s       39/s       40/s       41/s       42/s       43/s       44/s       45/s       46/s       47/s       48/s       49/s       50/s       51/s       52/s       53/s       54/s       55/s       57/s       59/s       61/s       65/s       66/s       67/s       68/s       69/s       70/s       71/s       72/s       73/s       74/s       75/s       76/s       77/s       79/s       80/s       81/s       82/s       83/s       84/s       85/s       86/s       87/s       88/s       89/s       90/s       91/s       92/s       93/s       94/s       95/s       96/s       97/s       98/s      112/s      113/s      114/s      115/s      116/s      117/s      118/s      119/s      120/s      121/s      122/s      123/s      124/s      125/s      126/s      127/s      128/s      129/s      130/s      131/s      132/s      133/s      134/s      135/s      136/s      137/s      138/s      150/s      154/s      162/s      167/s      171/s      224/s      228/s      229/s      230/s      231/s      232/s      233/s      234/s      235/s      236/s      237/s      245/s      246/s      247/s      249/s      250/s      252/s      253/s      262/s      263/s      294/s      296/s      297/s      298/s      299/s      301/s      302/s     IPI0/s     IPI1/s     IPI2/s     IPI3/s     IPI4/s     IPI5/s     IPI6/s      Err/s
17시 07분 09초    0       0.00       0.00       0.00      38.00       0.00       0.00       0.00       0.00       0.00       0.00       0.00       0.00       0.00       0.00       0.00       0.00       0.00       0.00       0.00       0.00       0.00       0.00       0.00       0.00       0.00       0.00       0.00       0.00       0.00       0.00       0.00       0.00       0.00       0.00       0.00       0.00       0.00       0.00       0.00       0.00       0.00       0.00       0.00       0.00       0.00       0.00       0.00       0.00       0.00       0.00       0.00       0.00       0.00       0.00       0.00       0.00       0.00       0.00       0.00       0.00       0.00       0.00       0.00       0.00       0.00       0.00       0.00       0.00       0.00       0.00       0.00       0.00       0.00       0.00       0.00       0.00       0.00       0.00       0.00       0.00       0.00       0.00       0.00       0.00       0.00       0.00       0.00       0.00       0.00       0.00       0.00       0.00       0.00       0.00       0.00       0.00       0.00       0.00       0.00       0.00       0.00       0.00       0.00       0.00       0.00       5.00       0.00       0.00       0.00       0.00       0.00       0.00       0.00       0.00       0.00       0.00       0.00       0.00       0.00       0.00       0.00       0.00       0.00       0.00       0.00       0.00       0.00       0.00       0.00       0.00       0.00       0.00       0.00       0.00      36.00       0.00       0.00       2.00       0.00       0.00       0.00       0.00       0.00       0.00
17시 07분 09초    1       0.00       0.00       0.00      78.00       0.00       0.00       0.00       0.00       0.00       0.00       0.00       0.00       0.00       0.00       0.00       0.00       0.00       0.00       0.00       0.00       0.00       0.00       0.00       0.00       0.00       0.00       0.00       0.00       0.00       0.00       0.00       0.00       0.00       0.00       0.00       0.00       0.00       0.00       0.00       0.00       0.00       0.00       0.00       0.00       0.00       0.00       0.00       0.00       0.00       0.00       0.00       0.00       0.00       0.00       0.00       0.00       0.00       0.00       0.00       0.00       0.00       0.00       0.00       0.00       0.00       0.00       0.00       0.00       0.00       0.00       0.00       0.00       0.00       0.00       0.00       0.00       0.00       0.00       0.00       0.00       0.00       0.00       0.00       0.00       0.00       0.00       0.00       0.00       0.00       0.00       0.00       0.00       0.00       0.00       0.00       0.00       0.00       0.00       0.00       0.00       0.00       0.00       0.00       0.00       0.00       0.00       0.00       0.00       0.00       0.00       0.00       0.00       0.00       0.00       0.00       0.00       0.00       0.00       0.00       0.00       0.00       0.00       0.00       0.00       0.00       0.00       0.00       0.00       0.00       0.00       0.00       0.00       0.00       0.00       0.00       0.00       9.00       1.00       0.00       0.00       0.00       0.00       0.00       0.00
17시 07분 09초    2       0.00       0.00       0.00      41.00       0.00       0.00       0.00       0.00       0.00       0.00       0.00       0.00       0.00       0.00       0.00       0.00       0.00       0.00       0.00       0.00       0.00       0.00       0.00       0.00       0.00       0.00       0.00       0.00       0.00       0.00       0.00       0.00       0.00       0.00       0.00       0.00       0.00       0.00       0.00       0.00       0.00       0.00       0.00       0.00       0.00       0.00       0.00       0.00       0.00       0.00       0.00       0.00       0.00       0.00       0.00       0.00       0.00       0.00       0.00       0.00       0.00       0.00       0.00       0.00       0.00       0.00       0.00       0.00       0.00       0.00       0.00       0.00       0.00       0.00       0.00       0.00       0.00       0.00       0.00       0.00       0.00       0.00       0.00       0.00       0.00       0.00       0.00       0.00       0.00       0.00       0.00       0.00       0.00       0.00       0.00       0.00       0.00       0.00       0.00       0.00       0.00       0.00       0.00       0.00       0.00       0.00       0.00       0.00       0.00       0.00       0.00       0.00       0.00       0.00       0.00       0.00       0.00       0.00       0.00       0.00       0.00       0.00       0.00       0.00       0.00       0.00       0.00       0.00       0.00       0.00       0.00       0.00       0.00       0.00       0.00       0.00      10.00       4.00       0.00       0.00       0.00       0.00       0.00       0.00
17시 07분 09초    3       0.00       0.00       0.00      39.00       0.00       0.00       0.00       0.00       0.00       0.00       0.00       0.00       0.00       0.00       0.00       0.00       0.00       0.00       0.00       0.00       0.00       0.00       0.00       0.00       0.00       0.00       0.00       0.00       0.00       0.00       0.00       0.00       0.00       0.00       0.00       0.00       0.00       0.00       0.00       0.00       0.00       0.00       0.00       0.00       0.00       0.00       0.00       0.00       0.00       0.00       0.00       0.00       0.00       0.00       0.00       0.00       0.00       0.00       0.00       0.00       0.00       0.00       0.00       0.00       0.00       0.00       0.00       0.00       0.00       0.00       0.00       0.00       0.00       0.00       0.00       0.00       0.00       0.00       0.00       0.00       0.00       0.00       0.00       0.00       0.00       0.00       0.00       0.00       0.00       0.00       0.00       0.00       0.00       0.00       0.00       0.00       0.00       0.00       0.00       0.00       0.00       0.00       0.00       0.00       0.00       0.00       0.00       0.00       0.00       0.00       0.00       0.00       0.00       0.00       0.00       0.00       0.00       0.00       0.00       0.00       0.00       0.00       0.00       0.00       0.00       0.00       0.00       0.00       0.00       0.00       0.00       0.00       0.00       0.00       0.00       0.00       2.00       0.00       0.00       0.00       0.00       0.00       0.00       0.00
17시 07분 09초    4       0.00       0.00       0.00      36.00       0.00       0.00       0.00       0.00       0.00       0.00       0.00       0.00       0.00       0.00       0.00       0.00       0.00       0.00       0.00       0.00       0.00       0.00       0.00       0.00       0.00       0.00       0.00       0.00       0.00       0.00       0.00       0.00       0.00       0.00       0.00       0.00       0.00       0.00       0.00       0.00       0.00       0.00       0.00       0.00       0.00       0.00       0.00       0.00       0.00       0.00       0.00       0.00       0.00       0.00       0.00       0.00       0.00       0.00       0.00       0.00       0.00       0.00       0.00       0.00       0.00       0.00       0.00       0.00       0.00       0.00       0.00       0.00       0.00       0.00       0.00       0.00       0.00       0.00       0.00       0.00       0.00       0.00       0.00       0.00       0.00       0.00       0.00       0.00       0.00       0.00       0.00       0.00       0.00       0.00       0.00       0.00       0.00       0.00       0.00       0.00       0.00       0.00       0.00       0.00       0.00       0.00       0.00       0.00       0.00       0.00       0.00       0.00       0.00       0.00       0.00       0.00       0.00       0.00       0.00       0.00       0.00       0.00       0.00       0.00       0.00       0.00       0.00       0.00       0.00       0.00       0.00       0.00       0.00       0.00       0.00       0.00       2.00       2.00       0.00       0.00       0.00       0.00       0.00       0.00
17시 07분 09초    5       0.00       0.00       0.00      30.00       0.00       0.00       0.00       0.00       0.00       0.00       0.00       0.00       0.00       0.00       0.00       0.00       0.00       0.00       0.00       0.00       0.00       0.00       0.00       0.00       0.00       0.00       0.00       0.00       0.00       0.00       0.00       0.00       0.00       0.00       0.00       0.00       0.00       0.00       0.00       0.00       0.00       0.00       0.00       0.00       0.00       0.00       0.00       0.00       0.00       0.00       0.00       0.00       0.00       0.00       0.00       0.00       0.00       0.00       0.00       0.00       0.00       0.00       0.00       0.00       0.00       0.00       0.00       0.00       0.00       0.00       0.00       0.00       0.00       0.00       0.00       0.00       0.00       0.00       0.00       0.00       0.00       0.00       0.00       0.00       0.00       0.00       0.00       0.00       0.00       0.00       0.00       0.00       0.00       0.00       0.00       0.00       0.00       0.00       0.00       0.00       0.00       0.00       0.00       0.00       0.00       0.00       0.00       0.00       0.00       0.00       0.00       0.00       0.00       0.00       0.00       0.00       0.00       0.00       0.00       0.00       0.00       0.00       0.00       0.00       0.00       0.00       0.00       0.00       0.00       0.00       0.00       0.00       0.00       0.00       0.00       0.00       2.00       0.00       0.00       0.00       0.00       0.00       0.00       0.00

17시 07분 08초  CPU       HI/s    TIMER/s   NET_TX/s   NET_RX/s    BLOCK/s IRQ_POLL/s  TASKLET/s    SCHED/s  HRTIMER/s      RCU/s
17시 07분 09초    0       0.00       4.00       0.00      33.00       0.00       0.00       0.00      16.00       0.00      16.00
17시 07분 09초    1       0.00      27.00       0.00       0.00       0.00       0.00       0.00      35.00       0.00      34.00
17시 07분 09초    2       0.00      31.00       0.00       0.00       0.00       0.00       0.00      26.00       0.00      23.00
17시 07분 09초    3       0.00      11.00       0.00       0.00       0.00       0.00       0.00      18.00       0.00      23.00
17시 07분 09초    4       0.00      23.00       0.00       0.00       0.00       0.00       0.00      24.00       0.00      15.00
17시 07분 09초    5       0.00       7.00       0.00       0.00       0.00       0.00       0.00      15.00       0.00      18.00

17시 07분 09초  CPU    %usr   %nice    %sys %iowait    %irq   %soft  %steal  %guest  %gnice   %idle
17시 07분 10초  all    0.50    0.00    1.67    0.00    0.00    0.00    0.00    0.00    0.00   97.83
17시 07분 10초    0    0.99    0.00    1.98    0.00    0.00    0.00    0.00    0.00    0.00   97.03
17시 07분 10초    1    0.00    0.00    3.00    0.00    0.00    0.00    0.00    0.00    0.00   97.00
17시 07분 10초    2    0.00    0.00    1.00    0.00    0.00    0.00    0.00    0.00    0.00   99.00
17시 07분 10초    3    1.00    0.00    2.00    0.00    0.00    0.00    0.00    0.00    0.00   97.00
17시 07분 10초    4    0.00    0.00    0.00    0.00    0.00    0.00    0.00    0.00    0.00  100.00
17시 07분 10초    5    1.01    0.00    2.02    0.00    0.00    0.00    0.00    0.00    0.00   96.97

17시 07분 09초  CPU    intr/s
17시 07분 10초  all    280.00
17시 07분 10초    0     50.00
17시 07분 10초    1    137.00
17시 07분 10초    2     45.00
17시 07분 10초    3     64.00
17시 07분 10초    4      8.00
17시 07분 10초    5     29.00

17시 07분 09초  CPU        9/s       11/s       12/s       13/s       18/s       20/s       21/s       22/s       23/s       24/s       25/s       26/s       27/s       28/s       29/s       30/s       31/s       32/s       33/s       34/s       35/s       36/s       37/s       38/s       39/s       40/s       41/s       42/s       43/s       44/s       45/s       46/s       47/s       48/s       49/s       50/s       51/s       52/s       53/s       54/s       55/s       57/s       59/s       61/s       65/s       66/s       67/s       68/s       69/s       70/s       71/s       72/s       73/s       74/s       75/s       76/s       77/s       79/s       80/s       81/s       82/s       83/s       84/s       85/s       86/s       87/s       88/s       89/s       90/s       91/s       92/s       93/s       94/s       95/s       96/s       97/s       98/s      112/s      113/s      114/s      115/s      116/s      117/s      118/s      119/s      120/s      121/s      122/s      123/s      124/s      125/s      126/s      127/s      128/s      129/s      130/s      131/s      132/s      133/s      134/s      135/s      136/s      137/s      138/s      150/s      154/s      162/s      167/s      171/s      224/s      228/s      229/s      230/s      231/s      232/s      233/s      234/s      235/s      236/s      237/s      245/s      246/s      247/s      249/s      250/s      252/s      253/s      262/s      263/s      294/s      296/s      297/s      298/s      299/s      301/s      302/s     IPI0/s     IPI1/s     IPI2/s     IPI3/s     IPI4/s     IPI5/s     IPI6/s      Err/s
17시 07분 10초    0       0.00       0.00       0.00      40.00       0.00       0.00       0.00       0.00       0.00       0.00       0.00       0.00       0.00       0.00       0.00       0.00       0.00       0.00       0.00       0.00       0.00       0.00       0.00       0.00       0.00       0.00       0.00       0.00       0.00       0.00       0.00       0.00       0.00       0.00       0.00       0.00       0.00       0.00       0.00       0.00       0.00       0.00       0.00       0.00       0.00       0.00       0.00       0.00       0.00       0.00       0.00       0.00       0.00       0.00       0.00       0.00       0.00       0.00       0.00       0.00       0.00       0.00       0.00       0.00       0.00       0.00       0.00       0.00       0.00       0.00       0.00       0.00       0.00       0.00       0.00       0.00       0.00       0.00       0.00       0.00       0.00       0.00       0.00       0.00       0.00       0.00       0.00       0.00       0.00       0.00       0.00       0.00       0.00       0.00       0.00       0.00       0.00       0.00       0.00       0.00       0.00       0.00       0.00       0.00       0.00       0.00       0.00       0.00       0.00       0.00       0.00       0.00       0.00       0.00       0.00       0.00       0.00       0.00       0.00       0.00       0.00       0.00       0.00       0.00       0.00       0.00       0.00       0.00       0.00       0.00       0.00       0.00       0.00       0.00      12.00       0.00       1.00       2.00       0.00       0.00       0.00       1.00       0.00       0.00
17시 07분 10초    1       0.00       0.00       0.00      95.00       0.00       0.00       0.00       0.00       0.00       0.00       0.00       0.00       0.00       0.00       0.00       0.00       0.00       0.00       0.00       0.00       0.00       0.00       0.00       0.00       0.00       0.00       0.00       0.00       0.00       0.00       0.00       0.00       0.00       0.00       0.00       0.00       0.00       0.00       0.00       0.00       0.00       0.00       0.00       0.00       0.00       0.00       0.00       0.00       0.00       0.00       0.00       0.00       0.00       0.00       0.00       0.00       0.00       0.00       0.00       0.00       0.00       0.00       0.00       0.00       0.00       0.00       0.00       0.00       0.00       0.00       0.00       0.00       0.00       0.00       0.00       0.00       0.00       0.00       0.00       0.00       0.00       0.00       0.00       0.00       0.00       0.00       0.00       0.00       0.00       0.00       0.00       0.00       0.00       0.00       0.00       0.00       0.00       0.00       0.00       0.00       0.00       0.00       0.00       0.00       0.00       0.00       0.00       0.00       0.00       0.00       0.00       0.00       0.00       0.00       0.00       0.00       0.00       0.00       0.00       0.00       0.00       0.00       0.00       0.00       0.00       0.00       0.00       0.00       0.00       0.00       0.00       0.00       0.00       0.00       0.00       0.00      10.00       0.00       0.00       0.00       0.00       0.00       0.00       0.00
17시 07분 10초    2       0.00       0.00       0.00      22.00       0.00       0.00       0.00       0.00       0.00       0.00       0.00       0.00       0.00       0.00       0.00       0.00       0.00       0.00       0.00       0.00       0.00       0.00       0.00       0.00       0.00       0.00       0.00       0.00       0.00       0.00       0.00       0.00       0.00       0.00       0.00       0.00       0.00       0.00       0.00       0.00       0.00       0.00       0.00       0.00       0.00       0.00       0.00       0.00       0.00       0.00       0.00       0.00       0.00       0.00       0.00       0.00       0.00       0.00       0.00       0.00       0.00       0.00       0.00       0.00       0.00       0.00       0.00       0.00       0.00       0.00       0.00       0.00       0.00       0.00       0.00       0.00       0.00       0.00       0.00       0.00       0.00       0.00       0.00       0.00       0.00       0.00       0.00       0.00       0.00       0.00       0.00       0.00       0.00       0.00       0.00       0.00       0.00       0.00       0.00       0.00       0.00       0.00       0.00       0.00       0.00       0.00       0.00       0.00       0.00       0.00       0.00       0.00       0.00       0.00       0.00       0.00       0.00       0.00       0.00       0.00       0.00       0.00       0.00       0.00       0.00       0.00       0.00       0.00       0.00       0.00       0.00       0.00       0.00       0.00       0.00       0.00       1.00       4.00       0.00       0.00       0.00       0.00       0.00       0.00
17시 07분 10초    3       0.00       0.00       0.00      46.00       0.00       0.00       0.00       0.00       0.00       0.00       0.00       0.00       0.00       0.00       0.00       0.00       0.00       0.00       0.00       0.00       0.00       0.00       0.00       0.00       0.00       0.00       0.00       0.00       0.00       0.00       0.00       0.00       0.00       0.00       0.00       0.00       0.00       0.00       0.00       0.00       0.00       0.00       0.00       0.00       0.00       0.00       0.00       0.00       0.00       0.00       0.00       0.00       0.00       0.00       0.00       0.00       0.00       0.00       0.00       0.00       0.00       0.00       0.00       0.00       0.00       0.00       0.00       0.00       0.00       0.00       0.00       0.00       0.00       0.00       0.00       0.00       0.00       0.00       0.00       0.00       0.00       0.00       0.00       0.00       0.00       0.00       0.00       0.00       0.00       0.00       0.00       0.00       0.00       0.00       0.00       0.00       0.00       0.00       0.00       0.00       0.00       0.00       0.00       0.00       0.00       0.00       0.00       0.00       0.00       0.00       0.00       0.00       0.00       0.00       0.00       0.00       0.00       0.00       0.00       0.00       0.00       0.00       0.00       0.00       0.00       0.00       0.00       0.00       0.00       0.00       0.00       0.00       0.00       0.00       0.00       0.00      10.00       0.00       0.00       0.00       0.00       1.00       0.00       0.00
17시 07분 10초    4       0.00       0.00       0.00       8.00       0.00       0.00       0.00       0.00       0.00       0.00       0.00       0.00       0.00       0.00       0.00       0.00       0.00       0.00       0.00       0.00       0.00       0.00       0.00       0.00       0.00       0.00       0.00       0.00       0.00       0.00       0.00       0.00       0.00       0.00       0.00       0.00       0.00       0.00       0.00       0.00       0.00       0.00       0.00       0.00       0.00       0.00       0.00       0.00       0.00       0.00       0.00       0.00       0.00       0.00       0.00       0.00       0.00       0.00       0.00       0.00       0.00       0.00       0.00       0.00       0.00       0.00       0.00       0.00       0.00       0.00       0.00       0.00       0.00       0.00       0.00       0.00       0.00       0.00       0.00       0.00       0.00       0.00       0.00       0.00       0.00       0.00       0.00       0.00       0.00       0.00       0.00       0.00       0.00       0.00       0.00       0.00       0.00       0.00       0.00       0.00       0.00       0.00       0.00       0.00       0.00       0.00       0.00       0.00       0.00       0.00       0.00       0.00       0.00       0.00       0.00       0.00       0.00       0.00       0.00       0.00       0.00       0.00       0.00       0.00       0.00       0.00       0.00       0.00       0.00       0.00       0.00       0.00       0.00       0.00       0.00       0.00       1.00       0.00       0.00       0.00       0.00       0.00       0.00       0.00
17시 07분 10초    5       0.00       0.00       0.00      25.00       0.00       0.00       0.00       0.00       0.00       0.00       0.00       0.00       0.00       0.00       0.00       0.00       0.00       0.00       0.00       0.00       0.00       0.00       0.00       0.00       0.00       0.00       0.00       0.00       0.00       0.00       0.00       0.00       0.00       0.00       0.00       0.00       0.00       0.00       0.00       0.00       0.00       0.00       0.00       0.00       0.00       0.00       0.00       0.00       0.00       0.00       0.00       0.00       0.00       0.00       0.00       0.00       0.00       0.00       0.00       0.00       0.00       0.00       0.00       0.00       0.00       0.00       0.00       0.00       0.00       0.00       0.00       0.00       0.00       0.00       0.00       0.00       0.00       0.00       0.00       0.00       0.00       0.00       0.00       0.00       0.00       0.00       0.00       0.00       0.00       0.00       0.00       0.00       0.00       0.00       0.00       0.00       0.00       0.00       0.00       0.00       0.00       0.00       0.00       0.00       0.00       0.00       0.00       0.00       0.00       0.00       0.00       0.00       0.00       0.00       0.00       0.00       0.00       0.00       0.00       0.00       0.00       0.00       0.00       0.00       0.00       0.00       0.00       0.00       0.00       0.00       0.00       0.00       0.00       0.00       0.00       0.00       0.00       0.00       0.00       0.00       0.00       0.00       0.00       0.00

17시 07분 09초  CPU       HI/s    TIMER/s   NET_TX/s   NET_RX/s    BLOCK/s IRQ_POLL/s  TASKLET/s    SCHED/s  HRTIMER/s      RCU/s
17시 07분 10초    0       0.00       5.00       0.00      11.00       0.00       0.00       0.00      18.00       0.00      16.00
17시 07분 10초    1       0.00      55.00       0.00       0.00       0.00       0.00       0.00      49.00       0.00      33.00
17시 07분 10초    2       0.00      14.00       0.00       0.00       0.00       0.00       0.00      17.00       0.00      14.00
17시 07분 10초    3       0.00      20.00       0.00       0.00       0.00       0.00       0.00      22.00       0.00      22.00
17시 07분 10초    4       0.00       1.00       0.00       0.00       0.00       0.00       0.00       3.00       0.00       4.00
17시 07분 10초    5       0.00       2.00       0.00       0.00       0.00       0.00       0.00      10.00       0.00      17.00

17시 07분 10초  CPU    %usr   %nice    %sys %iowait    %irq   %soft  %steal  %guest  %gnice   %idle
17시 07분 11초  all    1.33    0.00    2.00    0.00    0.00    0.33    0.00    0.00    0.00   96.34
17시 07분 11초    0    0.00    0.00    2.00    0.00    0.00    1.00    0.00    0.00    0.00   97.00
17시 07분 11초    1    0.00    0.00    3.03    0.00    0.00    0.00    0.00    0.00    0.00   96.97
17시 07분 11초    2    7.00    0.00    0.00    0.00    0.00    0.00    0.00    0.00    0.00   93.00
17시 07분 11초    3    0.00    0.00    4.00    0.00    0.00    0.00    0.00    0.00    0.00   96.00
17시 07분 11초    4    0.00    0.00    0.00    0.00    0.00    0.00    0.00    0.00    0.00  100.00
17시 07분 11초    5    0.98    0.00    2.94    0.00    0.00    0.98    0.00    0.00    0.00   95.10

17시 07분 10초  CPU    intr/s
17시 07분 11초  all    417.00
17시 07분 11초    0     73.00
17시 07분 11초    1    109.00
17시 07분 11초    2     51.00
17시 07분 11초    3     56.00
17시 07분 11초    4     64.00
17시 07분 11초    5     41.00

17시 07분 10초  CPU        9/s       11/s       12/s       13/s       18/s       20/s       21/s       22/s       23/s       24/s       25/s       26/s       27/s       28/s       29/s       30/s       31/s       32/s       33/s       34/s       35/s       36/s       37/s       38/s       39/s       40/s       41/s       42/s       43/s       44/s       45/s       46/s       47/s       48/s       49/s       50/s       51/s       52/s       53/s       54/s       55/s       57/s       59/s       61/s       65/s       66/s       67/s       68/s       69/s       70/s       71/s       72/s       73/s       74/s       75/s       76/s       77/s       79/s       80/s       81/s       82/s       83/s       84/s       85/s       86/s       87/s       88/s       89/s       90/s       91/s       92/s       93/s       94/s       95/s       96/s       97/s       98/s      112/s      113/s      114/s      115/s      116/s      117/s      118/s      119/s      120/s      121/s      122/s      123/s      124/s      125/s      126/s      127/s      128/s      129/s      130/s      131/s      132/s      133/s      134/s      135/s      136/s      137/s      138/s      150/s      154/s      162/s      167/s      171/s      224/s      228/s      229/s      230/s      231/s      232/s      233/s      234/s      235/s      236/s      237/s      245/s      246/s      247/s      249/s      250/s      252/s      253/s      262/s      263/s      294/s      296/s      297/s      298/s      299/s      301/s      302/s     IPI0/s     IPI1/s     IPI2/s     IPI3/s     IPI4/s     IPI5/s     IPI6/s      Err/s
17시 07분 11초    0       0.00       0.00       0.00      53.00       0.00       0.00       0.00       0.00       0.00       0.00       0.00       0.00       0.00       0.00       0.00       0.00       0.00       0.00       0.00       0.00       0.00       0.00       0.00       0.00       0.00       0.00       0.00       0.00       0.00       0.00       0.00       0.00       0.00       0.00       0.00       0.00       0.00       0.00       0.00       0.00       0.00       0.00       0.00       0.00       0.00       0.00       0.00       0.00       0.00       0.00       0.00       0.00       0.00       0.00       0.00       0.00       0.00       0.00       0.00       0.00       0.00       0.00       0.00       0.00       0.00       0.00       0.00       0.00       0.00       0.00       0.00       0.00       0.00       0.00       0.00       0.00       0.00       0.00       0.00       0.00       0.00       0.00       0.00       0.00       0.00       0.00       0.00       0.00       0.00       0.00       0.00       0.00       0.00       0.00       0.00       0.00       0.00       0.00       0.00       0.00       0.00       0.00       0.00       0.00       0.00      18.00       0.00       0.00       0.00       0.00       0.00       0.00       0.00       0.00       0.00       0.00       0.00       0.00       0.00       0.00       0.00       0.00       0.00       0.00       0.00       0.00       0.00       0.00       0.00       0.00       0.00       0.00       0.00       0.00      24.00       0.00      19.00       7.00       0.00       0.00       0.00       3.00       0.00       0.00
17시 07분 11초    1       0.00       0.00       0.00      76.00       0.00       0.00       0.00       0.00       0.00       0.00       0.00       0.00       0.00       0.00       0.00       0.00       0.00       0.00       0.00       0.00       0.00       0.00       0.00       0.00       0.00       0.00       0.00       0.00       0.00       0.00       0.00       0.00       0.00       0.00       0.00       0.00       0.00       0.00       0.00       0.00       0.00       0.00       0.00       0.00       0.00       0.00       0.00       0.00       0.00       0.00       0.00       0.00       0.00       0.00       0.00       0.00       0.00       0.00       0.00       0.00       0.00       0.00       0.00       0.00       0.00       0.00       0.00       0.00       0.00       0.00       0.00       0.00       0.00       0.00       0.00       0.00       0.00       0.00       0.00       0.00       0.00       0.00       0.00       0.00       0.00       0.00       0.00       0.00       0.00       0.00       0.00       0.00       0.00       0.00       0.00       0.00       0.00       0.00       0.00       0.00       0.00       0.00       0.00       0.00       0.00       0.00       0.00       0.00       0.00       0.00       0.00       0.00       0.00       0.00       0.00       0.00       0.00       0.00       0.00       0.00       0.00       0.00       0.00       0.00       0.00       0.00       0.00       0.00       0.00       0.00       0.00       0.00       0.00       0.00       0.00       0.00      18.00       0.00       0.00       0.00       0.00       3.00       0.00       0.00
17시 07분 11초    2       0.00       0.00       0.00      34.00       0.00       0.00       0.00       0.00       0.00       0.00       0.00       0.00       0.00       0.00       0.00       0.00       0.00       0.00       0.00       0.00       0.00       0.00       0.00       0.00       0.00       0.00       0.00       0.00       0.00       0.00       0.00       0.00       0.00       0.00       0.00       0.00       0.00       0.00       0.00       0.00       0.00       0.00       0.00       0.00       0.00       0.00       0.00       0.00       0.00       0.00       0.00       0.00       0.00       0.00       0.00       0.00       0.00       0.00       0.00       0.00       0.00       0.00       0.00       0.00       0.00       0.00       0.00       0.00       0.00       0.00       0.00       0.00       0.00       0.00       0.00       0.00       0.00       0.00       0.00       0.00       0.00       0.00       0.00       0.00       0.00       0.00       0.00       0.00       0.00       0.00       0.00       0.00       0.00       0.00       0.00       0.00       0.00       0.00       0.00       0.00       0.00       0.00       0.00       0.00       0.00       0.00       0.00       0.00       0.00       0.00       0.00       0.00       0.00       0.00       0.00       0.00       0.00       0.00       0.00       0.00       0.00       0.00       0.00       0.00       0.00       0.00       0.00       0.00       0.00       0.00       0.00       0.00       0.00       0.00       0.00       0.00       8.00       6.00       0.00       0.00       0.00       9.00       0.00       0.00
17시 07분 11초    3       0.00       0.00       0.00      43.00       0.00       0.00       0.00       0.00       0.00       0.00       0.00       0.00       0.00       0.00       0.00       0.00       0.00       0.00       0.00       0.00       0.00       0.00       0.00       0.00       0.00       0.00       0.00       0.00       0.00       0.00       0.00       0.00       0.00       0.00       0.00       0.00       0.00       0.00       0.00       0.00       0.00       0.00       0.00       0.00       0.00       0.00       0.00       0.00       0.00       0.00       0.00       0.00       0.00       0.00       0.00       0.00       0.00       0.00       0.00       0.00       0.00       0.00       0.00       0.00       0.00       0.00       0.00       0.00       0.00       0.00       0.00       0.00       0.00       0.00       0.00       0.00       0.00       0.00       0.00       0.00       0.00       0.00       0.00       0.00       0.00       0.00       0.00       0.00       0.00       0.00       0.00       0.00       0.00       0.00       0.00       0.00       0.00       0.00       0.00       0.00       0.00       0.00       0.00       0.00       0.00       0.00       0.00       0.00       0.00       0.00       0.00       0.00       0.00       0.00       0.00       0.00       0.00       0.00       0.00       0.00       0.00       0.00       0.00       0.00       0.00       0.00       0.00       0.00       0.00       0.00       0.00       0.00       0.00       0.00       0.00       0.00      12.00       0.00       0.00       0.00       0.00       0.00       0.00       0.00
17시 07분 11초    4       0.00       0.00       0.00      37.00       0.00       0.00       0.00       0.00       0.00       0.00       0.00       0.00       0.00       0.00       0.00       0.00       0.00       0.00       0.00       0.00       0.00       0.00       0.00       0.00       0.00       0.00       0.00       0.00       0.00       0.00       0.00       0.00       0.00       0.00       0.00       0.00       0.00       0.00       0.00       0.00       0.00       0.00       0.00       0.00       0.00       0.00       0.00       0.00       0.00       0.00       0.00       0.00       0.00       0.00       0.00       0.00       0.00       0.00       0.00       0.00       0.00       0.00       0.00       0.00       0.00       0.00       0.00       0.00       0.00       0.00       0.00       0.00       0.00       0.00       0.00       0.00       0.00       0.00       0.00       0.00       0.00       0.00       0.00       0.00       0.00       0.00       0.00       0.00       0.00       0.00       0.00       0.00       0.00       0.00       0.00       0.00       0.00       0.00       0.00       0.00       0.00       0.00       0.00       0.00       0.00       0.00       0.00       0.00       0.00       0.00       0.00       0.00       0.00       0.00       0.00       0.00       0.00       0.00       0.00       0.00       0.00       0.00       0.00       0.00       0.00       0.00       0.00       0.00       0.00       0.00       0.00       0.00       0.00       0.00       0.00       0.00      11.00       0.00       0.00       0.00       0.00       0.00       0.00       0.00
17시 07분 11초    5       0.00       0.00       0.00      33.00       0.00       0.00       0.00       0.00       0.00       0.00       0.00       0.00       0.00       0.00       0.00       0.00       0.00       0.00       0.00       0.00       0.00       0.00       0.00       0.00       0.00       0.00       0.00       0.00       0.00       0.00       0.00       0.00       0.00       0.00       0.00       0.00       0.00       0.00       0.00       0.00       0.00       0.00       0.00       0.00       0.00       0.00       0.00       0.00       0.00       0.00       0.00       0.00       0.00       0.00       0.00       0.00       0.00       0.00       0.00       0.00       0.00       0.00       0.00       0.00       0.00       0.00       0.00       0.00       0.00       0.00       0.00       0.00       0.00       0.00       0.00       0.00       0.00       0.00       0.00       0.00       0.00       0.00       0.00       0.00       0.00       0.00       0.00       0.00       0.00       0.00       0.00       0.00       0.00       0.00       0.00       0.00       0.00       0.00       0.00       0.00       0.00       0.00       0.00       0.00       0.00       0.00       0.00       0.00       0.00       0.00       0.00       0.00       0.00       0.00       0.00       0.00       0.00       0.00       0.00       0.00       0.00       0.00       0.00       0.00       0.00       0.00       0.00       0.00       0.00       0.00       0.00       0.00       0.00       0.00       0.00       0.00       4.00       0.00       0.00       0.00       0.00       0.00       0.00       0.00

17시 07분 10초  CPU       HI/s    TIMER/s   NET_TX/s   NET_RX/s    BLOCK/s IRQ_POLL/s  TASKLET/s    SCHED/s  HRTIMER/s      RCU/s
17시 07분 11초    0       0.00       6.00       0.00      22.00       0.00       0.00       0.00      27.00       0.00      18.00
17시 07분 11초    1       0.00      37.00       0.00       0.00       0.00       0.00       0.00      40.00       0.00      32.00
17시 07분 11초    2       0.00      16.00       0.00       0.00       0.00       0.00       0.00      23.00       0.00      12.00
17시 07분 11초    3       0.00      13.00       0.00       0.00       0.00       0.00       0.00      16.00       0.00      27.00
17시 07분 11초    4       0.00      24.00       0.00       0.00       0.00       0.00       0.00      23.00       0.00      17.00
17시 07분 11초    5       0.00       5.00       0.00       0.00       0.00       0.00       0.00      14.00       0.00      22.00

17시 07분 11초  CPU    %usr   %nice    %sys %iowait    %irq   %soft  %steal  %guest  %gnice   %idle
17시 07분 12초  all    1.00    0.00    3.17    1.00    0.17    0.00    0.00    0.00    0.00   94.67
17시 07분 12초    0    2.02    0.00    0.00    0.00    0.00    0.00    0.00    0.00    0.00   97.98
17시 07분 12초    1    0.99    0.00    1.98    2.97    0.00    0.00    0.00    0.00    0.00   94.06
17시 07분 12초    2    0.00    0.00   13.00    3.00    0.00    0.00    0.00    0.00    0.00   84.00
17시 07분 12초    3    1.00    0.00    2.00    0.00    0.00    0.00    0.00    0.00    0.00   97.00
17시 07분 12초    4    1.00    0.00    0.00    0.00    0.00    0.00    0.00    0.00    0.00   99.00
17시 07분 12초    5    1.00    0.00    2.00    0.00    1.00    0.00    0.00    0.00    0.00   96.00

17시 07분 11초  CPU    intr/s
17시 07분 12초  all    712.00
17시 07분 12초    0     76.00
17시 07분 12초    1     99.00
17시 07분 12초    2     57.00
17시 07분 12초    3     42.00
17시 07분 12초    4     44.00
17시 07분 12초    5     97.00

17시 07분 11초  CPU        9/s       11/s       12/s       13/s       18/s       20/s       21/s       22/s       23/s       24/s       25/s       26/s       27/s       28/s       29/s       30/s       31/s       32/s       33/s       34/s       35/s       36/s       37/s       38/s       39/s       40/s       41/s       42/s       43/s       44/s       45/s       46/s       47/s       48/s       49/s       50/s       51/s       52/s       53/s       54/s       55/s       57/s       59/s       61/s       65/s       66/s       67/s       68/s       69/s       70/s       71/s       72/s       73/s       74/s       75/s       76/s       77/s       79/s       80/s       81/s       82/s       83/s       84/s       85/s       86/s       87/s       88/s       89/s       90/s       91/s       92/s       93/s       94/s       95/s       96/s       97/s       98/s      112/s      113/s      114/s      115/s      116/s      117/s      118/s      119/s      120/s      121/s      122/s      123/s      124/s      125/s      126/s      127/s      128/s      129/s      130/s      131/s      132/s      133/s      134/s      135/s      136/s      137/s      138/s      150/s      154/s      162/s      167/s      171/s      224/s      228/s      229/s      230/s      231/s      232/s      233/s      234/s      235/s      236/s      237/s      245/s      246/s      247/s      249/s      250/s      252/s      253/s      262/s      263/s      294/s      296/s      297/s      298/s      299/s      301/s      302/s     IPI0/s     IPI1/s     IPI2/s     IPI3/s     IPI4/s     IPI5/s     IPI6/s      Err/s
17시 07분 12초    0       0.00       0.00       0.00      70.00       0.00       0.00       0.00       0.00       0.00       0.00       0.00       0.00       0.00       0.00       0.00       0.00       0.00       0.00       0.00       0.00       0.00       0.00       0.00       0.00       0.00       0.00       0.00       0.00       0.00       0.00       0.00       0.00       0.00       0.00       0.00       0.00       0.00       0.00       0.00       0.00       0.00       0.00       0.00       0.00       0.00       0.00     134.00       0.00       0.00       0.00       0.00       0.00       0.00       0.00       0.00       0.00       0.00       0.00       0.00       0.00       0.00       0.00       0.00       0.00       0.00       0.00       0.00       0.00       0.00       0.00       0.00       0.00       0.00       0.00       0.00       0.00       0.00       0.00       0.00       0.00       0.00       0.00       0.00       0.00       0.00       0.00       0.00       0.00       0.00       0.00       0.00       0.00       0.00       0.00       0.00       0.00       0.00       0.00       0.00       0.00       0.00       0.00       0.00       0.00       0.00      39.00       0.00       0.00       0.00       0.00       0.00       0.00       0.00       0.00       0.00       0.00       0.00       0.00       0.00       0.00       0.00       0.00       0.00       0.00       0.00       0.00       0.00       0.00       0.00       0.00       0.00       0.00       0.00       0.00      12.00       0.00      13.00       7.00       0.00       0.00       0.00       1.00       0.00       0.00
17시 07분 12초    1       0.00       0.00       0.00      76.00       0.00       0.00       0.00       0.00       0.00       0.00       0.00       0.00       0.00       0.00       0.00       0.00       0.00       0.00       0.00       0.00       0.00       0.00       0.00       0.00       0.00       0.00       0.00       0.00       0.00       0.00       0.00       0.00       0.00       0.00       0.00       0.00       0.00       0.00       0.00       0.00       0.00       0.00       0.00       0.00       0.00       0.00       0.00       0.00       0.00       0.00       0.00       0.00       0.00       0.00       0.00       0.00       0.00       0.00       0.00       0.00       0.00       0.00       0.00       0.00       0.00       0.00       0.00       0.00       0.00       0.00       0.00       0.00       0.00       0.00       0.00       0.00       0.00       0.00       0.00       0.00       0.00       0.00       0.00       0.00       0.00       0.00       0.00       0.00       0.00       0.00       0.00       0.00       0.00       0.00       0.00       0.00       0.00       0.00       0.00       0.00       0.00       0.00       0.00       0.00       0.00       0.00       0.00       0.00       0.00       0.00       0.00       0.00       0.00       0.00       0.00       0.00       0.00       0.00       0.00       0.00       0.00       0.00       0.00       0.00       0.00       0.00       0.00       0.00       0.00       0.00       0.00       0.00       0.00       0.00       0.00       0.00      11.00       1.00       0.00       0.00       0.00       1.00       0.00       0.00
17시 07분 12초    2       0.00       0.00       0.00      43.00       0.00       0.00       0.00       0.00       0.00       0.00       0.00       0.00       0.00       0.00       0.00       0.00       0.00       0.00       0.00       0.00       0.00       0.00       0.00       0.00       0.00       0.00       0.00       0.00       0.00       0.00       0.00       0.00       0.00       0.00       0.00       0.00       0.00       0.00       0.00       0.00       0.00       0.00       0.00       0.00       0.00       0.00       0.00       0.00       0.00       0.00       0.00       0.00       0.00       0.00       0.00       0.00       0.00       0.00       0.00       0.00       0.00       0.00       0.00       0.00       0.00       0.00       0.00       0.00       0.00       0.00       0.00       0.00       0.00       0.00       0.00       0.00       0.00       0.00       0.00       0.00       0.00       0.00       0.00       0.00       0.00       0.00       0.00       0.00       0.00       0.00       0.00       0.00       0.00       0.00       0.00       0.00       0.00       0.00       0.00       0.00       0.00       0.00       0.00       0.00       0.00       0.00       0.00       0.00       0.00       0.00       0.00       0.00       0.00       0.00       0.00       0.00       0.00       0.00       0.00       0.00       0.00       0.00       0.00       0.00       0.00       0.00       0.00       0.00       0.00       0.00       0.00       0.00       0.00       0.00       0.00       0.00     146.00       2.00       0.00       0.00       0.00      10.00       0.00       0.00
17시 07분 12초    3       0.00       0.00       0.00      41.00       0.00       0.00       0.00       0.00       0.00       0.00       0.00       0.00       0.00       0.00       0.00       0.00       0.00       0.00       0.00       0.00       0.00       0.00       0.00       0.00       0.00       0.00       0.00       0.00       0.00       0.00       0.00       0.00       0.00       0.00       0.00       0.00       0.00       0.00       0.00       0.00       0.00       0.00       0.00       0.00       0.00       0.00       0.00       0.00       0.00       0.00       0.00       0.00       0.00       0.00       0.00       0.00       0.00       0.00       0.00       0.00       0.00       0.00       0.00       0.00       0.00       0.00       0.00       0.00       0.00       0.00       0.00       0.00       0.00       0.00       0.00       0.00       0.00       0.00       0.00       0.00       0.00       0.00       0.00       0.00       0.00       0.00       0.00       0.00       0.00       0.00       0.00       0.00       0.00       0.00       0.00       0.00       0.00       0.00       0.00       0.00       0.00       0.00       0.00       0.00       0.00       0.00       0.00       0.00       0.00       0.00       0.00       0.00       0.00       0.00       0.00       0.00       0.00       0.00       0.00       0.00       0.00       0.00       0.00       0.00       0.00       0.00       0.00       0.00       0.00       0.00       0.00       0.00       0.00       0.00       0.00       0.00       2.00       0.00       0.00       0.00       0.00       1.00       0.00       0.00
17시 07분 12초    4       0.00       0.00       0.00      30.00       0.00       0.00       0.00       0.00       0.00       0.00       0.00       0.00       0.00       0.00       0.00       0.00       0.00       0.00       0.00       0.00       0.00       0.00       0.00       0.00       0.00       0.00       0.00       0.00       0.00       0.00       0.00       0.00       0.00       0.00       0.00       0.00       0.00       0.00       0.00       0.00       0.00       0.00       0.00       0.00       0.00       0.00       0.00       0.00       0.00       0.00       0.00       0.00       0.00       0.00       0.00       0.00       0.00       0.00       0.00       0.00       0.00       0.00       0.00       0.00       0.00       0.00       0.00       0.00       0.00       0.00       0.00       0.00       0.00       0.00       0.00       0.00       0.00       0.00       0.00       0.00       0.00       0.00       0.00       0.00       0.00       0.00       0.00       0.00       0.00       0.00       0.00       0.00       0.00       0.00       0.00       0.00       0.00       0.00       0.00       0.00       0.00       0.00       0.00       0.00       0.00       0.00       0.00       0.00       0.00       0.00       0.00       0.00       0.00       0.00       0.00       0.00       0.00       0.00       0.00       0.00       0.00       0.00       0.00       0.00       0.00       0.00       0.00       0.00       0.00       0.00       0.00       0.00       0.00       0.00       0.00       0.00       5.00       0.00       0.00       0.00       0.00       0.00       0.00       0.00
17시 07분 12초    5       0.00       0.00       0.00      63.00       0.00       0.00       0.00       0.00       0.00       0.00       0.00       0.00       0.00       0.00       0.00       0.00       0.00       0.00       0.00       0.00       0.00       0.00       0.00       0.00       0.00       0.00       0.00       0.00       0.00       0.00       0.00       0.00       0.00       0.00       0.00       0.00       0.00       0.00       0.00       0.00       0.00       0.00       0.00       0.00       0.00       0.00       0.00       0.00       0.00       0.00       0.00       0.00       0.00       0.00       0.00       0.00       0.00       0.00       0.00       0.00       0.00       0.00       0.00       0.00       0.00       0.00       0.00       0.00       0.00       0.00       0.00       0.00       0.00       0.00       0.00       0.00       0.00       0.00       0.00       0.00       0.00       0.00       0.00       0.00       0.00       0.00       0.00       0.00       0.00       0.00       0.00       0.00       0.00       0.00       0.00       0.00       0.00       0.00       0.00       0.00       0.00       0.00       0.00       0.00       0.00       0.00       0.00       0.00       0.00       0.00       0.00       0.00       0.00       0.00       0.00       0.00       0.00       0.00       0.00       0.00       0.00       0.00       0.00       0.00       0.00       0.00       0.00       0.00       0.00       0.00       0.00       0.00       0.00       0.00       0.00       0.00       4.00       0.00       0.00       0.00       0.00       0.00       0.00       0.00

17시 07분 11초  CPU       HI/s    TIMER/s   NET_TX/s   NET_RX/s    BLOCK/s IRQ_POLL/s  TASKLET/s    SCHED/s  HRTIMER/s      RCU/s
17시 07분 12초    0       0.00       8.00       0.00      11.00       2.00       0.00       0.00      33.00       0.00      22.00
17시 07분 12초    1       0.00      34.00       0.00       0.00       0.00       0.00       0.00      38.00       0.00      27.00
17시 07분 12초    2       0.00       6.00       0.00       0.00       0.00       0.00       0.00      40.00       0.00      11.00
17시 07분 12초    3       0.00       4.00       0.00       0.00       0.00       0.00       0.00      15.00       0.00      23.00
17시 07분 12초    4       0.00      16.00       0.00       0.00       0.00       0.00       0.00      14.00       0.00      14.00
17시 07분 12초    5       0.00      34.00       0.00       0.00       0.00       0.00       0.00      37.00       0.00      26.00

17시 07분 12초  CPU    %usr   %nice    %sys %iowait    %irq   %soft  %steal  %guest  %gnice   %idle
17시 07분 13초  all    0.50    0.00    1.50    0.00    0.17    0.00    0.00    0.00    0.00   97.83
17시 07분 13초    0    0.00    0.00    2.02    0.00    0.00    0.00    0.00    0.00    0.00   97.98
17시 07분 13초    1    0.00    0.00    3.00    0.00    1.00    0.00    0.00    0.00    0.00   96.00
17시 07분 13초    2    0.00    0.00    0.00    0.00    0.00    0.00    0.00    0.00    0.00  100.00
17시 07분 13초    3    1.00    0.00    2.00    0.00    0.00    0.00    0.00    0.00    0.00   97.00
17시 07분 13초    4    0.00    0.00    0.00    0.00    0.00    0.00    0.00    0.00    0.00  100.00
17시 07분 13초    5    2.00    0.00    2.00    0.00    0.00    0.00    0.00    0.00    0.00   96.00

17시 07분 12초  CPU    intr/s
17시 07분 13초  all    354.00
17시 07분 13초    0     83.00
17시 07분 13초    1     98.00
17시 07분 13초    2      9.00
17시 07분 13초    3     59.00
17시 07분 13초    4     92.00
17시 07분 13초    5     58.00

17시 07분 12초  CPU        9/s       11/s       12/s       13/s       18/s       20/s       21/s       22/s       23/s       24/s       25/s       26/s       27/s       28/s       29/s       30/s       31/s       32/s       33/s       34/s       35/s       36/s       37/s       38/s       39/s       40/s       41/s       42/s       43/s       44/s       45/s       46/s       47/s       48/s       49/s       50/s       51/s       52/s       53/s       54/s       55/s       57/s       59/s       61/s       65/s       66/s       67/s       68/s       69/s       70/s       71/s       72/s       73/s       74/s       75/s       76/s       77/s       79/s       80/s       81/s       82/s       83/s       84/s       85/s       86/s       87/s       88/s       89/s       90/s       91/s       92/s       93/s       94/s       95/s       96/s       97/s       98/s      112/s      113/s      114/s      115/s      116/s      117/s      118/s      119/s      120/s      121/s      122/s      123/s      124/s      125/s      126/s      127/s      128/s      129/s      130/s      131/s      132/s      133/s      134/s      135/s      136/s      137/s      138/s      150/s      154/s      162/s      167/s      171/s      224/s      228/s      229/s      230/s      231/s      232/s      233/s      234/s      235/s      236/s      237/s      245/s      246/s      247/s      249/s      250/s      252/s      253/s      262/s      263/s      294/s      296/s      297/s      298/s      299/s      301/s      302/s     IPI0/s     IPI1/s     IPI2/s     IPI3/s     IPI4/s     IPI5/s     IPI6/s      Err/s
17시 07분 13초    0       0.00       0.00       0.00      55.00       0.00       0.00       0.00       0.00       0.00       0.00       0.00       0.00       0.00       0.00       0.00       0.00       0.00       0.00       0.00       0.00       0.00       0.00       0.00       0.00       0.00       0.00       0.00       0.00       0.00       0.00       0.00       0.00       0.00       0.00       0.00       0.00       0.00       0.00       0.00       0.00       0.00       0.00       0.00       0.00       0.00       0.00       0.00       0.00       0.00       0.00       0.00       0.00       0.00       0.00       0.00       0.00       0.00       0.00       0.00       0.00       0.00       0.00       0.00       0.00       0.00       0.00       0.00       0.00       0.00       0.00       0.00       0.00       0.00       0.00       0.00       0.00       0.00       0.00       0.00       0.00       0.00       0.00       0.00       0.00       0.00       0.00       0.00       0.00       0.00       0.00       0.00       0.00       0.00       0.00       0.00       0.00       0.00       0.00       0.00       0.00       0.00       0.00       0.00       0.00       0.00       5.00       0.00       0.00       0.00       0.00       0.00       0.00       0.00       0.00       0.00       0.00       0.00       0.00       0.00       0.00       0.00       0.00       0.00       0.00       0.00       0.00       0.00       0.00       0.00       0.00       0.00       0.00       0.00       0.00      24.00       0.00       5.00       4.00       0.00       0.00       0.00       0.00       0.00       0.00
17시 07분 13초    1       0.00       0.00       0.00      67.00       0.00       0.00       0.00       0.00       0.00       0.00       0.00       0.00       0.00       0.00       0.00       0.00       0.00       0.00       0.00       0.00       0.00       0.00       0.00       0.00       0.00       0.00       0.00       0.00       0.00       0.00       0.00       0.00       0.00       0.00       0.00       0.00       0.00       0.00       0.00       0.00       0.00       0.00       0.00       0.00       0.00       0.00       0.00       0.00       0.00       0.00       0.00       0.00       0.00       0.00       0.00       0.00       0.00       0.00       0.00       0.00       0.00       0.00       0.00       0.00       0.00       0.00       0.00       0.00       0.00       0.00       0.00       0.00       0.00       0.00       0.00       0.00       0.00       0.00       0.00       0.00       0.00       0.00       0.00       0.00       0.00       0.00       0.00       0.00       0.00       0.00       0.00       0.00       0.00       0.00       0.00       0.00       0.00       0.00       0.00       0.00       0.00       0.00       0.00       0.00       0.00       0.00       0.00       0.00       0.00       0.00       0.00       0.00       0.00       0.00       0.00       0.00       0.00       0.00       0.00       0.00       0.00       0.00       0.00       0.00       0.00       0.00       0.00       0.00       0.00       0.00       0.00       0.00       0.00       0.00       0.00       0.00      13.00       0.00       0.00       0.00       0.00       0.00       0.00       0.00
17시 07분 13초    2       0.00       0.00       0.00       9.00       0.00       0.00       0.00       0.00       0.00       0.00       0.00       0.00       0.00       0.00       0.00       0.00       0.00       0.00       0.00       0.00       0.00       0.00       0.00       0.00       0.00       0.00       0.00       0.00       0.00       0.00       0.00       0.00       0.00       0.00       0.00       0.00       0.00       0.00       0.00       0.00       0.00       0.00       0.00       0.00       0.00       0.00       0.00       0.00       0.00       0.00       0.00       0.00       0.00       0.00       0.00       0.00       0.00       0.00       0.00       0.00       0.00       0.00       0.00       0.00       0.00       0.00       0.00       0.00       0.00       0.00       0.00       0.00       0.00       0.00       0.00       0.00       0.00       0.00       0.00       0.00       0.00       0.00       0.00       0.00       0.00       0.00       0.00       0.00       0.00       0.00       0.00       0.00       0.00       0.00       0.00       0.00       0.00       0.00       0.00       0.00       0.00       0.00       0.00       0.00       0.00       0.00       0.00       0.00       0.00       0.00       0.00       0.00       0.00       0.00       0.00       0.00       0.00       0.00       0.00       0.00       0.00       0.00       0.00       0.00       0.00       0.00       0.00       0.00       0.00       0.00       0.00       0.00       0.00       0.00       0.00       0.00       1.00       3.00       0.00       0.00       0.00       0.00       0.00       0.00
17시 07분 13초    3       0.00       0.00       0.00      47.00       0.00       0.00       0.00       0.00       0.00       0.00       0.00       0.00       0.00       0.00       0.00       0.00       0.00       0.00       0.00       0.00       0.00       0.00       0.00       0.00       0.00       0.00       0.00       0.00       0.00       0.00       0.00       0.00       0.00       0.00       0.00       0.00       0.00       0.00       0.00       0.00       0.00       0.00       0.00       0.00       0.00       0.00       0.00       0.00       0.00       0.00       0.00       0.00       0.00       0.00       0.00       0.00       0.00       0.00       0.00       0.00       0.00       0.00       0.00       0.00       0.00       0.00       0.00       0.00       0.00       0.00       0.00       0.00       0.00       0.00       0.00       0.00       0.00       0.00       0.00       0.00       0.00       0.00       0.00       0.00       0.00       0.00       0.00       0.00       0.00       0.00       0.00       0.00       0.00       0.00       0.00       0.00       0.00       0.00       0.00       0.00       0.00       0.00       0.00       0.00       0.00       0.00       0.00       0.00       0.00       0.00       0.00       0.00       0.00       0.00       0.00       0.00       0.00       0.00       0.00       0.00       0.00       0.00       0.00       0.00       0.00       0.00       0.00       0.00       0.00       0.00       0.00       0.00       0.00       0.00       0.00       0.00       1.00       0.00       0.00       0.00       0.00       0.00       0.00       0.00
17시 07분 13초    4       0.00       0.00       0.00      66.00       0.00       0.00       0.00       0.00       0.00       0.00       0.00       0.00       0.00       0.00       0.00       0.00       0.00       0.00       0.00       0.00       0.00       0.00       0.00       0.00       0.00       0.00       0.00       0.00       0.00       0.00       0.00       0.00       0.00       0.00       0.00       0.00       0.00       0.00       0.00       0.00       0.00       0.00       0.00       0.00       0.00       0.00       0.00       0.00       0.00       0.00       0.00       0.00       0.00       0.00       0.00       0.00       0.00       0.00       0.00       0.00       0.00       0.00       0.00       0.00       0.00       0.00       0.00       0.00       0.00       0.00       0.00       0.00       0.00       0.00       0.00       0.00       0.00       0.00       0.00       0.00       0.00       0.00       0.00       0.00       0.00       0.00       0.00       0.00       0.00       0.00       0.00       0.00       0.00       0.00       0.00       0.00       0.00       0.00       0.00       0.00       0.00       0.00       0.00       0.00       0.00       0.00       0.00       0.00       0.00       0.00       0.00       0.00       0.00       0.00       0.00       0.00       0.00       0.00       0.00       0.00       0.00       0.00       0.00       0.00       0.00       0.00       0.00       0.00       0.00       0.00       0.00       0.00       0.00       0.00       0.00       0.00      12.00       0.00       0.00       0.00       0.00       0.00       0.00       0.00
17시 07분 13초    5       0.00       0.00       0.00      41.00       0.00       0.00       0.00       0.00       0.00       0.00       0.00       0.00       0.00       0.00       0.00       0.00       0.00       0.00       0.00       0.00       0.00       0.00       0.00       0.00       0.00       0.00       0.00       0.00       0.00       0.00       0.00       0.00       0.00       0.00       0.00       0.00       0.00       0.00       0.00       0.00       0.00       0.00       0.00       0.00       0.00       0.00       0.00       0.00       0.00       0.00       0.00       0.00       0.00       0.00       0.00       0.00       0.00       0.00       0.00       0.00       0.00       0.00       0.00       0.00       0.00       0.00       0.00       0.00       0.00       0.00       0.00       0.00       0.00       0.00       0.00       0.00       0.00       0.00       0.00       0.00       0.00       0.00       0.00       0.00       0.00       0.00       0.00       0.00       0.00       0.00       0.00       0.00       0.00       0.00       0.00       0.00       0.00       0.00       0.00       0.00       0.00       0.00       0.00       0.00       0.00       0.00       0.00       0.00       0.00       0.00       0.00       0.00       0.00       0.00       0.00       0.00       0.00       0.00       0.00       0.00       0.00       0.00       0.00       0.00       0.00       0.00       0.00       0.00       0.00       0.00       0.00       0.00       0.00       0.00       0.00       0.00       4.00       0.00       0.00       0.00       0.00       0.00       0.00       0.00

17시 07분 12초  CPU       HI/s    TIMER/s   NET_TX/s   NET_RX/s    BLOCK/s IRQ_POLL/s  TASKLET/s    SCHED/s  HRTIMER/s      RCU/s
17시 07분 13초    0       0.00       9.00       1.00      22.00       0.00       0.00       0.00      26.00       0.00      25.00
17시 07분 13초    1       0.00      31.00       0.00       0.00       0.00       0.00       0.00      32.00       0.00      35.00
17시 07분 13초    2       0.00       0.00       0.00       0.00       0.00       0.00       0.00       5.00       0.00       4.00
17시 07분 13초    3       0.00      10.00       0.00       0.00       0.00       0.00       0.00      22.00       0.00      27.00
17시 07분 13초    4       0.00      34.00       0.00       0.00       0.00       0.00       0.00      32.00       0.00      26.00
17시 07분 13초    5       0.00      16.00       0.00       0.00       0.00       0.00       0.00      20.00       0.00      22.00

17시 07분 13초  CPU    %usr   %nice    %sys %iowait    %irq   %soft  %steal  %guest  %gnice   %idle
17시 07분 14초  all    0.83    0.00    2.50    0.00    0.17    0.17    0.00    0.00    0.00   96.34
17시 07분 14초    0    1.98    0.00    0.99    0.00    0.99    0.00    0.00    0.00    0.00   96.04
17시 07분 14초    1    1.00    0.00    2.00    0.00    0.00    0.00    0.00    0.00    0.00   97.00
17시 07분 14초    2    0.00    0.00    0.00    0.00    0.00    0.00    0.00    0.00    0.00  100.00
17시 07분 14초    3    1.98    0.00    2.97    0.00    0.00    0.99    0.00    0.00    0.00   94.06
17시 07분 14초    4    0.00    0.00    1.00    0.00    0.00    0.00    0.00    0.00    0.00   99.00
17시 07분 14초    5    0.00    0.00    8.08    0.00    0.00    0.00    0.00    0.00    0.00   91.92

17시 07분 13초  CPU    intr/s
17시 07분 14초  all    811.00
17시 07분 14초    0    142.00
17시 07분 14초    1     75.00
17시 07분 14초    2     27.00
17시 07분 14초    3     55.00
17시 07분 14초    4     80.00
17시 07분 14초    5    341.00

17시 07분 13초  CPU        9/s       11/s       12/s       13/s       18/s       20/s       21/s       22/s       23/s       24/s       25/s       26/s       27/s       28/s       29/s       30/s       31/s       32/s       33/s       34/s       35/s       36/s       37/s       38/s       39/s       40/s       41/s       42/s       43/s       44/s       45/s       46/s       47/s       48/s       49/s       50/s       51/s       52/s       53/s       54/s       55/s       57/s       59/s       61/s       65/s       66/s       67/s       68/s       69/s       70/s       71/s       72/s       73/s       74/s       75/s       76/s       77/s       79/s       80/s       81/s       82/s       83/s       84/s       85/s       86/s       87/s       88/s       89/s       90/s       91/s       92/s       93/s       94/s       95/s       96/s       97/s       98/s      112/s      113/s      114/s      115/s      116/s      117/s      118/s      119/s      120/s      121/s      122/s      123/s      124/s      125/s      126/s      127/s      128/s      129/s      130/s      131/s      132/s      133/s      134/s      135/s      136/s      137/s      138/s      150/s      154/s      162/s      167/s      171/s      224/s      228/s      229/s      230/s      231/s      232/s      233/s      234/s      235/s      236/s      237/s      245/s      246/s      247/s      249/s      250/s      252/s      253/s      262/s      263/s      294/s      296/s      297/s      298/s      299/s      301/s      302/s     IPI0/s     IPI1/s     IPI2/s     IPI3/s     IPI4/s     IPI5/s     IPI6/s      Err/s
17시 07분 14초    0       0.00       0.00       0.00      75.00       0.00       0.00       0.00       0.00       0.00       0.00       0.00       0.00       0.00       0.00       0.00       0.00       0.00       0.00       0.00       0.00       0.00       0.00       0.00       0.00       0.00       0.00       0.00       0.00       0.00       0.00       0.00       0.00       0.00       0.00       0.00       0.00       0.00       0.00       0.00       0.00       0.00       0.00       0.00       0.00       0.00       0.00       0.00       0.00       0.00       0.00       0.00       0.00       0.00       0.00       0.00       0.00       0.00       0.00       0.00       0.00       0.00       0.00       0.00       0.00       0.00       0.00       0.00       0.00       0.00       0.00       0.00       0.00       0.00       0.00       0.00       0.00       0.00      84.00       0.00       0.00       0.00       0.00       0.00       0.00       0.00       0.00       0.00       0.00       0.00       0.00       0.00       0.00       0.00       0.00       0.00       0.00       0.00       0.00       0.00       0.00       0.00       0.00       0.00       0.00       0.00      15.00       0.00       0.00       0.00       0.00       0.00       0.00       0.00       0.00       0.00       0.00       0.00       0.00       0.00       0.00       0.00       0.00       0.00       0.00       0.00       0.00       0.00       0.00       0.00       0.00       0.00       0.00       0.00       0.00      12.00      38.00       8.00       8.00       0.00       0.00       0.00       2.00       0.00       0.00
17시 07분 14초    1       0.00       0.00       0.00      58.00       0.00       0.00       0.00       0.00       0.00       0.00       0.00       0.00       0.00       0.00       0.00       0.00       0.00       0.00       0.00       0.00       0.00       0.00       0.00       0.00       0.00       0.00       0.00       0.00       0.00       0.00       0.00       0.00       0.00       0.00       0.00       0.00       0.00       0.00       0.00       0.00       0.00       0.00       0.00       0.00       0.00       0.00       0.00       0.00       0.00       0.00       0.00       0.00       0.00       0.00       0.00       0.00       0.00       0.00       0.00       0.00       0.00       0.00       0.00       0.00       0.00       0.00       0.00       0.00       0.00       0.00       0.00       0.00       0.00       0.00       0.00       0.00       0.00       0.00       0.00       0.00       0.00       0.00       0.00       0.00       0.00       0.00       0.00       0.00       0.00       0.00       0.00       0.00       0.00       0.00       0.00       0.00       0.00       0.00       0.00       0.00       0.00       0.00       0.00       0.00       0.00       0.00       0.00       0.00       0.00       0.00       0.00       0.00       0.00       0.00       0.00       0.00       0.00       0.00       0.00       0.00       0.00       0.00       0.00       0.00       0.00       0.00       0.00       0.00       0.00       0.00       0.00       0.00       0.00       0.00       0.00       0.00       2.00       4.00       0.00       0.00       0.00       2.00       0.00       0.00
17시 07분 14초    2       0.00       0.00       0.00      12.00       0.00       0.00       0.00       0.00       0.00       0.00       0.00       0.00       0.00       0.00       0.00       0.00       0.00       0.00       0.00       0.00       0.00       0.00       0.00       0.00       0.00       0.00       0.00       0.00       0.00       0.00       0.00       0.00       0.00       0.00       0.00       0.00       0.00       0.00       0.00       0.00       0.00       0.00       0.00       0.00       0.00       0.00       0.00       0.00       0.00       0.00       0.00       0.00       0.00       0.00       0.00       0.00       0.00       0.00       0.00       0.00       0.00       0.00       0.00       0.00       0.00       0.00       0.00       0.00       0.00       0.00       0.00       0.00       0.00       0.00       0.00       0.00       0.00       0.00       0.00       0.00       0.00       0.00       0.00       0.00       0.00       0.00       0.00       0.00       0.00       0.00       0.00       0.00       0.00       0.00       0.00       0.00       0.00       0.00       0.00       0.00       0.00       0.00       0.00       0.00       0.00       0.00       0.00       0.00       0.00       0.00       0.00       0.00       0.00       0.00       0.00       0.00       0.00       0.00       0.00       0.00       0.00       0.00       0.00       0.00       0.00       0.00       0.00       0.00       0.00       0.00       0.00       0.00       0.00       0.00       0.00       0.00       1.00       2.00       0.00       0.00       0.00       0.00       0.00       0.00
17시 07분 14초    3       0.00       0.00       0.00      53.00       0.00       0.00       0.00       0.00       0.00       0.00       0.00       0.00       0.00       0.00       0.00       0.00       0.00       0.00       0.00       0.00       0.00       0.00       0.00       0.00       0.00       0.00       0.00       0.00       0.00       0.00       0.00       0.00       0.00       0.00       0.00       0.00       0.00       0.00       0.00       0.00       0.00       0.00       0.00       0.00       0.00       0.00       0.00       0.00       0.00       0.00       0.00       0.00       0.00       0.00       0.00       0.00       0.00       0.00       0.00       0.00       0.00       0.00       0.00       0.00       0.00       0.00       0.00       0.00       0.00       0.00       0.00       0.00       0.00       0.00       0.00       0.00       0.00       0.00       0.00       0.00       0.00       0.00       0.00       0.00       0.00       0.00       0.00       0.00       0.00       0.00       0.00       0.00       0.00       0.00       0.00       0.00       0.00       0.00       0.00       0.00       0.00       0.00       0.00       0.00       0.00       0.00       0.00       0.00       0.00       0.00       0.00       0.00       0.00       0.00       0.00       0.00       0.00       0.00       0.00       0.00       0.00       0.00       0.00       0.00       0.00       0.00       0.00       0.00       0.00       0.00       0.00       0.00       0.00       0.00       0.00       0.00      25.00       0.00       0.00       0.00       0.00       1.00       0.00       0.00
17시 07분 14초    4       0.00       0.00       0.00      53.00       0.00       0.00       0.00       0.00       0.00       0.00       0.00       0.00       0.00       0.00       0.00       0.00       0.00       0.00       0.00       0.00       0.00       0.00       0.00       0.00       0.00       0.00       0.00       0.00       0.00       0.00       0.00       0.00       0.00       0.00       0.00       0.00       0.00       0.00       0.00       0.00       0.00       0.00       0.00       0.00       0.00       0.00       0.00       0.00       0.00       0.00       0.00       0.00       0.00       0.00       0.00       0.00       0.00       0.00       0.00       0.00       0.00       0.00       0.00       0.00       0.00       0.00       0.00       0.00       0.00       0.00       0.00       0.00       0.00       0.00       0.00       0.00       0.00       0.00       0.00       0.00       0.00       0.00       0.00       0.00       0.00       0.00       0.00       0.00       0.00       0.00       0.00       0.00       0.00       0.00       0.00       0.00       0.00       0.00       0.00       0.00       0.00       0.00       0.00       0.00       0.00       0.00       0.00       0.00       0.00       0.00       0.00       0.00       0.00       0.00       0.00       0.00       0.00       0.00       0.00       0.00       0.00       0.00       0.00       0.00       0.00       0.00       0.00       0.00       0.00       0.00       0.00       0.00       0.00       0.00       0.00       0.00      26.00       1.00       0.00       0.00       0.00       0.00       0.00       0.00
17시 07분 14초    5       0.00       0.00       0.00     254.00       0.00       0.00       0.00       0.00       0.00       0.00       0.00       0.00       0.00       0.00       0.00       0.00       0.00       0.00       0.00       0.00       0.00       0.00       0.00       0.00       0.00       0.00       0.00       0.00       0.00       0.00       0.00       0.00       0.00       0.00       0.00       0.00       0.00       0.00       0.00       0.00       0.00       0.00       0.00       0.00       0.00       0.00       0.00       0.00       0.00       0.00       0.00       0.00       0.00       0.00       0.00       0.00       0.00       0.00       0.00       0.00       0.00       0.00       0.00       0.00       0.00       0.00       0.00       0.00       0.00       0.00       0.00       0.00       0.00       0.00       0.00       0.00       0.00       0.00       0.00       0.00       0.00       0.00       0.00       0.00       0.00       0.00       0.00       0.00       0.00       0.00       0.00       0.00       0.00       0.00       0.00       0.00       0.00       0.00       0.00       0.00       0.00       0.00       0.00       0.00       0.00       0.00       0.00       0.00       0.00       0.00       0.00       0.00       0.00       0.00       0.00       0.00       0.00       0.00       0.00       0.00       0.00       0.00       0.00       0.00       0.00       0.00       0.00       0.00       0.00       0.00       0.00       0.00       0.00       0.00       0.00       0.00      74.00       0.00       0.00       0.00       0.00       0.00       0.00       0.00

17시 07분 13초  CPU       HI/s    TIMER/s   NET_TX/s   NET_RX/s    BLOCK/s IRQ_POLL/s  TASKLET/s    SCHED/s  HRTIMER/s      RCU/s
17시 07분 14초    0      35.00      23.00       0.00      11.00       0.00       0.00       0.00      41.00       0.00      32.00
17시 07분 14초    1       0.00      18.00       0.00       0.00       0.00       0.00       0.00      28.00       0.00      29.00
17시 07분 14초    2       0.00       8.00       0.00       0.00       0.00       0.00       0.00      11.00       0.00       8.00
17시 07분 14초    3       0.00       7.00       0.00       0.00       0.00       0.00       0.00      20.00       0.00      28.00
17시 07분 14초    4       0.00      32.00       0.00       0.00       0.00       0.00       0.00      26.00       0.00      22.00
17시 07분 14초    5       0.00     223.00       0.00       0.00       0.00       0.00       0.00      79.00       0.00      39.00

17시 07분 14초  CPU    %usr   %nice    %sys %iowait    %irq   %soft  %steal  %guest  %gnice   %idle
17시 07분 15초  all    0.67    0.00    1.34    0.00    0.00    0.17    0.00    0.00    0.00   97.83
17시 07분 15초    0    1.00    0.00    2.00    0.00    0.00    1.00    0.00    0.00    0.00   96.00
17시 07분 15초    1    0.00    0.00    3.03    0.00    0.00    0.00    0.00    0.00    0.00   96.97
17시 07분 15초    2    0.00    0.00    0.00    0.00    0.00    0.00    0.00    0.00    0.00  100.00
17시 07분 15초    3    1.00    0.00    2.00    0.00    0.00    0.00    0.00    0.00    0.00   97.00
17시 07분 15초    4    0.00    0.00    0.00    0.00    0.00    0.00    0.00    0.00    0.00  100.00
17시 07분 15초    5    2.00    0.00    1.00    0.00    0.00    0.00    0.00    0.00    0.00   97.00

17시 07분 14초  CPU    intr/s
17시 07분 15초  all    640.00
17시 07분 15초    0    171.00
17시 07분 15초    1     80.00
17시 07분 15초    2     42.00
17시 07분 15초    3     47.00
17시 07분 15초    4     41.00
17시 07분 15초    5    376.00

17시 07분 14초  CPU        9/s       11/s       12/s       13/s       18/s       20/s       21/s       22/s       23/s       24/s       25/s       26/s       27/s       28/s       29/s       30/s       31/s       32/s       33/s       34/s       35/s       36/s       37/s       38/s       39/s       40/s       41/s       42/s       43/s       44/s       45/s       46/s       47/s       48/s       49/s       50/s       51/s       52/s       53/s       54/s       55/s       57/s       59/s       61/s       65/s       66/s       67/s       68/s       69/s       70/s       71/s       72/s       73/s       74/s       75/s       76/s       77/s       79/s       80/s       81/s       82/s       83/s       84/s       85/s       86/s       87/s       88/s       89/s       90/s       91/s       92/s       93/s       94/s       95/s       96/s       97/s       98/s      112/s      113/s      114/s      115/s      116/s      117/s      118/s      119/s      120/s      121/s      122/s      123/s      124/s      125/s      126/s      127/s      128/s      129/s      130/s      131/s      132/s      133/s      134/s      135/s      136/s      137/s      138/s      150/s      154/s      162/s      167/s      171/s      224/s      228/s      229/s      230/s      231/s      232/s      233/s      234/s      235/s      236/s      237/s      245/s      246/s      247/s      249/s      250/s      252/s      253/s      262/s      263/s      294/s      296/s      297/s      298/s      299/s      301/s      302/s     IPI0/s     IPI1/s     IPI2/s     IPI3/s     IPI4/s     IPI5/s     IPI6/s      Err/s
17시 07분 15초    0       0.00       0.00       0.00      68.00       0.00       0.00       0.00       0.00       0.00       0.00       0.00       0.00       0.00       0.00       0.00       0.00       0.00       0.00       0.00       0.00       0.00       0.00       0.00       0.00       0.00       0.00       0.00       0.00       0.00       0.00       0.00       0.00       0.00       0.00       0.00       0.00       0.00       0.00       0.00       0.00       0.00       0.00       0.00       0.00       0.00       0.00       0.00       0.00       0.00       0.00       0.00       0.00       0.00       0.00       0.00       0.00       0.00       0.00       0.00       0.00       0.00       0.00       0.00       0.00       0.00       0.00       0.00       0.00       0.00       0.00       0.00       0.00       0.00       0.00       0.00       0.00       0.00       2.00       0.00       0.00       0.00       0.00       0.00       0.00       0.00       0.00       0.00       0.00       0.00       0.00       0.00       0.00       0.00       0.00       0.00       0.00       0.00       0.00       0.00       0.00       0.00       0.00       0.00       0.00       0.00      10.00       0.00       0.00       0.00       0.00       0.00       0.00       0.00       0.00       0.00       0.00       0.00       0.00       0.00       0.00       0.00       0.00       0.00       0.00       0.00       0.00       0.00       0.00       0.00       0.00       0.00       0.00       0.00       0.00      36.00      46.00      10.00       9.00       0.00       0.00       0.00       0.00       0.00       0.00
17시 07분 15초    1       0.00       0.00       0.00      54.00       0.00       0.00       0.00       0.00       0.00       0.00       0.00       0.00       0.00       0.00       0.00       0.00       0.00       0.00       0.00       0.00       0.00       0.00       0.00       0.00       0.00       0.00       0.00       0.00       0.00       0.00       0.00       0.00       0.00       0.00       0.00       0.00       0.00       0.00       0.00       0.00       0.00       0.00       0.00       0.00       0.00       0.00       0.00       0.00       0.00       0.00       0.00       0.00       0.00       0.00       0.00       0.00       0.00       0.00       0.00       0.00       0.00       0.00       0.00       0.00       0.00       0.00       0.00       0.00       0.00       0.00       0.00       0.00       0.00       0.00       0.00       0.00       0.00       0.00       0.00       0.00       0.00       0.00       0.00       0.00       0.00       0.00       0.00       0.00       0.00       0.00       0.00       0.00       0.00       0.00       0.00       0.00       0.00       0.00       0.00       0.00       0.00       0.00       0.00       0.00       0.00       0.00       0.00       0.00       0.00       0.00       0.00       0.00       0.00       0.00       0.00       0.00       0.00       0.00       0.00       0.00       0.00       0.00       0.00       0.00       0.00       0.00       0.00       0.00       0.00       0.00       0.00       0.00       0.00       0.00       0.00       0.00       5.00       2.00       0.00       0.00       0.00       0.00       0.00       0.00
17시 07분 15초    2       0.00       0.00       0.00      21.00       0.00       0.00       0.00       0.00       0.00       0.00       0.00       0.00       0.00       0.00       0.00       0.00       0.00       0.00       0.00       0.00       0.00       0.00       0.00       0.00       0.00       0.00       0.00       0.00       0.00       0.00       0.00       0.00       0.00       0.00       0.00       0.00       0.00       0.00       0.00       0.00       0.00       0.00       0.00       0.00       0.00       0.00       0.00       0.00       0.00       0.00       0.00       0.00       0.00       0.00       0.00       0.00       0.00       0.00       0.00       0.00       0.00       0.00       0.00       0.00       0.00       0.00       0.00       0.00       0.00       0.00       0.00       0.00       0.00       0.00       0.00       0.00       0.00       0.00       0.00       0.00       0.00       0.00       0.00       0.00       0.00       0.00       0.00       0.00       0.00       0.00       0.00       0.00       0.00       0.00       0.00       0.00       0.00       0.00       0.00       0.00       0.00       0.00       0.00       0.00       0.00       0.00       0.00       0.00       0.00       0.00       0.00       0.00       0.00       0.00       0.00       0.00       0.00       0.00       0.00       0.00       0.00       0.00       0.00       0.00       0.00       0.00       0.00       0.00       0.00       0.00       0.00       0.00       0.00       0.00       0.00       0.00       1.00       1.00       0.00       0.00       0.00       0.00       0.00       0.00
17시 07분 15초    3       0.00       0.00       0.00      56.00       0.00       0.00       0.00       0.00       0.00       0.00       0.00       0.00       0.00       0.00       0.00       0.00       0.00       0.00       0.00       0.00       0.00       0.00       0.00       0.00       0.00       0.00       0.00       0.00       0.00       0.00       0.00       0.00       0.00       0.00       0.00       0.00       0.00       0.00       0.00       0.00       0.00       0.00       0.00       0.00       0.00       0.00       0.00       0.00       0.00       0.00       0.00       0.00       0.00       0.00       0.00       0.00       0.00       0.00       0.00       0.00       0.00       0.00       0.00       0.00       0.00       0.00       0.00       0.00       0.00       0.00       0.00       0.00       0.00       0.00       0.00       0.00       0.00       0.00       0.00       0.00       0.00       0.00       0.00       0.00       0.00       0.00       0.00       0.00       0.00       0.00       0.00       0.00       0.00       0.00       0.00       0.00       0.00       0.00       0.00       0.00       0.00       0.00       0.00       0.00       0.00       0.00       0.00       0.00       0.00       0.00       0.00       0.00       0.00       0.00       0.00       0.00       0.00       0.00       0.00       0.00       0.00       0.00       0.00       0.00       0.00       0.00       0.00       0.00       0.00       0.00       0.00       0.00       0.00       0.00       0.00       0.00       8.00       0.00       0.00       0.00       0.00       0.00       0.00       0.00
17시 07분 15초    4       0.00       0.00       0.00      23.00       0.00       0.00       0.00       0.00       0.00       0.00       0.00       0.00       0.00       0.00       0.00       0.00       0.00       0.00       0.00       0.00       0.00       0.00       0.00       0.00       0.00       0.00       0.00       0.00       0.00       0.00       0.00       0.00       0.00       0.00       0.00       0.00       0.00       0.00       0.00       0.00       0.00       0.00       0.00       0.00       0.00       0.00       0.00       0.00       0.00       0.00       0.00       0.00       0.00       0.00       0.00       0.00       0.00       0.00       0.00       0.00       0.00       0.00       0.00       0.00       0.00       0.00       0.00       0.00       0.00       0.00       0.00       0.00       0.00       0.00       0.00       0.00       0.00       0.00       0.00       0.00       0.00       0.00       0.00       0.00       0.00       0.00       0.00       0.00       0.00       0.00       0.00       0.00       0.00       0.00       0.00       0.00       0.00       0.00       0.00       0.00       0.00       0.00       0.00       0.00       0.00       0.00       0.00       0.00       0.00       0.00       0.00       0.00       0.00       0.00       0.00       0.00       0.00       0.00       0.00       0.00       0.00       0.00       0.00       0.00       0.00       0.00       0.00       0.00       0.00       0.00       0.00       0.00       0.00       0.00       0.00       0.00      22.00       0.00       0.00       0.00       0.00       0.00       0.00       0.00
17시 07분 15초    5       0.00       0.00       0.00     255.00       0.00       0.00       0.00       0.00       0.00       0.00       0.00       0.00       0.00       0.00       0.00       0.00       0.00       0.00       0.00       0.00       0.00       0.00       0.00       0.00       0.00       0.00       0.00       0.00       0.00       0.00       0.00       0.00       0.00       0.00       0.00       0.00       0.00       0.00       0.00       0.00       0.00       0.00       0.00       0.00       0.00       0.00       0.00       0.00       0.00       0.00       0.00       0.00       0.00       0.00       0.00       0.00       0.00       0.00       0.00       0.00       0.00       0.00       0.00       0.00       0.00       0.00       0.00       0.00       0.00       0.00       0.00       0.00       0.00       0.00       0.00       0.00       0.00       0.00       0.00       0.00       0.00       0.00       0.00       0.00       0.00       0.00       0.00       0.00       0.00       0.00       0.00       0.00       0.00       0.00       0.00       0.00       0.00       0.00       0.00       0.00       0.00       0.00       0.00       0.00       0.00       0.00       0.00       0.00       0.00       0.00       0.00       0.00       0.00       0.00       0.00       0.00       0.00       0.00       0.00       0.00       0.00       0.00       0.00       0.00       0.00       0.00       0.00       0.00       0.00       0.00       0.00       0.00       0.00       0.00       0.00       0.00       8.00       0.00       0.00       0.00       0.00       0.00       0.00       0.00

17시 07분 14초  CPU       HI/s    TIMER/s   NET_TX/s   NET_RX/s    BLOCK/s IRQ_POLL/s  TASKLET/s    SCHED/s  HRTIMER/s      RCU/s
17시 07분 15초    0      46.00      27.00       0.00      33.00       0.00       0.00       0.00      39.00       0.00      26.00
17시 07분 15초    1       0.00      20.00       0.00       0.00       0.00       0.00       0.00      30.00       0.00      30.00
17시 07분 15초    2       0.00      15.00       0.00       0.00       0.00       0.00       0.00      18.00       0.00       9.00
17시 07분 15초    3       0.00       4.00       0.00       0.00       0.00       0.00       0.00      22.00       0.00      21.00
17시 07분 15초    4       0.00      15.00       0.00       0.00       0.00       0.00       0.00      12.00       0.00      14.00
17시 07분 15초    5       0.00     250.00       0.00       0.00       0.00       0.00       0.00      84.00       0.00      42.00

17시 07분 15초  CPU    %usr   %nice    %sys %iowait    %irq   %soft  %steal  %guest  %gnice   %idle
17시 07분 16초  all    0.17    0.00    2.00    0.00    0.00    0.00    0.00    0.00    0.00   97.83
17시 07분 16초    0    0.00    0.00    2.00    0.00    0.00    0.00    0.00    0.00    0.00   98.00
17시 07분 16초    1    0.99    0.00    2.97    0.00    0.00    0.00    0.00    0.00    0.00   96.04
17시 07분 16초    2    0.00    0.00    0.00    0.00    0.00    0.00    0.00    0.00    0.00  100.00
17시 07분 16초    3    0.00    0.00    4.00    0.00    0.00    0.00    0.00    0.00    0.00   96.00
17시 07분 16초    4    0.00    0.00    0.00    0.00    0.00    0.00    0.00    0.00    0.00  100.00
17시 07분 16초    5    0.00    0.00    3.03    0.00    0.00    0.00    0.00    0.00    0.00   96.97

17시 07분 15초  CPU    intr/s
17시 07분 16초  all    542.00
17시 07분 16초    0    108.00
17시 07분 16초    1     81.00
17시 07분 16초    2     54.00
17시 07분 16초    3     30.00
17시 07분 16초    4     69.00
17시 07분 16초    5    376.00

17시 07분 15초  CPU        9/s       11/s       12/s       13/s       18/s       20/s       21/s       22/s       23/s       24/s       25/s       26/s       27/s       28/s       29/s       30/s       31/s       32/s       33/s       34/s       35/s       36/s       37/s       38/s       39/s       40/s       41/s       42/s       43/s       44/s       45/s       46/s       47/s       48/s       49/s       50/s       51/s       52/s       53/s       54/s       55/s       57/s       59/s       61/s       65/s       66/s       67/s       68/s       69/s       70/s       71/s       72/s       73/s       74/s       75/s       76/s       77/s       79/s       80/s       81/s       82/s       83/s       84/s       85/s       86/s       87/s       88/s       89/s       90/s       91/s       92/s       93/s       94/s       95/s       96/s       97/s       98/s      112/s      113/s      114/s      115/s      116/s      117/s      118/s      119/s      120/s      121/s      122/s      123/s      124/s      125/s      126/s      127/s      128/s      129/s      130/s      131/s      132/s      133/s      134/s      135/s      136/s      137/s      138/s      150/s      154/s      162/s      167/s      171/s      224/s      228/s      229/s      230/s      231/s      232/s      233/s      234/s      235/s      236/s      237/s      245/s      246/s      247/s      249/s      250/s      252/s      253/s      262/s      263/s      294/s      296/s      297/s      298/s      299/s      301/s      302/s     IPI0/s     IPI1/s     IPI2/s     IPI3/s     IPI4/s     IPI5/s     IPI6/s      Err/s
17시 07분 16초    0       0.00       0.00       0.00      65.00       0.00       0.00       0.00       0.00       0.00       0.00       0.00       0.00       0.00       0.00       0.00       0.00       0.00       0.00       0.00       0.00       0.00       0.00       0.00       0.00       0.00       0.00       0.00       0.00       0.00       0.00       0.00       0.00       0.00       0.00       0.00       0.00       0.00       0.00       0.00       0.00       0.00       0.00       0.00       0.00       0.00       0.00       0.00       0.00       0.00       0.00       0.00       0.00       0.00       0.00       0.00       0.00       0.00       0.00       0.00       0.00       0.00       0.00       0.00       0.00       0.00       0.00       0.00       0.00       0.00       0.00       0.00       0.00       0.00       0.00       0.00       0.00       0.00       0.00       0.00       0.00       0.00       0.00       0.00       0.00       0.00       0.00       0.00       0.00       0.00       0.00       0.00       0.00       0.00       0.00       0.00       0.00       0.00       0.00       0.00       0.00       0.00       0.00       0.00       0.00       0.00       0.00       0.00       0.00       0.00       0.00       0.00       0.00       0.00       0.00       0.00       0.00       0.00       0.00       0.00       0.00       0.00       0.00       0.00       0.00       0.00       0.00       0.00       0.00       0.00       0.00       0.00       0.00       0.00       0.00      12.00       0.00       5.00      10.00       0.00       0.00       0.00       0.00       0.00       0.00
17시 07분 16초    1       0.00       0.00       0.00      53.00       0.00       0.00       0.00       0.00       0.00       0.00       0.00       0.00       0.00       0.00       0.00       0.00       0.00       0.00       0.00       0.00       0.00       0.00       0.00       0.00       0.00       0.00       0.00       0.00       0.00       0.00       0.00       0.00       0.00       0.00       0.00       0.00       0.00       0.00       0.00       0.00       0.00       0.00       0.00       0.00       0.00       0.00       0.00       0.00       0.00       0.00       0.00       0.00       0.00       0.00       0.00       0.00       0.00       0.00       0.00       0.00       0.00       0.00       0.00       0.00       0.00       0.00       0.00       0.00       0.00       0.00       0.00       0.00       0.00       0.00       0.00       0.00       0.00       0.00       0.00       0.00       0.00       0.00       0.00       0.00       0.00       0.00       0.00       0.00       0.00       0.00       0.00       0.00       0.00       0.00       0.00       0.00       0.00       0.00       0.00       0.00       0.00       0.00       0.00       0.00       0.00       0.00       0.00       0.00       0.00       0.00       0.00       0.00       0.00       0.00       0.00       0.00       0.00       0.00       0.00       0.00       0.00       0.00       0.00       0.00       0.00       0.00       0.00       0.00       0.00       0.00       0.00       0.00       0.00       0.00       0.00       0.00       1.00       2.00       0.00       0.00       0.00       0.00       0.00       0.00
17시 07분 16초    2       0.00       0.00       0.00      37.00       0.00       0.00       0.00       0.00       0.00       0.00       0.00       0.00       0.00       0.00       0.00       0.00       0.00       0.00       0.00       0.00       0.00       0.00       0.00       0.00       0.00       0.00       0.00       0.00       0.00       0.00       0.00       0.00       0.00       0.00       0.00       0.00       0.00       0.00       0.00       0.00       0.00       0.00       0.00       0.00       0.00       0.00       0.00       0.00       0.00       0.00       0.00       0.00       0.00       0.00       0.00       0.00       0.00       0.00       0.00       0.00       0.00       0.00       0.00       0.00       0.00       0.00       0.00       0.00       0.00       0.00       0.00       0.00       0.00       0.00       0.00       0.00       0.00       0.00       0.00       0.00       0.00       0.00       0.00       0.00       0.00       0.00       0.00       0.00       0.00       0.00       0.00       0.00       0.00       0.00       0.00       0.00       0.00       0.00       0.00       0.00       0.00       0.00       0.00       0.00       0.00       0.00       0.00       0.00       0.00       0.00       0.00       0.00       0.00       0.00       0.00       0.00       0.00       0.00       0.00       0.00       0.00       0.00       0.00       0.00       0.00       0.00       0.00       0.00       0.00       0.00       0.00       0.00       0.00       0.00       0.00       0.00       0.00       1.00       0.00       0.00       0.00       0.00       0.00       0.00
17시 07분 16초    3       0.00       0.00       0.00      31.00       0.00       0.00       0.00       0.00       0.00       0.00       0.00       0.00       0.00       0.00       0.00       0.00       0.00       0.00       0.00       0.00       0.00       0.00       0.00       0.00       0.00       0.00       0.00       0.00       0.00       0.00       0.00       0.00       0.00       0.00       0.00       0.00       0.00       0.00       0.00       0.00       0.00       0.00       0.00       0.00       0.00       0.00       0.00       0.00       0.00       0.00       0.00       0.00       0.00       0.00       0.00       0.00       0.00       0.00       0.00       0.00       0.00       0.00       0.00       0.00       0.00       0.00       0.00       0.00       0.00       0.00       0.00       0.00       0.00       0.00       0.00       0.00       0.00       0.00       0.00       0.00       0.00       0.00       0.00       0.00       0.00       0.00       0.00       0.00       0.00       0.00       0.00       0.00       0.00       0.00       0.00       0.00       0.00       0.00       0.00       0.00       0.00       0.00       0.00       0.00       0.00       0.00       0.00       0.00       0.00       0.00       0.00       0.00       0.00       0.00       0.00       0.00       0.00       0.00       0.00       0.00       0.00       0.00       0.00       0.00       0.00       0.00       0.00       0.00       0.00       0.00       0.00       0.00       0.00       0.00       0.00       0.00       1.00       0.00       0.00       0.00       0.00       0.00       0.00       0.00
17시 07분 16초    4       0.00       0.00       0.00      54.00       0.00       0.00       0.00       0.00       0.00       0.00       0.00       0.00       0.00       0.00       0.00       0.00       0.00       0.00       0.00       0.00       0.00       0.00       0.00       0.00       0.00       0.00       0.00       0.00       0.00       0.00       0.00       0.00       0.00       0.00       0.00       0.00       0.00       0.00       0.00       0.00       0.00       0.00       0.00       0.00       0.00       0.00       0.00       0.00       0.00       0.00       0.00       0.00       0.00       0.00       0.00       0.00       0.00       0.00       0.00       0.00       0.00       0.00       0.00       0.00       0.00       0.00       0.00       0.00       0.00       0.00       0.00       0.00       0.00       0.00       0.00       0.00       0.00       0.00       0.00       0.00       0.00       0.00       0.00       0.00       0.00       0.00       0.00       0.00       0.00       0.00       0.00       0.00       0.00       0.00       0.00       0.00       0.00       0.00       0.00       0.00       0.00       0.00       0.00       0.00       0.00       0.00       0.00       0.00       0.00       0.00       0.00       0.00       0.00       0.00       0.00       0.00       0.00       0.00       0.00       0.00       0.00       0.00       0.00       0.00       0.00       0.00       0.00       0.00       0.00       0.00       0.00       0.00       0.00       0.00       0.00       0.00      12.00       1.00       0.00       0.00       0.00       0.00       0.00       0.00
17시 07분 16초    5       0.00       0.00       0.00     255.00       0.00       0.00       0.00       0.00       0.00       0.00       0.00       0.00       0.00       0.00       0.00       0.00       0.00       0.00       0.00       0.00       0.00       0.00       0.00       0.00       0.00       0.00       0.00       0.00       0.00       0.00       0.00       0.00       0.00       0.00       0.00       0.00       0.00       0.00       0.00       0.00       0.00       0.00       0.00       0.00       0.00       0.00       0.00       0.00       0.00       0.00       0.00       0.00       0.00       0.00       0.00       0.00       0.00       0.00       0.00       0.00       0.00       0.00       0.00       0.00       0.00       0.00       0.00       0.00       0.00       0.00       0.00       0.00       0.00       0.00       0.00       0.00       0.00       0.00       0.00       0.00       0.00       0.00       0.00       0.00       0.00       0.00       0.00       0.00       0.00       0.00       0.00       0.00       0.00       0.00       0.00       0.00       0.00       0.00       0.00       0.00       0.00       0.00       0.00       0.00       0.00       0.00       0.00       0.00       0.00       0.00       0.00       0.00       0.00       0.00       0.00       0.00       0.00       0.00       0.00       0.00       0.00       0.00       0.00       0.00       0.00       0.00       0.00       0.00       0.00       0.00       0.00       0.00       0.00       0.00       0.00       0.00       2.00       0.00       0.00       0.00       0.00       0.00       0.00       0.00

17시 07분 15초  CPU       HI/s    TIMER/s   NET_TX/s   NET_RX/s    BLOCK/s IRQ_POLL/s  TASKLET/s    SCHED/s  HRTIMER/s      RCU/s
17시 07분 16초    0       0.00      31.00       0.00      11.00       0.00       0.00       0.00      41.00       0.00      25.00
17시 07분 16초    1       0.00      20.00       0.00       0.00       0.00       0.00       0.00      32.00       0.00      29.00
17시 07분 16초    2       0.00      19.00       0.00       0.00       0.00       0.00       0.00      26.00       0.00       9.00
17시 07분 16초    3       0.00       1.00       0.00       0.00       0.00       0.00       0.00       9.00       0.00      20.00
17시 07분 16초    4       0.00      25.00       0.00       0.00       0.00       0.00       0.00      24.00       0.00      20.00
17시 07분 16초    5       0.00     250.00       0.00       0.00       0.00       0.00       0.00      84.00       0.00      42.00

17시 07분 16초  CPU    %usr   %nice    %sys %iowait    %irq   %soft  %steal  %guest  %gnice   %idle
17시 07분 17초  all    0.33    0.00    3.84    0.83    0.17    0.00    0.00    0.00    0.00   94.82
17시 07분 17초    0    1.00    0.00    2.00    0.00    0.00    0.00    0.00    0.00    0.00   97.00
17시 07분 17초    1    0.00    0.00    3.00    3.00    0.00    0.00    0.00    0.00    0.00   94.00
17시 07분 17초    2    0.00    0.00   13.86    1.98    0.00    0.00    0.00    0.00    0.00   84.16
17시 07분 17초    3    0.00    0.00    2.02    0.00    0.00    0.00    0.00    0.00    0.00   97.98
17시 07분 17초    4    0.00    0.00    0.00    0.00    1.00    0.00    0.00    0.00    0.00   99.00
17시 07분 17초    5    1.01    0.00    2.02    0.00    0.00    0.00    0.00    0.00    0.00   96.97

17시 07분 16초  CPU    intr/s
17시 07분 17초  all   1030.00
17시 07분 17초    0    159.00
17시 07분 17초    1    105.00
17시 07분 17초    2     84.00
17시 07분 17초    3     34.00
17시 07분 17초    4     73.00
17시 07분 17초    5    373.00

17시 07분 16초  CPU        9/s       11/s       12/s       13/s       18/s       20/s       21/s       22/s       23/s       24/s       25/s       26/s       27/s       28/s       29/s       30/s       31/s       32/s       33/s       34/s       35/s       36/s       37/s       38/s       39/s       40/s       41/s       42/s       43/s       44/s       45/s       46/s       47/s       48/s       49/s       50/s       51/s       52/s       53/s       54/s       55/s       57/s       59/s       61/s       65/s       66/s       67/s       68/s       69/s       70/s       71/s       72/s       73/s       74/s       75/s       76/s       77/s       79/s       80/s       81/s       82/s       83/s       84/s       85/s       86/s       87/s       88/s       89/s       90/s       91/s       92/s       93/s       94/s       95/s       96/s       97/s       98/s      112/s      113/s      114/s      115/s      116/s      117/s      118/s      119/s      120/s      121/s      122/s      123/s      124/s      125/s      126/s      127/s      128/s      129/s      130/s      131/s      132/s      133/s      134/s      135/s      136/s      137/s      138/s      150/s      154/s      162/s      167/s      171/s      224/s      228/s      229/s      230/s      231/s      232/s      233/s      234/s      235/s      236/s      237/s      245/s      246/s      247/s      249/s      250/s      252/s      253/s      262/s      263/s      294/s      296/s      297/s      298/s      299/s      301/s      302/s     IPI0/s     IPI1/s     IPI2/s     IPI3/s     IPI4/s     IPI5/s     IPI6/s      Err/s
17시 07분 17초    0       0.00       0.00       0.00      85.00       0.00       0.00       0.00       0.00       0.00       0.00       0.00       0.00       0.00       0.00       0.00       0.00       0.00       0.00       0.00       0.00       0.00       0.00       0.00       0.00       0.00       0.00       0.00       0.00       0.00       0.00       0.00       0.00       0.00       0.00       0.00       0.00       0.00       0.00       0.00       0.00       0.00       0.00       0.00       0.00       0.00       0.00     134.00       0.00       0.00       0.00       0.00       0.00       0.00       0.00       0.00       0.00       0.00       0.00       0.00       0.00       0.00       0.00       0.00       0.00       0.00       0.00       0.00       0.00       0.00       0.00       0.00       0.00       0.00       0.00       0.00       0.00       0.00       0.00       0.00       0.00       0.00       0.00       0.00       0.00       0.00       0.00       0.00       0.00       0.00       0.00       0.00       0.00       0.00       0.00       0.00       0.00       0.00       0.00       0.00       0.00       0.00       0.00       0.00       0.00       0.00      44.00       0.00       0.00       0.00       0.00       0.00       0.00       0.00       0.00       0.00       0.00       0.00       0.00       0.00       0.00       0.00       0.00       0.00       0.00       0.00       0.00       0.00       0.00       0.00       0.00       0.00       0.00       0.00       0.00      24.00      18.00      17.00      27.00       0.00       0.00       0.00       2.00       0.00       0.00
17시 07분 17초    1       0.00       0.00       0.00      81.00       0.00       0.00       0.00       0.00       0.00       0.00       0.00       0.00       0.00       0.00       0.00       0.00       0.00       0.00       0.00       0.00       0.00       0.00       0.00       0.00       0.00       0.00       0.00       0.00       0.00       0.00       0.00       0.00       0.00       0.00       0.00       0.00       0.00       0.00       0.00       0.00       0.00       0.00       0.00       0.00       0.00       0.00       0.00       0.00       0.00       0.00       0.00       0.00       0.00       0.00       0.00       0.00       0.00       0.00       0.00       0.00       0.00       0.00       0.00       0.00       0.00       0.00       0.00       0.00       0.00       0.00       0.00       0.00       0.00       0.00       0.00       0.00       0.00       0.00       0.00       0.00       0.00       0.00       0.00       0.00       0.00       0.00       0.00       0.00       0.00       0.00       0.00       0.00       0.00       0.00       0.00       0.00       0.00       0.00       0.00       0.00       0.00       0.00       0.00       0.00       0.00       0.00       0.00       0.00       0.00       0.00       0.00       0.00       0.00       0.00       0.00       0.00       0.00       0.00       0.00       0.00       0.00       0.00       0.00       0.00       0.00       0.00       0.00       0.00       0.00       0.00       0.00       0.00       0.00       0.00       0.00       0.00       8.00       2.00       0.00       0.00       0.00       1.00       0.00       0.00
17시 07분 17초    2       0.00       0.00       0.00      50.00       0.00       0.00       0.00       0.00       0.00       0.00       0.00       0.00       0.00       0.00       0.00       0.00       0.00       0.00       0.00       0.00       0.00       0.00       0.00       0.00       0.00       0.00       0.00       0.00       0.00       0.00       0.00       0.00       0.00       0.00       0.00       0.00       0.00       0.00       0.00       0.00       0.00       0.00       0.00       0.00       0.00       0.00       0.00       0.00       0.00       0.00       0.00       0.00       0.00       0.00       0.00       0.00       0.00       0.00       0.00       0.00       0.00       0.00       0.00       0.00       0.00       0.00       0.00       0.00       0.00       0.00       0.00       0.00       0.00       0.00       0.00       0.00       0.00       0.00       0.00       0.00       0.00       0.00       0.00       0.00       0.00       0.00       0.00       0.00       0.00       0.00       0.00       0.00       0.00       0.00       0.00       0.00       0.00       0.00       0.00       0.00       0.00       0.00       0.00       0.00       0.00       0.00       0.00       0.00       0.00       0.00       0.00       0.00       0.00       0.00       0.00       0.00       0.00       0.00       0.00       0.00       0.00       0.00       0.00       0.00       0.00       0.00       0.00       0.00       0.00       0.00       0.00       0.00       0.00       0.00       0.00       0.00     145.00       3.00       0.00       0.00       0.00      11.00       0.00       0.00
17시 07분 17초    3       0.00       0.00       0.00      36.00       0.00       0.00       0.00       0.00       0.00       0.00       0.00       0.00       0.00       0.00       0.00       0.00       0.00       0.00       0.00       0.00       0.00       0.00       0.00       0.00       0.00       0.00       0.00       0.00       0.00       0.00       0.00       0.00       0.00       0.00       0.00       0.00       0.00       0.00       0.00       0.00       0.00       0.00       0.00       0.00       0.00       0.00       0.00       0.00       0.00       0.00       0.00       0.00       0.00       0.00       0.00       0.00       0.00       0.00       0.00       0.00       0.00       0.00       0.00       0.00       0.00       0.00       0.00       0.00       0.00       0.00       0.00       0.00       0.00       0.00       0.00       0.00       0.00       0.00       0.00       0.00       0.00       0.00       0.00       0.00       0.00       0.00       0.00       0.00       0.00       0.00       0.00       0.00       0.00       0.00       0.00       0.00       0.00       0.00       0.00       0.00       0.00       0.00       0.00       0.00       0.00       0.00       0.00       0.00       0.00       0.00       0.00       0.00       0.00       0.00       0.00       0.00       0.00       0.00       0.00       0.00       0.00       0.00       0.00       0.00       0.00       0.00       0.00       0.00       0.00       0.00       0.00       0.00       0.00       0.00       0.00       0.00       4.00       0.00       0.00       0.00       0.00       1.00       0.00       0.00
17시 07분 17초    4       0.00       0.00       0.00      49.00       0.00       0.00       0.00       0.00       0.00       0.00       0.00       0.00       0.00       0.00       0.00       0.00       0.00       0.00       0.00       0.00       0.00       0.00       0.00       0.00       0.00       0.00       0.00       0.00       0.00       0.00       0.00       0.00       0.00       0.00       0.00       0.00       0.00       0.00       0.00       0.00       0.00       0.00       0.00       0.00       0.00       0.00       0.00       0.00       0.00       0.00       0.00       0.00       0.00       0.00       0.00       0.00       0.00       0.00       0.00       0.00       0.00       0.00       0.00       0.00       0.00       0.00       0.00       0.00       0.00       0.00       0.00       0.00       0.00       0.00       0.00       0.00       0.00       0.00       0.00       0.00       0.00       0.00       0.00       0.00       0.00       0.00       0.00       0.00       0.00       0.00       0.00       0.00       0.00       0.00       0.00       0.00       0.00       0.00       0.00       0.00       0.00       0.00       0.00       0.00       0.00       0.00       0.00       0.00       0.00       0.00       0.00       0.00       0.00       0.00       0.00       0.00       0.00       0.00       0.00       0.00       0.00       0.00       0.00       0.00       0.00       0.00       0.00       0.00       0.00       0.00       0.00       0.00       0.00       0.00       0.00       0.00      32.00       0.00       0.00       0.00       0.00       0.00       0.00       0.00
17시 07분 17초    5       0.00       0.00       0.00     255.00       0.00       0.00       0.00       0.00       0.00       0.00       0.00       0.00       0.00       0.00       0.00       0.00       0.00       0.00       0.00       0.00       0.00       0.00       0.00       0.00       0.00       0.00       0.00       0.00       0.00       0.00       0.00       0.00       0.00       0.00       0.00       0.00       0.00       0.00       0.00       0.00       0.00       0.00       0.00       0.00       0.00       0.00       0.00       0.00       0.00       0.00       0.00       0.00       0.00       0.00       0.00       0.00       0.00       0.00       0.00       0.00       0.00       0.00       0.00       0.00       0.00       0.00       0.00       0.00       0.00       0.00       0.00       0.00       0.00       0.00       0.00       0.00       0.00       0.00       0.00       0.00       0.00       0.00       0.00       0.00       0.00       0.00       0.00       0.00       0.00       0.00       0.00       0.00       0.00       0.00       0.00       0.00       0.00       0.00       0.00       0.00       0.00       0.00       0.00       0.00       0.00       0.00       0.00       0.00       0.00       0.00       0.00       0.00       0.00       0.00       0.00       0.00       0.00       0.00       0.00       0.00       0.00       0.00       0.00       0.00       0.00       0.00       0.00       0.00       0.00       0.00       0.00       0.00       0.00       0.00       0.00       0.00       2.00       0.00       0.00       0.00       0.00       0.00       0.00       0.00

17시 07분 16초  CPU       HI/s    TIMER/s   NET_TX/s   NET_RX/s    BLOCK/s IRQ_POLL/s  TASKLET/s    SCHED/s  HRTIMER/s      RCU/s
17시 07분 17초    0      18.00      25.00       0.00      22.00       2.00       0.00       0.00      61.00       0.00      31.00
17시 07분 17초    1       0.00      34.00       0.00       0.00       0.00       0.00       0.00      39.00       0.00      32.00
17시 07분 17초    2       0.00      14.00       0.00       0.00       0.00       0.00       0.00      49.00       0.00      21.00
17시 07분 17초    3       0.00       3.00       0.00       0.00       0.00       0.00       0.00      12.00       0.00      19.00
17시 07분 17초    4       0.00      29.00       0.00       0.00       0.00       0.00       0.00      26.00       0.00      18.00
17시 07분 17초    5       0.00     250.00       0.00       0.00       0.00       0.00       0.00      86.00       0.00      37.00

17시 07분 17초  CPU    %usr   %nice    %sys %iowait    %irq   %soft  %steal  %guest  %gnice   %idle
17시 07분 18초  all    3.51    0.00    3.34    0.00    0.33    0.00    0.00    0.00    0.00   92.81
17시 07분 18초    0    3.00    0.00    4.00    0.00    1.00    0.00    0.00    0.00    0.00   92.00
17시 07분 18초    1    3.00    0.00    3.00    0.00    0.00    0.00    0.00    0.00    0.00   94.00
17시 07분 18초    2    3.06    0.00    3.06    0.00    0.00    0.00    0.00    0.00    0.00   93.88
17시 07분 18초    3    4.95    0.00    4.95    0.00    0.99    0.00    0.00    0.00    0.00   89.11
17시 07분 18초    4    3.03    0.00    0.00    0.00    0.00    0.00    0.00    0.00    0.00   96.97
17시 07분 18초    5    4.00    0.00    5.00    0.00    0.00    0.00    0.00    0.00    0.00   91.00

17시 07분 17초  CPU    intr/s
17시 07분 18초  all   1715.00
17시 07분 18초    0    114.00
17시 07분 18초    1    206.00
17시 07분 18초    2     85.00
17시 07분 18초    3     83.00
17시 07분 18초    4    115.00
17시 07분 18초    5    165.00

17시 07분 17초  CPU        9/s       11/s       12/s       13/s       18/s       20/s       21/s       22/s       23/s       24/s       25/s       26/s       27/s       28/s       29/s       30/s       31/s       32/s       33/s       34/s       35/s       36/s       37/s       38/s       39/s       40/s       41/s       42/s       43/s       44/s       45/s       46/s       47/s       48/s       49/s       50/s       51/s       52/s       53/s       54/s       55/s       57/s       59/s       61/s       65/s       66/s       67/s       68/s       69/s       70/s       71/s       72/s       73/s       74/s       75/s       76/s       77/s       79/s       80/s       81/s       82/s       83/s       84/s       85/s       86/s       87/s       88/s       89/s       90/s       91/s       92/s       93/s       94/s       95/s       96/s       97/s       98/s      112/s      113/s      114/s      115/s      116/s      117/s      118/s      119/s      120/s      121/s      122/s      123/s      124/s      125/s      126/s      127/s      128/s      129/s      130/s      131/s      132/s      133/s      134/s      135/s      136/s      137/s      138/s      150/s      154/s      162/s      167/s      171/s      224/s      228/s      229/s      230/s      231/s      232/s      233/s      234/s      235/s      236/s      237/s      245/s      246/s      247/s      249/s      250/s      252/s      253/s      262/s      263/s      294/s      296/s      297/s      298/s      299/s      301/s      302/s     IPI0/s     IPI1/s     IPI2/s     IPI3/s     IPI4/s     IPI5/s     IPI6/s      Err/s
17시 07분 18초    0       0.00       0.00       0.00     111.00       0.00       0.00       0.00       0.00       0.00       0.00       0.00       0.00       0.00       0.00       0.00       0.00       0.00       0.00       0.00       0.00       0.00       0.00       0.00       0.00       0.00       0.00       0.00       0.00       0.00       0.00       0.00       0.00       0.00       0.00       0.00       0.00       0.00       0.00       0.00       0.00       0.00       0.00       0.00       0.00       0.00       0.00       0.00       0.00       0.00       0.00       0.00       0.00       0.00       0.00       0.00       0.00       0.00       0.00       0.00       0.00       0.00       0.00       0.00       0.00       0.00       0.00       0.00       0.00       0.00       0.00       0.00       0.00       0.00       0.00       0.00       0.00       0.00       0.00       0.00       0.00       0.00       0.00       0.00       0.00       0.00       0.00       0.00       0.00       0.00       0.00       0.00       0.00       0.00       0.00       0.00       0.00       0.00       0.00       0.00       0.00       0.00       0.00       0.00       0.00       0.00      45.00       0.00       0.00       0.00       0.00       0.00       0.00       0.00       0.00       0.00       0.00       0.00       0.00       0.00       0.00       0.00       0.00       0.00       0.00       0.00       0.00       0.00       0.00       0.00       0.00       0.00       0.00       0.00       0.00      12.00       4.00     152.00      14.00       0.00       0.00       0.00       3.00       0.00       0.00
17시 07분 18초    1       0.00       0.00       0.00     134.00       0.00       0.00       0.00       0.00       0.00       0.00       0.00       0.00       0.00       0.00       0.00       0.00       0.00       0.00       0.00       0.00       0.00       0.00       0.00       0.00       0.00       0.00       0.00       0.00       0.00       0.00       0.00       0.00       0.00       0.00       0.00       0.00       0.00       0.00       0.00       0.00       0.00       0.00       0.00       0.00       0.00       0.00       0.00       0.00       0.00       0.00       0.00       0.00       0.00       0.00       0.00       0.00       0.00       0.00       0.00       0.00       0.00       0.00       0.00       0.00       0.00       0.00       0.00       0.00       0.00       0.00       0.00       0.00       0.00       0.00       0.00       0.00       0.00       0.00       0.00       0.00       0.00       0.00       0.00       0.00       0.00       0.00       0.00       0.00       0.00       0.00       0.00       0.00       0.00       0.00       0.00       0.00       0.00       0.00       0.00       0.00       0.00       0.00       0.00       0.00       0.00       0.00       0.00       0.00       0.00       0.00       0.00       0.00       0.00       0.00       0.00       0.00       0.00       0.00       0.00       0.00       0.00       0.00       0.00       0.00       0.00       0.00       0.00       0.00       0.00       0.00       0.00       0.00       0.00       0.00       0.00       0.00     203.00      14.00       0.00       0.00       0.00       0.00       0.00       0.00
17시 07분 18초    2       0.00       0.00       0.00      64.00       0.00       0.00       0.00       0.00       0.00       0.00       0.00       0.00       0.00       0.00       0.00       0.00       0.00       0.00       0.00       0.00       0.00       0.00       0.00       0.00       0.00       0.00       0.00       0.00       0.00       0.00       0.00       0.00       0.00       0.00       0.00       0.00       0.00       0.00       0.00       0.00       0.00       0.00       0.00       0.00       0.00       0.00       0.00       0.00       0.00       0.00       0.00       0.00       0.00       0.00       0.00       0.00       0.00       0.00       0.00       0.00       0.00       0.00       0.00       0.00       0.00       0.00       0.00       0.00       0.00       0.00       0.00       0.00       0.00       0.00       0.00       0.00       0.00       0.00       0.00       0.00       0.00       0.00       0.00       0.00       0.00       0.00       0.00       0.00       0.00       0.00       0.00       0.00       0.00       0.00       0.00       0.00       0.00       0.00       0.00       0.00       0.00       0.00       0.00       0.00       0.00       0.00       0.00       0.00       0.00       0.00       0.00       0.00       0.00       0.00       0.00       0.00       0.00       0.00       0.00       0.00       0.00       0.00       0.00       0.00       0.00       0.00       0.00       0.00       0.00       0.00       0.00       0.00       0.00       0.00       0.00       0.00     215.00      17.00       0.00       0.00       0.00       3.00       0.00       0.00
17시 07분 18초    3       0.00       0.00       0.00      83.00       0.00       0.00       0.00       0.00       0.00       0.00       0.00       0.00       0.00       0.00       0.00       0.00       0.00       0.00       0.00       0.00       0.00       0.00       0.00       0.00       0.00       0.00       0.00       0.00       0.00       0.00       0.00       0.00       0.00       0.00       0.00       0.00       0.00       0.00       0.00       0.00       0.00       0.00       0.00       0.00       0.00       0.00       0.00       0.00       0.00       0.00       0.00       0.00       0.00       0.00       0.00       0.00       0.00       0.00       0.00       0.00       0.00       0.00       0.00       0.00       0.00       0.00       0.00       0.00       0.00       0.00       0.00       0.00       0.00       0.00       0.00       0.00       0.00       0.00       0.00       0.00       0.00       0.00       0.00       0.00       0.00       0.00       0.00       0.00       0.00       0.00       0.00       0.00       0.00       0.00       0.00       0.00       0.00       0.00       0.00       0.00       0.00       0.00       0.00       0.00       0.00       0.00       0.00       0.00       0.00       0.00       0.00       0.00       0.00       0.00       0.00       0.00       0.00       0.00       0.00       0.00       0.00       0.00       0.00       0.00       0.00       0.00       0.00       0.00       0.00       0.00       0.00       0.00       0.00       0.00       0.00       0.00      91.00      16.00       0.00       0.00       0.00       1.00       0.00       0.00
17시 07분 18초    4       0.00       0.00       0.00     115.00       0.00       0.00       0.00       0.00       0.00       0.00       0.00       0.00       0.00       0.00       0.00       0.00       0.00       0.00       0.00       0.00       0.00       0.00       0.00       0.00       0.00       0.00       0.00       0.00       0.00       0.00       0.00       0.00       0.00       0.00       0.00       0.00       0.00       0.00       0.00       0.00       0.00       0.00       0.00       0.00       0.00       0.00       0.00       0.00       0.00       0.00       0.00       0.00       0.00       0.00       0.00       0.00       0.00       0.00       0.00       0.00       0.00       0.00       0.00       0.00       0.00       0.00       0.00       0.00       0.00       0.00       0.00       0.00       0.00       0.00       0.00       0.00       0.00       0.00       0.00       0.00       0.00       0.00       0.00       0.00       0.00       0.00       0.00       0.00       0.00       0.00       0.00       0.00       0.00       0.00       0.00       0.00       0.00       0.00       0.00       0.00       0.00       0.00       0.00       0.00       0.00       0.00       0.00       0.00       0.00       0.00       0.00       0.00       0.00       0.00       0.00       0.00       0.00       0.00       0.00       0.00       0.00       0.00       0.00       0.00       0.00       0.00       0.00       0.00       0.00       0.00       0.00       0.00       0.00       0.00       0.00       0.00     157.00      21.00       0.00       0.00       0.00       3.00       0.00       0.00
17시 07분 18초    5       0.00       0.00       0.00     147.00       0.00       0.00       0.00       0.00       0.00       0.00       0.00       0.00       0.00       0.00       0.00       0.00       0.00       0.00       0.00       0.00       0.00       0.00       0.00       0.00       0.00       0.00       0.00       0.00       0.00       0.00       0.00       0.00       0.00       0.00       0.00       0.00       0.00       0.00       0.00       0.00       0.00       0.00       0.00       0.00       0.00       0.00       0.00       0.00       0.00       0.00       0.00       0.00       0.00       0.00       0.00       0.00       0.00       0.00       0.00       0.00       0.00       0.00       0.00       0.00       0.00       0.00       0.00       0.00       0.00       0.00       0.00       0.00       0.00       0.00       0.00       0.00       0.00       0.00       0.00       0.00       0.00       0.00       0.00       0.00       0.00       0.00       0.00       0.00       0.00       0.00       0.00       0.00       0.00       0.00       0.00       0.00       0.00       0.00       0.00       0.00       0.00       0.00       0.00       0.00       0.00       0.00       0.00       0.00       0.00       0.00       0.00       0.00       0.00       0.00       0.00       0.00       0.00       0.00       0.00       0.00       0.00       0.00       0.00       0.00       0.00       0.00       0.00       0.00       0.00       0.00       0.00       0.00       0.00       0.00       0.00       0.00      85.00       1.00       0.00       0.00       0.00       4.00       0.00       0.00

17시 07분 17초  CPU       HI/s    TIMER/s   NET_TX/s   NET_RX/s    BLOCK/s IRQ_POLL/s  TASKLET/s    SCHED/s  HRTIMER/s      RCU/s
17시 07분 18초    0       4.00      14.00       0.00      11.00       0.00       0.00       0.00      47.00       0.00      38.00
17시 07분 18초    1       0.00      40.00       0.00       0.00       0.00       0.00       0.00      50.00       0.00     116.00
17시 07분 18초    2       0.00      15.00       0.00       0.00       0.00       0.00       0.00      35.00       0.00      35.00
17시 07분 18초    3       0.00      11.00       0.00       0.00       0.00       0.00       0.00      31.00       0.00      41.00
17시 07분 18초    4       0.00      34.00       0.00       0.00       0.00       0.00       0.00      45.00       0.00      36.00
17시 07분 18초    5       0.00      62.00       0.00       0.00       0.00       0.00       0.00      50.00       0.00      53.00

17시 07분 18초  CPU    %usr   %nice    %sys %iowait    %irq   %soft  %steal  %guest  %gnice   %idle
17시 07분 19초  all    0.67    0.00    1.01    0.00    0.00    0.00    0.00    0.00    0.00   98.32
17시 07분 19초    0    1.00    0.00    2.00    0.00    0.00    0.00    0.00    0.00    0.00   97.00
17시 07분 19초    1    1.02    0.00    0.00    0.00    0.00    0.00    0.00    0.00    0.00   98.98
17시 07분 19초    2    0.00    0.00    0.99    0.00    0.00    0.00    0.00    0.00    0.00   99.01
17시 07분 19초    3    2.02    0.00    1.01    0.00    0.00    0.00    0.00    0.00    0.00   96.97
17시 07분 19초    4    0.00    0.00    0.00    0.00    0.00    0.00    0.00    0.00    0.00  100.00
17시 07분 19초    5    0.00    0.00    2.02    0.00    0.00    0.00    0.00    0.00    0.00   97.98

17시 07분 18초  CPU    intr/s
17시 07분 19초  all    269.00
17시 07분 19초    0     62.00
17시 07분 19초    1     72.00
17시 07분 19초    2     41.00
17시 07분 19초    3     87.00
17시 07분 19초    4     50.00
17시 07분 19초    5     32.00

17시 07분 18초  CPU        9/s       11/s       12/s       13/s       18/s       20/s       21/s       22/s       23/s       24/s       25/s       26/s       27/s       28/s       29/s       30/s       31/s       32/s       33/s       34/s       35/s       36/s       37/s       38/s       39/s       40/s       41/s       42/s       43/s       44/s       45/s       46/s       47/s       48/s       49/s       50/s       51/s       52/s       53/s       54/s       55/s       57/s       59/s       61/s       65/s       66/s       67/s       68/s       69/s       70/s       71/s       72/s       73/s       74/s       75/s       76/s       77/s       79/s       80/s       81/s       82/s       83/s       84/s       85/s       86/s       87/s       88/s       89/s       90/s       91/s       92/s       93/s       94/s       95/s       96/s       97/s       98/s      112/s      113/s      114/s      115/s      116/s      117/s      118/s      119/s      120/s      121/s      122/s      123/s      124/s      125/s      126/s      127/s      128/s      129/s      130/s      131/s      132/s      133/s      134/s      135/s      136/s      137/s      138/s      150/s      154/s      162/s      167/s      171/s      224/s      228/s      229/s      230/s      231/s      232/s      233/s      234/s      235/s      236/s      237/s      245/s      246/s      247/s      249/s      250/s      252/s      253/s      262/s      263/s      294/s      296/s      297/s      298/s      299/s      301/s      302/s     IPI0/s     IPI1/s     IPI2/s     IPI3/s     IPI4/s     IPI5/s     IPI6/s      Err/s
17시 07분 19초    0       0.00       0.00       0.00      32.00       0.00       0.00       0.00       0.00       0.00       0.00       0.00       0.00       0.00       0.00       0.00       0.00       0.00       0.00       0.00       0.00       0.00       0.00       0.00       0.00       0.00       0.00       0.00       0.00       0.00       0.00       0.00       0.00       0.00       0.00       0.00       0.00       0.00       0.00       0.00       0.00       0.00       0.00       0.00       0.00       0.00       0.00       0.00       0.00       0.00       0.00       0.00       0.00       0.00       0.00       0.00       0.00       0.00       0.00       0.00       0.00       0.00       0.00       0.00       0.00       0.00       0.00       0.00       0.00       0.00       0.00       0.00       0.00       0.00       0.00       0.00       0.00       0.00       0.00       0.00       0.00       0.00       0.00       0.00       0.00       0.00       0.00       0.00       0.00       0.00       0.00       0.00       0.00       0.00       0.00       0.00       0.00       0.00       0.00       0.00       0.00       0.00       0.00       0.00       0.00       0.00       5.00       0.00       0.00       0.00       0.00       0.00       0.00       0.00       0.00       0.00       0.00       0.00       0.00       0.00       0.00       0.00       0.00       0.00       0.00       0.00       0.00       0.00       0.00       0.00       0.00       0.00       0.00       0.00       0.00      12.00       0.00       0.00       2.00       0.00       0.00       0.00       0.00       0.00       0.00
17시 07분 19초    1       0.00       0.00       0.00      52.00       0.00       0.00       0.00       0.00       0.00       0.00       0.00       0.00       0.00       0.00       0.00       0.00       0.00       0.00       0.00       0.00       0.00       0.00       0.00       0.00       0.00       0.00       0.00       0.00       0.00       0.00       0.00       0.00       0.00       0.00       0.00       0.00       0.00       0.00       0.00       0.00       0.00       0.00       0.00       0.00       0.00       0.00       0.00       0.00       0.00       0.00       0.00       0.00       0.00       0.00       0.00       0.00       0.00       0.00       0.00       0.00       0.00       0.00       0.00       0.00       0.00       0.00       0.00       0.00       0.00       0.00       0.00       0.00       0.00       0.00       0.00       0.00       0.00       0.00       0.00       0.00       0.00       0.00       0.00       0.00       0.00       0.00       0.00       0.00       0.00       0.00       0.00       0.00       0.00       0.00       0.00       0.00       0.00       0.00       0.00       0.00       0.00       0.00       0.00       0.00       0.00       0.00       0.00       0.00       0.00       0.00       0.00       0.00       0.00       0.00       0.00       0.00       0.00       0.00       0.00       0.00       0.00       0.00       0.00       0.00       0.00       0.00       0.00       0.00       0.00       0.00       0.00       0.00       0.00       0.00       0.00       0.00       6.00       1.00       0.00       0.00       0.00       0.00       0.00       0.00
17시 07분 19초    2       0.00       0.00       0.00      27.00       0.00       0.00       0.00       0.00       0.00       0.00       0.00       0.00       0.00       0.00       0.00       0.00       0.00       0.00       0.00       0.00       0.00       0.00       0.00       0.00       0.00       0.00       0.00       0.00       0.00       0.00       0.00       0.00       0.00       0.00       0.00       0.00       0.00       0.00       0.00       0.00       0.00       0.00       0.00       0.00       0.00       0.00       0.00       0.00       0.00       0.00       0.00       0.00       0.00       0.00       0.00       0.00       0.00       0.00       0.00       0.00       0.00       0.00       0.00       0.00       0.00       0.00       0.00       0.00       0.00       0.00       0.00       0.00       0.00       0.00       0.00       0.00       0.00       0.00       0.00       0.00       0.00       0.00       0.00       0.00       0.00       0.00       0.00       0.00       0.00       0.00       0.00       0.00       0.00       0.00       0.00       0.00       0.00       0.00       0.00       0.00       0.00       0.00       0.00       0.00       0.00       0.00       0.00       0.00       0.00       0.00       0.00       0.00       0.00       0.00       0.00       0.00       0.00       0.00       0.00       0.00       0.00       0.00       0.00       0.00       0.00       0.00       0.00       0.00       0.00       0.00       0.00       0.00       0.00       0.00       0.00       0.00       0.00       0.00       0.00       0.00       0.00       0.00       0.00       0.00
17시 07분 19초    3       0.00       0.00       0.00      59.00       0.00       0.00       0.00       0.00       0.00       0.00       0.00       0.00       0.00       0.00       0.00       0.00       0.00       0.00       0.00       0.00       0.00       0.00       0.00       0.00       0.00       0.00       0.00       0.00       0.00       0.00       0.00       0.00       0.00       0.00       0.00       0.00       0.00       0.00       0.00       0.00       0.00       0.00       0.00       0.00       0.00       0.00       0.00       0.00       0.00       0.00       0.00       0.00       0.00       0.00       0.00       0.00       0.00       0.00       0.00       0.00       0.00       0.00       0.00       0.00       0.00       0.00       0.00       0.00       0.00       0.00       0.00       0.00       0.00       0.00       0.00       0.00       0.00       0.00       0.00       0.00       0.00       0.00       0.00       0.00       0.00       0.00       0.00       0.00       0.00       0.00       0.00       0.00       0.00       0.00       0.00       0.00       0.00       0.00       0.00       0.00       0.00       0.00       0.00       0.00       0.00       0.00       0.00       0.00       0.00       0.00       0.00       0.00       0.00       0.00       0.00       0.00       0.00       0.00       0.00       0.00       0.00       0.00       0.00       0.00       0.00       0.00       0.00       0.00       0.00       0.00       0.00       0.00       0.00       0.00       0.00       0.00       4.00       0.00       0.00       0.00       0.00       0.00       0.00       0.00
17시 07분 19초    4       0.00       0.00       0.00      21.00       0.00       0.00       0.00       0.00       0.00       0.00       0.00       0.00       0.00       0.00       0.00       0.00       0.00       0.00       0.00       0.00       0.00       0.00       0.00       0.00       0.00       0.00       0.00       0.00       0.00       0.00       0.00       0.00       0.00       0.00       0.00       0.00       0.00       0.00       0.00       0.00       0.00       0.00       0.00       0.00       0.00       0.00       0.00       0.00       0.00       0.00       0.00       0.00       0.00       0.00       0.00       0.00       0.00       0.00       0.00       0.00       0.00       0.00       0.00       0.00       0.00       0.00       0.00       0.00       0.00       0.00       0.00       0.00       0.00       0.00       0.00       0.00       0.00       0.00       0.00       0.00       0.00       0.00       0.00       0.00       0.00       0.00       0.00       0.00       0.00       0.00       0.00       0.00       0.00       0.00       0.00       0.00       0.00       0.00       0.00       0.00       0.00       0.00       0.00       0.00       0.00       0.00       0.00       0.00       0.00       0.00       0.00       0.00       0.00       0.00       0.00       0.00       0.00       0.00       0.00       0.00       0.00       0.00       0.00       0.00       0.00       0.00       0.00       0.00       0.00       0.00       0.00       0.00       0.00       0.00       0.00       0.00      14.00       0.00       0.00       0.00       0.00       0.00       0.00       0.00
17시 07분 19초    5       0.00       0.00       0.00      32.00       0.00       0.00       0.00       0.00       0.00       0.00       0.00       0.00       0.00       0.00       0.00       0.00       0.00       0.00       0.00       0.00       0.00       0.00       0.00       0.00       0.00       0.00       0.00       0.00       0.00       0.00       0.00       0.00       0.00       0.00       0.00       0.00       0.00       0.00       0.00       0.00       0.00       0.00       0.00       0.00       0.00       0.00       0.00       0.00       0.00       0.00       0.00       0.00       0.00       0.00       0.00       0.00       0.00       0.00       0.00       0.00       0.00       0.00       0.00       0.00       0.00       0.00       0.00       0.00       0.00       0.00       0.00       0.00       0.00       0.00       0.00       0.00       0.00       0.00       0.00       0.00       0.00       0.00       0.00       0.00       0.00       0.00       0.00       0.00       0.00       0.00       0.00       0.00       0.00       0.00       0.00       0.00       0.00       0.00       0.00       0.00       0.00       0.00       0.00       0.00       0.00       0.00       0.00       0.00       0.00       0.00       0.00       0.00       0.00       0.00       0.00       0.00       0.00       0.00       0.00       0.00       0.00       0.00       0.00       0.00       0.00       0.00       0.00       0.00       0.00       0.00       0.00       0.00       0.00       0.00       0.00       0.00       1.00       0.00       0.00       0.00       0.00       0.00       0.00       0.00

17시 07분 18초  CPU       HI/s    TIMER/s   NET_TX/s   NET_RX/s    BLOCK/s IRQ_POLL/s  TASKLET/s    SCHED/s  HRTIMER/s      RCU/s
17시 07분 19초    0       0.00      11.00       0.00      11.00       0.00       0.00       0.00      20.00       0.00      20.00
17시 07분 19초    1       0.00      23.00       0.00       0.00       0.00       0.00       0.00      27.00       0.00      22.00
17시 07분 19초    2       0.00      11.00       0.00       0.00       0.00       0.00       0.00      15.00       0.00      15.00
17시 07분 19초    3       0.00      25.00       0.00       0.00       0.00       0.00       0.00      33.00       0.00      29.00
17시 07분 19초    4       0.00      19.00       0.00       0.00       0.00       0.00       0.00      14.00       0.00      17.00
17시 07분 19초    5       0.00       2.00       0.00       0.00       0.00       0.00       0.00      11.00       0.00      19.00

17시 07분 19초  CPU    %usr   %nice    %sys %iowait    %irq   %soft  %steal  %guest  %gnice   %idle
17시 07분 20초  all    0.50    0.00    1.51    0.00    0.00    0.17    0.00    0.00    0.00   97.83
17시 07분 20초    0    1.01    0.00    1.01    0.00    0.00    0.00    0.00    0.00    0.00   97.98
17시 07분 20초    1    0.00    0.00    2.02    0.00    0.00    0.00    0.00    0.00    0.00   97.98
17시 07분 20초    2    0.99    0.00    0.99    0.00    0.00    0.00    0.00    0.00    0.00   98.02
17시 07분 20초    3    0.00    0.00    2.04    0.00    0.00    0.00    0.00    0.00    0.00   97.96
17시 07분 20초    4    0.00    0.00    0.00    0.00    0.00    0.99    0.00    0.00    0.00   99.01
17시 07분 20초    5    1.00    0.00    3.00    0.00    0.00    0.00    0.00    0.00    0.00   96.00

17시 07분 19초  CPU    intr/s
17시 07분 20초  all    448.00
17시 07분 20초    0     72.00
17시 07분 20초    1     96.00
17시 07분 20초    2     48.00
17시 07분 20초    3     57.00
17시 07분 20초    4     56.00
17시 07분 20초    5     41.00

17시 07분 19초  CPU        9/s       11/s       12/s       13/s       18/s       20/s       21/s       22/s       23/s       24/s       25/s       26/s       27/s       28/s       29/s       30/s       31/s       32/s       33/s       34/s       35/s       36/s       37/s       38/s       39/s       40/s       41/s       42/s       43/s       44/s       45/s       46/s       47/s       48/s       49/s       50/s       51/s       52/s       53/s       54/s       55/s       57/s       59/s       61/s       65/s       66/s       67/s       68/s       69/s       70/s       71/s       72/s       73/s       74/s       75/s       76/s       77/s       79/s       80/s       81/s       82/s       83/s       84/s       85/s       86/s       87/s       88/s       89/s       90/s       91/s       92/s       93/s       94/s       95/s       96/s       97/s       98/s      112/s      113/s      114/s      115/s      116/s      117/s      118/s      119/s      120/s      121/s      122/s      123/s      124/s      125/s      126/s      127/s      128/s      129/s      130/s      131/s      132/s      133/s      134/s      135/s      136/s      137/s      138/s      150/s      154/s      162/s      167/s      171/s      224/s      228/s      229/s      230/s      231/s      232/s      233/s      234/s      235/s      236/s      237/s      245/s      246/s      247/s      249/s      250/s      252/s      253/s      262/s      263/s      294/s      296/s      297/s      298/s      299/s      301/s      302/s     IPI0/s     IPI1/s     IPI2/s     IPI3/s     IPI4/s     IPI5/s     IPI6/s      Err/s
17시 07분 20초    0       0.00       0.00       0.00      50.00       0.00       0.00       0.00       0.00       0.00       0.00       0.00       0.00       0.00       0.00       0.00       0.00       0.00       0.00       0.00       0.00       0.00       0.00       0.00       0.00       0.00       0.00       0.00       0.00       0.00       0.00       0.00       0.00       0.00       0.00       0.00       0.00       0.00       0.00       0.00       0.00       0.00       0.00       0.00       0.00       0.00       0.00       0.00       0.00       0.00       0.00       0.00       0.00       0.00       0.00       0.00       0.00       0.00       0.00       0.00       0.00       0.00       0.00       0.00       0.00       0.00       0.00       0.00       0.00       0.00       0.00       0.00       0.00       0.00       0.00       0.00       0.00       0.00      73.00       0.00       0.00       0.00       0.00       0.00       0.00       0.00       0.00       0.00       0.00       0.00       0.00       0.00       0.00       0.00       0.00       0.00       0.00       0.00       0.00       0.00       0.00       0.00       0.00       0.00       0.00       0.00       5.00       0.00       0.00       0.00       0.00       0.00       0.00       0.00       0.00       0.00       0.00       0.00       0.00       0.00       0.00       0.00       0.00       0.00       0.00       0.00       0.00       0.00       0.00       0.00       0.00       0.00       0.00       0.00       0.00      12.00       0.00       0.00       3.00       0.00       0.00       0.00       0.00       0.00       0.00
17시 07분 20초    1       0.00       0.00       0.00      64.00       0.00       0.00       0.00       0.00       0.00       0.00       0.00       0.00       0.00       0.00       0.00       0.00       0.00       0.00       0.00       0.00       0.00       0.00       0.00       0.00       0.00       0.00       0.00       0.00       0.00       0.00       0.00       0.00       0.00       0.00       0.00       0.00       0.00       0.00       0.00       0.00       0.00       0.00       0.00       0.00       0.00       0.00       0.00       0.00       0.00       0.00       0.00       0.00       0.00       0.00       0.00       0.00       0.00       0.00       0.00       0.00       0.00       0.00       0.00       0.00       0.00       0.00       0.00       0.00       0.00       0.00       0.00       0.00       0.00       0.00       0.00       0.00       0.00       0.00       0.00       0.00       0.00       0.00       0.00       0.00       0.00       0.00       0.00       0.00       0.00       0.00       0.00       0.00       0.00       0.00       0.00       0.00       0.00       0.00       0.00       0.00       0.00       0.00       0.00       0.00       0.00       0.00       0.00       0.00       0.00       0.00       0.00       0.00       0.00       0.00       0.00       0.00       0.00       0.00       0.00       0.00       0.00       0.00       0.00       0.00       0.00       0.00       0.00       0.00       0.00       0.00       0.00       0.00       0.00       0.00       0.00       0.00       2.00       2.00       0.00       0.00       0.00       0.00       0.00       0.00
17시 07분 20초    2       0.00       0.00       0.00      32.00       0.00       0.00       0.00       0.00       0.00       0.00       0.00       0.00       0.00       0.00       0.00       0.00       0.00       0.00       0.00       0.00       0.00       0.00       0.00       0.00       0.00       0.00       0.00       0.00       0.00       0.00       0.00       0.00       0.00       0.00       0.00       0.00       0.00       0.00       0.00       0.00       0.00       0.00       0.00       0.00       0.00       0.00       0.00       0.00       0.00       0.00       0.00       0.00       0.00       0.00       0.00       0.00       0.00       0.00       0.00       0.00       0.00       0.00       0.00       0.00       0.00       0.00       0.00       0.00       0.00       0.00       0.00       0.00       0.00       0.00       0.00       0.00       0.00       0.00       0.00       0.00       0.00       0.00       0.00       0.00       0.00       0.00       0.00       0.00       0.00       0.00       0.00       0.00       0.00       0.00       0.00       0.00       0.00       0.00       0.00       0.00       0.00       0.00       0.00       0.00       0.00       0.00       0.00       0.00       0.00       0.00       0.00       0.00       0.00       0.00       0.00       0.00       0.00       0.00       0.00       0.00       0.00       0.00       0.00       0.00       0.00       0.00       0.00       0.00       0.00       0.00       0.00       0.00       0.00       0.00       0.00       0.00       1.00       1.00       0.00       0.00       0.00       0.00       0.00       0.00
17시 07분 20초    3       0.00       0.00       0.00      47.00       0.00       0.00       0.00       0.00       0.00       0.00       0.00       0.00       0.00       0.00       0.00       0.00       0.00       0.00       0.00       0.00       0.00       0.00       0.00       0.00       0.00       0.00       0.00       0.00       0.00       0.00       0.00       0.00       0.00       0.00       0.00       0.00       0.00       0.00       0.00       0.00       0.00       0.00       0.00       0.00       0.00       0.00       0.00       0.00       0.00       0.00       0.00       0.00       0.00       0.00       0.00       0.00       0.00       0.00       0.00       0.00       0.00       0.00       0.00       0.00       0.00       0.00       0.00       0.00       0.00       0.00       0.00       0.00       0.00       0.00       0.00       0.00       0.00       0.00       0.00       0.00       0.00       0.00       0.00       0.00       0.00       0.00       0.00       0.00       0.00       0.00       0.00       0.00       0.00       0.00       0.00       0.00       0.00       0.00       0.00       0.00       0.00       0.00       0.00       0.00       0.00       0.00       0.00       0.00       0.00       0.00       0.00       0.00       0.00       0.00       0.00       0.00       0.00       0.00       0.00       0.00       0.00       0.00       0.00       0.00       0.00       0.00       0.00       0.00       0.00       0.00       0.00       0.00       0.00       0.00       0.00       0.00       1.00       0.00       0.00       0.00       0.00       0.00       0.00       0.00
17시 07분 20초    4       0.00       0.00       0.00      25.00       0.00       0.00       0.00       0.00       0.00       0.00       0.00       0.00       0.00       0.00       0.00       0.00       0.00       0.00       0.00       0.00       0.00       0.00       0.00       0.00       0.00       0.00       0.00       0.00       0.00       0.00       0.00       0.00       0.00       0.00       0.00       0.00       0.00       0.00       0.00       0.00       0.00       0.00       0.00       0.00       0.00       0.00       0.00       0.00       0.00       0.00       0.00       0.00       0.00       0.00       0.00       0.00       0.00       0.00       0.00       0.00       0.00       0.00       0.00       0.00       0.00       0.00       0.00       0.00       0.00       0.00       0.00       0.00       0.00       0.00       0.00       0.00       0.00       0.00       0.00       0.00       0.00       0.00       0.00       0.00       0.00       0.00       0.00       0.00       0.00       0.00       0.00       0.00       0.00       0.00       0.00       0.00       0.00       0.00       0.00       0.00       0.00       0.00       0.00       0.00       0.00       0.00       0.00       0.00       0.00       0.00       0.00       0.00       0.00       0.00       0.00       0.00       0.00       0.00       0.00       0.00       0.00       0.00       0.00       0.00       0.00       0.00       0.00       0.00       0.00       0.00       0.00       0.00       0.00       0.00       0.00       0.00      17.00       0.00       0.00       0.00       0.00       0.00       0.00       0.00
17시 07분 20초    5       0.00       0.00       0.00      41.00       0.00       0.00       0.00       0.00       0.00       0.00       0.00       0.00       0.00       0.00       0.00       0.00       0.00       0.00       0.00       0.00       0.00       0.00       0.00       0.00       0.00       0.00       0.00       0.00       0.00       0.00       0.00       0.00       0.00       0.00       0.00       0.00       0.00       0.00       0.00       0.00       0.00       0.00       0.00       0.00       0.00       0.00       0.00       0.00       0.00       0.00       0.00       0.00       0.00       0.00       0.00       0.00       0.00       0.00       0.00       0.00       0.00       0.00       0.00       0.00       0.00       0.00       0.00       0.00       0.00       0.00       0.00       0.00       0.00       0.00       0.00       0.00       0.00       0.00       0.00       0.00       0.00       0.00       0.00       0.00       0.00       0.00       0.00       0.00       0.00       0.00       0.00       0.00       0.00       0.00       0.00       0.00       0.00       0.00       0.00       0.00       0.00       0.00       0.00       0.00       0.00       0.00       0.00       0.00       0.00       0.00       0.00       0.00       0.00       0.00       0.00       0.00       0.00       0.00       0.00       0.00       0.00       0.00       0.00       0.00       0.00       0.00       0.00       0.00       0.00       0.00       0.00       0.00       0.00       0.00       0.00       0.00      72.00       0.00       0.00       0.00       0.00       0.00       0.00       0.00

17시 07분 19초  CPU       HI/s    TIMER/s   NET_TX/s   NET_RX/s    BLOCK/s IRQ_POLL/s  TASKLET/s    SCHED/s  HRTIMER/s      RCU/s
17시 07분 20초    0       0.00      12.00       1.00      11.00       0.00       0.00       0.00      26.00       0.00      22.00
17시 07분 20초    1       0.00      33.00       0.00       0.00       0.00       0.00       0.00      39.00       0.00      24.00
17시 07분 20초    2       0.00      12.00       0.00       0.00       0.00       0.00       0.00      19.00       0.00      17.00
17시 07분 20초    3       0.00      14.00       0.00       0.00       0.00       0.00       0.00      22.00       0.00      21.00
17시 07분 20초    4       0.00      22.00       0.00       0.00       0.00       0.00       0.00      17.00       0.00      17.00
17시 07분 20초    5       0.00       4.00       0.00       0.00       0.00       0.00       0.00      15.00       0.00      22.00

17시 07분 20초  CPU    %usr   %nice    %sys %iowait    %irq   %soft  %steal  %guest  %gnice   %idle
17시 07분 21초  all    0.50    0.00    1.17    0.00    0.00    0.00    0.00    0.00    0.00   98.33
17시 07분 21초    0    0.00    0.00    2.00    0.00    0.00    0.00    0.00    0.00    0.00   98.00
17시 07분 21초    1    0.00    0.00    1.01    0.00    0.00    0.00    0.00    0.00    0.00   98.99
17시 07분 21초    2    0.00    0.00    0.00    0.00    0.00    0.00    0.00    0.00    0.00  100.00
17시 07분 21초    3    1.00    0.00    2.00    0.00    0.00    0.00    0.00    0.00    0.00   97.00
17시 07분 21초    4    0.00    0.00    0.00    0.00    0.00    0.00    0.00    0.00    0.00  100.00
17시 07분 21초    5    1.98    0.00    1.98    0.00    0.00    0.00    0.00    0.00    0.00   96.04

17시 07분 20초  CPU    intr/s
17시 07분 21초  all    331.00
17시 07분 21초    0     90.00
17시 07분 21초    1     70.00
17시 07분 21초    2     42.00
17시 07분 21초    3     88.00
17시 07분 21초    4     50.00
17시 07분 21초    5     41.00

17시 07분 20초  CPU        9/s       11/s       12/s       13/s       18/s       20/s       21/s       22/s       23/s       24/s       25/s       26/s       27/s       28/s       29/s       30/s       31/s       32/s       33/s       34/s       35/s       36/s       37/s       38/s       39/s       40/s       41/s       42/s       43/s       44/s       45/s       46/s       47/s       48/s       49/s       50/s       51/s       52/s       53/s       54/s       55/s       57/s       59/s       61/s       65/s       66/s       67/s       68/s       69/s       70/s       71/s       72/s       73/s       74/s       75/s       76/s       77/s       79/s       80/s       81/s       82/s       83/s       84/s       85/s       86/s       87/s       88/s       89/s       90/s       91/s       92/s       93/s       94/s       95/s       96/s       97/s       98/s      112/s      113/s      114/s      115/s      116/s      117/s      118/s      119/s      120/s      121/s      122/s      123/s      124/s      125/s      126/s      127/s      128/s      129/s      130/s      131/s      132/s      133/s      134/s      135/s      136/s      137/s      138/s      150/s      154/s      162/s      167/s      171/s      224/s      228/s      229/s      230/s      231/s      232/s      233/s      234/s      235/s      236/s      237/s      245/s      246/s      247/s      249/s      250/s      252/s      253/s      262/s      263/s      294/s      296/s      297/s      298/s      299/s      301/s      302/s     IPI0/s     IPI1/s     IPI2/s     IPI3/s     IPI4/s     IPI5/s     IPI6/s      Err/s
17시 07분 21초    0       0.00       0.00       0.00      48.00       0.00       0.00       0.00       0.00       0.00       0.00       0.00       0.00       0.00       0.00       0.00       0.00       0.00       0.00       0.00       0.00       0.00       0.00       0.00       0.00       0.00       0.00       0.00       0.00       0.00       0.00       0.00       0.00       0.00       0.00       0.00       0.00       0.00       0.00       0.00       0.00       0.00       0.00       0.00       0.00       0.00       0.00       0.00       0.00       0.00       0.00       0.00       0.00       0.00       0.00       0.00       0.00       0.00       0.00       0.00       0.00       0.00       0.00       0.00       0.00       0.00       0.00       0.00       0.00       0.00       0.00       0.00       0.00       0.00       0.00       0.00       0.00       0.00       2.00       0.00       0.00       0.00       0.00       0.00       0.00       0.00       0.00       0.00       0.00       0.00       0.00       0.00       0.00       0.00       0.00       0.00       0.00       0.00       0.00       0.00       0.00       0.00       0.00       0.00       0.00       0.00      10.00       0.00       0.00       0.00       0.00       0.00       0.00       0.00       0.00       0.00       0.00       0.00       0.00       0.00       0.00       0.00       0.00       0.00       0.00       0.00       0.00       0.00       0.00       0.00       0.00       0.00       0.00       0.00       0.00      36.00       0.00       0.00       3.00       0.00       0.00       0.00       0.00       0.00       0.00
17시 07분 21초    1       0.00       0.00       0.00      46.00       0.00       0.00       0.00       0.00       0.00       0.00       0.00       0.00       0.00       0.00       0.00       0.00       0.00       0.00       0.00       0.00       0.00       0.00       0.00       0.00       0.00       0.00       0.00       0.00       0.00       0.00       0.00       0.00       0.00       0.00       0.00       0.00       0.00       0.00       0.00       0.00       0.00       0.00       0.00       0.00       0.00       0.00       0.00       0.00       0.00       0.00       0.00       0.00       0.00       0.00       0.00       0.00       0.00       0.00       0.00       0.00       0.00       0.00       0.00       0.00       0.00       0.00       0.00       0.00       0.00       0.00       0.00       0.00       0.00       0.00       0.00       0.00       0.00       0.00       0.00       0.00       0.00       0.00       0.00       0.00       0.00       0.00       0.00       0.00       0.00       0.00       0.00       0.00       0.00       0.00       0.00       0.00       0.00       0.00       0.00       0.00       0.00       0.00       0.00       0.00       0.00       0.00       0.00       0.00       0.00       0.00       0.00       0.00       0.00       0.00       0.00       0.00       0.00       0.00       0.00       0.00       0.00       0.00       0.00       0.00       0.00       0.00       0.00       0.00       0.00       0.00       0.00       0.00       0.00       0.00       0.00       0.00       5.00       1.00       0.00       0.00       0.00       0.00       0.00       0.00
17시 07분 21초    2       0.00       0.00       0.00      28.00       0.00       0.00       0.00       0.00       0.00       0.00       0.00       0.00       0.00       0.00       0.00       0.00       0.00       0.00       0.00       0.00       0.00       0.00       0.00       0.00       0.00       0.00       0.00       0.00       0.00       0.00       0.00       0.00       0.00       0.00       0.00       0.00       0.00       0.00       0.00       0.00       0.00       0.00       0.00       0.00       0.00       0.00       0.00       0.00       0.00       0.00       0.00       0.00       0.00       0.00       0.00       0.00       0.00       0.00       0.00       0.00       0.00       0.00       0.00       0.00       0.00       0.00       0.00       0.00       0.00       0.00       0.00       0.00       0.00       0.00       0.00       0.00       0.00       0.00       0.00       0.00       0.00       0.00       0.00       0.00       0.00       0.00       0.00       0.00       0.00       0.00       0.00       0.00       0.00       0.00       0.00       0.00       0.00       0.00       0.00       0.00       0.00       0.00       0.00       0.00       0.00       0.00       0.00       0.00       0.00       0.00       0.00       0.00       0.00       0.00       0.00       0.00       0.00       0.00       0.00       0.00       0.00       0.00       0.00       0.00       0.00       0.00       0.00       0.00       0.00       0.00       0.00       0.00       0.00       0.00       0.00       0.00       1.00       1.00       0.00       0.00       0.00       0.00       0.00       0.00
17시 07분 21초    3       0.00       0.00       0.00      58.00       0.00       0.00       0.00       0.00       0.00       0.00       0.00       0.00       0.00       0.00       0.00       0.00       0.00       0.00       0.00       0.00       0.00       0.00       0.00       0.00       0.00       0.00       0.00       0.00       0.00       0.00       0.00       0.00       0.00       0.00       0.00       0.00       0.00       0.00       0.00       0.00       0.00       0.00       0.00       0.00       0.00       0.00       0.00       0.00       0.00       0.00       0.00       0.00       0.00       0.00       0.00       0.00       0.00       0.00       0.00       0.00       0.00       0.00       0.00       0.00       0.00       0.00       0.00       0.00       0.00       0.00       0.00       0.00       0.00       0.00       0.00       0.00       0.00       0.00       0.00       0.00       0.00       0.00       0.00       0.00       0.00       0.00       0.00       0.00       0.00       0.00       0.00       0.00       0.00       0.00       0.00       0.00       0.00       0.00       0.00       0.00       0.00       0.00       0.00       0.00       0.00       0.00       0.00       0.00       0.00       0.00       0.00       0.00       0.00       0.00       0.00       0.00       0.00       0.00       0.00       0.00       0.00       0.00       0.00       0.00       0.00       0.00       0.00       0.00       0.00       0.00       0.00       0.00       0.00       0.00       0.00       0.00       4.00       0.00       0.00       0.00       0.00       0.00       0.00       0.00
17시 07분 21초    4       0.00       0.00       0.00      21.00       0.00       0.00       0.00       0.00       0.00       0.00       0.00       0.00       0.00       0.00       0.00       0.00       0.00       0.00       0.00       0.00       0.00       0.00       0.00       0.00       0.00       0.00       0.00       0.00       0.00       0.00       0.00       0.00       0.00       0.00       0.00       0.00       0.00       0.00       0.00       0.00       0.00       0.00       0.00       0.00       0.00       0.00       0.00       0.00       0.00       0.00       0.00       0.00       0.00       0.00       0.00       0.00       0.00       0.00       0.00       0.00       0.00       0.00       0.00       0.00       0.00       0.00       0.00       0.00       0.00       0.00       0.00       0.00       0.00       0.00       0.00       0.00       0.00       0.00       0.00       0.00       0.00       0.00       0.00       0.00       0.00       0.00       0.00       0.00       0.00       0.00       0.00       0.00       0.00       0.00       0.00       0.00       0.00       0.00       0.00       0.00       0.00       0.00       0.00       0.00       0.00       0.00       0.00       0.00       0.00       0.00       0.00       0.00       0.00       0.00       0.00       0.00       0.00       0.00       0.00       0.00       0.00       0.00       0.00       0.00       0.00       0.00       0.00       0.00       0.00       0.00       0.00       0.00       0.00       0.00       0.00       0.00      17.00       1.00       0.00       0.00       0.00       0.00       0.00       0.00
17시 07분 21초    5       0.00       0.00       0.00      42.00       0.00       0.00       0.00       0.00       0.00       0.00       0.00       0.00       0.00       0.00       0.00       0.00       0.00       0.00       0.00       0.00       0.00       0.00       0.00       0.00       0.00       0.00       0.00       0.00       0.00       0.00       0.00       0.00       0.00       0.00       0.00       0.00       0.00       0.00       0.00       0.00       0.00       0.00       0.00       0.00       0.00       0.00       0.00       0.00       0.00       0.00       0.00       0.00       0.00       0.00       0.00       0.00       0.00       0.00       0.00       0.00       0.00       0.00       0.00       0.00       0.00       0.00       0.00       0.00       0.00       0.00       0.00       0.00       0.00       0.00       0.00       0.00       0.00       0.00       0.00       0.00       0.00       0.00       0.00       0.00       0.00       0.00       0.00       0.00       0.00       0.00       0.00       0.00       0.00       0.00       0.00       0.00       0.00       0.00       0.00       0.00       0.00       0.00       0.00       0.00       0.00       0.00       0.00       0.00       0.00       0.00       0.00       0.00       0.00       0.00       0.00       0.00       0.00       0.00       0.00       0.00       0.00       0.00       0.00       0.00       0.00       0.00       0.00       0.00       0.00       0.00       0.00       0.00       0.00       0.00       0.00       0.00       7.00       0.00       0.00       0.00       0.00       0.00       0.00       0.00

17시 07분 20초  CPU       HI/s    TIMER/s   NET_TX/s   NET_RX/s    BLOCK/s IRQ_POLL/s  TASKLET/s    SCHED/s  HRTIMER/s      RCU/s
17시 07분 21초    0       0.00      11.00       0.00      33.00       0.00       0.00       0.00      24.00       0.00      22.00
17시 07분 21초    1       0.00      21.00       0.00       0.00       0.00       0.00       0.00      28.00       0.00      21.00
17시 07분 21초    2       0.00      11.00       0.00       0.00       0.00       0.00       0.00      16.00       0.00      15.00
17시 07분 21초    3       0.00      28.00       0.00       0.00       0.00       0.00       0.00      33.00       0.00      27.00
17시 07분 21초    4       0.00      18.00       0.00       0.00       0.00       0.00       0.00      15.00       0.00      17.00
17시 07분 21초    5       0.00       3.00       0.00       0.00       0.00       0.00       0.00      16.00       0.00      22.00

17시 07분 21초  CPU    %usr   %nice    %sys %iowait    %irq   %soft  %steal  %guest  %gnice   %idle
17시 07분 22초  all    0.34    0.00    3.85    1.17    0.00    0.00    0.00    0.00    0.00   94.64
17시 07분 22초    0    1.00    0.00    2.00    0.00    0.00    0.00    0.00    0.00    0.00   97.00
17시 07분 22초    1    0.00    0.00    2.02    4.04    0.00    0.00    0.00    0.00    0.00   93.94
17시 07분 22초    2    0.00    0.00   14.00    3.00    0.00    0.00    0.00    0.00    0.00   83.00
17시 07분 22초    3    0.00    0.00    2.04    0.00    0.00    0.00    0.00    0.00    0.00   97.96
17시 07분 22초    4    0.00    0.00    0.00    0.00    0.00    0.00    0.00    0.00    0.00  100.00
17시 07분 22초    5    1.00    0.00    3.00    0.00    0.00    0.00    0.00    0.00    0.00   96.00

17시 07분 21초  CPU    intr/s
17시 07분 22초  all    685.00
17시 07분 22초    0     79.00
17시 07분 22초    1     76.00
17시 07분 22초    2     82.00
17시 07분 22초    3     94.00
17시 07분 22초    4     47.00
17시 07분 22초    5     35.00

17시 07분 21초  CPU        9/s       11/s       12/s       13/s       18/s       20/s       21/s       22/s       23/s       24/s       25/s       26/s       27/s       28/s       29/s       30/s       31/s       32/s       33/s       34/s       35/s       36/s       37/s       38/s       39/s       40/s       41/s       42/s       43/s       44/s       45/s       46/s       47/s       48/s       49/s       50/s       51/s       52/s       53/s       54/s       55/s       57/s       59/s       61/s       65/s       66/s       67/s       68/s       69/s       70/s       71/s       72/s       73/s       74/s       75/s       76/s       77/s       79/s       80/s       81/s       82/s       83/s       84/s       85/s       86/s       87/s       88/s       89/s       90/s       91/s       92/s       93/s       94/s       95/s       96/s       97/s       98/s      112/s      113/s      114/s      115/s      116/s      117/s      118/s      119/s      120/s      121/s      122/s      123/s      124/s      125/s      126/s      127/s      128/s      129/s      130/s      131/s      132/s      133/s      134/s      135/s      136/s      137/s      138/s      150/s      154/s      162/s      167/s      171/s      224/s      228/s      229/s      230/s      231/s      232/s      233/s      234/s      235/s      236/s      237/s      245/s      246/s      247/s      249/s      250/s      252/s      253/s      262/s      263/s      294/s      296/s      297/s      298/s      299/s      301/s      302/s     IPI0/s     IPI1/s     IPI2/s     IPI3/s     IPI4/s     IPI5/s     IPI6/s      Err/s
17시 07분 22초    0       0.00       0.00       0.00      77.00       0.00       0.00       0.00       0.00       0.00       0.00       0.00       0.00       0.00       0.00       0.00       0.00       0.00       0.00       0.00       0.00       0.00       0.00       0.00       0.00       0.00       0.00       0.00       0.00       0.00       0.00       0.00       0.00       0.00       0.00       0.00       0.00       0.00       0.00       0.00       0.00       0.00       0.00       0.00       0.00       0.00       0.00     134.00       0.00       0.00       0.00       0.00       0.00       0.00       0.00       0.00       0.00       0.00       0.00       0.00       0.00       0.00       0.00       0.00       0.00       0.00       0.00       0.00       0.00       0.00       0.00       0.00       0.00       0.00       0.00       0.00       0.00       0.00       0.00       0.00       0.00       0.00       0.00       0.00       0.00       0.00       0.00       0.00       0.00       0.00       0.00       0.00       0.00       0.00       0.00       0.00       0.00       0.00       0.00       0.00       0.00       0.00       0.00       0.00       0.00       0.00      38.00       0.00       0.00       0.00       0.00       0.00       0.00       0.00       0.00       0.00       0.00       0.00       0.00       0.00       0.00       0.00       0.00       0.00       0.00       0.00       0.00       0.00       0.00       0.00       0.00       0.00       0.00       0.00       0.00      12.00       0.00       8.00       6.00       0.00       0.00       0.00       9.00       0.00       0.00
17시 07분 22초    1       0.00       0.00       0.00      48.00       0.00       0.00       0.00       0.00       0.00       0.00       0.00       0.00       0.00       0.00       0.00       0.00       0.00       0.00       0.00       0.00       0.00       0.00       0.00       0.00       0.00       0.00       0.00       0.00       0.00       0.00       0.00       0.00       0.00       0.00       0.00       0.00       0.00       0.00       0.00       0.00       0.00       0.00       0.00       0.00       0.00       0.00       0.00       0.00       0.00       0.00       0.00       0.00       0.00       0.00       0.00       0.00       0.00       0.00       0.00       0.00       0.00       0.00       0.00       0.00       0.00       0.00       0.00       0.00       0.00       0.00       0.00       0.00       0.00       0.00       0.00       0.00       0.00       0.00       0.00       0.00       0.00       0.00       0.00       0.00       0.00       0.00       0.00       0.00       0.00       0.00       0.00       0.00       0.00       0.00       0.00       0.00       0.00       0.00       0.00       0.00       0.00       0.00       0.00       0.00       0.00       0.00       0.00       0.00       0.00       0.00       0.00       0.00       0.00       0.00       0.00       0.00       0.00       0.00       0.00       0.00       0.00       0.00       0.00       0.00       0.00       0.00       0.00       0.00       0.00       0.00       0.00       0.00       0.00       0.00       0.00       0.00       3.00       2.00       0.00       0.00       0.00       0.00       0.00       0.00
17시 07분 22초    2       0.00       0.00       0.00      59.00       0.00       0.00       0.00       0.00       0.00       0.00       0.00       0.00       0.00       0.00       0.00       0.00       0.00       0.00       0.00       0.00       0.00       0.00       0.00       0.00       0.00       0.00       0.00       0.00       0.00       0.00       0.00       0.00       0.00       0.00       0.00       0.00       0.00       0.00       0.00       0.00       0.00       0.00       0.00       0.00       0.00       0.00       0.00       0.00       0.00       0.00       0.00       0.00       0.00       0.00       0.00       0.00       0.00       0.00       0.00       0.00       0.00       0.00       0.00       0.00       0.00       0.00       0.00       0.00       0.00       0.00       0.00       0.00       0.00       0.00       0.00       0.00       0.00       0.00       0.00       0.00       0.00       0.00       0.00       0.00       0.00       0.00       0.00       0.00       0.00       0.00       0.00       0.00       0.00       0.00       0.00       0.00       0.00       0.00       0.00       0.00       0.00       0.00       0.00       0.00       0.00       0.00       0.00       0.00       0.00       0.00       0.00       0.00       0.00       0.00       0.00       0.00       0.00       0.00       0.00       0.00       0.00       0.00       0.00       0.00       0.00       0.00       0.00       0.00       0.00       0.00       0.00       0.00       0.00       0.00       0.00       0.00     148.00       1.00       0.00       0.00       0.00       2.00       0.00       0.00
17시 07분 22초    3       0.00       0.00       0.00      61.00       0.00       0.00       0.00       0.00       0.00       0.00       0.00       0.00       0.00       0.00       0.00       0.00       0.00       0.00       0.00       0.00       0.00       0.00       0.00       0.00       0.00       0.00       0.00       0.00       0.00       0.00       0.00       0.00       0.00       0.00       0.00       0.00       0.00       0.00       0.00       0.00       0.00       0.00       0.00       0.00       0.00       0.00       0.00       0.00       0.00       0.00       0.00       0.00       0.00       0.00       0.00       0.00       0.00       0.00       0.00       0.00       0.00       0.00       0.00       0.00       0.00       0.00       0.00       0.00       0.00       0.00       0.00       0.00       0.00       0.00       0.00       0.00       0.00       0.00       0.00       0.00       0.00       0.00       0.00       0.00       0.00       0.00       0.00       0.00       0.00       0.00       0.00       0.00       0.00       0.00       0.00       0.00       0.00       0.00       0.00       0.00       0.00       0.00       0.00       0.00       0.00       0.00       0.00       0.00       0.00       0.00       0.00       0.00       0.00       0.00       0.00       0.00       0.00       0.00       0.00       0.00       0.00       0.00       0.00       0.00       0.00       0.00       0.00       0.00       0.00       0.00       0.00       0.00       0.00       0.00       0.00       0.00       6.00       0.00       0.00       0.00       0.00       2.00       0.00       0.00
17시 07분 22초    4       0.00       0.00       0.00      25.00       0.00       0.00       0.00       0.00       0.00       0.00       0.00       0.00       0.00       0.00       0.00       0.00       0.00       0.00       0.00       0.00       0.00       0.00       0.00       0.00       0.00       0.00       0.00       0.00       0.00       0.00       0.00       0.00       0.00       0.00       0.00       0.00       0.00       0.00       0.00       0.00       0.00       0.00       0.00       0.00       0.00       0.00       0.00       0.00       0.00       0.00       0.00       0.00       0.00       0.00       0.00       0.00       0.00       0.00       0.00       0.00       0.00       0.00       0.00       0.00       0.00       0.00       0.00       0.00       0.00       0.00       0.00       0.00       0.00       0.00       0.00       0.00       0.00       0.00       0.00       0.00       0.00       0.00       0.00       0.00       0.00       0.00       0.00       0.00       0.00       0.00       0.00       0.00       0.00       0.00       0.00       0.00       0.00       0.00       0.00       0.00       0.00       0.00       0.00       0.00       0.00       0.00       0.00       0.00       0.00       0.00       0.00       0.00       0.00       0.00       0.00       0.00       0.00       0.00       0.00       0.00       0.00       0.00       0.00       0.00       0.00       0.00       0.00       0.00       0.00       0.00       0.00       0.00       0.00       0.00       0.00       0.00      11.00       0.00       0.00       0.00       0.00       0.00       0.00       0.00
17시 07분 22초    5       0.00       0.00       0.00      32.00       0.00       0.00       0.00       0.00       0.00       0.00       0.00       0.00       0.00       0.00       0.00       0.00       0.00       0.00       0.00       0.00       0.00       0.00       0.00       0.00       0.00       0.00       0.00       0.00       0.00       0.00       0.00       0.00       0.00       0.00       0.00       0.00       0.00       0.00       0.00       0.00       0.00       0.00       0.00       0.00       0.00       0.00       0.00       0.00       0.00       0.00       0.00       0.00       0.00       0.00       0.00       0.00       0.00       0.00       0.00       0.00       0.00       0.00       0.00       0.00       0.00       0.00       0.00       0.00       0.00       0.00       0.00       0.00       0.00       0.00       0.00       0.00       0.00       0.00       0.00       0.00       0.00       0.00       0.00       0.00       0.00       0.00       0.00       0.00       0.00       0.00       0.00       0.00       0.00       0.00       0.00       0.00       0.00       0.00       0.00       0.00       0.00       0.00       0.00       0.00       0.00       0.00       0.00       0.00       0.00       0.00       0.00       0.00       0.00       0.00       0.00       0.00       0.00       0.00       0.00       0.00       0.00       0.00       0.00       0.00       0.00       0.00       0.00       0.00       0.00       0.00       0.00       0.00       0.00       0.00       0.00       0.00       1.00       0.00       0.00       0.00       0.00       0.00       0.00       0.00

17시 07분 21초  CPU       HI/s    TIMER/s   NET_TX/s   NET_RX/s    BLOCK/s IRQ_POLL/s  TASKLET/s    SCHED/s  HRTIMER/s      RCU/s
17시 07분 22초    0       0.00       9.00       0.00      11.00       2.00       0.00       0.00      35.00       0.00      22.00
17시 07분 22초    1       0.00      23.00       0.00       0.00       0.00       0.00       0.00      30.00       0.00      23.00
17시 07분 22초    2       0.00      14.00       0.00       0.00       0.00       0.00       0.00      49.00       0.00      19.00
17시 07분 22초    3       0.00      31.00       0.00       0.00       0.00       0.00       0.00      34.00       0.00      29.00
17시 07분 22초    4       0.00      17.00       0.00       0.00       0.00       0.00       0.00      15.00       0.00      15.00
17시 07분 22초    5       0.00       3.00       0.00       0.00       0.00       0.00       0.00      13.00       0.00      19.00

17시 07분 22초  CPU    %usr   %nice    %sys %iowait    %irq   %soft  %steal  %guest  %gnice   %idle
17시 07분 23초  all    1.00    0.00    1.16    0.00    0.00    0.17    0.00    0.00    0.00   97.67
17시 07분 23초    0    1.00    0.00    1.00    0.00    0.00    1.00    0.00    0.00    0.00   97.00
17시 07분 23초    1    1.98    0.00    0.99    0.00    0.00    0.00    0.00    0.00    0.00   97.03
17시 07분 23초    2    1.01    0.00    0.00    0.00    0.00    0.00    0.00    0.00    0.00   98.99
17시 07분 23초    3    1.98    0.00    1.98    0.00    0.00    0.00    0.00    0.00    0.00   96.04
17시 07분 23초    4    0.00    0.00    0.00    0.00    0.00    0.00    0.00    0.00    0.00  100.00
17시 07분 23초    5    0.00    0.00    3.00    0.00    0.00    0.00    0.00    0.00    0.00   97.00

17시 07분 22초  CPU    intr/s
17시 07분 23초  all    342.00
17시 07분 23초    0     98.00
17시 07분 23초    1     70.00
17시 07분 23초    2     97.00
17시 07분 23초    3     62.00
17시 07분 23초    4     40.00
17시 07분 23초    5     27.00

17시 07분 22초  CPU        9/s       11/s       12/s       13/s       18/s       20/s       21/s       22/s       23/s       24/s       25/s       26/s       27/s       28/s       29/s       30/s       31/s       32/s       33/s       34/s       35/s       36/s       37/s       38/s       39/s       40/s       41/s       42/s       43/s       44/s       45/s       46/s       47/s       48/s       49/s       50/s       51/s       52/s       53/s       54/s       55/s       57/s       59/s       61/s       65/s       66/s       67/s       68/s       69/s       70/s       71/s       72/s       73/s       74/s       75/s       76/s       77/s       79/s       80/s       81/s       82/s       83/s       84/s       85/s       86/s       87/s       88/s       89/s       90/s       91/s       92/s       93/s       94/s       95/s       96/s       97/s       98/s      112/s      113/s      114/s      115/s      116/s      117/s      118/s      119/s      120/s      121/s      122/s      123/s      124/s      125/s      126/s      127/s      128/s      129/s      130/s      131/s      132/s      133/s      134/s      135/s      136/s      137/s      138/s      150/s      154/s      162/s      167/s      171/s      224/s      228/s      229/s      230/s      231/s      232/s      233/s      234/s      235/s      236/s      237/s      245/s      246/s      247/s      249/s      250/s      252/s      253/s      262/s      263/s      294/s      296/s      297/s      298/s      299/s      301/s      302/s     IPI0/s     IPI1/s     IPI2/s     IPI3/s     IPI4/s     IPI5/s     IPI6/s      Err/s
17시 07분 23초    0       0.00       0.00       0.00      60.00       0.00       0.00       0.00       0.00       0.00       0.00       0.00       0.00       0.00       0.00       0.00       0.00       0.00       0.00       0.00       0.00       0.00       0.00       0.00       0.00       0.00       0.00       0.00       0.00       0.00       0.00       0.00       0.00       0.00       0.00       0.00       0.00       0.00       0.00       0.00       0.00       0.00       0.00       0.00       0.00       0.00       0.00       0.00       0.00       0.00       0.00       0.00       0.00       0.00       0.00       0.00       0.00       0.00       0.00       0.00       0.00       0.00       0.00       0.00       0.00       0.00       0.00       0.00       0.00       0.00       0.00       0.00       0.00       0.00       0.00       0.00       0.00       0.00       0.00       0.00       0.00       0.00       0.00       0.00       0.00       0.00       0.00       0.00       0.00       0.00       0.00       0.00       0.00       0.00       0.00       0.00       0.00       0.00       0.00       0.00       0.00       0.00       0.00       0.00       0.00       0.00       5.00       0.00       0.00       0.00       0.00       0.00       0.00       0.00       0.00       0.00       0.00       0.00       0.00       0.00       0.00       0.00       0.00       0.00       0.00       0.00       0.00       0.00       0.00       0.00       0.00       0.00       0.00       0.00       0.00      36.00       0.00       3.00       4.00       0.00       0.00       0.00       0.00       0.00       0.00
17시 07분 23초    1       0.00       0.00       0.00      43.00       0.00       0.00       0.00       0.00       0.00       0.00       0.00       0.00       0.00       0.00       0.00       0.00       0.00       0.00       0.00       0.00       0.00       0.00       0.00       0.00       0.00       0.00       0.00       0.00       0.00       0.00       0.00       0.00       0.00       0.00       0.00       0.00       0.00       0.00       0.00       0.00       0.00       0.00       0.00       0.00       0.00       0.00       0.00       0.00       0.00       0.00       0.00       0.00       0.00       0.00       0.00       0.00       0.00       0.00       0.00       0.00       0.00       0.00       0.00       0.00       0.00       0.00       0.00       0.00       0.00       0.00       0.00       0.00       0.00       0.00       0.00       0.00       0.00       0.00       0.00       0.00       0.00       0.00       0.00       0.00       0.00       0.00       0.00       0.00       0.00       0.00       0.00       0.00       0.00       0.00       0.00       0.00       0.00       0.00       0.00       0.00       0.00       0.00       0.00       0.00       0.00       0.00       0.00       0.00       0.00       0.00       0.00       0.00       0.00       0.00       0.00       0.00       0.00       0.00       0.00       0.00       0.00       0.00       0.00       0.00       0.00       0.00       0.00       0.00       0.00       0.00       0.00       0.00       0.00       0.00       0.00       0.00       7.00       2.00       0.00       0.00       0.00       0.00       0.00       0.00
17시 07분 23초    2       0.00       0.00       0.00      61.00       0.00       0.00       0.00       0.00       0.00       0.00       0.00       0.00       0.00       0.00       0.00       0.00       0.00       0.00       0.00       0.00       0.00       0.00       0.00       0.00       0.00       0.00       0.00       0.00       0.00       0.00       0.00       0.00       0.00       0.00       0.00       0.00       0.00       0.00       0.00       0.00       0.00       0.00       0.00       0.00       0.00       0.00       0.00       0.00       0.00       0.00       0.00       0.00       0.00       0.00       0.00       0.00       0.00       0.00       0.00       0.00       0.00       0.00       0.00       0.00       0.00       0.00       0.00       0.00       0.00       0.00       0.00       0.00       0.00       0.00       0.00       0.00       0.00       0.00       0.00       0.00       0.00       0.00       0.00       0.00       0.00       0.00       0.00       0.00       0.00       0.00       0.00       0.00       0.00       0.00       0.00       0.00       0.00       0.00       0.00       0.00       0.00       0.00       0.00       0.00       0.00       0.00       0.00       0.00       0.00       0.00       0.00       0.00       0.00       0.00       0.00       0.00       0.00       0.00       0.00       0.00       0.00       0.00       0.00       0.00       0.00       0.00       0.00       0.00       0.00       0.00       0.00       0.00       0.00       0.00       0.00       0.00       4.00       2.00       0.00       0.00       0.00       0.00       0.00       0.00
17시 07분 23초    3       0.00       0.00       0.00      45.00       0.00       0.00       0.00       0.00       0.00       0.00       0.00       0.00       0.00       0.00       0.00       0.00       0.00       0.00       0.00       0.00       0.00       0.00       0.00       0.00       0.00       0.00       0.00       0.00       0.00       0.00       0.00       0.00       0.00       0.00       0.00       0.00       0.00       0.00       0.00       0.00       0.00       0.00       0.00       0.00       0.00       0.00       0.00       0.00       0.00       0.00       0.00       0.00       0.00       0.00       0.00       0.00       0.00       0.00       0.00       0.00       0.00       0.00       0.00       0.00       0.00       0.00       0.00       0.00       0.00       0.00       0.00       0.00       0.00       0.00       0.00       0.00       0.00       0.00       0.00       0.00       0.00       0.00       0.00       0.00       0.00       0.00       0.00       0.00       0.00       0.00       0.00       0.00       0.00       0.00       0.00       0.00       0.00       0.00       0.00       0.00       0.00       0.00       0.00       0.00       0.00       0.00       0.00       0.00       0.00       0.00       0.00       0.00       0.00       0.00       0.00       0.00       0.00       0.00       0.00       0.00       0.00       0.00       0.00       0.00       0.00       0.00       0.00       0.00       0.00       0.00       0.00       0.00       0.00       0.00       0.00       0.00       8.00       0.00       0.00       0.00       0.00       0.00       0.00       0.00
17시 07분 23초    4       0.00       0.00       0.00      17.00       0.00       0.00       0.00       0.00       0.00       0.00       0.00       0.00       0.00       0.00       0.00       0.00       0.00       0.00       0.00       0.00       0.00       0.00       0.00       0.00       0.00       0.00       0.00       0.00       0.00       0.00       0.00       0.00       0.00       0.00       0.00       0.00       0.00       0.00       0.00       0.00       0.00       0.00       0.00       0.00       0.00       0.00       0.00       0.00       0.00       0.00       0.00       0.00       0.00       0.00       0.00       0.00       0.00       0.00       0.00       0.00       0.00       0.00       0.00       0.00       0.00       0.00       0.00       0.00       0.00       0.00       0.00       0.00       0.00       0.00       0.00       0.00       0.00       0.00       0.00       0.00       0.00       0.00       0.00       0.00       0.00       0.00       0.00       0.00       0.00       0.00       0.00       0.00       0.00       0.00       0.00       0.00       0.00       0.00       0.00       0.00       0.00       0.00       0.00       0.00       0.00       0.00       0.00       0.00       0.00       0.00       0.00       0.00       0.00       0.00       0.00       0.00       0.00       0.00       0.00       0.00       0.00       0.00       0.00       0.00       0.00       0.00       0.00       0.00       0.00       0.00       0.00       0.00       0.00       0.00       0.00       0.00      16.00       0.00       0.00       0.00       0.00       0.00       0.00       0.00
17시 07분 23초    5       0.00       0.00       0.00      28.00       0.00       0.00       0.00       0.00       0.00       0.00       0.00       0.00       0.00       0.00       0.00       0.00       0.00       0.00       0.00       0.00       0.00       0.00       0.00       0.00       0.00       0.00       0.00       0.00       0.00       0.00       0.00       0.00       0.00       0.00       0.00       0.00       0.00       0.00       0.00       0.00       0.00       0.00       0.00       0.00       0.00       0.00       0.00       0.00       0.00       0.00       0.00       0.00       0.00       0.00       0.00       0.00       0.00       0.00       0.00       0.00       0.00       0.00       0.00       0.00       0.00       0.00       0.00       0.00       0.00       0.00       0.00       0.00       0.00       0.00       0.00       0.00       0.00       0.00       0.00       0.00       0.00       0.00       0.00       0.00       0.00       0.00       0.00       0.00       0.00       0.00       0.00       0.00       0.00       0.00       0.00       0.00       0.00       0.00       0.00       0.00       0.00       0.00       0.00       0.00       0.00       0.00       0.00       0.00       0.00       0.00       0.00       0.00       0.00       0.00       0.00       0.00       0.00       0.00       0.00       0.00       0.00       0.00       0.00       0.00       0.00       0.00       0.00       0.00       0.00       0.00       0.00       0.00       0.00       0.00       0.00       0.00       1.00       0.00       0.00       0.00       0.00       0.00       0.00       0.00

17시 07분 22초  CPU       HI/s    TIMER/s   NET_TX/s   NET_RX/s    BLOCK/s IRQ_POLL/s  TASKLET/s    SCHED/s  HRTIMER/s      RCU/s
17시 07분 23초    0       0.00      13.00       0.00      33.00       0.00       0.00       0.00      31.00       0.00      21.00
17시 07분 23초    1       0.00      19.00       0.00       0.00       0.00       0.00       0.00      28.00       0.00      23.00
17시 07분 23초    2       0.00      33.00       0.00       0.00       0.00       0.00       0.00      39.00       0.00      25.00
17시 07분 23초    3       0.00      16.00       0.00       0.00       0.00       0.00       0.00      21.00       0.00      25.00
17시 07분 23초    4       0.00      15.00       0.00       0.00       0.00       0.00       0.00      11.00       0.00      14.00
17시 07분 23초    5       0.00       2.00       0.00       0.00       0.00       0.00       0.00      10.00       0.00      15.00

17시 07분 23초  CPU    %usr   %nice    %sys %iowait    %irq   %soft  %steal  %guest  %gnice   %idle
17시 07분 24초  all    0.17    0.00    1.51    0.00    0.17    0.00    0.00    0.00    0.00   98.15
17시 07분 24초    0    0.00    0.00    2.00    0.00    1.00    0.00    0.00    0.00    0.00   97.00
17시 07분 24초    1    0.00    0.00    2.02    0.00    0.00    0.00    0.00    0.00    0.00   97.98
17시 07분 24초    2    0.00    0.00    1.00    0.00    0.00    0.00    0.00    0.00    0.00   99.00
17시 07분 24초    3    1.02    0.00    1.02    0.00    0.00    0.00    0.00    0.00    0.00   97.96
17시 07분 24초    4    0.00    0.00    0.00    0.00    0.00    0.00    0.00    0.00    0.00  100.00
17시 07분 24초    5    0.00    0.00    3.03    0.00    0.00    0.00    0.00    0.00    0.00   96.97

17시 07분 23초  CPU    intr/s
17시 07분 24초  all    283.00
17시 07분 24초    0     96.00
17시 07분 24초    1     62.00
17시 07분 24초    2     36.00
17시 07분 24초    3     94.00
17시 07분 24초    4     48.00
17시 07분 24초    5     29.00

17시 07분 23초  CPU        9/s       11/s       12/s       13/s       18/s       20/s       21/s       22/s       23/s       24/s       25/s       26/s       27/s       28/s       29/s       30/s       31/s       32/s       33/s       34/s       35/s       36/s       37/s       38/s       39/s       40/s       41/s       42/s       43/s       44/s       45/s       46/s       47/s       48/s       49/s       50/s       51/s       52/s       53/s       54/s       55/s       57/s       59/s       61/s       65/s       66/s       67/s       68/s       69/s       70/s       71/s       72/s       73/s       74/s       75/s       76/s       77/s       79/s       80/s       81/s       82/s       83/s       84/s       85/s       86/s       87/s       88/s       89/s       90/s       91/s       92/s       93/s       94/s       95/s       96/s       97/s       98/s      112/s      113/s      114/s      115/s      116/s      117/s      118/s      119/s      120/s      121/s      122/s      123/s      124/s      125/s      126/s      127/s      128/s      129/s      130/s      131/s      132/s      133/s      134/s      135/s      136/s      137/s      138/s      150/s      154/s      162/s      167/s      171/s      224/s      228/s      229/s      230/s      231/s      232/s      233/s      234/s      235/s      236/s      237/s      245/s      246/s      247/s      249/s      250/s      252/s      253/s      262/s      263/s      294/s      296/s      297/s      298/s      299/s      301/s      302/s     IPI0/s     IPI1/s     IPI2/s     IPI3/s     IPI4/s     IPI5/s     IPI6/s      Err/s
17시 07분 24초    0       0.00       0.00       0.00      52.00       0.00       0.00       0.00       0.00       0.00       0.00       0.00       0.00       0.00       0.00       0.00       0.00       0.00       0.00       0.00       0.00       0.00       0.00       0.00       0.00       0.00       0.00       0.00       0.00       0.00       0.00       0.00       0.00       0.00       0.00       0.00       0.00       0.00       0.00       0.00       0.00       0.00       0.00       0.00       0.00       0.00       0.00       0.00       0.00       0.00       0.00       0.00       0.00       0.00       0.00       0.00       0.00       0.00       0.00       0.00       0.00       0.00       0.00       0.00       0.00       0.00       0.00       0.00       0.00       0.00       0.00       0.00       0.00       0.00       0.00       0.00       0.00       0.00       0.00       0.00       0.00       0.00       0.00       0.00       0.00       0.00       0.00       0.00       0.00       0.00       0.00       0.00       0.00       0.00       0.00       0.00       0.00       0.00       0.00       0.00       0.00       0.00       0.00       0.00       0.00       0.00       0.00       0.00       0.00       0.00       0.00       0.00       0.00       0.00       0.00       0.00       0.00       0.00       0.00       0.00       0.00       0.00       0.00       0.00       0.00       0.00       0.00       0.00       0.00       0.00       0.00       0.00       0.00       0.00       0.00      40.00       0.00       0.00       3.00       0.00       0.00       0.00       0.00       0.00       0.00
17시 07분 24초    1       0.00       0.00       0.00      35.00       0.00       0.00       0.00       0.00       0.00       0.00       0.00       0.00       0.00       0.00       0.00       0.00       0.00       0.00       0.00       0.00       0.00       0.00       0.00       0.00       0.00       0.00       0.00       0.00       0.00       0.00       0.00       0.00       0.00       0.00       0.00       0.00       0.00       0.00       0.00       0.00       0.00       0.00       0.00       0.00       0.00       0.00       0.00       0.00       0.00       0.00       0.00       0.00       0.00       0.00       0.00       0.00       0.00       0.00       0.00       0.00       0.00       0.00       0.00       0.00       0.00       0.00       0.00       0.00       0.00       0.00       0.00       0.00       0.00       0.00       0.00       0.00       0.00       0.00       0.00       0.00       0.00       0.00       0.00       0.00       0.00       0.00       0.00       0.00       0.00       0.00       0.00       0.00       0.00       0.00       0.00       0.00       0.00       0.00       0.00       0.00       0.00       0.00       0.00       0.00       0.00       0.00       0.00       0.00       0.00       0.00       0.00       0.00       0.00       0.00       0.00       0.00       0.00       0.00       0.00       0.00       0.00       0.00       0.00       0.00       0.00       0.00       0.00       0.00       0.00       0.00       0.00       0.00       0.00       0.00       0.00       0.00       2.00       2.00       0.00       0.00       0.00       0.00       0.00       0.00
17시 07분 24초    2       0.00       0.00       0.00      23.00       0.00       0.00       0.00       0.00       0.00       0.00       0.00       0.00       0.00       0.00       0.00       0.00       0.00       0.00       0.00       0.00       0.00       0.00       0.00       0.00       0.00       0.00       0.00       0.00       0.00       0.00       0.00       0.00       0.00       0.00       0.00       0.00       0.00       0.00       0.00       0.00       0.00       0.00       0.00       0.00       0.00       0.00       0.00       0.00       0.00       0.00       0.00       0.00       0.00       0.00       0.00       0.00       0.00       0.00       0.00       0.00       0.00       0.00       0.00       0.00       0.00       0.00       0.00       0.00       0.00       0.00       0.00       0.00       0.00       0.00       0.00       0.00       0.00       0.00       0.00       0.00       0.00       0.00       0.00       0.00       0.00       0.00       0.00       0.00       0.00       0.00       0.00       0.00       0.00       0.00       0.00       0.00       0.00       0.00       0.00       0.00       0.00       0.00       0.00       0.00       0.00       0.00       0.00       0.00       0.00       0.00       0.00       0.00       0.00       0.00       0.00       0.00       0.00       0.00       0.00       0.00       0.00       0.00       0.00       0.00       0.00       0.00       0.00       0.00       0.00       0.00       0.00       0.00       0.00       0.00       0.00       0.00       2.00       2.00       0.00       0.00       0.00       0.00       0.00       0.00
17시 07분 24초    3       0.00       0.00       0.00      60.00       0.00       0.00       0.00       0.00       0.00       0.00       0.00       0.00       0.00       0.00       0.00       0.00       0.00       0.00       0.00       0.00       0.00       0.00       0.00       0.00       0.00       0.00       0.00       0.00       0.00       0.00       0.00       0.00       0.00       0.00       0.00       0.00       0.00       0.00       0.00       0.00       0.00       0.00       0.00       0.00       0.00       0.00       0.00       0.00       0.00       0.00       0.00       0.00       0.00       0.00       0.00       0.00       0.00       0.00       0.00       0.00       0.00       0.00       0.00       0.00       0.00       0.00       0.00       0.00       0.00       0.00       0.00       0.00       0.00       0.00       0.00       0.00       0.00       0.00       0.00       0.00       0.00       0.00       0.00       0.00       0.00       0.00       0.00       0.00       0.00       0.00       0.00       0.00       0.00       0.00       0.00       0.00       0.00       0.00       0.00       0.00       0.00       0.00       0.00       0.00       0.00       0.00       0.00       0.00       0.00       0.00       0.00       0.00       0.00       0.00       0.00       0.00       0.00       0.00       0.00       0.00       0.00       0.00       0.00       0.00       0.00       0.00       0.00       0.00       0.00       0.00       0.00       0.00       0.00       0.00       0.00       0.00       2.00       0.00       0.00       0.00       0.00       0.00       0.00       0.00
17시 07분 24초    4       0.00       0.00       0.00      22.00       0.00       0.00       0.00       0.00       0.00       0.00       0.00       0.00       0.00       0.00       0.00       0.00       0.00       0.00       0.00       0.00       0.00       0.00       0.00       0.00       0.00       0.00       0.00       0.00       0.00       0.00       0.00       0.00       0.00       0.00       0.00       0.00       0.00       0.00       0.00       0.00       0.00       0.00       0.00       0.00       0.00       0.00       0.00       0.00       0.00       0.00       0.00       0.00       0.00       0.00       0.00       0.00       0.00       0.00       0.00       0.00       0.00       0.00       0.00       0.00       0.00       0.00       0.00       0.00       0.00       0.00       0.00       0.00       0.00       0.00       0.00       0.00       0.00       0.00       0.00       0.00       0.00       0.00       0.00       0.00       0.00       0.00       0.00       0.00       0.00       0.00       0.00       0.00       0.00       0.00       0.00       0.00       0.00       0.00       0.00       0.00       0.00       0.00       0.00       0.00       0.00       0.00       0.00       0.00       0.00       0.00       0.00       0.00       0.00       0.00       0.00       0.00       0.00       0.00       0.00       0.00       0.00       0.00       0.00       0.00       0.00       0.00       0.00       0.00       0.00       0.00       0.00       0.00       0.00       0.00       0.00       0.00      13.00       0.00       0.00       0.00       0.00       0.00       0.00       0.00
17시 07분 24초    5       0.00       0.00       0.00      25.00       0.00       0.00       0.00       0.00       0.00       0.00       0.00       0.00       0.00       0.00       0.00       0.00       0.00       0.00       0.00       0.00       0.00       0.00       0.00       0.00       0.00       0.00       0.00       0.00       0.00       0.00       0.00       0.00       0.00       0.00       0.00       0.00       0.00       0.00       0.00       0.00       0.00       0.00       0.00       0.00       0.00       0.00       0.00       0.00       0.00       0.00       0.00       0.00       0.00       0.00       0.00       0.00       0.00       0.00       0.00       0.00       0.00       0.00       0.00       0.00       0.00       0.00       0.00       0.00       0.00       0.00       0.00       0.00       0.00       0.00       0.00       0.00       0.00       0.00       0.00       0.00       0.00       0.00       0.00       0.00       0.00       0.00       0.00       0.00       0.00       0.00       0.00       0.00       0.00       0.00       0.00       0.00       0.00       0.00       0.00       0.00       0.00       0.00       0.00       0.00       0.00       0.00       0.00       0.00       0.00       0.00       0.00       0.00       0.00       0.00       0.00       0.00       0.00       0.00       0.00       0.00       0.00       0.00       0.00       0.00       0.00       0.00       0.00       0.00       0.00       0.00       0.00       0.00       0.00       0.00       0.00       0.00       0.00       0.00       0.00       0.00       0.00       0.00       0.00       0.00

17시 07분 23초  CPU       HI/s    TIMER/s   NET_TX/s   NET_RX/s    BLOCK/s IRQ_POLL/s  TASKLET/s    SCHED/s  HRTIMER/s      RCU/s
17시 07분 24초    0       0.00      10.00       0.00      37.00       0.00       0.00       0.00      27.00       0.00      22.00
17시 07분 24초    1       0.00      18.00       0.00       0.00       0.00       0.00       0.00      25.00       0.00      19.00
17시 07분 24초    2       0.00       9.00       0.00       0.00       0.00       0.00       0.00      14.00       0.00      13.00
17시 07분 24초    3       0.00      31.00       0.00       0.00       0.00       0.00       0.00      37.00       0.00      26.00
17시 07분 24초    4       0.00      19.00       0.00       0.00       0.00       0.00       0.00      14.00       0.00      15.00
17시 07분 24초    5       0.00       3.00       0.00       0.00       0.00       0.00       0.00       9.00       0.00      17.00

17시 07분 24초  CPU    %usr   %nice    %sys %iowait    %irq   %soft  %steal  %guest  %gnice   %idle
17시 07분 25초  all    0.83    0.00    1.33    0.00    0.00    0.00    0.00    0.00    0.00   97.84
17시 07분 25초    0    0.00    0.00    2.00    0.00    0.00    0.00    0.00    0.00    0.00   98.00
17시 07분 25초    1    1.00    0.00    1.00    0.00    0.00    0.00    0.00    0.00    0.00   98.00
17시 07분 25초    2    1.00    0.00    0.00    0.00    0.00    0.00    0.00    0.00    0.00   99.00
17시 07분 25초    3    2.00    0.00    2.00    0.00    0.00    0.00    0.00    0.00    0.00   96.00
17시 07분 25초    4    0.00    0.00    0.00    0.00    0.00    0.00    0.00    0.00    0.00  100.00
17시 07분 25초    5    0.99    0.00    2.97    0.00    0.00    0.00    0.00    0.00    0.00   96.04

17시 07분 24초  CPU    intr/s
17시 07분 25초  all    315.00
17시 07분 25초    0     87.00
17시 07분 25초    1     64.00
17시 07분 25초    2     40.00
17시 07분 25초    3     76.00
17시 07분 25초    4     67.00
17시 07분 25초    5     40.00

17시 07분 24초  CPU        9/s       11/s       12/s       13/s       18/s       20/s       21/s       22/s       23/s       24/s       25/s       26/s       27/s       28/s       29/s       30/s       31/s       32/s       33/s       34/s       35/s       36/s       37/s       38/s       39/s       40/s       41/s       42/s       43/s       44/s       45/s       46/s       47/s       48/s       49/s       50/s       51/s       52/s       53/s       54/s       55/s       57/s       59/s       61/s       65/s       66/s       67/s       68/s       69/s       70/s       71/s       72/s       73/s       74/s       75/s       76/s       77/s       79/s       80/s       81/s       82/s       83/s       84/s       85/s       86/s       87/s       88/s       89/s       90/s       91/s       92/s       93/s       94/s       95/s       96/s       97/s       98/s      112/s      113/s      114/s      115/s      116/s      117/s      118/s      119/s      120/s      121/s      122/s      123/s      124/s      125/s      126/s      127/s      128/s      129/s      130/s      131/s      132/s      133/s      134/s      135/s      136/s      137/s      138/s      150/s      154/s      162/s      167/s      171/s      224/s      228/s      229/s      230/s      231/s      232/s      233/s      234/s      235/s      236/s      237/s      245/s      246/s      247/s      249/s      250/s      252/s      253/s      262/s      263/s      294/s      296/s      297/s      298/s      299/s      301/s      302/s     IPI0/s     IPI1/s     IPI2/s     IPI3/s     IPI4/s     IPI5/s     IPI6/s      Err/s
17시 07분 25초    0       0.00       0.00       0.00      44.00       0.00       0.00       0.00       0.00       0.00       0.00       0.00       0.00       0.00       0.00       0.00       0.00       0.00       0.00       0.00       0.00       0.00       0.00       0.00       0.00       0.00       0.00       0.00       0.00       0.00       0.00       0.00       0.00       0.00       0.00       0.00       0.00       0.00       0.00       0.00       0.00       0.00       0.00       0.00       0.00       0.00       0.00       0.00       0.00       0.00       0.00       0.00       0.00       0.00       0.00       0.00       0.00       0.00       0.00       0.00       0.00       0.00       0.00       0.00       0.00       0.00       0.00       0.00       0.00       0.00       0.00       0.00       0.00       0.00       0.00       0.00       0.00       0.00       0.00       0.00       0.00       0.00       0.00       0.00       0.00       0.00       0.00       0.00       0.00       0.00       0.00       0.00       0.00       0.00       0.00       0.00       0.00       0.00       0.00       0.00       0.00       0.00       0.00       0.00       0.00       0.00       5.00       0.00       0.00       0.00       0.00       0.00       0.00       0.00       0.00       0.00       0.00       0.00       0.00       0.00       0.00       0.00       0.00       0.00       0.00       0.00       0.00       0.00       0.00       0.00       0.00       0.00       0.00       0.00       0.00      24.00       0.00       3.00       6.00       0.00       0.00       0.00       0.00       0.00       0.00
17시 07분 25초    1       0.00       0.00       0.00      41.00       0.00       0.00       0.00       0.00       0.00       0.00       0.00       0.00       0.00       0.00       0.00       0.00       0.00       0.00       0.00       0.00       0.00       0.00       0.00       0.00       0.00       0.00       0.00       0.00       0.00       0.00       0.00       0.00       0.00       0.00       0.00       0.00       0.00       0.00       0.00       0.00       0.00       0.00       0.00       0.00       0.00       0.00       0.00       0.00       0.00       0.00       0.00       0.00       0.00       0.00       0.00       0.00       0.00       0.00       0.00       0.00       0.00       0.00       0.00       0.00       0.00       0.00       0.00       0.00       0.00       0.00       0.00       0.00       0.00       0.00       0.00       0.00       0.00       0.00       0.00       0.00       0.00       0.00       0.00       0.00       0.00       0.00       0.00       0.00       0.00       0.00       0.00       0.00       0.00       0.00       0.00       0.00       0.00       0.00       0.00       0.00       0.00       0.00       0.00       0.00       0.00       0.00       0.00       0.00       0.00       0.00       0.00       0.00       0.00       0.00       0.00       0.00       0.00       0.00       0.00       0.00       0.00       0.00       0.00       0.00       0.00       0.00       0.00       0.00       0.00       0.00       0.00       0.00       0.00       0.00       0.00       0.00       5.00       1.00       0.00       0.00       0.00       0.00       0.00       0.00
17시 07분 25초    2       0.00       0.00       0.00      22.00       0.00       0.00       0.00       0.00       0.00       0.00       0.00       0.00       0.00       0.00       0.00       0.00       0.00       0.00       0.00       0.00       0.00       0.00       0.00       0.00       0.00       0.00       0.00       0.00       0.00       0.00       0.00       0.00       0.00       0.00       0.00       0.00       0.00       0.00       0.00       0.00       0.00       0.00       0.00       0.00       0.00       0.00       0.00       0.00       0.00       0.00       0.00       0.00       0.00       0.00       0.00       0.00       0.00       0.00       0.00       0.00       0.00       0.00       0.00       0.00       0.00       0.00       0.00       0.00       0.00       0.00       0.00       0.00       0.00       0.00       0.00       0.00       0.00       0.00       0.00       0.00       0.00       0.00       0.00       0.00       0.00       0.00       0.00       0.00       0.00       0.00       0.00       0.00       0.00       0.00       0.00       0.00       0.00       0.00       0.00       0.00       0.00       0.00       0.00       0.00       0.00       0.00       0.00       0.00       0.00       0.00       0.00       0.00       0.00       0.00       0.00       0.00       0.00       0.00       0.00       0.00       0.00       0.00       0.00       0.00       0.00       0.00       0.00       0.00       0.00       0.00       0.00       0.00       0.00       0.00       0.00       0.00       0.00       1.00       0.00       0.00       0.00       0.00       0.00       0.00
17시 07분 25초    3       0.00       0.00       0.00      63.00       0.00       0.00       0.00       0.00       0.00       0.00       0.00       0.00       0.00       0.00       0.00       0.00       0.00       0.00       0.00       0.00       0.00       0.00       0.00       0.00       0.00       0.00       0.00       0.00       0.00       0.00       0.00       0.00       0.00       0.00       0.00       0.00       0.00       0.00       0.00       0.00       0.00       0.00       0.00       0.00       0.00       0.00       0.00       0.00       0.00       0.00       0.00       0.00       0.00       0.00       0.00       0.00       0.00       0.00       0.00       0.00       0.00       0.00       0.00       0.00       0.00       0.00       0.00       0.00       0.00       0.00       0.00       0.00       0.00       0.00       0.00       0.00       0.00       0.00       0.00       0.00       0.00       0.00       0.00       0.00       0.00       0.00       0.00       0.00       0.00       0.00       0.00       0.00       0.00       0.00       0.00       0.00       0.00       0.00       0.00       0.00       0.00       0.00       0.00       0.00       0.00       0.00       0.00       0.00       0.00       0.00       0.00       0.00       0.00       0.00       0.00       0.00       0.00       0.00       0.00       0.00       0.00       0.00       0.00       0.00       0.00       0.00       0.00       0.00       0.00       0.00       0.00       0.00       0.00       0.00       0.00       0.00       9.00       0.00       0.00       0.00       0.00       0.00       0.00       0.00
17시 07분 25초    4       0.00       0.00       0.00      34.00       0.00       0.00       0.00       0.00       0.00       0.00       0.00       0.00       0.00       0.00       0.00       0.00       0.00       0.00       0.00       0.00       0.00       0.00       0.00       0.00       0.00       0.00       0.00       0.00       0.00       0.00       0.00       0.00       0.00       0.00       0.00       0.00       0.00       0.00       0.00       0.00       0.00       0.00       0.00       0.00       0.00       0.00       0.00       0.00       0.00       0.00       0.00       0.00       0.00       0.00       0.00       0.00       0.00       0.00       0.00       0.00       0.00       0.00       0.00       0.00       0.00       0.00       0.00       0.00       0.00       0.00       0.00       0.00       0.00       0.00       0.00       0.00       0.00       0.00       0.00       0.00       0.00       0.00       0.00       0.00       0.00       0.00       0.00       0.00       0.00       0.00       0.00       0.00       0.00       0.00       0.00       0.00       0.00       0.00       0.00       0.00       0.00       0.00       0.00       0.00       0.00       0.00       0.00       0.00       0.00       0.00       0.00       0.00       0.00       0.00       0.00       0.00       0.00       0.00       0.00       0.00       0.00       0.00       0.00       0.00       0.00       0.00       0.00       0.00       0.00       0.00       0.00       0.00       0.00       0.00       0.00       0.00       6.00       0.00       0.00       0.00       0.00       0.00       0.00       0.00
17시 07분 25초    5       0.00       0.00       0.00      49.00       0.00       0.00       0.00       0.00       0.00       0.00       0.00       0.00       0.00       0.00       0.00       0.00       0.00       0.00       0.00       0.00       0.00       0.00       0.00       0.00       0.00       0.00       0.00       0.00       0.00       0.00       0.00       0.00       0.00       0.00       0.00       0.00       0.00       0.00       0.00       0.00       0.00       0.00       0.00       0.00       0.00       0.00       0.00       0.00       0.00       0.00       0.00       0.00       0.00       0.00       0.00       0.00       0.00       0.00       0.00       0.00       0.00       0.00       0.00       0.00       0.00       0.00       0.00       0.00       0.00       0.00       0.00       0.00       0.00       0.00       0.00       0.00       0.00       0.00       0.00       0.00       0.00       0.00       0.00       0.00       0.00       0.00       0.00       0.00       0.00       0.00       0.00       0.00       0.00       0.00       0.00       0.00       0.00       0.00       0.00       0.00       0.00       0.00       0.00       0.00       0.00       0.00       0.00       0.00       0.00       0.00       0.00       0.00       0.00       0.00       0.00       0.00       0.00       0.00       0.00       0.00       0.00       0.00       0.00       0.00       0.00       0.00       0.00       0.00       0.00       0.00       0.00       0.00       0.00       0.00       0.00       0.00       2.00       0.00       0.00       0.00       0.00       0.00       0.00       0.00

17시 07분 24초  CPU       HI/s    TIMER/s   NET_TX/s   NET_RX/s    BLOCK/s IRQ_POLL/s  TASKLET/s    SCHED/s  HRTIMER/s      RCU/s
17시 07분 25초    0       0.00      15.00       1.00      22.00       0.00       0.00       0.00      27.00       0.00      22.00
17시 07분 25초    1       0.00      17.00       0.00       0.00       0.00       0.00       0.00      23.00       0.00      24.00
17시 07분 25초    2       0.00      13.00       0.00       0.00       0.00       0.00       0.00      15.00       0.00      12.00
17시 07분 25초    3       0.00      21.00       0.00       0.00       0.00       0.00       0.00      29.00       0.00      26.00
17시 07분 25초    4       0.00      26.00       0.00       0.00       0.00       0.00       0.00      24.00       0.00      17.00
17시 07분 25초    5       0.00       4.00       0.00       0.00       0.00       0.00       0.00      16.00       0.00      20.00

17시 07분 25초  CPU    %usr   %nice    %sys %iowait    %irq   %soft  %steal  %guest  %gnice   %idle
17시 07분 26초  all    0.50    0.00    3.99    2.66    0.17    0.00    0.00    0.00    0.00   92.68
17시 07분 26초    0    1.00    0.00    2.00    0.00    0.00    0.00    0.00    0.00    0.00   97.00
17시 07분 26초    1    0.00    0.00    2.02    0.00    0.00    0.00    0.00    0.00    0.00   97.98
17시 07분 26초    2    0.00    0.00   15.00   16.00    0.00    0.00    0.00    0.00    0.00   69.00
17시 07분 26초    3    1.00    0.00    2.00    0.00    0.00    0.00    0.00    0.00    0.00   97.00
17시 07분 26초    4    0.00    0.00    0.00    0.00    0.00    0.00    0.00    0.00    0.00  100.00
17시 07분 26초    5    0.98    0.00    2.94    0.00    0.98    0.00    0.00    0.00    0.00   95.10

17시 07분 25초  CPU    intr/s
17시 07분 26초  all   1057.00
17시 07분 26초    0    102.00
17시 07분 26초    1     65.00
17시 07분 26초    2    121.00
17시 07분 26초    3     57.00
17시 07분 26초    4     76.00
17시 07분 26초    5     60.00

17시 07분 25초  CPU        9/s       11/s       12/s       13/s       18/s       20/s       21/s       22/s       23/s       24/s       25/s       26/s       27/s       28/s       29/s       30/s       31/s       32/s       33/s       34/s       35/s       36/s       37/s       38/s       39/s       40/s       41/s       42/s       43/s       44/s       45/s       46/s       47/s       48/s       49/s       50/s       51/s       52/s       53/s       54/s       55/s       57/s       59/s       61/s       65/s       66/s       67/s       68/s       69/s       70/s       71/s       72/s       73/s       74/s       75/s       76/s       77/s       79/s       80/s       81/s       82/s       83/s       84/s       85/s       86/s       87/s       88/s       89/s       90/s       91/s       92/s       93/s       94/s       95/s       96/s       97/s       98/s      112/s      113/s      114/s      115/s      116/s      117/s      118/s      119/s      120/s      121/s      122/s      123/s      124/s      125/s      126/s      127/s      128/s      129/s      130/s      131/s      132/s      133/s      134/s      135/s      136/s      137/s      138/s      150/s      154/s      162/s      167/s      171/s      224/s      228/s      229/s      230/s      231/s      232/s      233/s      234/s      235/s      236/s      237/s      245/s      246/s      247/s      249/s      250/s      252/s      253/s      262/s      263/s      294/s      296/s      297/s      298/s      299/s      301/s      302/s     IPI0/s     IPI1/s     IPI2/s     IPI3/s     IPI4/s     IPI5/s     IPI6/s      Err/s
17시 07분 26초    0       0.00       0.00       0.00      86.00       0.00       0.00       0.00       0.00       0.00       0.00       0.00       0.00       0.00       0.00       0.00       0.00       0.00       0.00       0.00       0.00       0.00       0.00       0.00       0.00       0.00       0.00       0.00       0.00       0.00       0.00       0.00       0.00       0.00       0.00       0.00       0.00       0.00       0.00       0.00       0.00       0.00       0.00       0.00       0.00       0.00       0.00     188.00       0.00       0.00       0.00       0.00       0.00       0.00       0.00       0.00       0.00       0.00       0.00       0.00       0.00       0.00       0.00       0.00       0.00       0.00       0.00       0.00       0.00       0.00       0.00       0.00       0.00       0.00       0.00       0.00       0.00       0.00      82.00       0.00       0.00       0.00       0.00       0.00       0.00       0.00       0.00       0.00       0.00       0.00       0.00       0.00       0.00       0.00       0.00       0.00       0.00       0.00       0.00       0.00       0.00       0.00       0.00       0.00       0.00       0.00      57.00       0.00       0.00       0.00       0.00       0.00       0.00       0.00       0.00       0.00       0.00       0.00       0.00       0.00       0.00       0.00       0.00       0.00       0.00       0.00       0.00       0.00       0.00       0.00       0.00       0.00       0.00       0.00       0.00      12.00       0.00      21.00      13.00       0.00       0.00       0.00       4.00       0.00       0.00
17시 07분 26초    1       0.00       0.00       0.00      37.00       0.00       0.00       0.00       0.00       0.00       0.00       0.00       0.00       0.00       0.00       0.00       0.00       0.00       0.00       0.00       0.00       0.00       0.00       0.00       0.00       0.00       0.00       0.00       0.00       0.00       0.00       0.00       0.00       0.00       0.00       0.00       0.00       0.00       0.00       0.00       0.00       0.00       0.00       0.00       0.00       0.00       0.00       0.00       0.00       0.00       0.00       0.00       0.00       0.00       0.00       0.00       0.00       0.00       0.00       0.00       0.00       0.00       0.00       0.00       0.00       0.00       0.00       0.00       0.00       0.00       0.00       0.00       0.00       0.00       0.00       0.00       0.00       0.00       0.00       0.00       0.00       0.00       0.00       0.00       0.00       0.00       0.00       0.00       0.00       0.00       0.00       0.00       0.00       0.00       0.00       0.00       0.00       0.00       0.00       0.00       0.00       0.00       0.00       0.00       0.00       0.00       0.00       0.00       0.00       0.00       0.00       0.00       0.00       0.00       0.00       0.00       0.00       0.00       0.00       0.00       0.00       0.00       0.00       0.00       0.00       0.00       0.00       0.00       0.00       0.00       0.00       0.00       0.00       0.00       0.00       0.00       0.00       3.00       3.00       0.00       0.00       0.00       0.00       0.00       0.00
17시 07분 26초    2       0.00       0.00       0.00      89.00       0.00       0.00       0.00       0.00       0.00       0.00       0.00       0.00       0.00       0.00       0.00       0.00       0.00       0.00       0.00       0.00       0.00       0.00       0.00       0.00       0.00       0.00       0.00       0.00       0.00       0.00       0.00       0.00       0.00       0.00       0.00       0.00       0.00       0.00       0.00       0.00       0.00       0.00       0.00       0.00       0.00       0.00       0.00       0.00       0.00       0.00       0.00       0.00       0.00       0.00       0.00       0.00       0.00       0.00       0.00       0.00       0.00       0.00       0.00       0.00       0.00       0.00       0.00       0.00       0.00       0.00       0.00       0.00       0.00       0.00       0.00       0.00       0.00       0.00       0.00       0.00       0.00       0.00       0.00       0.00       0.00       0.00       0.00       0.00       0.00       0.00       0.00       0.00       0.00       0.00       0.00       0.00       0.00       0.00       0.00       0.00       0.00       0.00       0.00       0.00       0.00       0.00       0.00       0.00       0.00       0.00       0.00       0.00       0.00       0.00       0.00       0.00       0.00       0.00       0.00       0.00       0.00       0.00       0.00       0.00       0.00       0.00       0.00       0.00       0.00       0.00       0.00       0.00       0.00       0.00       0.00       0.00     185.00       1.00       0.00       0.00       0.00      14.00       0.00       0.00
17시 07분 26초    3       0.00       0.00       0.00      39.00       0.00       0.00       0.00       0.00       0.00       0.00       0.00       0.00       0.00       0.00       0.00       0.00       0.00       0.00       0.00       0.00       0.00       0.00       0.00       0.00       0.00       0.00       0.00       0.00       0.00       0.00       0.00       0.00       0.00       0.00       0.00       0.00       0.00       0.00       0.00       0.00       0.00       0.00       0.00       0.00       0.00       0.00       0.00       0.00       0.00       0.00       0.00       0.00       0.00       0.00       0.00       0.00       0.00       0.00       0.00       0.00       0.00       0.00       0.00       0.00       0.00       0.00       0.00       0.00       0.00       0.00       0.00       0.00       0.00       0.00       0.00       0.00       0.00       0.00       0.00       0.00       0.00       0.00       0.00       0.00       0.00       0.00       0.00       0.00       0.00       0.00       0.00       0.00       0.00       0.00       0.00       0.00       0.00       0.00       0.00       0.00       0.00       0.00       0.00       0.00       0.00       0.00       0.00       0.00       0.00       0.00       0.00       0.00       0.00       0.00       0.00       0.00       0.00       0.00       0.00       0.00       0.00       0.00       0.00       0.00       0.00       0.00       0.00       0.00       0.00       0.00       0.00       0.00       0.00       0.00       0.00       0.00       7.00       0.00       0.00       0.00       0.00       0.00       0.00       0.00
17시 07분 26초    4       0.00       0.00       0.00      40.00       0.00       0.00       0.00       0.00       0.00       0.00       0.00       0.00       0.00       0.00       0.00       0.00       0.00       0.00       0.00       0.00       0.00       0.00       0.00       0.00       0.00       0.00       0.00       0.00       0.00       0.00       0.00       0.00       0.00       0.00       0.00       0.00       0.00       0.00       0.00       0.00       0.00       0.00       0.00       0.00       0.00       0.00       0.00       0.00       0.00       0.00       0.00       0.00       0.00       0.00       0.00       0.00       0.00       0.00       0.00       0.00       0.00       0.00       0.00       0.00       0.00       0.00       0.00       0.00       0.00       0.00       0.00       0.00       0.00       0.00       0.00       0.00       0.00       0.00       0.00       0.00       0.00       0.00       0.00       0.00       0.00       0.00       0.00       0.00       0.00       0.00       0.00       0.00       0.00       0.00       0.00       0.00       0.00       0.00       0.00       0.00       0.00       0.00       0.00       0.00       0.00       0.00       0.00       0.00       0.00       0.00       0.00       0.00       0.00       0.00       0.00       0.00       0.00       0.00       0.00       0.00       0.00       0.00       0.00       0.00       0.00       0.00       0.00       0.00       0.00       0.00       0.00       0.00       0.00       0.00       0.00       0.00      29.00       0.00       0.00       0.00       0.00       3.00       0.00       0.00
17시 07분 26초    5       0.00       0.00       0.00      53.00       0.00       0.00       0.00       0.00       0.00       0.00       0.00       0.00       0.00       0.00       0.00       0.00       0.00       0.00       0.00       0.00       0.00       0.00       0.00       0.00       0.00       0.00       0.00       0.00       0.00       0.00       0.00       0.00       0.00       0.00       0.00       0.00       0.00       0.00       0.00       0.00       0.00       0.00       0.00       0.00       0.00       0.00       0.00       0.00       0.00       0.00       0.00       0.00       0.00       0.00       0.00       0.00       0.00       0.00       0.00       0.00       0.00       0.00       0.00       0.00       0.00       0.00       0.00       0.00       0.00       0.00       0.00       0.00       0.00       0.00       0.00       0.00       0.00       0.00       0.00       0.00       0.00       0.00       0.00       0.00       0.00       0.00       0.00       0.00       0.00       0.00       0.00       0.00       0.00       0.00       0.00       0.00       0.00       0.00       0.00       0.00       0.00       0.00       0.00       0.00       0.00       0.00       0.00       0.00       0.00       0.00       0.00       0.00       0.00       0.00       0.00       0.00       0.00       0.00       0.00       0.00       0.00       0.00       0.00       0.00       0.00       0.00       0.00       0.00       0.00       0.00       0.00       0.00       0.00       0.00       0.00       0.00      89.00       0.00       0.00       0.00       0.00       2.00       0.00       0.00

17시 07분 25초  CPU       HI/s    TIMER/s   NET_TX/s   NET_RX/s    BLOCK/s IRQ_POLL/s  TASKLET/s    SCHED/s  HRTIMER/s      RCU/s
17시 07분 26초    0       0.00      13.00       0.00      11.00       2.00       0.00       0.00      48.00       0.00      28.00
17시 07분 26초    1       0.00      18.00       0.00       0.00       0.00       0.00       0.00      24.00       0.00      23.00
17시 07분 26초    2       0.00      11.00       0.00       0.00      18.00       0.00       0.00      61.00       0.00      31.00
17시 07분 26초    3       0.00      11.00       0.00       0.00       0.00       0.00       0.00      19.00       0.00      27.00
17시 07분 26초    4       0.00      31.00       0.00       0.00       0.00       0.00       0.00      25.00       0.00      20.00
17시 07분 26초    5       0.00      13.00       0.00       0.00       0.00       0.00       0.00      23.00       0.00      24.00

17시 07분 26초  CPU    %usr   %nice    %sys %iowait    %irq   %soft  %steal  %guest  %gnice   %idle
17시 07분 27초  all    0.50    0.00    3.17    1.34    0.17    0.17    0.00    0.00    0.00   94.66
17시 07분 27초    0    0.00    0.00    2.00    0.00    1.00    0.00    0.00    0.00    0.00   97.00
17시 07분 27초    1    0.00    0.00    1.96    4.90    0.00    0.98    0.00    0.00    0.00   92.16
17시 07분 27초    2    0.00    0.00   12.24    3.06    0.00    0.00    0.00    0.00    0.00   84.69
17시 07분 27초    3    2.00    0.00    1.00    0.00    0.00    0.00    0.00    0.00    0.00   97.00
17시 07분 27초    4    0.00    0.00    0.00    0.00    0.00    0.00    0.00    0.00    0.00  100.00
17시 07분 27초    5    1.01    0.00    2.02    0.00    0.00    0.00    0.00    0.00    0.00   96.97

17시 07분 26초  CPU    intr/s
17시 07분 27초  all    781.00
17시 07분 27초    0    131.00
17시 07분 27초    1     71.00
17시 07분 27초    2     75.00
17시 07분 27초    3     58.00
17시 07분 27초    4     83.00
17시 07분 27초    5     32.00

17시 07분 26초  CPU        9/s       11/s       12/s       13/s       18/s       20/s       21/s       22/s       23/s       24/s       25/s       26/s       27/s       28/s       29/s       30/s       31/s       32/s       33/s       34/s       35/s       36/s       37/s       38/s       39/s       40/s       41/s       42/s       43/s       44/s       45/s       46/s       47/s       48/s       49/s       50/s       51/s       52/s       53/s       54/s       55/s       57/s       59/s       61/s       65/s       66/s       67/s       68/s       69/s       70/s       71/s       72/s       73/s       74/s       75/s       76/s       77/s       79/s       80/s       81/s       82/s       83/s       84/s       85/s       86/s       87/s       88/s       89/s       90/s       91/s       92/s       93/s       94/s       95/s       96/s       97/s       98/s      112/s      113/s      114/s      115/s      116/s      117/s      118/s      119/s      120/s      121/s      122/s      123/s      124/s      125/s      126/s      127/s      128/s      129/s      130/s      131/s      132/s      133/s      134/s      135/s      136/s      137/s      138/s      150/s      154/s      162/s      167/s      171/s      224/s      228/s      229/s      230/s      231/s      232/s      233/s      234/s      235/s      236/s      237/s      245/s      246/s      247/s      249/s      250/s      252/s      253/s      262/s      263/s      294/s      296/s      297/s      298/s      299/s      301/s      302/s     IPI0/s     IPI1/s     IPI2/s     IPI3/s     IPI4/s     IPI5/s     IPI6/s      Err/s
17시 07분 27초    0       0.00       0.00       0.00      88.00       0.00       0.00       0.00       0.00       0.00       0.00       0.00       0.00       0.00       0.00       0.00       0.00       0.00       0.00       0.00       0.00       0.00       0.00       0.00       0.00       0.00       0.00       0.00       0.00       0.00       0.00       0.00       0.00       0.00       0.00       0.00       0.00       0.00       0.00       0.00       0.00       0.00       0.00       0.00       0.00       0.00       0.00     134.00       0.00       0.00       0.00       0.00       0.00       0.00       0.00       0.00       0.00       0.00       0.00       0.00       0.00       0.00       0.00       0.00       0.00       0.00       0.00       0.00       0.00       0.00       0.00       0.00       0.00       0.00       0.00       0.00       0.00       0.00       2.00       0.00       0.00       0.00       0.00       0.00       0.00       0.00       0.00       0.00       0.00       0.00       0.00       0.00       0.00       0.00       0.00       0.00       0.00       0.00       0.00       0.00       0.00       0.00       0.00       0.00       0.00       0.00      38.00       0.00       0.00       0.00       0.00       0.00       0.00       0.00       0.00       0.00       0.00       0.00       0.00       0.00       0.00       0.00       0.00       0.00       0.00       0.00       0.00       0.00       0.00       0.00       0.00       0.00       0.00       0.00       0.00      60.00       0.00      11.00       2.00       0.00       0.00       0.00       1.00       0.00       0.00
17시 07분 27초    1       0.00       0.00       0.00      46.00       0.00       0.00       0.00       0.00       0.00       0.00       0.00       0.00       0.00       0.00       0.00       0.00       0.00       0.00       0.00       0.00       0.00       0.00       0.00       0.00       0.00       0.00       0.00       0.00       0.00       0.00       0.00       0.00       0.00       0.00       0.00       0.00       0.00       0.00       0.00       0.00       0.00       0.00       0.00       0.00       0.00       0.00       0.00       0.00       0.00       0.00       0.00       0.00       0.00       0.00       0.00       0.00       0.00       0.00       0.00       0.00       0.00       0.00       0.00       0.00       0.00       0.00       0.00       0.00       0.00       0.00       0.00       0.00       0.00       0.00       0.00       0.00       0.00       0.00       0.00       0.00       0.00       0.00       0.00       0.00       0.00       0.00       0.00       0.00       0.00       0.00       0.00       0.00       0.00       0.00       0.00       0.00       0.00       0.00       0.00       0.00       0.00       0.00       0.00       0.00       0.00       0.00       0.00       0.00       0.00       0.00       0.00       0.00       0.00       0.00       0.00       0.00       0.00       0.00       0.00       0.00       0.00       0.00       0.00       0.00       0.00       0.00       0.00       0.00       0.00       0.00       0.00       0.00       0.00       0.00       0.00       0.00       7.00       4.00       0.00       0.00       0.00       1.00       0.00       0.00
17시 07분 27초    2       0.00       0.00       0.00      60.00       0.00       0.00       0.00       0.00       0.00       0.00       0.00       0.00       0.00       0.00       0.00       0.00       0.00       0.00       0.00       0.00       0.00       0.00       0.00       0.00       0.00       0.00       0.00       0.00       0.00       0.00       0.00       0.00       0.00       0.00       0.00       0.00       0.00       0.00       0.00       0.00       0.00       0.00       0.00       0.00       0.00       0.00       0.00       0.00       0.00       0.00       0.00       0.00       0.00       0.00       0.00       0.00       0.00       0.00       0.00       0.00       0.00       0.00       0.00       0.00       0.00       0.00       0.00       0.00       0.00       0.00       0.00       0.00       0.00       0.00       0.00       0.00       0.00       0.00       0.00       0.00       0.00       0.00       0.00       0.00       0.00       0.00       0.00       0.00       0.00       0.00       0.00       0.00       0.00       0.00       0.00       0.00       0.00       0.00       0.00       0.00       0.00       0.00       0.00       0.00       0.00       0.00       0.00       0.00       0.00       0.00       0.00       0.00       0.00       0.00       0.00       0.00       0.00       0.00       0.00       0.00       0.00       0.00       0.00       0.00       0.00       0.00       0.00       0.00       0.00       0.00       0.00       0.00       0.00       0.00       0.00       0.00     142.00       2.00       0.00       0.00       0.00       9.00       0.00       0.00
17시 07분 27초    3       0.00       0.00       0.00      47.00       0.00       0.00       0.00       0.00       0.00       0.00       0.00       0.00       0.00       0.00       0.00       0.00       0.00       0.00       0.00       0.00       0.00       0.00       0.00       0.00       0.00       0.00       0.00       0.00       0.00       0.00       0.00       0.00       0.00       0.00       0.00       0.00       0.00       0.00       0.00       0.00       0.00       0.00       0.00       0.00       0.00       0.00       0.00       0.00       0.00       0.00       0.00       0.00       0.00       0.00       0.00       0.00       0.00       0.00       0.00       0.00       0.00       0.00       0.00       0.00       0.00       0.00       0.00       0.00       0.00       0.00       0.00       0.00       0.00       0.00       0.00       0.00       0.00       0.00       0.00       0.00       0.00       0.00       0.00       0.00       0.00       0.00       0.00       0.00       0.00       0.00       0.00       0.00       0.00       0.00       0.00       0.00       0.00       0.00       0.00       0.00       0.00       0.00       0.00       0.00       0.00       0.00       0.00       0.00       0.00       0.00       0.00       0.00       0.00       0.00       0.00       0.00       0.00       0.00       0.00       0.00       0.00       0.00       0.00       0.00       0.00       0.00       0.00       0.00       0.00       0.00       0.00       0.00       0.00       0.00       0.00       0.00       3.00       0.00       0.00       0.00       0.00       0.00       0.00       0.00
17시 07분 27초    4       0.00       0.00       0.00      63.00       0.00       0.00       0.00       0.00       0.00       0.00       0.00       0.00       0.00       0.00       0.00       0.00       0.00       0.00       0.00       0.00       0.00       0.00       0.00       0.00       0.00       0.00       0.00       0.00       0.00       0.00       0.00       0.00       0.00       0.00       0.00       0.00       0.00       0.00       0.00       0.00       0.00       0.00       0.00       0.00       0.00       0.00       0.00       0.00       0.00       0.00       0.00       0.00       0.00       0.00       0.00       0.00       0.00       0.00       0.00       0.00       0.00       0.00       0.00       0.00       0.00       0.00       0.00       0.00       0.00       0.00       0.00       0.00       0.00       0.00       0.00       0.00       0.00       0.00       0.00       0.00       0.00       0.00       0.00       0.00       0.00       0.00       0.00       0.00       0.00       0.00       0.00       0.00       0.00       0.00       0.00       0.00       0.00       0.00       0.00       0.00       0.00       0.00       0.00       0.00       0.00       0.00       0.00       0.00       0.00       0.00       0.00       0.00       0.00       0.00       0.00       0.00       0.00       0.00       0.00       0.00       0.00       0.00       0.00       0.00       0.00       0.00       0.00       0.00       0.00       0.00       0.00       0.00       0.00       0.00       0.00       0.00      20.00       1.00       0.00       0.00       0.00       0.00       0.00       0.00
17시 07분 27초    5       0.00       0.00       0.00      32.00       0.00       0.00       0.00       0.00       0.00       0.00       0.00       0.00       0.00       0.00       0.00       0.00       0.00       0.00       0.00       0.00       0.00       0.00       0.00       0.00       0.00       0.00       0.00       0.00       0.00       0.00       0.00       0.00       0.00       0.00       0.00       0.00       0.00       0.00       0.00       0.00       0.00       0.00       0.00       0.00       0.00       0.00       0.00       0.00       0.00       0.00       0.00       0.00       0.00       0.00       0.00       0.00       0.00       0.00       0.00       0.00       0.00       0.00       0.00       0.00       0.00       0.00       0.00       0.00       0.00       0.00       0.00       0.00       0.00       0.00       0.00       0.00       0.00       0.00       0.00       0.00       0.00       0.00       0.00       0.00       0.00       0.00       0.00       0.00       0.00       0.00       0.00       0.00       0.00       0.00       0.00       0.00       0.00       0.00       0.00       0.00       0.00       0.00       0.00       0.00       0.00       0.00       0.00       0.00       0.00       0.00       0.00       0.00       0.00       0.00       0.00       0.00       0.00       0.00       0.00       0.00       0.00       0.00       0.00       0.00       0.00       0.00       0.00       0.00       0.00       0.00       0.00       0.00       0.00       0.00       0.00       0.00       8.00       0.00       0.00       0.00       0.00       0.00       0.00       0.00

17시 07분 26초  CPU       HI/s    TIMER/s   NET_TX/s   NET_RX/s    BLOCK/s IRQ_POLL/s  TASKLET/s    SCHED/s  HRTIMER/s      RCU/s
17시 07분 27초    0       0.00      11.00       0.00      55.00       2.00       0.00       0.00      37.00       0.00      26.00
17시 07분 27초    1       0.00      18.00       0.00       0.00       0.00       0.00       0.00      30.00       0.00      23.00
17시 07분 27초    2       0.00      15.00       0.00       0.00       0.00       0.00       0.00      41.00       0.00      19.00
17시 07분 27초    3       0.00      11.00       0.00       0.00       0.00       0.00       0.00      22.00       0.00      25.00
17시 07분 27초    4       0.00      37.00       0.00       0.00       0.00       0.00       0.00      30.00       0.00      16.00
17시 07분 27초    5       0.00       3.00       0.00       0.00       0.00       0.00       0.00      11.00       0.00      18.00

17시 07분 27초  CPU    %usr   %nice    %sys %iowait    %irq   %soft  %steal  %guest  %gnice   %idle
17시 07분 28초  all    3.01    0.00    2.17    0.00    0.00    0.17    0.00    0.00    0.00   94.66
17시 07분 28초    0    2.02    0.00    1.01    0.00    0.00    0.00    0.00    0.00    0.00   96.97
17시 07분 28초    1    4.04    0.00    1.01    0.00    0.00    0.00    0.00    0.00    0.00   94.95
17시 07분 28초    2    6.86    0.00    3.92    0.00    0.00    0.98    0.00    0.00    0.00   88.24
17시 07분 28초    3    2.02    0.00    2.02    0.00    0.00    0.00    0.00    0.00    0.00   95.96
17시 07분 28초    4    1.00    0.00    1.00    0.00    0.00    0.00    0.00    0.00    0.00   98.00
17시 07분 28초    5    2.00    0.00    4.00    0.00    0.00    0.00    0.00    0.00    0.00   94.00

17시 07분 27초  CPU    intr/s
17시 07분 28초  all   1378.00
17시 07분 28초    0    125.00
17시 07분 28초    1    197.00
17시 07분 28초    2    101.00
17시 07분 28초    3     90.00
17시 07분 28초    4     90.00
17시 07분 28초    5     60.00

17시 07분 27초  CPU        9/s       11/s       12/s       13/s       18/s       20/s       21/s       22/s       23/s       24/s       25/s       26/s       27/s       28/s       29/s       30/s       31/s       32/s       33/s       34/s       35/s       36/s       37/s       38/s       39/s       40/s       41/s       42/s       43/s       44/s       45/s       46/s       47/s       48/s       49/s       50/s       51/s       52/s       53/s       54/s       55/s       57/s       59/s       61/s       65/s       66/s       67/s       68/s       69/s       70/s       71/s       72/s       73/s       74/s       75/s       76/s       77/s       79/s       80/s       81/s       82/s       83/s       84/s       85/s       86/s       87/s       88/s       89/s       90/s       91/s       92/s       93/s       94/s       95/s       96/s       97/s       98/s      112/s      113/s      114/s      115/s      116/s      117/s      118/s      119/s      120/s      121/s      122/s      123/s      124/s      125/s      126/s      127/s      128/s      129/s      130/s      131/s      132/s      133/s      134/s      135/s      136/s      137/s      138/s      150/s      154/s      162/s      167/s      171/s      224/s      228/s      229/s      230/s      231/s      232/s      233/s      234/s      235/s      236/s      237/s      245/s      246/s      247/s      249/s      250/s      252/s      253/s      262/s      263/s      294/s      296/s      297/s      298/s      299/s      301/s      302/s     IPI0/s     IPI1/s     IPI2/s     IPI3/s     IPI4/s     IPI5/s     IPI6/s      Err/s
17시 07분 28초    0       0.00       0.00       0.00     146.00       0.00       0.00       0.00       0.00       0.00       0.00       0.00       0.00       0.00       0.00       0.00       0.00       0.00       0.00       0.00       0.00       0.00       0.00       0.00       0.00       0.00       0.00       0.00       0.00       0.00       0.00       0.00       0.00       0.00       0.00       0.00       0.00       0.00       0.00       0.00       0.00       0.00       0.00       0.00       0.00       0.00       0.00       0.00       0.00       0.00       0.00       0.00       0.00       0.00       0.00       0.00       0.00       0.00       0.00       0.00       0.00       0.00       0.00       0.00       0.00       0.00       0.00       0.00       0.00       0.00       0.00       0.00       0.00       0.00       0.00       0.00       0.00       0.00       0.00       0.00       0.00       0.00       0.00       0.00       0.00       0.00       0.00       0.00       0.00       0.00       0.00       0.00       0.00       0.00       0.00       0.00       0.00       0.00       0.00       0.00       0.00       0.00       0.00       0.00       0.00       0.00      40.00       0.00       0.00       0.00       0.00       0.00       0.00       0.00       0.00       0.00       0.00       0.00       0.00       0.00       0.00       0.00       0.00       0.00       0.00       0.00       0.00       0.00       0.00       0.00       0.00       0.00       0.00       0.00       0.00      24.00       0.00      86.00      18.00       0.00       0.00       0.00       1.00       0.00       0.00
17시 07분 28초    1       0.00       0.00       0.00      94.00       0.00       0.00       0.00       0.00       0.00       0.00       0.00       0.00       0.00       0.00       0.00       0.00       0.00       0.00       0.00       0.00       0.00       0.00       0.00       0.00       0.00       0.00       0.00       0.00       0.00       0.00       0.00       0.00       0.00       0.00       0.00       0.00       0.00       0.00       0.00       0.00       0.00       0.00       0.00       0.00       0.00       0.00       0.00       0.00       0.00       0.00       0.00       0.00       0.00       0.00       0.00       0.00       0.00       0.00       0.00       0.00       0.00       0.00       0.00       0.00       0.00       0.00       0.00       0.00       0.00       0.00       0.00       0.00       0.00       0.00       0.00       0.00       0.00       0.00       0.00       0.00       0.00       0.00       0.00       0.00       0.00       0.00       0.00       0.00       0.00       0.00       0.00       0.00       0.00       0.00       0.00       0.00       0.00       0.00       0.00       0.00       0.00       0.00       0.00       0.00       0.00       0.00       0.00       0.00       0.00       0.00       0.00       0.00       0.00       0.00       0.00       0.00       0.00       0.00       0.00       0.00       0.00       0.00       0.00       0.00       0.00       0.00       0.00       0.00       0.00       0.00       0.00       0.00       0.00       0.00       0.00       0.00     114.00       5.00       0.00       0.00       0.00       6.00       0.00       0.00
17시 07분 28초    2       0.00       0.00       0.00      77.00       0.00       0.00       0.00       0.00       0.00       0.00       0.00       0.00       0.00       0.00       0.00       0.00       0.00       0.00       0.00       0.00       0.00       0.00       0.00       0.00       0.00       0.00       0.00       0.00       0.00       0.00       0.00       0.00       0.00       0.00       0.00       0.00       0.00       0.00       0.00       0.00       0.00       0.00       0.00       0.00       0.00       0.00       0.00       0.00       0.00       0.00       0.00       0.00       0.00       0.00       0.00       0.00       0.00       0.00       0.00       0.00       0.00       0.00       0.00       0.00       0.00       0.00       0.00       0.00       0.00       0.00       0.00       0.00       0.00       0.00       0.00       0.00       0.00       0.00       0.00       0.00       0.00       0.00       0.00       0.00       0.00       0.00       0.00       0.00       0.00       0.00       0.00       0.00       0.00       0.00       0.00       0.00       0.00       0.00       0.00       0.00       0.00       0.00       0.00       0.00       0.00       0.00       0.00       0.00       0.00       0.00       0.00       0.00       0.00       0.00       0.00       0.00       0.00       0.00       0.00       0.00       0.00       0.00       0.00       0.00       0.00       0.00       0.00       0.00       0.00       0.00       0.00       0.00       0.00       0.00       0.00       0.00     183.00      13.00       0.00       0.00       0.00       3.00       0.00       0.00
17시 07분 28초    3       0.00       0.00       0.00      80.00       0.00       0.00       0.00       0.00       0.00       0.00       0.00       0.00       0.00       0.00       0.00       0.00       0.00       0.00       0.00       0.00       0.00       0.00       0.00       0.00       0.00       0.00       0.00       0.00       0.00       0.00       0.00       0.00       0.00       0.00       0.00       0.00       0.00       0.00       0.00       0.00       0.00       0.00       0.00       0.00       0.00       0.00       0.00       0.00       0.00       0.00       0.00       0.00       0.00       0.00       0.00       0.00       0.00       0.00       0.00       0.00       0.00       0.00       0.00       0.00       0.00       0.00       0.00       0.00       0.00       0.00       0.00       0.00       0.00       0.00       0.00       0.00       0.00       0.00       0.00       0.00       0.00       0.00       0.00       0.00       0.00       0.00       0.00       0.00       0.00       0.00       0.00       0.00       0.00       0.00       0.00       0.00       0.00       0.00       0.00       0.00       0.00       0.00       0.00       0.00       0.00       0.00       0.00       0.00       0.00       0.00       0.00       0.00       0.00       0.00       0.00       0.00       0.00       0.00       0.00       0.00       0.00       0.00       0.00       0.00       0.00       0.00       0.00       0.00       0.00       0.00       0.00       0.00       0.00       0.00       0.00       0.00     125.00       4.00       0.00       0.00       0.00       2.00       0.00       0.00
17시 07분 28초    4       0.00       0.00       0.00      82.00       0.00       0.00       0.00       0.00       0.00       0.00       0.00       0.00       0.00       0.00       0.00       0.00       0.00       0.00       0.00       0.00       0.00       0.00       0.00       0.00       0.00       0.00       0.00       0.00       0.00       0.00       0.00       0.00       0.00       0.00       0.00       0.00       0.00       0.00       0.00       0.00       0.00       0.00       0.00       0.00       0.00       0.00       0.00       0.00       0.00       0.00       0.00       0.00       0.00       0.00       0.00       0.00       0.00       0.00       0.00       0.00       0.00       0.00       0.00       0.00       0.00       0.00       0.00       0.00       0.00       0.00       0.00       0.00       0.00       0.00       0.00       0.00       0.00       0.00       0.00       0.00       0.00       0.00       0.00       0.00       0.00       0.00       0.00       0.00       0.00       0.00       0.00       0.00       0.00       0.00       0.00       0.00       0.00       0.00       0.00       0.00       0.00       0.00       0.00       0.00       0.00       0.00       0.00       0.00       0.00       0.00       0.00       0.00       0.00       0.00       0.00       0.00       0.00       0.00       0.00       0.00       0.00       0.00       0.00       0.00       0.00       0.00       0.00       0.00       0.00       0.00       0.00       0.00       0.00       0.00       0.00       0.00     127.00       0.00       0.00       0.00       0.00       5.00       0.00       0.00
17시 07분 28초    5       0.00       0.00       0.00      66.00       0.00       0.00       0.00       0.00       0.00       0.00       0.00       0.00       0.00       0.00       0.00       0.00       0.00       0.00       0.00       0.00       0.00       0.00       0.00       0.00       0.00       0.00       0.00       0.00       0.00       0.00       0.00       0.00       0.00       0.00       0.00       0.00       0.00       0.00       0.00       0.00       0.00       0.00       0.00       0.00       0.00       0.00       0.00       0.00       0.00       0.00       0.00       0.00       0.00       0.00       0.00       0.00       0.00       0.00       0.00       0.00       0.00       0.00       0.00       0.00       0.00       0.00       0.00       0.00       0.00       0.00       0.00       0.00       0.00       0.00       0.00       0.00       0.00       0.00       0.00       0.00       0.00       0.00       0.00       0.00       0.00       0.00       0.00       0.00       0.00       0.00       0.00       0.00       0.00       0.00       0.00       0.00       0.00       0.00       0.00       0.00       0.00       0.00       0.00       0.00       0.00       0.00       0.00       0.00       0.00       0.00       0.00       0.00       0.00       0.00       0.00       0.00       0.00       0.00       0.00       0.00       0.00       0.00       0.00       0.00       0.00       0.00       0.00       0.00       0.00       0.00       0.00       0.00       0.00       0.00       0.00       0.00      68.00       2.00       0.00       0.00       0.00       7.00       0.00       0.00

17시 07분 27초  CPU       HI/s    TIMER/s   NET_TX/s   NET_RX/s    BLOCK/s IRQ_POLL/s  TASKLET/s    SCHED/s  HRTIMER/s      RCU/s
17시 07분 28초    0       0.00      11.00       0.00      22.00       0.00       0.00       0.00      50.00       0.00      42.00
17시 07분 28초    1       0.00      30.00       0.00       0.00       0.00       0.00       0.00      41.00       0.00     126.00
17시 07분 28초    2       0.00      17.00       0.00       0.00       0.00       0.00       0.00      45.00       0.00      39.00
17시 07분 28초    3       0.00      28.00       0.00       0.00       0.00       0.00       0.00      30.00       0.00      32.00
17시 07분 28초    4       0.00      26.00       0.00       0.00       0.00       0.00       0.00      34.00       0.00      30.00
17시 07분 28초    5       0.00       3.00       0.00       0.00       0.00       0.00       0.00      22.00       0.00      35.00

17시 07분 28초  CPU    %usr   %nice    %sys %iowait    %irq   %soft  %steal  %guest  %gnice   %idle
17시 07분 29초  all    0.83    0.00    1.50    0.00    0.17    0.00    0.00    0.00    0.00   97.51
17시 07분 29초    0    1.00    0.00    2.00    0.00    0.00    0.00    0.00    0.00    0.00   97.00
17시 07분 29초    1    0.00    0.00    2.00    0.00    0.00    0.00    0.00    0.00    0.00   98.00
17시 07분 29초    2    0.99    0.00    0.00    0.00    0.99    0.00    0.00    0.00    0.00   98.02
17시 07분 29초    3    1.98    0.00    1.98    0.00    0.00    0.00    0.00    0.00    0.00   96.04
17시 07분 29초    4    0.00    0.00    0.00    0.00    0.00    0.00    0.00    0.00    0.00  100.00
17시 07분 29초    5    1.00    0.00    3.00    0.00    0.00    0.00    0.00    0.00    0.00   96.00

17시 07분 28초  CPU    intr/s
17시 07분 29초  all    297.00
17시 07분 29초    0     85.00
17시 07분 29초    1     94.00
17시 07분 29초    2     85.00
17시 07분 29초    3     52.00
17시 07분 29초    4     27.00
17시 07분 29초    5     27.00

17시 07분 28초  CPU        9/s       11/s       12/s       13/s       18/s       20/s       21/s       22/s       23/s       24/s       25/s       26/s       27/s       28/s       29/s       30/s       31/s       32/s       33/s       34/s       35/s       36/s       37/s       38/s       39/s       40/s       41/s       42/s       43/s       44/s       45/s       46/s       47/s       48/s       49/s       50/s       51/s       52/s       53/s       54/s       55/s       57/s       59/s       61/s       65/s       66/s       67/s       68/s       69/s       70/s       71/s       72/s       73/s       74/s       75/s       76/s       77/s       79/s       80/s       81/s       82/s       83/s       84/s       85/s       86/s       87/s       88/s       89/s       90/s       91/s       92/s       93/s       94/s       95/s       96/s       97/s       98/s      112/s      113/s      114/s      115/s      116/s      117/s      118/s      119/s      120/s      121/s      122/s      123/s      124/s      125/s      126/s      127/s      128/s      129/s      130/s      131/s      132/s      133/s      134/s      135/s      136/s      137/s      138/s      150/s      154/s      162/s      167/s      171/s      224/s      228/s      229/s      230/s      231/s      232/s      233/s      234/s      235/s      236/s      237/s      245/s      246/s      247/s      249/s      250/s      252/s      253/s      262/s      263/s      294/s      296/s      297/s      298/s      299/s      301/s      302/s     IPI0/s     IPI1/s     IPI2/s     IPI3/s     IPI4/s     IPI5/s     IPI6/s      Err/s
17시 07분 29초    0       0.00       0.00       0.00      45.00       0.00       0.00       0.00       0.00       0.00       0.00       0.00       0.00       0.00       0.00       0.00       0.00       0.00       0.00       0.00       0.00       0.00       0.00       0.00       0.00       0.00       0.00       0.00       0.00       0.00       0.00       0.00       0.00       0.00       0.00       0.00       0.00       0.00       0.00       0.00       0.00       0.00       0.00       0.00       0.00       0.00       0.00       0.00       0.00       0.00       0.00       0.00       0.00       0.00       0.00       0.00       0.00       0.00       0.00       0.00       0.00       0.00       0.00       0.00       0.00       0.00       0.00       0.00       0.00       0.00       0.00       0.00       0.00       0.00       0.00       0.00       0.00       0.00       0.00       0.00       0.00       0.00       0.00       0.00       0.00       0.00       0.00       0.00       0.00       0.00       0.00       0.00       0.00       0.00       0.00       0.00       0.00       0.00       0.00       0.00       0.00       0.00       0.00       0.00       0.00       0.00       5.00       0.00       0.00       0.00       0.00       0.00       0.00       0.00       0.00       0.00       0.00       0.00       0.00       0.00       0.00       0.00       0.00       0.00       0.00       0.00       0.00       0.00       0.00       0.00       0.00       0.00       0.00       0.00       0.00      24.00       0.00       0.00       3.00       0.00       0.00       0.00       0.00       0.00       0.00
17시 07분 29초    1       0.00       0.00       0.00      58.00       0.00       0.00       0.00       0.00       0.00       0.00       0.00       0.00       0.00       0.00       0.00       0.00       0.00       0.00       0.00       0.00       0.00       0.00       0.00       0.00       0.00       0.00       0.00       0.00       0.00       0.00       0.00       0.00       0.00       0.00       0.00       0.00       0.00       0.00       0.00       0.00       0.00       0.00       0.00       0.00       0.00       0.00       0.00       0.00       0.00       0.00       0.00       0.00       0.00       0.00       0.00       0.00       0.00       0.00       0.00       0.00       0.00       0.00       0.00       0.00       0.00       0.00       0.00       0.00       0.00       0.00       0.00       0.00       0.00       0.00       0.00       0.00       0.00       0.00       0.00       0.00       0.00       0.00       0.00       0.00       0.00       0.00       0.00       0.00       0.00       0.00       0.00       0.00       0.00       0.00       0.00       0.00       0.00       0.00       0.00       0.00       0.00       0.00       0.00       0.00       0.00       0.00       0.00       0.00       0.00       0.00       0.00       0.00       0.00       0.00       0.00       0.00       0.00       0.00       0.00       0.00       0.00       0.00       0.00       0.00       0.00       0.00       0.00       0.00       0.00       0.00       0.00       0.00       0.00       0.00       0.00       0.00      14.00       3.00       0.00       0.00       0.00       0.00       0.00       0.00
17시 07분 29초    2       0.00       0.00       0.00      49.00       0.00       0.00       0.00       0.00       0.00       0.00       0.00       0.00       0.00       0.00       0.00       0.00       0.00       0.00       0.00       0.00       0.00       0.00       0.00       0.00       0.00       0.00       0.00       0.00       0.00       0.00       0.00       0.00       0.00       0.00       0.00       0.00       0.00       0.00       0.00       0.00       0.00       0.00       0.00       0.00       0.00       0.00       0.00       0.00       0.00       0.00       0.00       0.00       0.00       0.00       0.00       0.00       0.00       0.00       0.00       0.00       0.00       0.00       0.00       0.00       0.00       0.00       0.00       0.00       0.00       0.00       0.00       0.00       0.00       0.00       0.00       0.00       0.00       0.00       0.00       0.00       0.00       0.00       0.00       0.00       0.00       0.00       0.00       0.00       0.00       0.00       0.00       0.00       0.00       0.00       0.00       0.00       0.00       0.00       0.00       0.00       0.00       0.00       0.00       0.00       0.00       0.00       0.00       0.00       0.00       0.00       0.00       0.00       0.00       0.00       0.00       0.00       0.00       0.00       0.00       0.00       0.00       0.00       0.00       0.00       0.00       0.00       0.00       0.00       0.00       0.00       0.00       0.00       0.00       0.00       0.00       0.00       0.00       2.00       0.00       0.00       0.00       0.00       0.00       0.00
17시 07분 29초    3       0.00       0.00       0.00      44.00       0.00       0.00       0.00       0.00       0.00       0.00       0.00       0.00       0.00       0.00       0.00       0.00       0.00       0.00       0.00       0.00       0.00       0.00       0.00       0.00       0.00       0.00       0.00       0.00       0.00       0.00       0.00       0.00       0.00       0.00       0.00       0.00       0.00       0.00       0.00       0.00       0.00       0.00       0.00       0.00       0.00       0.00       0.00       0.00       0.00       0.00       0.00       0.00       0.00       0.00       0.00       0.00       0.00       0.00       0.00       0.00       0.00       0.00       0.00       0.00       0.00       0.00       0.00       0.00       0.00       0.00       0.00       0.00       0.00       0.00       0.00       0.00       0.00       0.00       0.00       0.00       0.00       0.00       0.00       0.00       0.00       0.00       0.00       0.00       0.00       0.00       0.00       0.00       0.00       0.00       0.00       0.00       0.00       0.00       0.00       0.00       0.00       0.00       0.00       0.00       0.00       0.00       0.00       0.00       0.00       0.00       0.00       0.00       0.00       0.00       0.00       0.00       0.00       0.00       0.00       0.00       0.00       0.00       0.00       0.00       0.00       0.00       0.00       0.00       0.00       0.00       0.00       0.00       0.00       0.00       0.00       0.00       7.00       0.00       0.00       0.00       0.00       0.00       0.00       0.00
17시 07분 29초    4       0.00       0.00       0.00      14.00       0.00       0.00       0.00       0.00       0.00       0.00       0.00       0.00       0.00       0.00       0.00       0.00       0.00       0.00       0.00       0.00       0.00       0.00       0.00       0.00       0.00       0.00       0.00       0.00       0.00       0.00       0.00       0.00       0.00       0.00       0.00       0.00       0.00       0.00       0.00       0.00       0.00       0.00       0.00       0.00       0.00       0.00       0.00       0.00       0.00       0.00       0.00       0.00       0.00       0.00       0.00       0.00       0.00       0.00       0.00       0.00       0.00       0.00       0.00       0.00       0.00       0.00       0.00       0.00       0.00       0.00       0.00       0.00       0.00       0.00       0.00       0.00       0.00       0.00       0.00       0.00       0.00       0.00       0.00       0.00       0.00       0.00       0.00       0.00       0.00       0.00       0.00       0.00       0.00       0.00       0.00       0.00       0.00       0.00       0.00       0.00       0.00       0.00       0.00       0.00       0.00       0.00       0.00       0.00       0.00       0.00       0.00       0.00       0.00       0.00       0.00       0.00       0.00       0.00       0.00       0.00       0.00       0.00       0.00       0.00       0.00       0.00       0.00       0.00       0.00       0.00       0.00       0.00       0.00       0.00       0.00       0.00       1.00       0.00       0.00       0.00       0.00       0.00       0.00       0.00
17시 07분 29초    5       0.00       0.00       0.00      26.00       0.00       0.00       0.00       0.00       0.00       0.00       0.00       0.00       0.00       0.00       0.00       0.00       0.00       0.00       0.00       0.00       0.00       0.00       0.00       0.00       0.00       0.00       0.00       0.00       0.00       0.00       0.00       0.00       0.00       0.00       0.00       0.00       0.00       0.00       0.00       0.00       0.00       0.00       0.00       0.00       0.00       0.00       0.00       0.00       0.00       0.00       0.00       0.00       0.00       0.00       0.00       0.00       0.00       0.00       0.00       0.00       0.00       0.00       0.00       0.00       0.00       0.00       0.00       0.00       0.00       0.00       0.00       0.00       0.00       0.00       0.00       0.00       0.00       0.00       0.00       0.00       0.00       0.00       0.00       0.00       0.00       0.00       0.00       0.00       0.00       0.00       0.00       0.00       0.00       0.00       0.00       0.00       0.00       0.00       0.00       0.00       0.00       0.00       0.00       0.00       0.00       0.00       0.00       0.00       0.00       0.00       0.00       0.00       0.00       0.00       0.00       0.00       0.00       0.00       0.00       0.00       0.00       0.00       0.00       0.00       0.00       0.00       0.00       0.00       0.00       0.00       0.00       0.00       0.00       0.00       0.00       0.00       2.00       0.00       0.00       0.00       0.00       0.00       0.00       0.00

17시 07분 28초  CPU       HI/s    TIMER/s   NET_TX/s   NET_RX/s    BLOCK/s IRQ_POLL/s  TASKLET/s    SCHED/s  HRTIMER/s      RCU/s
17시 07분 29초    0       0.00      11.00       0.00      22.00       0.00       0.00       0.00      24.00       0.00      28.00
17시 07분 29초    1       0.00      28.00       0.00       0.00       0.00       0.00       0.00      35.00       0.00      31.00
17시 07분 29초    2       0.00      32.00       0.00       0.00       0.00       0.00       0.00      34.00       0.00      19.00
17시 07분 29초    3       0.00       9.00       0.00       0.00       0.00       0.00       0.00      17.00       0.00      26.00
17시 07분 29초    4       0.00       9.00       0.00       0.00       0.00       0.00       0.00      10.00       0.00       8.00
17시 07분 29초    5       0.00       3.00       0.00       0.00       0.00       0.00       0.00       8.00       0.00      16.00

17시 07분 29초  CPU    %usr   %nice    %sys %iowait    %irq   %soft  %steal  %guest  %gnice   %idle
17시 07분 30초  all    0.50    0.00    1.83    0.00    0.17    0.33    0.00    0.00    0.00   97.18
17시 07분 30초    0    0.99    0.00    1.98    0.00    0.00    0.99    0.00    0.00    0.00   96.04
17시 07분 30초    1    0.99    0.00    1.98    0.00    0.99    0.00    0.00    0.00    0.00   96.04
17시 07분 30초    2    0.00    0.00    1.00    0.00    0.00    0.00    0.00    0.00    0.00   99.00
17시 07분 30초    3    1.00    0.00    3.00    0.00    0.00    0.00    0.00    0.00    0.00   96.00
17시 07분 30초    4    0.00    0.00    0.00    0.00    0.00    0.00    0.00    0.00    0.00  100.00
17시 07분 30초    5    0.00    0.00    2.97    0.00    0.00    0.99    0.00    0.00    0.00   96.04

17시 07분 29초  CPU    intr/s
17시 07분 30초  all    349.00
17시 07분 30초    0    122.00
17시 07분 30초    1     76.00
17시 07분 30초    2     82.00
17시 07분 30초    3     46.00
17시 07분 30초    4     41.00
17시 07분 30초    5     60.00

17시 07분 29초  CPU        9/s       11/s       12/s       13/s       18/s       20/s       21/s       22/s       23/s       24/s       25/s       26/s       27/s       28/s       29/s       30/s       31/s       32/s       33/s       34/s       35/s       36/s       37/s       38/s       39/s       40/s       41/s       42/s       43/s       44/s       45/s       46/s       47/s       48/s       49/s       50/s       51/s       52/s       53/s       54/s       55/s       57/s       59/s       61/s       65/s       66/s       67/s       68/s       69/s       70/s       71/s       72/s       73/s       74/s       75/s       76/s       77/s       79/s       80/s       81/s       82/s       83/s       84/s       85/s       86/s       87/s       88/s       89/s       90/s       91/s       92/s       93/s       94/s       95/s       96/s       97/s       98/s      112/s      113/s      114/s      115/s      116/s      117/s      118/s      119/s      120/s      121/s      122/s      123/s      124/s      125/s      126/s      127/s      128/s      129/s      130/s      131/s      132/s      133/s      134/s      135/s      136/s      137/s      138/s      150/s      154/s      162/s      167/s      171/s      224/s      228/s      229/s      230/s      231/s      232/s      233/s      234/s      235/s      236/s      237/s      245/s      246/s      247/s      249/s      250/s      252/s      253/s      262/s      263/s      294/s      296/s      297/s      298/s      299/s      301/s      302/s     IPI0/s     IPI1/s     IPI2/s     IPI3/s     IPI4/s     IPI5/s     IPI6/s      Err/s
17시 07분 30초    0       0.00       0.00       0.00      38.00       0.00       0.00       0.00       0.00       0.00       0.00       0.00       0.00       0.00       0.00       0.00       0.00       0.00       0.00       0.00       0.00       0.00       0.00       0.00       0.00       0.00       0.00       0.00       0.00       0.00       0.00       0.00       0.00       0.00       0.00       0.00       0.00       0.00       0.00       0.00       0.00       0.00       0.00       0.00       0.00       0.00       0.00       0.00       0.00       0.00       0.00       0.00       0.00       0.00       0.00       0.00       0.00       0.00       0.00       0.00       0.00       0.00       0.00       0.00       0.00       0.00       0.00       0.00       0.00       0.00       0.00       0.00       0.00       0.00       0.00       0.00       0.00       0.00       0.00       0.00       0.00       0.00       0.00       0.00       0.00       0.00       0.00       0.00       0.00       0.00       0.00       0.00       0.00       0.00       0.00       0.00       0.00       0.00       0.00       0.00       0.00       0.00       0.00       0.00       0.00       0.00       0.00       0.00       0.00       0.00       0.00       0.00       0.00       0.00       0.00       0.00       0.00       0.00       0.00       0.00       0.00       0.00       0.00       0.00       0.00       0.00       0.00       0.00       0.00       0.00       0.00       0.00       0.00       0.00       0.00      70.00       0.00       2.00       4.00       0.00       0.00       0.00       0.00       0.00       0.00
17시 07분 30초    1       0.00       0.00       0.00      42.00       0.00       0.00       0.00       0.00       0.00       0.00       0.00       0.00       0.00       0.00       0.00       0.00       0.00       0.00       0.00       0.00       0.00       0.00       0.00       0.00       0.00       0.00       0.00       0.00       0.00       0.00       0.00       0.00       0.00       0.00       0.00       0.00       0.00       0.00       0.00       0.00       0.00       0.00       0.00       0.00       0.00       0.00       0.00       0.00       0.00       0.00       0.00       0.00       0.00       0.00       0.00       0.00       0.00       0.00       0.00       0.00       0.00       0.00       0.00       0.00       0.00       0.00       0.00       0.00       0.00       0.00       0.00       0.00       0.00       0.00       0.00       0.00       0.00       0.00       0.00       0.00       0.00       0.00       0.00       0.00       0.00       0.00       0.00       0.00       0.00       0.00       0.00       0.00       0.00       0.00       0.00       0.00       0.00       0.00       0.00       0.00       0.00       0.00       0.00       0.00       0.00       0.00       0.00       0.00       0.00       0.00       0.00       0.00       0.00       0.00       0.00       0.00       0.00       0.00       0.00       0.00       0.00       0.00       0.00       0.00       0.00       0.00       0.00       0.00       0.00       0.00       0.00       0.00       0.00       0.00       0.00       0.00       2.00       5.00       0.00       0.00       0.00       0.00       0.00       0.00
17시 07분 30초    2       0.00       0.00       0.00      55.00       0.00       0.00       0.00       0.00       0.00       0.00       0.00       0.00       0.00       0.00       0.00       0.00       0.00       0.00       0.00       0.00       0.00       0.00       0.00       0.00       0.00       0.00       0.00       0.00       0.00       0.00       0.00       0.00       0.00       0.00       0.00       0.00       0.00       0.00       0.00       0.00       0.00       0.00       0.00       0.00       0.00       0.00       0.00       0.00       0.00       0.00       0.00       0.00       0.00       0.00       0.00       0.00       0.00       0.00       0.00       0.00       0.00       0.00       0.00       0.00       0.00       0.00       0.00       0.00       0.00       0.00       0.00       0.00       0.00       0.00       0.00       0.00       0.00       0.00       0.00       0.00       0.00       0.00       0.00       0.00       0.00       0.00       0.00       0.00       0.00       0.00       0.00       0.00       0.00       0.00       0.00       0.00       0.00       0.00       0.00       0.00       0.00       0.00       0.00       0.00       0.00       0.00       0.00       0.00       0.00       0.00       0.00       0.00       0.00       0.00       0.00       0.00       0.00       0.00       0.00       0.00       0.00       0.00       0.00       0.00       0.00       0.00       0.00       0.00       0.00       0.00       0.00       0.00       0.00       0.00       0.00       0.00       5.00       1.00       0.00       0.00       0.00       0.00       0.00       0.00
17시 07분 30초    3       0.00       0.00       0.00      40.00       0.00       0.00       0.00       0.00       0.00       0.00       0.00       0.00       0.00       0.00       0.00       0.00       0.00       0.00       0.00       0.00       0.00       0.00       0.00       0.00       0.00       0.00       0.00       0.00       0.00       0.00       0.00       0.00       0.00       0.00       0.00       0.00       0.00       0.00       0.00       0.00       0.00       0.00       0.00       0.00       0.00       0.00       0.00       0.00       0.00       0.00       0.00       0.00       0.00       0.00       0.00       0.00       0.00       0.00       0.00       0.00       0.00       0.00       0.00       0.00       0.00       0.00       0.00       0.00       0.00       0.00       0.00       0.00       0.00       0.00       0.00       0.00       0.00       0.00       0.00       0.00       0.00       0.00       0.00       0.00       0.00       0.00       0.00       0.00       0.00       0.00       0.00       0.00       0.00       0.00       0.00       0.00       0.00       0.00       0.00       0.00       0.00       0.00       0.00       0.00       0.00       0.00       0.00       0.00       0.00       0.00       0.00       0.00       0.00       0.00       0.00       0.00       0.00       0.00       0.00       0.00       0.00       0.00       0.00       0.00       0.00       0.00       0.00       0.00       0.00       0.00       0.00       0.00       0.00       0.00       0.00       0.00       9.00       0.00       0.00       0.00       0.00       0.00       0.00       0.00
17시 07분 30초    4       0.00       0.00       0.00      22.00       0.00       0.00       0.00       0.00       0.00       0.00       0.00       0.00       0.00       0.00       0.00       0.00       0.00       0.00       0.00       0.00       0.00       0.00       0.00       0.00       0.00       0.00       0.00       0.00       0.00       0.00       0.00       0.00       0.00       0.00       0.00       0.00       0.00       0.00       0.00       0.00       0.00       0.00       0.00       0.00       0.00       0.00       0.00       0.00       0.00       0.00       0.00       0.00       0.00       0.00       0.00       0.00       0.00       0.00       0.00       0.00       0.00       0.00       0.00       0.00       0.00       0.00       0.00       0.00       0.00       0.00       0.00       0.00       0.00       0.00       0.00       0.00       0.00       0.00       0.00       0.00       0.00       0.00       0.00       0.00       0.00       0.00       0.00       0.00       0.00       0.00       0.00       0.00       0.00       0.00       0.00       0.00       0.00       0.00       0.00       0.00       0.00       0.00       0.00       0.00       0.00       0.00       0.00       0.00       0.00       0.00       0.00       0.00       0.00       0.00       0.00       0.00       0.00       0.00       0.00       0.00       0.00       0.00       0.00       0.00       0.00       0.00       0.00       0.00       0.00       0.00       0.00       0.00       0.00       0.00       0.00       0.00       3.00       0.00       0.00       0.00       0.00       0.00       0.00       0.00
17시 07분 30초    5       0.00       0.00       0.00      41.00       0.00       0.00       0.00       0.00       0.00       0.00       0.00       0.00       0.00       0.00       0.00       0.00       0.00       0.00       0.00       0.00       0.00       0.00       0.00       0.00       0.00       0.00       0.00       0.00       0.00       0.00       0.00       0.00       0.00       0.00       0.00       0.00       0.00       0.00       0.00       0.00       0.00       0.00       0.00       0.00       0.00       0.00       0.00       0.00       0.00       0.00       0.00       0.00       0.00       0.00       0.00       0.00       0.00       0.00       0.00       0.00       0.00       0.00       0.00       0.00       0.00       0.00       0.00       0.00       0.00       0.00       0.00       0.00       0.00       0.00       0.00       0.00       0.00       0.00       0.00       0.00       0.00       0.00       0.00       0.00       0.00       0.00       0.00       0.00       0.00       0.00       0.00       0.00       0.00       0.00       0.00       0.00       0.00       0.00       0.00       0.00       0.00       0.00       0.00       0.00       0.00       0.00       0.00       0.00       0.00       0.00       0.00       0.00       0.00       0.00       0.00       0.00       0.00       0.00       0.00       0.00       0.00       0.00       0.00       0.00       0.00       0.00       0.00       0.00       0.00       0.00       0.00       0.00       0.00       0.00       0.00       0.00      10.00       0.00       0.00       0.00       0.00       0.00       0.00       0.00

17시 07분 29초  CPU       HI/s    TIMER/s   NET_TX/s   NET_RX/s    BLOCK/s IRQ_POLL/s  TASKLET/s    SCHED/s  HRTIMER/s      RCU/s
17시 07분 30초    0       0.00      12.00       2.00      65.00       0.00       0.00       0.00      20.00       0.00      23.00
17시 07분 30초    1       0.00      24.00       0.00       0.00       0.00       0.00       0.00      31.00       0.00      21.00
17시 07분 30초    2       0.00      31.00       0.00       0.00       0.00       0.00       0.00      33.00       0.00      18.00
17시 07분 30초    3       0.00       8.00       0.00       0.00       0.00       0.00       0.00      15.00       0.00      23.00
17시 07분 30초    4       0.00      13.00       0.00       0.00       0.00       0.00       0.00      14.00       0.00      14.00
17시 07분 30초    5       0.00      17.00       0.00       0.00       0.00       0.00       0.00      20.00       0.00      23.00

17시 07분 30초  CPU    %usr   %nice    %sys %iowait    %irq   %soft  %steal  %guest  %gnice   %idle
17시 07분 31초  all    0.17    0.00    1.51    0.00    0.00    0.00    0.00    0.00    0.00   98.32
17시 07분 31초    0    0.00    0.00    2.00    0.00    0.00    0.00    0.00    0.00    0.00   98.00
17시 07분 31초    1    0.00    0.00    2.00    0.00    0.00    0.00    0.00    0.00    0.00   98.00
17시 07분 31초    2    0.00    0.00    1.00    0.00    0.00    0.00    0.00    0.00    0.00   99.00
17시 07분 31초    3    1.01    0.00    2.02    0.00    0.00    0.00    0.00    0.00    0.00   96.97
17시 07분 31초    4    0.00    0.00    0.00    0.00    0.00    0.00    0.00    0.00    0.00  100.00
17시 07분 31초    5    0.00    0.00    2.04    0.00    0.00    0.00    0.00    0.00    0.00   97.96

17시 07분 30초  CPU    intr/s
17시 07분 31초  all    292.00
17시 07분 31초    0     81.00
17시 07분 31초    1     85.00
17시 07분 31초    2     83.00
17시 07분 31초    3     62.00
17시 07분 31초    4     28.00
17시 07분 31초    5     32.00

17시 07분 30초  CPU        9/s       11/s       12/s       13/s       18/s       20/s       21/s       22/s       23/s       24/s       25/s       26/s       27/s       28/s       29/s       30/s       31/s       32/s       33/s       34/s       35/s       36/s       37/s       38/s       39/s       40/s       41/s       42/s       43/s       44/s       45/s       46/s       47/s       48/s       49/s       50/s       51/s       52/s       53/s       54/s       55/s       57/s       59/s       61/s       65/s       66/s       67/s       68/s       69/s       70/s       71/s       72/s       73/s       74/s       75/s       76/s       77/s       79/s       80/s       81/s       82/s       83/s       84/s       85/s       86/s       87/s       88/s       89/s       90/s       91/s       92/s       93/s       94/s       95/s       96/s       97/s       98/s      112/s      113/s      114/s      115/s      116/s      117/s      118/s      119/s      120/s      121/s      122/s      123/s      124/s      125/s      126/s      127/s      128/s      129/s      130/s      131/s      132/s      133/s      134/s      135/s      136/s      137/s      138/s      150/s      154/s      162/s      167/s      171/s      224/s      228/s      229/s      230/s      231/s      232/s      233/s      234/s      235/s      236/s      237/s      245/s      246/s      247/s      249/s      250/s      252/s      253/s      262/s      263/s      294/s      296/s      297/s      298/s      299/s      301/s      302/s     IPI0/s     IPI1/s     IPI2/s     IPI3/s     IPI4/s     IPI5/s     IPI6/s      Err/s
17시 07분 31초    0       0.00       0.00       0.00      49.00       0.00       0.00       0.00       0.00       0.00       0.00       0.00       0.00       0.00       0.00       0.00       0.00       0.00       0.00       0.00       0.00       0.00       0.00       0.00       0.00       0.00       0.00       0.00       0.00       0.00       0.00       0.00       0.00       0.00       0.00       0.00       0.00       0.00       0.00       0.00       0.00       0.00       0.00       0.00       0.00       0.00       0.00       0.00       0.00       0.00       0.00       0.00       0.00       0.00       0.00       0.00       0.00       0.00       0.00       0.00       0.00       0.00       0.00       0.00       0.00       0.00       0.00       0.00       0.00       0.00       0.00       0.00       0.00       0.00       0.00       0.00       0.00       0.00       0.00       0.00       0.00       0.00       0.00       0.00       0.00       0.00       0.00       0.00       0.00       0.00       0.00       0.00       0.00       0.00       0.00       0.00       0.00       0.00       0.00       0.00       0.00       0.00       0.00       0.00       0.00       0.00       5.00       0.00       0.00       0.00       0.00       0.00       0.00       0.00       0.00       0.00       0.00       0.00       0.00       0.00       0.00       0.00       0.00       0.00       0.00       0.00       0.00       0.00       0.00       0.00       0.00       0.00       0.00       0.00       0.00      12.00       0.00       7.00       6.00       0.00       0.00       0.00       0.00       0.00       0.00
17시 07분 31초    1       0.00       0.00       0.00      52.00       0.00       0.00       0.00       0.00       0.00       0.00       0.00       0.00       0.00       0.00       0.00       0.00       0.00       0.00       0.00       0.00       0.00       0.00       0.00       0.00       0.00       0.00       0.00       0.00       0.00       0.00       0.00       0.00       0.00       0.00       0.00       0.00       0.00       0.00       0.00       0.00       0.00       0.00       0.00       0.00       0.00       0.00       0.00       0.00       0.00       0.00       0.00       0.00       0.00       0.00       0.00       0.00       0.00       0.00       0.00       0.00       0.00       0.00       0.00       0.00       0.00       0.00       0.00       0.00       0.00       0.00       0.00       0.00       0.00       0.00       0.00       0.00       0.00       0.00       0.00       0.00       0.00       0.00       0.00       0.00       0.00       0.00       0.00       0.00       0.00       0.00       0.00       0.00       0.00       0.00       0.00       0.00       0.00       0.00       0.00       0.00       0.00       0.00       0.00       0.00       0.00       0.00       0.00       0.00       0.00       0.00       0.00       0.00       0.00       0.00       0.00       0.00       0.00       0.00       0.00       0.00       0.00       0.00       0.00       0.00       0.00       0.00       0.00       0.00       0.00       0.00       0.00       0.00       0.00       0.00       0.00       0.00       5.00       5.00       0.00       0.00       0.00       0.00       0.00       0.00
17시 07분 31초    2       0.00       0.00       0.00      40.00       0.00       0.00       0.00       0.00       0.00       0.00       0.00       0.00       0.00       0.00       0.00       0.00       0.00       0.00       0.00       0.00       0.00       0.00       0.00       0.00       0.00       0.00       0.00       0.00       0.00       0.00       0.00       0.00       0.00       0.00       0.00       0.00       0.00       0.00       0.00       0.00       0.00       0.00       0.00       0.00       0.00       0.00       0.00       0.00       0.00       0.00       0.00       0.00       0.00       0.00       0.00       0.00       0.00       0.00       0.00       0.00       0.00       0.00       0.00       0.00       0.00       0.00       0.00       0.00       0.00       0.00       0.00       0.00       0.00       0.00       0.00       0.00       0.00       0.00       0.00       0.00       0.00       0.00       0.00       0.00       0.00       0.00       0.00       0.00       0.00       0.00       0.00       0.00       0.00       0.00       0.00       0.00       0.00       0.00       0.00       0.00       0.00       0.00       0.00       0.00       0.00       0.00       0.00       0.00       0.00       0.00       0.00       0.00       0.00       0.00       0.00       0.00       0.00       0.00       0.00       0.00       0.00       0.00       0.00       0.00       0.00       0.00       0.00       0.00       0.00       0.00       0.00       0.00       0.00       0.00       0.00       0.00       0.00       1.00       0.00       0.00       0.00       0.00       0.00       0.00
17시 07분 31초    3       0.00       0.00       0.00      51.00       0.00       0.00       0.00       0.00       0.00       0.00       0.00       0.00       0.00       0.00       0.00       0.00       0.00       0.00       0.00       0.00       0.00       0.00       0.00       0.00       0.00       0.00       0.00       0.00       0.00       0.00       0.00       0.00       0.00       0.00       0.00       0.00       0.00       0.00       0.00       0.00       0.00       0.00       0.00       0.00       0.00       0.00       0.00       0.00       0.00       0.00       0.00       0.00       0.00       0.00       0.00       0.00       0.00       0.00       0.00       0.00       0.00       0.00       0.00       0.00       0.00       0.00       0.00       0.00       0.00       0.00       0.00       0.00       0.00       0.00       0.00       0.00       0.00       0.00       0.00       0.00       0.00       0.00       0.00       0.00       0.00       0.00       0.00       0.00       0.00       0.00       0.00       0.00       0.00       0.00       0.00       0.00       0.00       0.00       0.00       0.00       0.00       0.00       0.00       0.00       0.00       0.00       0.00       0.00       0.00       0.00       0.00       0.00       0.00       0.00       0.00       0.00       0.00       0.00       0.00       0.00       0.00       0.00       0.00       0.00       0.00       0.00       0.00       0.00       0.00       0.00       0.00       0.00       0.00       0.00       0.00       0.00      10.00       0.00       0.00       0.00       0.00       0.00       0.00       0.00
17시 07분 31초    4       0.00       0.00       0.00      16.00       0.00       0.00       0.00       0.00       0.00       0.00       0.00       0.00       0.00       0.00       0.00       0.00       0.00       0.00       0.00       0.00       0.00       0.00       0.00       0.00       0.00       0.00       0.00       0.00       0.00       0.00       0.00       0.00       0.00       0.00       0.00       0.00       0.00       0.00       0.00       0.00       0.00       0.00       0.00       0.00       0.00       0.00       0.00       0.00       0.00       0.00       0.00       0.00       0.00       0.00       0.00       0.00       0.00       0.00       0.00       0.00       0.00       0.00       0.00       0.00       0.00       0.00       0.00       0.00       0.00       0.00       0.00       0.00       0.00       0.00       0.00       0.00       0.00       0.00       0.00       0.00       0.00       0.00       0.00       0.00       0.00       0.00       0.00       0.00       0.00       0.00       0.00       0.00       0.00       0.00       0.00       0.00       0.00       0.00       0.00       0.00       0.00       0.00       0.00       0.00       0.00       0.00       0.00       0.00       0.00       0.00       0.00       0.00       0.00       0.00       0.00       0.00       0.00       0.00       0.00       0.00       0.00       0.00       0.00       0.00       0.00       0.00       0.00       0.00       0.00       0.00       0.00       0.00       0.00       0.00       0.00       0.00       1.00       0.00       0.00       0.00       0.00       0.00       0.00       0.00
17시 07분 31초    5       0.00       0.00       0.00      32.00       0.00       0.00       0.00       0.00       0.00       0.00       0.00       0.00       0.00       0.00       0.00       0.00       0.00       0.00       0.00       0.00       0.00       0.00       0.00       0.00       0.00       0.00       0.00       0.00       0.00       0.00       0.00       0.00       0.00       0.00       0.00       0.00       0.00       0.00       0.00       0.00       0.00       0.00       0.00       0.00       0.00       0.00       0.00       0.00       0.00       0.00       0.00       0.00       0.00       0.00       0.00       0.00       0.00       0.00       0.00       0.00       0.00       0.00       0.00       0.00       0.00       0.00       0.00       0.00       0.00       0.00       0.00       0.00       0.00       0.00       0.00       0.00       0.00       0.00       0.00       0.00       0.00       0.00       0.00       0.00       0.00       0.00       0.00       0.00       0.00       0.00       0.00       0.00       0.00       0.00       0.00       0.00       0.00       0.00       0.00       0.00       0.00       0.00       0.00       0.00       0.00       0.00       0.00       0.00       0.00       0.00       0.00       0.00       0.00       0.00       0.00       0.00       0.00       0.00       0.00       0.00       0.00       0.00       0.00       0.00       0.00       0.00       0.00       0.00       0.00       0.00       0.00       0.00       0.00       0.00       0.00       0.00       0.00       0.00       0.00       0.00       0.00       0.00       0.00       0.00

17시 07분 30초  CPU       HI/s    TIMER/s   NET_TX/s   NET_RX/s    BLOCK/s IRQ_POLL/s  TASKLET/s    SCHED/s  HRTIMER/s      RCU/s
17시 07분 31초    0       0.00      19.00       0.00      11.00       0.00       0.00       0.00      24.00       0.00      27.00
17시 07분 31초    1       0.00      27.00       0.00       0.00       0.00       0.00       0.00      33.00       0.00      25.00
17시 07분 31초    2       0.00      31.00       0.00       0.00       0.00       0.00       0.00      33.00       0.00      19.00
17시 07분 31초    3       0.00      12.00       0.00       0.00       0.00       0.00       0.00      23.00       0.00      27.00
17시 07분 31초    4       0.00      10.00       0.00       0.00       0.00       0.00       0.00      10.00       0.00       8.00
17시 07분 31초    5       0.00       2.00       0.00       0.00       0.00       0.00       0.00      12.00       0.00      18.00

17시 07분 31초  CPU    %usr   %nice    %sys %iowait    %irq   %soft  %steal  %guest  %gnice   %idle
17시 07분 32초  all    1.32    0.00    4.14    1.16    0.17    0.00    0.00    0.00    0.00   93.21
17시 07분 32초    0    0.99    0.00    1.98    0.00    0.99    0.00    0.00    0.00    0.00   96.04
17시 07분 32초    1    1.00    0.00    1.00    4.00    0.00    0.00    0.00    0.00    0.00   94.00
17시 07분 32초    2    0.00    0.00   14.14    3.03    0.00    0.00    0.00    0.00    0.00   82.83
17시 07분 32초    3    1.96    0.00    2.94    0.00    0.00    0.00    0.00    0.00    0.00   95.10
17시 07분 32초    4    0.00    0.00    0.99    0.00    0.00    0.00    0.00    0.00    0.00   99.01
17시 07분 32초    5    3.96    0.00    3.96    0.00    0.00    0.00    0.00    0.00    0.00   92.08

17시 07분 31초  CPU    intr/s
17시 07분 32초  all    930.00
17시 07분 32초    0    224.00
17시 07분 32초    1     78.00
17시 07분 32초    2     99.00
17시 07분 32초    3     75.00
17시 07분 32초    4     51.00
17시 07분 32초    5     48.00

17시 07분 31초  CPU        9/s       11/s       12/s       13/s       18/s       20/s       21/s       22/s       23/s       24/s       25/s       26/s       27/s       28/s       29/s       30/s       31/s       32/s       33/s       34/s       35/s       36/s       37/s       38/s       39/s       40/s       41/s       42/s       43/s       44/s       45/s       46/s       47/s       48/s       49/s       50/s       51/s       52/s       53/s       54/s       55/s       57/s       59/s       61/s       65/s       66/s       67/s       68/s       69/s       70/s       71/s       72/s       73/s       74/s       75/s       76/s       77/s       79/s       80/s       81/s       82/s       83/s       84/s       85/s       86/s       87/s       88/s       89/s       90/s       91/s       92/s       93/s       94/s       95/s       96/s       97/s       98/s      112/s      113/s      114/s      115/s      116/s      117/s      118/s      119/s      120/s      121/s      122/s      123/s      124/s      125/s      126/s      127/s      128/s      129/s      130/s      131/s      132/s      133/s      134/s      135/s      136/s      137/s      138/s      150/s      154/s      162/s      167/s      171/s      224/s      228/s      229/s      230/s      231/s      232/s      233/s      234/s      235/s      236/s      237/s      245/s      246/s      247/s      249/s      250/s      252/s      253/s      262/s      263/s      294/s      296/s      297/s      298/s      299/s      301/s      302/s     IPI0/s     IPI1/s     IPI2/s     IPI3/s     IPI4/s     IPI5/s     IPI6/s      Err/s
17시 07분 32초    0       0.00       0.00       0.00     107.00       0.00       0.00       0.00       0.00       0.00       0.00       0.00       0.00       0.00       0.00       0.00       0.00       0.00       0.00       0.00       0.00       0.00       0.00       0.00       0.00       0.00       0.00       0.00       0.00       0.00       0.00       0.00       0.00       0.00       0.00       0.00       0.00       0.00       0.00       0.00       0.00       0.00       0.00       0.00       0.00       0.00       0.00     134.00       0.00       0.00       0.00       0.00       0.00       0.00       0.00       0.00       0.00       0.00       0.00       0.00       0.00       0.00       0.00       0.00       0.00       0.00       0.00       0.00       0.00       0.00       0.00       0.00       0.00       0.00       0.00       0.00       0.00       0.00       0.00       0.00       0.00       0.00       0.00       0.00       0.00       0.00       0.00       0.00       0.00       0.00       0.00       0.00       0.00       0.00       0.00       0.00       0.00       0.00       0.00       0.00       0.00       0.00       0.00       0.00       0.00       0.00      48.00       0.00       0.00       0.00       0.00       0.00       0.00       0.00       0.00       0.00       0.00       0.00       0.00       0.00       0.00       0.00       0.00       0.00       0.00       0.00       0.00       0.00       0.00       0.00       0.00       0.00       0.00       0.00       0.00     127.00       0.00      18.00       7.00       0.00       0.00       0.00       7.00       0.00       0.00
17시 07분 32초    1       0.00       0.00       0.00      49.00       0.00       0.00       0.00       0.00       0.00       0.00       0.00       0.00       0.00       0.00       0.00       0.00       0.00       0.00       0.00       0.00       0.00       0.00       0.00       0.00       0.00       0.00       0.00       0.00       0.00       0.00       0.00       0.00       0.00       0.00       0.00       0.00       0.00       0.00       0.00       0.00       0.00       0.00       0.00       0.00       0.00       0.00       0.00       0.00       0.00       0.00       0.00       0.00       0.00       0.00       0.00       0.00       0.00       0.00       0.00       0.00       0.00       0.00       0.00       0.00       0.00       0.00       0.00       0.00       0.00       0.00       0.00       0.00       0.00       0.00       0.00       0.00       0.00       0.00       0.00       0.00       0.00       0.00       0.00       0.00       0.00       0.00       0.00       0.00       0.00       0.00       0.00       0.00       0.00       0.00       0.00       0.00       0.00       0.00       0.00       0.00       0.00       0.00       0.00       0.00       0.00       0.00       0.00       0.00       0.00       0.00       0.00       0.00       0.00       0.00       0.00       0.00       0.00       0.00       0.00       0.00       0.00       0.00       0.00       0.00       0.00       0.00       0.00       0.00       0.00       0.00       0.00       0.00       0.00       0.00       0.00       0.00       3.00       4.00       0.00       0.00       0.00       1.00       0.00       0.00
17시 07분 32초    2       0.00       0.00       0.00      71.00       0.00       0.00       0.00       0.00       0.00       0.00       0.00       0.00       0.00       0.00       0.00       0.00       0.00       0.00       0.00       0.00       0.00       0.00       0.00       0.00       0.00       0.00       0.00       0.00       0.00       0.00       0.00       0.00       0.00       0.00       0.00       0.00       0.00       0.00       0.00       0.00       0.00       0.00       0.00       0.00       0.00       0.00       0.00       0.00       0.00       0.00       0.00       0.00       0.00       0.00       0.00       0.00       0.00       0.00       0.00       0.00       0.00       0.00       0.00       0.00       0.00       0.00       0.00       0.00       0.00       0.00       0.00       0.00       0.00       0.00       0.00       0.00       0.00       0.00       0.00       0.00       0.00       0.00       0.00       0.00       0.00       0.00       0.00       0.00       0.00       0.00       0.00       0.00       0.00       0.00       0.00       0.00       0.00       0.00       0.00       0.00       0.00       0.00       0.00       0.00       0.00       0.00       0.00       0.00       0.00       0.00       0.00       0.00       0.00       0.00       0.00       0.00       0.00       0.00       0.00       0.00       0.00       0.00       0.00       0.00       0.00       0.00       0.00       0.00       0.00       0.00       0.00       0.00       0.00       0.00       0.00       0.00     157.00       3.00       0.00       0.00       0.00       5.00       0.00       0.00
17시 07분 32초    3       0.00       0.00       0.00      59.00       0.00       0.00       0.00       0.00       0.00       0.00       0.00       0.00       0.00       0.00       0.00       0.00       0.00       0.00       0.00       0.00       0.00       0.00       0.00       0.00       0.00       0.00       0.00       0.00       0.00       0.00       0.00       0.00       0.00       0.00       0.00       0.00       0.00       0.00       0.00       0.00       0.00       0.00       0.00       0.00       0.00       0.00       0.00       0.00       0.00       0.00       0.00       0.00       0.00       0.00       0.00       0.00       0.00       0.00       0.00       0.00       0.00       0.00       0.00       0.00       0.00       0.00       0.00       0.00       0.00       0.00       0.00       0.00       0.00       0.00       0.00       0.00       0.00       0.00       0.00       0.00       0.00       0.00       0.00       0.00       0.00       0.00       0.00       0.00       0.00       0.00       0.00       0.00       0.00       0.00       0.00       0.00       0.00       0.00       0.00       0.00       0.00       0.00       0.00       0.00       0.00       0.00       0.00       0.00       0.00       0.00       0.00       0.00       0.00       0.00       0.00       0.00       0.00       0.00       0.00       0.00       0.00       0.00       0.00       0.00       0.00       0.00       0.00       0.00       0.00       0.00       0.00       0.00       0.00       0.00       0.00       0.00      10.00       0.00       0.00       0.00       0.00       1.00       0.00       0.00
17시 07분 32초    4       0.00       0.00       0.00      42.00       0.00       0.00       0.00       0.00       0.00       0.00       0.00       0.00       0.00       0.00       0.00       0.00       0.00       0.00       0.00       0.00       0.00       0.00       0.00       0.00       0.00       0.00       0.00       0.00       0.00       0.00       0.00       0.00       0.00       0.00       0.00       0.00       0.00       0.00       0.00       0.00       0.00       0.00       0.00       0.00       0.00       0.00       0.00       0.00       0.00       0.00       0.00       0.00       0.00       0.00       0.00       0.00       0.00       0.00       0.00       0.00       0.00       0.00       0.00       0.00       0.00       0.00       0.00       0.00       0.00       0.00       0.00       0.00       0.00       0.00       0.00       0.00       0.00       0.00       0.00       0.00       0.00       0.00       0.00       0.00       0.00       0.00       0.00       0.00       0.00       0.00       0.00       0.00       0.00       0.00       0.00       0.00       0.00       0.00       0.00       0.00       0.00       0.00       0.00       0.00       0.00       0.00       0.00       0.00       0.00       0.00       0.00       0.00       0.00       0.00       0.00       0.00       0.00       0.00       0.00       0.00       0.00       0.00       0.00       0.00       0.00       0.00       0.00       0.00       0.00       0.00       0.00       0.00       0.00       0.00       0.00       0.00      23.00       0.00       0.00       0.00       0.00       1.00       0.00       0.00
17시 07분 32초    5       0.00       0.00       0.00      46.00       0.00       0.00       0.00       0.00       0.00       0.00       0.00       0.00       0.00       0.00       0.00       0.00       0.00       0.00       0.00       0.00       0.00       0.00       0.00       0.00       0.00       0.00       0.00       0.00       0.00       0.00       0.00       0.00       0.00       0.00       0.00       0.00       0.00       0.00       0.00       0.00       0.00       0.00       0.00       0.00       0.00       0.00       0.00       0.00       0.00       0.00       0.00       0.00       0.00       0.00       0.00       0.00       0.00       0.00       0.00       0.00       0.00       0.00       0.00       0.00       0.00       0.00       0.00       0.00       0.00       0.00       0.00       0.00       0.00       0.00       0.00       0.00       0.00       0.00       0.00       0.00       0.00       0.00       0.00       0.00       0.00       0.00       0.00       0.00       0.00       0.00       0.00       0.00       0.00       0.00       0.00       0.00       0.00       0.00       0.00       0.00       0.00       0.00       0.00       0.00       0.00       0.00       0.00       0.00       0.00       0.00       0.00       0.00       0.00       0.00       0.00       0.00       0.00       0.00       0.00       0.00       0.00       0.00       0.00       0.00       0.00       0.00       0.00       0.00       0.00       0.00       0.00       0.00       0.00       0.00       0.00       0.00       3.00       0.00       0.00       0.00       0.00       4.00       0.00       0.00

17시 07분 31초  CPU       HI/s    TIMER/s   NET_TX/s   NET_RX/s    BLOCK/s IRQ_POLL/s  TASKLET/s    SCHED/s  HRTIMER/s      RCU/s
17시 07분 32초    0       0.00      24.00       8.00     118.00       2.00       0.00       0.00      45.00       0.00      27.00
17시 07분 32초    1       0.00      25.00       0.00       0.00       0.00       0.00       0.00      34.00       0.00      19.00
17시 07분 32초    2       0.00      23.00       0.00       0.00       0.00       0.00       0.00      57.00       0.00      19.00
17시 07분 32초    3       0.00      19.00       0.00       0.00       0.00       0.00       0.00      28.00       0.00      28.00
17시 07분 32초    4       0.00      12.00       0.00       0.00       0.00       0.00       0.00      21.00       0.00      18.00
17시 07분 32초    5       0.00       3.00       0.00       0.00       0.00       0.00       0.00      16.00       0.00      29.00

17시 07분 32초  CPU    %usr   %nice    %sys %iowait    %irq   %soft  %steal  %guest  %gnice   %idle
17시 07분 33초  all    0.51    0.00    1.35    0.00    0.00    0.00    0.00    0.00    0.00   98.15
17시 07분 33초    0    1.02    0.00    1.02    0.00    0.00    0.00    0.00    0.00    0.00   97.96
17시 07분 33초    1    0.00    0.00    2.02    0.00    0.00    0.00    0.00    0.00    0.00   97.98
17시 07분 33초    2    0.00    0.00    0.00    0.00    0.00    0.00    0.00    0.00    0.00  100.00
17시 07분 33초    3    1.01    0.00    2.02    0.00    0.00    0.00    0.00    0.00    0.00   96.97
17시 07분 33초    4    1.00    0.00    0.00    0.00    0.00    0.00    0.00    0.00    0.00   99.00
17시 07분 33초    5    0.00    0.00    3.03    0.00    0.00    0.00    0.00    0.00    0.00   96.97

17시 07분 32초  CPU    intr/s
17시 07분 33초  all    588.00
17시 07분 33초    0    170.00
17시 07분 33초    1     85.00
17시 07분 33초    2     80.00
17시 07분 33초    3     60.00
17시 07분 33초    4     37.00
17시 07분 33초    5     37.00

17시 07분 32초  CPU        9/s       11/s       12/s       13/s       18/s       20/s       21/s       22/s       23/s       24/s       25/s       26/s       27/s       28/s       29/s       30/s       31/s       32/s       33/s       34/s       35/s       36/s       37/s       38/s       39/s       40/s       41/s       42/s       43/s       44/s       45/s       46/s       47/s       48/s       49/s       50/s       51/s       52/s       53/s       54/s       55/s       57/s       59/s       61/s       65/s       66/s       67/s       68/s       69/s       70/s       71/s       72/s       73/s       74/s       75/s       76/s       77/s       79/s       80/s       81/s       82/s       83/s       84/s       85/s       86/s       87/s       88/s       89/s       90/s       91/s       92/s       93/s       94/s       95/s       96/s       97/s       98/s      112/s      113/s      114/s      115/s      116/s      117/s      118/s      119/s      120/s      121/s      122/s      123/s      124/s      125/s      126/s      127/s      128/s      129/s      130/s      131/s      132/s      133/s      134/s      135/s      136/s      137/s      138/s      150/s      154/s      162/s      167/s      171/s      224/s      228/s      229/s      230/s      231/s      232/s      233/s      234/s      235/s      236/s      237/s      245/s      246/s      247/s      249/s      250/s      252/s      253/s      262/s      263/s      294/s      296/s      297/s      298/s      299/s      301/s      302/s     IPI0/s     IPI1/s     IPI2/s     IPI3/s     IPI4/s     IPI5/s     IPI6/s      Err/s
17시 07분 33초    0       0.00       0.00       0.00      70.00       0.00       0.00       0.00       0.00       0.00       0.00       0.00       0.00       0.00       0.00       0.00       0.00       0.00       0.00       0.00       0.00       0.00       0.00       0.00       0.00       0.00       0.00       0.00       0.00       0.00       0.00       0.00       0.00       0.00       0.00       0.00       0.00       0.00       0.00       0.00       0.00       0.00       0.00       0.00       0.00       0.00       0.00       0.00       0.00       0.00       0.00       0.00       0.00       0.00       0.00       0.00       0.00       0.00       0.00       0.00       0.00       0.00       0.00       0.00       0.00       0.00       0.00       0.00       0.00       0.00       0.00       0.00       0.00       0.00       0.00       0.00       0.00       0.00      78.00       0.00       0.00       0.00       0.00       0.00       0.00       0.00       0.00       0.00       0.00       0.00       0.00       0.00       0.00       0.00       0.00       0.00       0.00       0.00       0.00       0.00       0.00       0.00       0.00       0.00       0.00       0.00      10.00       0.00       0.00       0.00       0.00       0.00       0.00       0.00       0.00       0.00       0.00       0.00       0.00       0.00       0.00       0.00       0.00       0.00       0.00       0.00       0.00       0.00       0.00       0.00       0.00       0.00       0.00       0.00       0.00      91.00       0.00      14.00       1.00       0.00       0.00       0.00       1.00       0.00       0.00
17시 07분 33초    1       0.00       0.00       0.00      50.00       0.00       0.00       0.00       0.00       0.00       0.00       0.00       0.00       0.00       0.00       0.00       0.00       0.00       0.00       0.00       0.00       0.00       0.00       0.00       0.00       0.00       0.00       0.00       0.00       0.00       0.00       0.00       0.00       0.00       0.00       0.00       0.00       0.00       0.00       0.00       0.00       0.00       0.00       0.00       0.00       0.00       0.00       0.00       0.00       0.00       0.00       0.00       0.00       0.00       0.00       0.00       0.00       0.00       0.00       0.00       0.00       0.00       0.00       0.00       0.00       0.00       0.00       0.00       0.00       0.00       0.00       0.00       0.00       0.00       0.00       0.00       0.00       0.00       0.00       0.00       0.00       0.00       0.00       0.00       0.00       0.00       0.00       0.00       0.00       0.00       0.00       0.00       0.00       0.00       0.00       0.00       0.00       0.00       0.00       0.00       0.00       0.00       0.00       0.00       0.00       0.00       0.00       0.00       0.00       0.00       0.00       0.00       0.00       0.00       0.00       0.00       0.00       0.00       0.00       0.00       0.00       0.00       0.00       0.00       0.00       0.00       0.00       0.00       0.00       0.00       0.00       0.00       0.00       0.00       0.00       0.00       0.00       6.00       4.00       0.00       0.00       0.00       0.00       0.00       0.00
17시 07분 33초    2       0.00       0.00       0.00      54.00       0.00       0.00       0.00       0.00       0.00       0.00       0.00       0.00       0.00       0.00       0.00       0.00       0.00       0.00       0.00       0.00       0.00       0.00       0.00       0.00       0.00       0.00       0.00       0.00       0.00       0.00       0.00       0.00       0.00       0.00       0.00       0.00       0.00       0.00       0.00       0.00       0.00       0.00       0.00       0.00       0.00       0.00       0.00       0.00       0.00       0.00       0.00       0.00       0.00       0.00       0.00       0.00       0.00       0.00       0.00       0.00       0.00       0.00       0.00       0.00       0.00       0.00       0.00       0.00       0.00       0.00       0.00       0.00       0.00       0.00       0.00       0.00       0.00       0.00       0.00       0.00       0.00       0.00       0.00       0.00       0.00       0.00       0.00       0.00       0.00       0.00       0.00       0.00       0.00       0.00       0.00       0.00       0.00       0.00       0.00       0.00       0.00       0.00       0.00       0.00       0.00       0.00       0.00       0.00       0.00       0.00       0.00       0.00       0.00       0.00       0.00       0.00       0.00       0.00       0.00       0.00       0.00       0.00       0.00       0.00       0.00       0.00       0.00       0.00       0.00       0.00       0.00       0.00       0.00       0.00       0.00       0.00       7.00       1.00       0.00       0.00       0.00       1.00       0.00       0.00
17시 07분 33초    3       0.00       0.00       0.00      52.00       0.00       0.00       0.00       0.00       0.00       0.00       0.00       0.00       0.00       0.00       0.00       0.00       0.00       0.00       0.00       0.00       0.00       0.00       0.00       0.00       0.00       0.00       0.00       0.00       0.00       0.00       0.00       0.00       0.00       0.00       0.00       0.00       0.00       0.00       0.00       0.00       0.00       0.00       0.00       0.00       0.00       0.00       0.00       0.00       0.00       0.00       0.00       0.00       0.00       0.00       0.00       0.00       0.00       0.00       0.00       0.00       0.00       0.00       0.00       0.00       0.00       0.00       0.00       0.00       0.00       0.00       0.00       0.00       0.00       0.00       0.00       0.00       0.00       0.00       0.00       0.00       0.00       0.00       0.00       0.00       0.00       0.00       0.00       0.00       0.00       0.00       0.00       0.00       0.00       0.00       0.00       0.00       0.00       0.00       0.00       0.00       0.00       0.00       0.00       0.00       0.00       0.00       0.00       0.00       0.00       0.00       0.00       0.00       0.00       0.00       0.00       0.00       0.00       0.00       0.00       0.00       0.00       0.00       0.00       0.00       0.00       0.00       0.00       0.00       0.00       0.00       0.00       0.00       0.00       0.00       0.00       0.00       8.00       0.00       0.00       0.00       0.00       0.00       0.00       0.00
17시 07분 33초    4       0.00       0.00       0.00      16.00       0.00       0.00       0.00       0.00       0.00       0.00       0.00       0.00       0.00       0.00       0.00       0.00       0.00       0.00       0.00       0.00       0.00       0.00       0.00       0.00       0.00       0.00       0.00       0.00       0.00       0.00       0.00       0.00       0.00       0.00       0.00       0.00       0.00       0.00       0.00       0.00       0.00       0.00       0.00       0.00       0.00       0.00       0.00       0.00       0.00       0.00       0.00       0.00       0.00       0.00       0.00       0.00       0.00       0.00       0.00       0.00       0.00       0.00       0.00       0.00       0.00       0.00       0.00       0.00       0.00       0.00       0.00       0.00       0.00       0.00       0.00       0.00       0.00       0.00       0.00       0.00       0.00       0.00       0.00       0.00       0.00       0.00       0.00       0.00       0.00       0.00       0.00       0.00       0.00       0.00       0.00       0.00       0.00       0.00       0.00       0.00       0.00       0.00       0.00       0.00       0.00       0.00       0.00       0.00       0.00       0.00       0.00       0.00       0.00       0.00       0.00       0.00       0.00       0.00       0.00       0.00       0.00       0.00       0.00       0.00       0.00       0.00       0.00       0.00       0.00       0.00       0.00       0.00       0.00       0.00       0.00       0.00       5.00       0.00       0.00       0.00       0.00       0.00       0.00       0.00
17시 07분 33초    5       0.00       0.00       0.00      44.00       0.00       0.00       0.00       0.00       0.00       0.00       0.00       0.00       0.00       0.00       0.00       0.00       0.00       0.00       0.00       0.00       0.00       0.00       0.00       0.00       0.00       0.00       0.00       0.00       0.00       0.00       0.00       0.00       0.00       0.00       0.00       0.00       0.00       0.00       0.00       0.00       0.00       0.00       0.00       0.00       0.00       0.00       0.00       0.00       0.00       0.00       0.00       0.00       0.00       0.00       0.00       0.00       0.00       0.00       0.00       0.00       0.00       0.00       0.00       0.00       0.00       0.00       0.00       0.00       0.00       0.00       0.00       0.00       0.00       0.00       0.00       0.00       0.00       0.00       0.00       0.00       0.00       0.00       0.00       0.00       0.00       0.00       0.00       0.00       0.00       0.00       0.00       0.00       0.00       0.00       0.00       0.00       0.00       0.00       0.00       0.00       0.00       0.00       0.00       0.00       0.00       0.00       0.00       0.00       0.00       0.00       0.00       0.00       0.00       0.00       0.00       0.00       0.00       0.00       0.00       0.00       0.00       0.00       0.00       0.00       0.00       0.00       0.00       0.00       0.00       0.00       0.00       0.00       0.00       0.00       0.00       0.00      75.00       0.00       0.00       0.00       0.00       0.00       0.00       0.00

17시 07분 32초  CPU       HI/s    TIMER/s   NET_TX/s   NET_RX/s    BLOCK/s IRQ_POLL/s  TASKLET/s    SCHED/s  HRTIMER/s      RCU/s
17시 07분 33초    0       0.00      19.00       4.00      85.00       0.00       0.00       0.00      33.00       0.00      29.00
17시 07분 33초    1       0.00      27.00       0.00       0.00       0.00       0.00       0.00      30.00       0.00      28.00
17시 07분 33초    2       0.00      27.00       0.00       0.00       0.00       0.00       0.00      29.00       0.00      24.00
17시 07분 33초    3       0.00      12.00       0.00       0.00       0.00       0.00       0.00      21.00       0.00      27.00
17시 07분 33초    4       0.00      12.00       0.00       0.00       0.00       0.00       0.00      14.00       0.00      11.00
17시 07분 33초    5       0.00       3.00       0.00       0.00       0.00       0.00       0.00      15.00       0.00      19.00

17시 07분 33초  CPU    %usr   %nice    %sys %iowait    %irq   %soft  %steal  %guest  %gnice   %idle
17시 07분 34초  all    0.33    0.00    1.83    0.00    0.00    0.17    0.00    0.00    0.00   97.67
17시 07분 34초    0    0.00    0.00    1.01    0.00    0.00    1.01    0.00    0.00    0.00   97.98
17시 07분 34초    1    1.00    0.00    2.00    0.00    0.00    0.00    0.00    0.00    0.00   97.00
17시 07분 34초    2    0.00    0.00    1.00    0.00    0.00    0.00    0.00    0.00    0.00   99.00
17시 07분 34초    3    0.99    0.00    2.97    0.00    0.00    0.00    0.00    0.00    0.00   96.04
17시 07분 34초    4    0.00    0.00    0.00    0.00    0.00    0.00    0.00    0.00    0.00  100.00
17시 07분 34초    5    0.00    0.00    4.00    0.00    0.00    0.00    0.00    0.00    0.00   96.00

17시 07분 33초  CPU    intr/s
17시 07분 34초  all    367.00
17시 07분 34초    0    170.00
17시 07분 34초    1     99.00
17시 07분 34초    2     16.00
17시 07분 34초    3     57.00
17시 07분 34초    4     37.00
17시 07분 34초    5     37.00

17시 07분 33초  CPU        9/s       11/s       12/s       13/s       18/s       20/s       21/s       22/s       23/s       24/s       25/s       26/s       27/s       28/s       29/s       30/s       31/s       32/s       33/s       34/s       35/s       36/s       37/s       38/s       39/s       40/s       41/s       42/s       43/s       44/s       45/s       46/s       47/s       48/s       49/s       50/s       51/s       52/s       53/s       54/s       55/s       57/s       59/s       61/s       65/s       66/s       67/s       68/s       69/s       70/s       71/s       72/s       73/s       74/s       75/s       76/s       77/s       79/s       80/s       81/s       82/s       83/s       84/s       85/s       86/s       87/s       88/s       89/s       90/s       91/s       92/s       93/s       94/s       95/s       96/s       97/s       98/s      112/s      113/s      114/s      115/s      116/s      117/s      118/s      119/s      120/s      121/s      122/s      123/s      124/s      125/s      126/s      127/s      128/s      129/s      130/s      131/s      132/s      133/s      134/s      135/s      136/s      137/s      138/s      150/s      154/s      162/s      167/s      171/s      224/s      228/s      229/s      230/s      231/s      232/s      233/s      234/s      235/s      236/s      237/s      245/s      246/s      247/s      249/s      250/s      252/s      253/s      262/s      263/s      294/s      296/s      297/s      298/s      299/s      301/s      302/s     IPI0/s     IPI1/s     IPI2/s     IPI3/s     IPI4/s     IPI5/s     IPI6/s      Err/s
17시 07분 34초    0       0.00       0.00       0.00      62.00       0.00       0.00       0.00       0.00       0.00       0.00       0.00       0.00       0.00       0.00       0.00       0.00       0.00       0.00       0.00       0.00       0.00       0.00       0.00       0.00       0.00       0.00       0.00       0.00       0.00       0.00       0.00       0.00       0.00       0.00       0.00       0.00       0.00       0.00       0.00       0.00       0.00       0.00       0.00       0.00       0.00       0.00       0.00       0.00       0.00       0.00       0.00       0.00       0.00       0.00       0.00       0.00       0.00       0.00       0.00       0.00       0.00       0.00       0.00       0.00       0.00       0.00       0.00       0.00       0.00       0.00       0.00       0.00       0.00       0.00       0.00       0.00       0.00       2.00       0.00       0.00       0.00       0.00       0.00       0.00       0.00       0.00       0.00       0.00       0.00       0.00       0.00       0.00       0.00       0.00       0.00       0.00       0.00       0.00       0.00       0.00       0.00       0.00       0.00       0.00       0.00       5.00       0.00       0.00       0.00       0.00       0.00       0.00       0.00       0.00       0.00       0.00       0.00       0.00       0.00       0.00       0.00       0.00       0.00       0.00       0.00       0.00       0.00       0.00       0.00       0.00       0.00       0.00       0.00       0.00      86.00       0.00      15.00       2.00       0.00       0.00       0.00       0.00       0.00       0.00
17시 07분 34초    1       0.00       0.00       0.00      56.00       0.00       0.00       0.00       0.00       0.00       0.00       0.00       0.00       0.00       0.00       0.00       0.00       0.00       0.00       0.00       0.00       0.00       0.00       0.00       0.00       0.00       0.00       0.00       0.00       0.00       0.00       0.00       0.00       0.00       0.00       0.00       0.00       0.00       0.00       0.00       0.00       0.00       0.00       0.00       0.00       0.00       0.00       0.00       0.00       0.00       0.00       0.00       0.00       0.00       0.00       0.00       0.00       0.00       0.00       0.00       0.00       0.00       0.00       0.00       0.00       0.00       0.00       0.00       0.00       0.00       0.00       0.00       0.00       0.00       0.00       0.00       0.00       0.00       0.00       0.00       0.00       0.00       0.00       0.00       0.00       0.00       0.00       0.00       0.00       0.00       0.00       0.00       0.00       0.00       0.00       0.00       0.00       0.00       0.00       0.00       0.00       0.00       0.00       0.00       0.00       0.00       0.00       0.00       0.00       0.00       0.00       0.00       0.00       0.00       0.00       0.00       0.00       0.00       0.00       0.00       0.00       0.00       0.00       0.00       0.00       0.00       0.00       0.00       0.00       0.00       0.00       0.00       0.00       0.00       0.00       0.00       0.00       3.00       2.00       0.00       0.00       0.00       0.00       0.00       0.00
17시 07분 34초    2       0.00       0.00       0.00       9.00       0.00       0.00       0.00       0.00       0.00       0.00       0.00       0.00       0.00       0.00       0.00       0.00       0.00       0.00       0.00       0.00       0.00       0.00       0.00       0.00       0.00       0.00       0.00       0.00       0.00       0.00       0.00       0.00       0.00       0.00       0.00       0.00       0.00       0.00       0.00       0.00       0.00       0.00       0.00       0.00       0.00       0.00       0.00       0.00       0.00       0.00       0.00       0.00       0.00       0.00       0.00       0.00       0.00       0.00       0.00       0.00       0.00       0.00       0.00       0.00       0.00       0.00       0.00       0.00       0.00       0.00       0.00       0.00       0.00       0.00       0.00       0.00       0.00       0.00       0.00       0.00       0.00       0.00       0.00       0.00       0.00       0.00       0.00       0.00       0.00       0.00       0.00       0.00       0.00       0.00       0.00       0.00       0.00       0.00       0.00       0.00       0.00       0.00       0.00       0.00       0.00       0.00       0.00       0.00       0.00       0.00       0.00       0.00       0.00       0.00       0.00       0.00       0.00       0.00       0.00       0.00       0.00       0.00       0.00       0.00       0.00       0.00       0.00       0.00       0.00       0.00       0.00       0.00       0.00       0.00       0.00       0.00       3.00       1.00       0.00       0.00       0.00       0.00       0.00       0.00
17시 07분 34초    3       0.00       0.00       0.00      46.00       0.00       0.00       0.00       0.00       0.00       0.00       0.00       0.00       0.00       0.00       0.00       0.00       0.00       0.00       0.00       0.00       0.00       0.00       0.00       0.00       0.00       0.00       0.00       0.00       0.00       0.00       0.00       0.00       0.00       0.00       0.00       0.00       0.00       0.00       0.00       0.00       0.00       0.00       0.00       0.00       0.00       0.00       0.00       0.00       0.00       0.00       0.00       0.00       0.00       0.00       0.00       0.00       0.00       0.00       0.00       0.00       0.00       0.00       0.00       0.00       0.00       0.00       0.00       0.00       0.00       0.00       0.00       0.00       0.00       0.00       0.00       0.00       0.00       0.00       0.00       0.00       0.00       0.00       0.00       0.00       0.00       0.00       0.00       0.00       0.00       0.00       0.00       0.00       0.00       0.00       0.00       0.00       0.00       0.00       0.00       0.00       0.00       0.00       0.00       0.00       0.00       0.00       0.00       0.00       0.00       0.00       0.00       0.00       0.00       0.00       0.00       0.00       0.00       0.00       0.00       0.00       0.00       0.00       0.00       0.00       0.00       0.00       0.00       0.00       0.00       0.00       0.00       0.00       0.00       0.00       0.00       0.00       9.00       0.00       0.00       0.00       0.00       0.00       0.00       0.00
17시 07분 34초    4       0.00       0.00       0.00      21.00       0.00       0.00       0.00       0.00       0.00       0.00       0.00       0.00       0.00       0.00       0.00       0.00       0.00       0.00       0.00       0.00       0.00       0.00       0.00       0.00       0.00       0.00       0.00       0.00       0.00       0.00       0.00       0.00       0.00       0.00       0.00       0.00       0.00       0.00       0.00       0.00       0.00       0.00       0.00       0.00       0.00       0.00       0.00       0.00       0.00       0.00       0.00       0.00       0.00       0.00       0.00       0.00       0.00       0.00       0.00       0.00       0.00       0.00       0.00       0.00       0.00       0.00       0.00       0.00       0.00       0.00       0.00       0.00       0.00       0.00       0.00       0.00       0.00       0.00       0.00       0.00       0.00       0.00       0.00       0.00       0.00       0.00       0.00       0.00       0.00       0.00       0.00       0.00       0.00       0.00       0.00       0.00       0.00       0.00       0.00       0.00       0.00       0.00       0.00       0.00       0.00       0.00       0.00       0.00       0.00       0.00       0.00       0.00       0.00       0.00       0.00       0.00       0.00       0.00       0.00       0.00       0.00       0.00       0.00       0.00       0.00       0.00       0.00       0.00       0.00       0.00       0.00       0.00       0.00       0.00       0.00       0.00       5.00       0.00       0.00       0.00       0.00       0.00       0.00       0.00
17시 07분 34초    5       0.00       0.00       0.00      31.00       0.00       0.00       0.00       0.00       0.00       0.00       0.00       0.00       0.00       0.00       0.00       0.00       0.00       0.00       0.00       0.00       0.00       0.00       0.00       0.00       0.00       0.00       0.00       0.00       0.00       0.00       0.00       0.00       0.00       0.00       0.00       0.00       0.00       0.00       0.00       0.00       0.00       0.00       0.00       0.00       0.00       0.00       0.00       0.00       0.00       0.00       0.00       0.00       0.00       0.00       0.00       0.00       0.00       0.00       0.00       0.00       0.00       0.00       0.00       0.00       0.00       0.00       0.00       0.00       0.00       0.00       0.00       0.00       0.00       0.00       0.00       0.00       0.00       0.00       0.00       0.00       0.00       0.00       0.00       0.00       0.00       0.00       0.00       0.00       0.00       0.00       0.00       0.00       0.00       0.00       0.00       0.00       0.00       0.00       0.00       0.00       0.00       0.00       0.00       0.00       0.00       0.00       0.00       0.00       0.00       0.00       0.00       0.00       0.00       0.00       0.00       0.00       0.00       0.00       0.00       0.00       0.00       0.00       0.00       0.00       0.00       0.00       0.00       0.00       0.00       0.00       0.00       0.00       0.00       0.00       0.00       0.00       9.00       0.00       0.00       0.00       0.00       0.00       0.00       0.00

17시 07분 33초  CPU       HI/s    TIMER/s   NET_TX/s   NET_RX/s    BLOCK/s IRQ_POLL/s  TASKLET/s    SCHED/s  HRTIMER/s      RCU/s
17시 07분 34초    0       0.00      31.00       3.00      79.00       0.00       0.00       0.00      31.00       0.00      26.00
17시 07분 34초    1       0.00      36.00       0.00       0.00       0.00       0.00       0.00      41.00       0.00      22.00
17시 07분 34초    2       0.00       3.00       0.00       0.00       0.00       0.00       0.00       6.00       0.00       7.00
17시 07분 34초    3       0.00      12.00       0.00       0.00       0.00       0.00       0.00      19.00       0.00      26.00
17시 07분 34초    4       0.00      12.00       0.00       0.00       0.00       0.00       0.00      14.00       0.00      11.00
17시 07분 34초    5       0.00       4.00       0.00       0.00       0.00       0.00       0.00      13.00       0.00      20.00

17시 07분 34초  CPU    %usr   %nice    %sys %iowait    %irq   %soft  %steal  %guest  %gnice   %idle
17시 07분 35초  all    0.50    0.00    1.67    0.00    0.17    0.00    0.00    0.00    0.00   97.66
17시 07분 35초    0    0.99    0.00    1.98    0.00    0.99    0.00    0.00    0.00    0.00   96.04
17시 07분 35초    1    0.00    0.00    2.00    0.00    0.00    0.00    0.00    0.00    0.00   98.00
17시 07분 35초    2    0.00    0.00    1.00    0.00    0.00    0.00    0.00    0.00    0.00   99.00
17시 07분 35초    3    0.00    0.00    3.03    0.00    0.00    0.00    0.00    0.00    0.00   96.97
17시 07분 35초    4    0.00    0.00    0.00    0.00    0.00    0.00    0.00    0.00    0.00  100.00
17시 07분 35초    5    2.00    0.00    2.00    0.00    0.00    0.00    0.00    0.00    0.00   96.00

17시 07분 34초  CPU    intr/s
17시 07분 35초  all    482.00
17시 07분 35초    0    230.00
17시 07분 35초    1     75.00
17시 07분 35초    2     41.00
17시 07분 35초    3    105.00
17시 07분 35초    4     38.00
17시 07분 35초    5     36.00

17시 07분 34초  CPU        9/s       11/s       12/s       13/s       18/s       20/s       21/s       22/s       23/s       24/s       25/s       26/s       27/s       28/s       29/s       30/s       31/s       32/s       33/s       34/s       35/s       36/s       37/s       38/s       39/s       40/s       41/s       42/s       43/s       44/s       45/s       46/s       47/s       48/s       49/s       50/s       51/s       52/s       53/s       54/s       55/s       57/s       59/s       61/s       65/s       66/s       67/s       68/s       69/s       70/s       71/s       72/s       73/s       74/s       75/s       76/s       77/s       79/s       80/s       81/s       82/s       83/s       84/s       85/s       86/s       87/s       88/s       89/s       90/s       91/s       92/s       93/s       94/s       95/s       96/s       97/s       98/s      112/s      113/s      114/s      115/s      116/s      117/s      118/s      119/s      120/s      121/s      122/s      123/s      124/s      125/s      126/s      127/s      128/s      129/s      130/s      131/s      132/s      133/s      134/s      135/s      136/s      137/s      138/s      150/s      154/s      162/s      167/s      171/s      224/s      228/s      229/s      230/s      231/s      232/s      233/s      234/s      235/s      236/s      237/s      245/s      246/s      247/s      249/s      250/s      252/s      253/s      262/s      263/s      294/s      296/s      297/s      298/s      299/s      301/s      302/s     IPI0/s     IPI1/s     IPI2/s     IPI3/s     IPI4/s     IPI5/s     IPI6/s      Err/s
17시 07분 35초    0       0.00       0.00       0.00      42.00       0.00       0.00       0.00       0.00       0.00       0.00       0.00       0.00       0.00       0.00       0.00       0.00       0.00       0.00       0.00       0.00       0.00       0.00       0.00       0.00       0.00       0.00       0.00       0.00       0.00       0.00       0.00       0.00       0.00       0.00       0.00       0.00       0.00       0.00       0.00       0.00       0.00       0.00       0.00       0.00       0.00       0.00       0.00       0.00       0.00       0.00       0.00       0.00       0.00       0.00       0.00       0.00       0.00       0.00       0.00       0.00       0.00       0.00       0.00       0.00       0.00       0.00       0.00       0.00       0.00       0.00       0.00       0.00       0.00       0.00       0.00       0.00       0.00       0.00       0.00       0.00       0.00       0.00       0.00       0.00       0.00       0.00       0.00       0.00       0.00       0.00       0.00       0.00       0.00       0.00       0.00       0.00       0.00       0.00       0.00       0.00       0.00       0.00       0.00       0.00       0.00       5.00       0.00       0.00       0.00       0.00       0.00       0.00       0.00       0.00       0.00       0.00       0.00       0.00       0.00       0.00       0.00       0.00       0.00       0.00       0.00       0.00       0.00       0.00       0.00       0.00       0.00       0.00       0.00       0.00     175.00       0.00       9.00       4.00       0.00       0.00       0.00       0.00       0.00       0.00
17시 07분 35초    1       0.00       0.00       0.00      44.00       0.00       0.00       0.00       0.00       0.00       0.00       0.00       0.00       0.00       0.00       0.00       0.00       0.00       0.00       0.00       0.00       0.00       0.00       0.00       0.00       0.00       0.00       0.00       0.00       0.00       0.00       0.00       0.00       0.00       0.00       0.00       0.00       0.00       0.00       0.00       0.00       0.00       0.00       0.00       0.00       0.00       0.00       0.00       0.00       0.00       0.00       0.00       0.00       0.00       0.00       0.00       0.00       0.00       0.00       0.00       0.00       0.00       0.00       0.00       0.00       0.00       0.00       0.00       0.00       0.00       0.00       0.00       0.00       0.00       0.00       0.00       0.00       0.00       0.00       0.00       0.00       0.00       0.00       0.00       0.00       0.00       0.00       0.00       0.00       0.00       0.00       0.00       0.00       0.00       0.00       0.00       0.00       0.00       0.00       0.00       0.00       0.00       0.00       0.00       0.00       0.00       0.00       0.00       0.00       0.00       0.00       0.00       0.00       0.00       0.00       0.00       0.00       0.00       0.00       0.00       0.00       0.00       0.00       0.00       0.00       0.00       0.00       0.00       0.00       0.00       0.00       0.00       0.00       0.00       0.00       0.00       0.00       9.00       3.00       0.00       0.00       0.00       0.00       0.00       0.00
17시 07분 35초    2       0.00       0.00       0.00      19.00       0.00       0.00       0.00       0.00       0.00       0.00       0.00       0.00       0.00       0.00       0.00       0.00       0.00       0.00       0.00       0.00       0.00       0.00       0.00       0.00       0.00       0.00       0.00       0.00       0.00       0.00       0.00       0.00       0.00       0.00       0.00       0.00       0.00       0.00       0.00       0.00       0.00       0.00       0.00       0.00       0.00       0.00       0.00       0.00       0.00       0.00       0.00       0.00       0.00       0.00       0.00       0.00       0.00       0.00       0.00       0.00       0.00       0.00       0.00       0.00       0.00       0.00       0.00       0.00       0.00       0.00       0.00       0.00       0.00       0.00       0.00       0.00       0.00       0.00       0.00       0.00       0.00       0.00       0.00       0.00       0.00       0.00       0.00       0.00       0.00       0.00       0.00       0.00       0.00       0.00       0.00       0.00       0.00       0.00       0.00       0.00       0.00       0.00       0.00       0.00       0.00       0.00       0.00       0.00       0.00       0.00       0.00       0.00       0.00       0.00       0.00       0.00       0.00       0.00       0.00       0.00       0.00       0.00       0.00       0.00       0.00       0.00       0.00       0.00       0.00       0.00       0.00       0.00       0.00       0.00       0.00       0.00       0.00       2.00       0.00       0.00       0.00       0.00       0.00       0.00
17시 07분 35초    3       0.00       0.00       0.00      81.00       0.00       0.00       0.00       0.00       0.00       0.00       0.00       0.00       0.00       0.00       0.00       0.00       0.00       0.00       0.00       0.00       0.00       0.00       0.00       0.00       0.00       0.00       0.00       0.00       0.00       0.00       0.00       0.00       0.00       0.00       0.00       0.00       0.00       0.00       0.00       0.00       0.00       0.00       0.00       0.00       0.00       0.00       0.00       0.00       0.00       0.00       0.00       0.00       0.00       0.00       0.00       0.00       0.00       0.00       0.00       0.00       0.00       0.00       0.00       0.00       0.00       0.00       0.00       0.00       0.00       0.00       0.00       0.00       0.00       0.00       0.00       0.00       0.00       0.00       0.00       0.00       0.00       0.00       0.00       0.00       0.00       0.00       0.00       0.00       0.00       0.00       0.00       0.00       0.00       0.00       0.00       0.00       0.00       0.00       0.00       0.00       0.00       0.00       0.00       0.00       0.00       0.00       0.00       0.00       0.00       0.00       0.00       0.00       0.00       0.00       0.00       0.00       0.00       0.00       0.00       0.00       0.00       0.00       0.00       0.00       0.00       0.00       0.00       0.00       0.00       0.00       0.00       0.00       0.00       0.00       0.00       0.00      18.00       0.00       0.00       0.00       0.00       0.00       0.00       0.00
17시 07분 35초    4       0.00       0.00       0.00      19.00       0.00       0.00       0.00       0.00       0.00       0.00       0.00       0.00       0.00       0.00       0.00       0.00       0.00       0.00       0.00       0.00       0.00       0.00       0.00       0.00       0.00       0.00       0.00       0.00       0.00       0.00       0.00       0.00       0.00       0.00       0.00       0.00       0.00       0.00       0.00       0.00       0.00       0.00       0.00       0.00       0.00       0.00       0.00       0.00       0.00       0.00       0.00       0.00       0.00       0.00       0.00       0.00       0.00       0.00       0.00       0.00       0.00       0.00       0.00       0.00       0.00       0.00       0.00       0.00       0.00       0.00       0.00       0.00       0.00       0.00       0.00       0.00       0.00       0.00       0.00       0.00       0.00       0.00       0.00       0.00       0.00       0.00       0.00       0.00       0.00       0.00       0.00       0.00       0.00       0.00       0.00       0.00       0.00       0.00       0.00       0.00       0.00       0.00       0.00       0.00       0.00       0.00       0.00       0.00       0.00       0.00       0.00       0.00       0.00       0.00       0.00       0.00       0.00       0.00       0.00       0.00       0.00       0.00       0.00       0.00       0.00       0.00       0.00       0.00       0.00       0.00       0.00       0.00       0.00       0.00       0.00       0.00      12.00       0.00       0.00       0.00       0.00       0.00       0.00       0.00
17시 07분 35초    5       0.00       0.00       0.00      35.00       0.00       0.00       0.00       0.00       0.00       0.00       0.00       0.00       0.00       0.00       0.00       0.00       0.00       0.00       0.00       0.00       0.00       0.00       0.00       0.00       0.00       0.00       0.00       0.00       0.00       0.00       0.00       0.00       0.00       0.00       0.00       0.00       0.00       0.00       0.00       0.00       0.00       0.00       0.00       0.00       0.00       0.00       0.00       0.00       0.00       0.00       0.00       0.00       0.00       0.00       0.00       0.00       0.00       0.00       0.00       0.00       0.00       0.00       0.00       0.00       0.00       0.00       0.00       0.00       0.00       0.00       0.00       0.00       0.00       0.00       0.00       0.00       0.00       0.00       0.00       0.00       0.00       0.00       0.00       0.00       0.00       0.00       0.00       0.00       0.00       0.00       0.00       0.00       0.00       0.00       0.00       0.00       0.00       0.00       0.00       0.00       0.00       0.00       0.00       0.00       0.00       0.00       0.00       0.00       0.00       0.00       0.00       0.00       0.00       0.00       0.00       0.00       0.00       0.00       0.00       0.00       0.00       0.00       0.00       0.00       0.00       0.00       0.00       0.00       0.00       0.00       0.00       0.00       0.00       0.00       0.00       0.00       5.00       0.00       0.00       0.00       0.00       0.00       0.00       0.00

17시 07분 34초  CPU       HI/s    TIMER/s   NET_TX/s   NET_RX/s    BLOCK/s IRQ_POLL/s  TASKLET/s    SCHED/s  HRTIMER/s      RCU/s
17시 07분 35초    0       0.00      16.00       6.00     162.00       0.00       0.00       1.00      22.00       0.00      23.00
17시 07분 35초    1       0.00      23.00       0.00       0.00       0.00       0.00       0.00      28.00       0.00      24.00
17시 07분 35초    2       0.00      12.00       0.00       0.00       0.00       0.00       0.00      15.00       0.00      14.00
17시 07분 35초    3       0.00      34.00       0.00       0.00       0.00       0.00       0.00      40.00       0.00      31.00
17시 07분 35초    4       0.00      13.00       0.00       0.00       0.00       0.00       0.00      14.00       0.00      11.00
17시 07분 35초    5       0.00       2.00       0.00       0.00       0.00       0.00       0.00      14.00       0.00      20.00

17시 07분 35초  CPU    %usr   %nice    %sys %iowait    %irq   %soft  %steal  %guest  %gnice   %idle
17시 07분 36초  all    0.33    0.00    4.17    0.50    0.17    0.00    0.00    0.00    0.00   94.83
17시 07분 36초    0    1.00    0.00    2.00    0.00    0.00    0.00    0.00    0.00    0.00   97.00
17시 07분 36초    1    0.00    0.00    2.02    0.00    0.00    0.00    0.00    0.00    0.00   97.98
17시 07분 36초    2    0.00    0.00    0.99    0.99    0.00    0.00    0.00    0.00    0.00   98.02
17시 07분 36초    3    1.00    0.00    2.00    0.00    1.00    0.00    0.00    0.00    0.00   96.00
17시 07분 36초    4    0.00    0.00    0.00    0.00    0.00    0.00    0.00    0.00    0.00  100.00
17시 07분 36초    5    0.00    0.00   18.00    2.00    0.00    0.00    0.00    0.00    0.00   80.00

17시 07분 35초  CPU    intr/s
17시 07분 36초  all    961.00
17시 07분 36초    0    183.00
17시 07분 36초    1     88.00
17시 07분 36초    2     74.00
17시 07분 36초    3     58.00
17시 07분 36초    4     89.00
17시 07분 36초    5    105.00

17시 07분 35초  CPU        9/s       11/s       12/s       13/s       18/s       20/s       21/s       22/s       23/s       24/s       25/s       26/s       27/s       28/s       29/s       30/s       31/s       32/s       33/s       34/s       35/s       36/s       37/s       38/s       39/s       40/s       41/s       42/s       43/s       44/s       45/s       46/s       47/s       48/s       49/s       50/s       51/s       52/s       53/s       54/s       55/s       57/s       59/s       61/s       65/s       66/s       67/s       68/s       69/s       70/s       71/s       72/s       73/s       74/s       75/s       76/s       77/s       79/s       80/s       81/s       82/s       83/s       84/s       85/s       86/s       87/s       88/s       89/s       90/s       91/s       92/s       93/s       94/s       95/s       96/s       97/s       98/s      112/s      113/s      114/s      115/s      116/s      117/s      118/s      119/s      120/s      121/s      122/s      123/s      124/s      125/s      126/s      127/s      128/s      129/s      130/s      131/s      132/s      133/s      134/s      135/s      136/s      137/s      138/s      150/s      154/s      162/s      167/s      171/s      224/s      228/s      229/s      230/s      231/s      232/s      233/s      234/s      235/s      236/s      237/s      245/s      246/s      247/s      249/s      250/s      252/s      253/s      262/s      263/s      294/s      296/s      297/s      298/s      299/s      301/s      302/s     IPI0/s     IPI1/s     IPI2/s     IPI3/s     IPI4/s     IPI5/s     IPI6/s      Err/s
17시 07분 36초    0       0.00       0.00       0.00      89.00       0.00       0.00       0.00       0.00       0.00       0.00       0.00       0.00       0.00       0.00       0.00       0.00       0.00       0.00       0.00       0.00       0.00       0.00       0.00       0.00       0.00       0.00       0.00       0.00       0.00       0.00       0.00       0.00       0.00       0.00       0.00       0.00       0.00       0.00       0.00       0.00       0.00       0.00       0.00       0.00       0.00       0.00     137.00       0.00       0.00       0.00       0.00       0.00       0.00       0.00       0.00       0.00       0.00       0.00       0.00       0.00       0.00       0.00       0.00       0.00       0.00       0.00       0.00       0.00       0.00       0.00       0.00       0.00       0.00       0.00       0.00       0.00       0.00       0.00       0.00       0.00       0.00       0.00       0.00       0.00       0.00       0.00       0.00       0.00       0.00       0.00       0.00       0.00       0.00       0.00       0.00       0.00       0.00       0.00       0.00       0.00       0.00       0.00       0.00       0.00       0.00      40.00       0.00       0.00       0.00       0.00       0.00       0.00       0.00       0.00       0.00       0.00       0.00       0.00       0.00       0.00       0.00       0.00       0.00       0.00       0.00       0.00       0.00       0.00       0.00       0.00       0.00       0.00       0.00       0.00     108.00       0.00       0.00      10.00       0.00       0.00       0.00       0.00       0.00       0.00
17시 07분 36초    1       0.00       0.00       0.00      55.00       0.00       0.00       0.00       0.00       0.00       0.00       0.00       0.00       0.00       0.00       0.00       0.00       0.00       0.00       0.00       0.00       0.00       0.00       0.00       0.00       0.00       0.00       0.00       0.00       0.00       0.00       0.00       0.00       0.00       0.00       0.00       0.00       0.00       0.00       0.00       0.00       0.00       0.00       0.00       0.00       0.00       0.00       0.00       0.00       0.00       0.00       0.00       0.00       0.00       0.00       0.00       0.00       0.00       0.00       0.00       0.00       0.00       0.00       0.00       0.00       0.00       0.00       0.00       0.00       0.00       0.00       0.00       0.00       0.00       0.00       0.00       0.00       0.00       0.00       0.00       0.00       0.00       0.00       0.00       0.00       0.00       0.00       0.00       0.00       0.00       0.00       0.00       0.00       0.00       0.00       0.00       0.00       0.00       0.00       0.00       0.00       0.00       0.00       0.00       0.00       0.00       0.00       0.00       0.00       0.00       0.00       0.00       0.00       0.00       0.00       0.00       0.00       0.00       0.00       0.00       0.00       0.00       0.00       0.00       0.00       0.00       0.00       0.00       0.00       0.00       0.00       0.00       0.00       0.00       0.00       0.00       0.00       5.00       2.00       0.00       0.00       0.00       0.00       0.00       0.00
17시 07분 36초    2       0.00       0.00       0.00      40.00       0.00       0.00       0.00       0.00       0.00       0.00       0.00       0.00       0.00       0.00       0.00       0.00       0.00       0.00       0.00       0.00       0.00       0.00       0.00       0.00       0.00       0.00       0.00       0.00       0.00       0.00       0.00       0.00       0.00       0.00       0.00       0.00       0.00       0.00       0.00       0.00       0.00       0.00       0.00       0.00       0.00       0.00       0.00       0.00       0.00       0.00       0.00       0.00       0.00       0.00       0.00       0.00       0.00       0.00       0.00       0.00       0.00       0.00       0.00       0.00       0.00       0.00       0.00       0.00       0.00       0.00       0.00       0.00       0.00       0.00       0.00       0.00       0.00       0.00       0.00       0.00       0.00       0.00       0.00       0.00       0.00       0.00       0.00       0.00       0.00       0.00       0.00       0.00       0.00       0.00       0.00       0.00       0.00       0.00       0.00       0.00       0.00       0.00       0.00       0.00       0.00       0.00       0.00       0.00       0.00       0.00       0.00       0.00       0.00       0.00       0.00       0.00       0.00       0.00       0.00       0.00       0.00       0.00       0.00       0.00       0.00       0.00       0.00       0.00       0.00       0.00       0.00       0.00       0.00       0.00       0.00       0.00      21.00       2.00       0.00       0.00       0.00       0.00       0.00       0.00
17시 07분 36초    3       0.00       0.00       0.00      54.00       0.00       0.00       0.00       0.00       0.00       0.00       0.00       0.00       0.00       0.00       0.00       0.00       0.00       0.00       0.00       0.00       0.00       0.00       0.00       0.00       0.00       0.00       0.00       0.00       0.00       0.00       0.00       0.00       0.00       0.00       0.00       0.00       0.00       0.00       0.00       0.00       0.00       0.00       0.00       0.00       0.00       0.00       0.00       0.00       0.00       0.00       0.00       0.00       0.00       0.00       0.00       0.00       0.00       0.00       0.00       0.00       0.00       0.00       0.00       0.00       0.00       0.00       0.00       0.00       0.00       0.00       0.00       0.00       0.00       0.00       0.00       0.00       0.00       0.00       0.00       0.00       0.00       0.00       0.00       0.00       0.00       0.00       0.00       0.00       0.00       0.00       0.00       0.00       0.00       0.00       0.00       0.00       0.00       0.00       0.00       0.00       0.00       0.00       0.00       0.00       0.00       0.00       0.00       0.00       0.00       0.00       0.00       0.00       0.00       0.00       0.00       0.00       0.00       0.00       0.00       0.00       0.00       0.00       0.00       0.00       0.00       0.00       0.00       0.00       0.00       0.00       0.00       0.00       0.00       0.00       0.00       0.00      13.00       1.00       0.00       0.00       0.00       0.00       0.00       0.00
17시 07분 36초    4       0.00       0.00       0.00      68.00       0.00       0.00       0.00       0.00       0.00       0.00       0.00       0.00       0.00       0.00       0.00       0.00       0.00       0.00       0.00       0.00       0.00       0.00       0.00       0.00       0.00       0.00       0.00       0.00       0.00       0.00       0.00       0.00       0.00       0.00       0.00       0.00       0.00       0.00       0.00       0.00       0.00       0.00       0.00       0.00       0.00       0.00       0.00       0.00       0.00       0.00       0.00       0.00       0.00       0.00       0.00       0.00       0.00       0.00       0.00       0.00       0.00       0.00       0.00       0.00       0.00       0.00       0.00       0.00       0.00       0.00       0.00       0.00       0.00       0.00       0.00       0.00       0.00       0.00       0.00       0.00       0.00       0.00       0.00       0.00       0.00       0.00       0.00       0.00       0.00       0.00       0.00       0.00       0.00       0.00       0.00       0.00       0.00       0.00       0.00       0.00       0.00       0.00       0.00       0.00       0.00       0.00       0.00       0.00       0.00       0.00       0.00       0.00       0.00       0.00       0.00       0.00       0.00       0.00       0.00       0.00       0.00       0.00       0.00       0.00       0.00       0.00       0.00       0.00       0.00       0.00       0.00       0.00       0.00       0.00       0.00       0.00      50.00       0.00       0.00       0.00       0.00       0.00       0.00       0.00
17시 07분 36초    5       0.00       0.00       0.00      99.00       0.00       0.00       0.00       0.00       0.00       0.00       0.00       0.00       0.00       0.00       0.00       0.00       0.00       0.00       0.00       0.00       0.00       0.00       0.00       0.00       0.00       0.00       0.00       0.00       0.00       0.00       0.00       0.00       0.00       0.00       0.00       0.00       0.00       0.00       0.00       0.00       0.00       0.00       0.00       0.00       0.00       0.00       0.00       0.00       0.00       0.00       0.00       0.00       0.00       0.00       0.00       0.00       0.00       0.00       0.00       0.00       0.00       0.00       0.00       0.00       0.00       0.00       0.00       0.00       0.00       0.00       0.00       0.00       0.00       0.00       0.00       0.00       0.00       0.00       0.00       0.00       0.00       0.00       0.00       0.00       0.00       0.00       0.00       0.00       0.00       0.00       0.00       0.00       0.00       0.00       0.00       0.00       0.00       0.00       0.00       0.00       0.00       0.00       0.00       0.00       0.00       0.00       0.00       0.00       0.00       0.00       0.00       0.00       0.00       0.00       0.00       0.00       0.00       0.00       0.00       0.00       0.00       0.00       0.00       0.00       0.00       0.00       0.00       0.00       0.00       0.00       0.00       0.00       0.00       0.00       0.00       0.00     149.00       0.00       0.00       0.00       0.00      18.00       0.00       0.00

17시 07분 35초  CPU       HI/s    TIMER/s   NET_TX/s   NET_RX/s    BLOCK/s IRQ_POLL/s  TASKLET/s    SCHED/s  HRTIMER/s      RCU/s
17시 07분 36초    0       0.00       7.00       5.00     100.00       3.00       0.00       1.00      41.00       0.00      26.00
17시 07분 36초    1       0.00      28.00       0.00       0.00       0.00       0.00       0.00      32.00       0.00      28.00
17시 07분 36초    2       0.00      24.00       0.00       0.00       0.00       0.00       0.00      25.00       0.00      25.00
17시 07분 36초    3       0.00       9.00       0.00       0.00       0.00       0.00       0.00      22.00       0.00      27.00
17시 07분 36초    4       0.00      28.00       0.00       0.00       0.00       0.00       0.00      39.00       0.00      22.00
17시 07분 36초    5       0.00      13.00       0.00       0.00       0.00       0.00       0.00      58.00       0.00      34.00

17시 07분 36초  CPU    %usr   %nice    %sys %iowait    %irq   %soft  %steal  %guest  %gnice   %idle
17시 07분 37초  all    0.83    0.00    1.50    0.00    0.00    0.00    0.00    0.00    0.00   97.67
17시 07분 37초    0    1.01    0.00    1.01    0.00    0.00    0.00    0.00    0.00    0.00   97.98
17시 07분 37초    1    1.00    0.00    2.00    0.00    0.00    0.00    0.00    0.00    0.00   97.00
17시 07분 37초    2    0.00    0.00    0.00    0.00    0.00    0.00    0.00    0.00    0.00  100.00
17시 07분 37초    3    0.99    0.00    2.97    0.00    0.00    0.00    0.00    0.00    0.00   96.04
17시 07분 37초    4    0.00    0.00    0.00    0.00    0.00    0.00    0.00    0.00    0.00  100.00
17시 07분 37초    5    1.96    0.00    2.94    0.00    0.00    0.00    0.00    0.00    0.00   95.10

17시 07분 36초  CPU    intr/s
17시 07분 37초  all    313.00
17시 07분 37초    0     58.00
17시 07분 37초    1     82.00
17시 07분 37초    2     49.00
17시 07분 37초    3     42.00
17시 07분 37초    4     54.00
17시 07분 37초    5     59.00

17시 07분 36초  CPU        9/s       11/s       12/s       13/s       18/s       20/s       21/s       22/s       23/s       24/s       25/s       26/s       27/s       28/s       29/s       30/s       31/s       32/s       33/s       34/s       35/s       36/s       37/s       38/s       39/s       40/s       41/s       42/s       43/s       44/s       45/s       46/s       47/s       48/s       49/s       50/s       51/s       52/s       53/s       54/s       55/s       57/s       59/s       61/s       65/s       66/s       67/s       68/s       69/s       70/s       71/s       72/s       73/s       74/s       75/s       76/s       77/s       79/s       80/s       81/s       82/s       83/s       84/s       85/s       86/s       87/s       88/s       89/s       90/s       91/s       92/s       93/s       94/s       95/s       96/s       97/s       98/s      112/s      113/s      114/s      115/s      116/s      117/s      118/s      119/s      120/s      121/s      122/s      123/s      124/s      125/s      126/s      127/s      128/s      129/s      130/s      131/s      132/s      133/s      134/s      135/s      136/s      137/s      138/s      150/s      154/s      162/s      167/s      171/s      224/s      228/s      229/s      230/s      231/s      232/s      233/s      234/s      235/s      236/s      237/s      245/s      246/s      247/s      249/s      250/s      252/s      253/s      262/s      263/s      294/s      296/s      297/s      298/s      299/s      301/s      302/s     IPI0/s     IPI1/s     IPI2/s     IPI3/s     IPI4/s     IPI5/s     IPI6/s      Err/s
17시 07분 37초    0       0.00       0.00       0.00      40.00       0.00       0.00       0.00       0.00       0.00       0.00       0.00       0.00       0.00       0.00       0.00       0.00       0.00       0.00       0.00       0.00       0.00       0.00       0.00       0.00       0.00       0.00       0.00       0.00       0.00       0.00       0.00       0.00       0.00       0.00       0.00       0.00       0.00       0.00       0.00       0.00       0.00       0.00       0.00       0.00       0.00       0.00       0.00       0.00       0.00       0.00       0.00       0.00       0.00       0.00       0.00       0.00       0.00       0.00       0.00       0.00       0.00       0.00       0.00       0.00       0.00       0.00       0.00       0.00       0.00       0.00       0.00       0.00       0.00       0.00       0.00       0.00       0.00       0.00       0.00       0.00       0.00       0.00       0.00       0.00       0.00       0.00       0.00       0.00       0.00       0.00       0.00       0.00       0.00       0.00       0.00       0.00       0.00       0.00       0.00       0.00       0.00       0.00       0.00       0.00       0.00      15.00       0.00       0.00       0.00       1.00       0.00       0.00       0.00       0.00       0.00       0.00       0.00       0.00       0.00       0.00       0.00       0.00       0.00       0.00       0.00       0.00       0.00       0.00       0.00       0.00       0.00       0.00       0.00       0.00      12.00       0.00       2.00       9.00       0.00       0.00       0.00       1.00       0.00       0.00
17시 07분 37초    1       0.00       0.00       0.00      55.00       0.00       0.00       0.00       0.00       0.00       0.00       0.00       0.00       0.00       0.00       0.00       0.00       0.00       0.00       0.00       0.00       0.00       0.00       0.00       0.00       0.00       0.00       0.00       0.00       0.00       0.00       0.00       0.00       0.00       0.00       0.00       0.00       0.00       0.00       0.00       0.00       0.00       0.00       0.00       0.00       0.00       0.00       0.00       0.00       0.00       0.00       0.00       0.00       0.00       0.00       0.00       0.00       0.00       0.00       0.00       0.00       0.00       0.00       0.00       0.00       0.00       0.00       0.00       0.00       0.00       0.00       0.00       0.00       0.00       0.00       0.00       0.00       0.00       0.00       0.00       0.00       0.00       0.00       0.00       0.00       0.00       0.00       0.00       0.00       0.00       0.00       0.00       0.00       0.00       0.00       0.00       0.00       0.00       0.00       0.00       0.00       0.00       0.00       0.00       0.00       0.00       0.00       0.00       0.00       0.00       0.00       0.00       0.00       0.00       0.00       0.00       0.00       0.00       0.00       0.00       0.00       0.00       0.00       0.00       0.00       0.00       0.00       0.00       0.00       0.00       0.00       0.00       0.00       0.00       0.00       0.00       0.00      10.00       2.00       0.00       0.00       0.00       0.00       0.00       0.00
17시 07분 37초    2       0.00       0.00       0.00      28.00       0.00       0.00       0.00       0.00       0.00       0.00       0.00       0.00       0.00       0.00       0.00       0.00       0.00       0.00       0.00       0.00       0.00       0.00       0.00       0.00       0.00       0.00       0.00       0.00       0.00       0.00       0.00       0.00       0.00       0.00       0.00       0.00       0.00       0.00       0.00       0.00       0.00       0.00       0.00       0.00       0.00       0.00       0.00       0.00       0.00       0.00       0.00       0.00       0.00       0.00       0.00       0.00       0.00       0.00       0.00       0.00       0.00       0.00       0.00       0.00       0.00       0.00       0.00       0.00       0.00       0.00       0.00       0.00       0.00       0.00       0.00       0.00       0.00       0.00       0.00       0.00       0.00       0.00       0.00       0.00       0.00       0.00       0.00       0.00       0.00       0.00       0.00       0.00       0.00       0.00       0.00       0.00       0.00       0.00       0.00       0.00       0.00       0.00       0.00       0.00       0.00       0.00       0.00       0.00       0.00       0.00       0.00       0.00       0.00       0.00       0.00       0.00       0.00       0.00       0.00       0.00       0.00       0.00       0.00       0.00       0.00       0.00       0.00       0.00       0.00       0.00       0.00       0.00       0.00       0.00       0.00       0.00       2.00       1.00       0.00       0.00       0.00       1.00       0.00       0.00
17시 07분 37초    3       0.00       0.00       0.00      38.00       0.00       0.00       0.00       0.00       0.00       0.00       0.00       0.00       0.00       0.00       0.00       0.00       0.00       0.00       0.00       0.00       0.00       0.00       0.00       0.00       0.00       0.00       0.00       0.00       0.00       0.00       0.00       0.00       0.00       0.00       0.00       0.00       0.00       0.00       0.00       0.00       0.00       0.00       0.00       0.00       0.00       0.00       0.00       0.00       0.00       0.00       0.00       0.00       0.00       0.00       0.00       0.00       0.00       0.00       0.00       0.00       0.00       0.00       0.00       0.00       0.00       0.00       0.00       0.00       0.00       0.00       0.00       0.00       0.00       0.00       0.00       0.00       0.00       0.00       0.00       0.00       0.00       0.00       0.00       0.00       0.00       0.00       0.00       0.00       0.00       0.00       0.00       0.00       0.00       0.00       0.00       0.00       0.00       0.00       0.00       0.00       0.00       0.00       0.00       0.00       0.00       0.00       0.00       0.00       0.00       0.00       0.00       0.00       0.00       0.00       0.00       0.00       0.00       0.00       0.00       0.00       0.00       0.00       0.00       0.00       0.00       0.00       0.00       0.00       0.00       0.00       0.00       0.00       0.00       0.00       0.00       0.00       8.00       0.00       0.00       0.00       0.00       0.00       0.00       0.00
17시 07분 37초    4       0.00       0.00       0.00      29.00       0.00       0.00       0.00       0.00       0.00       0.00       0.00       0.00       0.00       0.00       0.00       0.00       0.00       0.00       0.00       0.00       0.00       0.00       0.00       0.00       0.00       0.00       0.00       0.00       0.00       0.00       0.00       0.00       0.00       0.00       0.00       0.00       0.00       0.00       0.00       0.00       0.00       0.00       0.00       0.00       0.00       0.00       0.00       0.00       0.00       0.00       0.00       0.00       0.00       0.00       0.00       0.00       0.00       0.00       0.00       0.00       0.00       0.00       0.00       0.00       0.00       0.00       0.00       0.00       0.00       0.00       0.00       0.00       0.00       0.00       0.00       0.00       0.00       0.00       0.00       0.00       0.00       0.00       0.00       0.00       0.00       0.00       0.00       0.00       0.00       0.00       0.00       0.00       0.00       0.00       0.00       0.00       0.00       0.00       0.00       0.00       0.00       0.00       0.00       0.00       0.00       0.00       0.00       0.00       0.00       0.00       0.00       0.00       0.00       0.00       0.00       0.00       0.00       0.00       0.00       0.00       0.00       0.00       0.00       0.00       0.00       0.00       0.00       0.00       0.00       0.00       0.00       0.00       0.00       0.00       0.00       0.00       5.00       0.00       0.00       0.00       0.00       0.00       0.00       0.00
17시 07분 37초    5       0.00       0.00       0.00      49.00       0.00       0.00       0.00       0.00       0.00       0.00       0.00       0.00       0.00       0.00       0.00       0.00       0.00       0.00       0.00       0.00       0.00       0.00       0.00       0.00       0.00       0.00       0.00       0.00       0.00       0.00       0.00       0.00       0.00       0.00       0.00       0.00       0.00       0.00       0.00       0.00       0.00       0.00       0.00       0.00       0.00       0.00       0.00       0.00       0.00       0.00       0.00       0.00       0.00       0.00       0.00       0.00       0.00       0.00       0.00       0.00       0.00       0.00       0.00       0.00       0.00       0.00       0.00       0.00       0.00       0.00       0.00       0.00       0.00       0.00       0.00       0.00       0.00       0.00       0.00       0.00       0.00       0.00       0.00       0.00       0.00       0.00       0.00       0.00       0.00       0.00       0.00       0.00       0.00       0.00       0.00       0.00       0.00       0.00       0.00       0.00       0.00       0.00       0.00       0.00       0.00       0.00       0.00       0.00       0.00       0.00       0.00       0.00       0.00       0.00       0.00       0.00       0.00       0.00       0.00       0.00       0.00       0.00       0.00       0.00       0.00       0.00       0.00       0.00       0.00       0.00       0.00       0.00       0.00       0.00       0.00       0.00       5.00       0.00       0.00       0.00       0.00       0.00       0.00       0.00

17시 07분 36초  CPU       HI/s    TIMER/s   NET_TX/s   NET_RX/s    BLOCK/s IRQ_POLL/s  TASKLET/s    SCHED/s  HRTIMER/s      RCU/s
17시 07분 37초    0       0.00       5.00       1.00      11.00       0.00       0.00       0.00      22.00       0.00      19.00
17시 07분 37초    1       0.00      25.00       0.00       0.00       0.00       0.00       0.00      30.00       0.00      27.00
17시 07분 37초    2       0.00      20.00       0.00       0.00       0.00       0.00       0.00      16.00       0.00      13.00
17시 07분 37초    3       0.00      10.00       0.00       0.00       0.00       0.00       0.00      14.00       0.00      18.00
17시 07분 37초    4       0.00      22.00       0.00       0.00       0.00       0.00       0.00      21.00       0.00      11.00
17시 07분 37초    5       0.00      14.00       0.00       0.00       0.00       0.00       0.00      22.00       0.00      23.00

17시 07분 37초  CPU    %usr   %nice    %sys %iowait    %irq   %soft  %steal  %guest  %gnice   %idle
17시 07분 38초  all    3.01    0.00    2.34    0.00    0.00    0.00    0.00    0.00    0.00   94.66
17시 07분 38초    0    2.97    0.00    2.97    0.00    0.00    0.00    0.00    0.00    0.00   94.06
17시 07분 38초    1    2.97    0.00    2.97    0.00    0.00    0.00    0.00    0.00    0.00   94.06
17시 07분 38초    2    4.04    0.00    2.02    0.00    0.00    0.00    0.00    0.00    0.00   93.94
17시 07분 38초    3    3.03    0.00    4.04    0.00    0.00    0.00    0.00    0.00    0.00   92.93
17시 07분 38초    4    2.00    0.00    1.00    0.00    0.00    0.00    0.00    0.00    0.00   97.00
17시 07분 38초    5    3.03    0.00    1.01    0.00    0.00    0.00    0.00    0.00    0.00   95.96

17시 07분 37초  CPU    intr/s
17시 07분 38초  all   1516.00
17시 07분 38초    0    221.00
17시 07분 38초    1    220.00
17시 07분 38초    2     92.00
17시 07분 38초    3     81.00
17시 07분 38초    4     80.00
17시 07분 38초    5    115.00

17시 07분 37초  CPU        9/s       11/s       12/s       13/s       18/s       20/s       21/s       22/s       23/s       24/s       25/s       26/s       27/s       28/s       29/s       30/s       31/s       32/s       33/s       34/s       35/s       36/s       37/s       38/s       39/s       40/s       41/s       42/s       43/s       44/s       45/s       46/s       47/s       48/s       49/s       50/s       51/s       52/s       53/s       54/s       55/s       57/s       59/s       61/s       65/s       66/s       67/s       68/s       69/s       70/s       71/s       72/s       73/s       74/s       75/s       76/s       77/s       79/s       80/s       81/s       82/s       83/s       84/s       85/s       86/s       87/s       88/s       89/s       90/s       91/s       92/s       93/s       94/s       95/s       96/s       97/s       98/s      112/s      113/s      114/s      115/s      116/s      117/s      118/s      119/s      120/s      121/s      122/s      123/s      124/s      125/s      126/s      127/s      128/s      129/s      130/s      131/s      132/s      133/s      134/s      135/s      136/s      137/s      138/s      150/s      154/s      162/s      167/s      171/s      224/s      228/s      229/s      230/s      231/s      232/s      233/s      234/s      235/s      236/s      237/s      245/s      246/s      247/s      249/s      250/s      252/s      253/s      262/s      263/s      294/s      296/s      297/s      298/s      299/s      301/s      302/s     IPI0/s     IPI1/s     IPI2/s     IPI3/s     IPI4/s     IPI5/s     IPI6/s      Err/s
17시 07분 38초    0       0.00       0.00       0.00     166.00       0.00       0.00       0.00       0.00       0.00       0.00       0.00       0.00       0.00       0.00       0.00       0.00       0.00       0.00       0.00       0.00       0.00       0.00       0.00       0.00       0.00       0.00       0.00       0.00       0.00       0.00       0.00       0.00       0.00       0.00       0.00       0.00       0.00       0.00       0.00       0.00       0.00       0.00       0.00       0.00       0.00       0.00       0.00       0.00       0.00       0.00       0.00       0.00       0.00       0.00       0.00       0.00       0.00       0.00       0.00       0.00       0.00       0.00       0.00       0.00       0.00       0.00       0.00       0.00       0.00       0.00       0.00       0.00       0.00       0.00       0.00       0.00       0.00       0.00       0.00       0.00       0.00       0.00       0.00       0.00       0.00       0.00       0.00       0.00       0.00       0.00       0.00       0.00       0.00       0.00       0.00       0.00       0.00       0.00       0.00       0.00       0.00       0.00       0.00       0.00       0.00      26.00       0.00       0.00       0.00       0.00       0.00       0.00       0.00       0.00       0.00       0.00       0.00       0.00       0.00       0.00       0.00       0.00       0.00       0.00       0.00       0.00       0.00       0.00       0.00       0.00       0.00       0.00       0.00       0.00     132.00       0.00     129.00      12.00       0.00       0.00       0.00       3.00       0.00       0.00
17시 07분 38초    1       0.00       0.00       0.00     115.00       0.00       0.00       0.00       0.00       0.00       0.00       0.00       0.00       0.00       0.00       0.00       0.00       0.00       0.00       0.00       0.00       0.00       0.00       0.00       0.00       0.00       0.00       0.00       0.00       0.00       0.00       0.00       0.00       0.00       0.00       0.00       0.00       0.00       0.00       0.00       0.00       0.00       0.00       0.00       0.00       0.00       0.00       0.00       0.00       0.00       0.00       0.00       0.00       0.00       0.00       0.00       0.00       0.00       0.00       0.00       0.00       0.00       0.00       0.00       0.00       0.00       0.00       0.00       0.00       0.00       0.00       0.00       0.00       0.00       0.00       0.00       0.00       0.00       0.00       0.00       0.00       0.00       0.00       0.00       0.00       0.00       0.00       0.00       0.00       0.00       0.00       0.00       0.00       0.00       0.00       0.00       0.00       0.00       0.00       0.00       0.00       0.00       0.00       0.00       0.00       0.00       0.00       0.00       0.00       0.00       0.00       0.00       0.00       0.00       0.00       0.00       0.00       0.00       0.00       0.00       0.00       0.00       0.00       0.00       0.00       0.00       0.00       0.00       0.00       0.00       0.00       0.00       0.00       0.00       0.00       0.00       0.00      84.00       7.00       0.00       0.00       0.00       3.00       0.00       0.00
17시 07분 38초    2       0.00       0.00       0.00      77.00       0.00       0.00       0.00       0.00       0.00       0.00       0.00       0.00       0.00       0.00       0.00       0.00       0.00       0.00       0.00       0.00       0.00       0.00       0.00       0.00       0.00       0.00       0.00       0.00       0.00       0.00       0.00       0.00       0.00       0.00       0.00       0.00       0.00       0.00       0.00       0.00       0.00       0.00       0.00       0.00       0.00       0.00       0.00       0.00       0.00       0.00       0.00       0.00       0.00       0.00       0.00       0.00       0.00       0.00       0.00       0.00       0.00       0.00       0.00       0.00       0.00       0.00       0.00       0.00       0.00       0.00       0.00       0.00       0.00       0.00       0.00       0.00       0.00       0.00       0.00       0.00       0.00       0.00       0.00       0.00       0.00       0.00       0.00       0.00       0.00       0.00       0.00       0.00       0.00       0.00       0.00       0.00       0.00       0.00       0.00       0.00       0.00       0.00       0.00       0.00       0.00       0.00       0.00       0.00       0.00       0.00       0.00       0.00       0.00       0.00       0.00       0.00       0.00       0.00       0.00       0.00       0.00       0.00       0.00       0.00       0.00       0.00       0.00       0.00       0.00       0.00       0.00       0.00       0.00       0.00       0.00       0.00     124.00      13.00       0.00       0.00       0.00       1.00       0.00       0.00
17시 07분 38초    3       0.00       0.00       0.00      73.00       0.00       0.00       0.00       0.00       0.00       0.00       0.00       0.00       0.00       0.00       0.00       0.00       0.00       0.00       0.00       0.00       0.00       0.00       0.00       0.00       0.00       0.00       0.00       0.00       0.00       0.00       0.00       0.00       0.00       0.00       0.00       0.00       0.00       0.00       0.00       0.00       0.00       0.00       0.00       0.00       0.00       0.00       0.00       0.00       0.00       0.00       0.00       0.00       0.00       0.00       0.00       0.00       0.00       0.00       0.00       0.00       0.00       0.00       0.00       0.00       0.00       0.00       0.00       0.00       0.00       0.00       0.00       0.00       0.00       0.00       0.00       0.00       0.00       0.00       0.00       0.00       0.00       0.00       0.00       0.00       0.00       0.00       0.00       0.00       0.00       0.00       0.00       0.00       0.00       0.00       0.00       0.00       0.00       0.00       0.00       0.00       0.00       0.00       0.00       0.00       0.00       0.00       0.00       0.00       0.00       0.00       0.00       0.00       0.00       0.00       0.00       0.00       0.00       0.00       0.00       0.00       0.00       0.00       0.00       0.00       0.00       0.00       0.00       0.00       0.00       0.00       0.00       0.00       0.00       0.00       0.00       0.00     125.00      11.00       0.00       0.00       0.00       4.00       0.00       0.00
17시 07분 38초    4       0.00       0.00       0.00      74.00       0.00       0.00       0.00       0.00       0.00       0.00       0.00       0.00       0.00       0.00       0.00       0.00       0.00       0.00       0.00       0.00       0.00       0.00       0.00       0.00       0.00       0.00       0.00       0.00       0.00       0.00       0.00       0.00       0.00       0.00       0.00       0.00       0.00       0.00       0.00       0.00       0.00       0.00       0.00       0.00       0.00       0.00       0.00       0.00       0.00       0.00       0.00       0.00       0.00       0.00       0.00       0.00       0.00       0.00       0.00       0.00       0.00       0.00       0.00       0.00       0.00       0.00       0.00       0.00       0.00       0.00       0.00       0.00       0.00       0.00       0.00       0.00       0.00       0.00       0.00       0.00       0.00       0.00       0.00       0.00       0.00       0.00       0.00       0.00       0.00       0.00       0.00       0.00       0.00       0.00       0.00       0.00       0.00       0.00       0.00       0.00       0.00       0.00       0.00       0.00       0.00       0.00       0.00       0.00       0.00       0.00       0.00       0.00       0.00       0.00       0.00       0.00       0.00       0.00       0.00       0.00       0.00       0.00       0.00       0.00       0.00       0.00       0.00       0.00       0.00       0.00       0.00       0.00       0.00       0.00       0.00       0.00     147.00       5.00       0.00       0.00       0.00       5.00       0.00       0.00
17시 07분 38초    5       0.00       0.00       0.00      82.00       0.00       0.00       0.00       0.00       0.00       0.00       0.00       0.00       0.00       0.00       0.00       0.00       0.00       0.00       0.00       0.00       0.00       0.00       0.00       0.00       0.00       0.00       0.00       0.00       0.00       0.00       0.00       0.00       0.00       0.00       0.00       0.00       0.00       0.00       0.00       0.00       0.00       0.00       0.00       0.00       0.00       0.00       0.00       0.00       0.00       0.00       0.00       0.00       0.00       0.00       0.00       0.00       0.00       0.00       0.00       0.00       0.00       0.00       0.00       0.00       0.00       0.00       0.00       0.00       0.00       0.00       0.00       0.00       0.00       0.00       0.00       0.00       0.00       0.00       0.00       0.00       0.00       0.00       0.00       0.00       0.00       0.00       0.00       0.00       0.00       0.00       0.00       0.00       0.00       0.00       0.00       0.00       0.00       0.00       0.00       0.00       0.00       0.00       0.00       0.00       0.00       0.00       0.00       0.00       0.00       0.00       0.00       0.00       0.00       0.00       0.00       0.00       0.00       0.00       0.00       0.00       0.00       0.00       0.00       0.00       0.00       0.00       0.00       0.00       0.00       0.00       0.00       0.00       0.00       0.00       0.00       0.00      88.00       5.00       0.00       0.00       0.00       5.00       0.00       0.00

17시 07분 37초  CPU       HI/s    TIMER/s   NET_TX/s   NET_RX/s    BLOCK/s IRQ_POLL/s  TASKLET/s    SCHED/s  HRTIMER/s      RCU/s
17시 07분 38초    0       0.00       9.00       5.00     123.00       0.00       0.00       0.00      43.00       0.00      41.00
17시 07분 38초    1       0.00      39.00       0.00       0.00       0.00       0.00       0.00      50.00       0.00     131.00
17시 07분 38초    2       0.00      16.00       0.00       0.00       0.00       0.00       0.00      35.00       0.00      41.00
17시 07분 38초    3       0.00       7.00       0.00       0.00       0.00       0.00       0.00      33.00       0.00      41.00
17시 07분 38초    4       0.00      19.00       0.00       0.00       0.00       0.00       0.00      25.00       0.00      36.00
17시 07분 38초    5       0.00      35.00       0.00       0.00       0.00       0.00       0.00      42.00       0.00      38.00

17시 07분 38초  CPU    %usr   %nice    %sys %iowait    %irq   %soft  %steal  %guest  %gnice   %idle
17시 07분 39초  all    1.00    0.00    1.33    0.00    0.17    0.33    0.00    0.00    0.00   97.18
17시 07분 39초    0    0.99    0.00    2.97    0.00    0.99    0.99    0.00    0.00    0.00   94.06
17시 07분 39초    1    1.01    0.00    1.01    0.00    0.00    0.00    0.00    0.00    0.00   97.98
17시 07분 39초    2    1.00    0.00    0.00    0.00    0.00    0.00    0.00    0.00    0.00   99.00
17시 07분 39초    3    2.00    0.00    1.00    0.00    0.00    1.00    0.00    0.00    0.00   96.00
17시 07분 39초    4    0.00    0.00    0.00    0.00    0.00    0.00    0.00    0.00    0.00  100.00
17시 07분 39초    5    0.98    0.00    2.94    0.00    0.00    0.00    0.00    0.00    0.00   96.08

17시 07분 38초  CPU    intr/s
17시 07분 39초  all    672.00
17시 07분 39초    0    223.00
17시 07분 39초    1     95.00
17시 07분 39초    2     45.00
17시 07분 39초    3     48.00
17시 07분 39초    4     82.00
17시 07분 39초    5     71.00

17시 07분 38초  CPU        9/s       11/s       12/s       13/s       18/s       20/s       21/s       22/s       23/s       24/s       25/s       26/s       27/s       28/s       29/s       30/s       31/s       32/s       33/s       34/s       35/s       36/s       37/s       38/s       39/s       40/s       41/s       42/s       43/s       44/s       45/s       46/s       47/s       48/s       49/s       50/s       51/s       52/s       53/s       54/s       55/s       57/s       59/s       61/s       65/s       66/s       67/s       68/s       69/s       70/s       71/s       72/s       73/s       74/s       75/s       76/s       77/s       79/s       80/s       81/s       82/s       83/s       84/s       85/s       86/s       87/s       88/s       89/s       90/s       91/s       92/s       93/s       94/s       95/s       96/s       97/s       98/s      112/s      113/s      114/s      115/s      116/s      117/s      118/s      119/s      120/s      121/s      122/s      123/s      124/s      125/s      126/s      127/s      128/s      129/s      130/s      131/s      132/s      133/s      134/s      135/s      136/s      137/s      138/s      150/s      154/s      162/s      167/s      171/s      224/s      228/s      229/s      230/s      231/s      232/s      233/s      234/s      235/s      236/s      237/s      245/s      246/s      247/s      249/s      250/s      252/s      253/s      262/s      263/s      294/s      296/s      297/s      298/s      299/s      301/s      302/s     IPI0/s     IPI1/s     IPI2/s     IPI3/s     IPI4/s     IPI5/s     IPI6/s      Err/s
17시 07분 39초    0       0.00       0.00       0.00      60.00       0.00       0.00       0.00       0.00       0.00       0.00       0.00       0.00       0.00       0.00       0.00       0.00       0.00       0.00       0.00       0.00       0.00       0.00       0.00       0.00       0.00       0.00       0.00       0.00       0.00       0.00       0.00       0.00       0.00       0.00       0.00       0.00       0.00       0.00       0.00       0.00       0.00       0.00       0.00       0.00       0.00       0.00       0.00       0.00       0.00       0.00       0.00       0.00       0.00       0.00       0.00       0.00       0.00       0.00       0.00       0.00       0.00       0.00       0.00       0.00       0.00       0.00       0.00       0.00       0.00       0.00       0.00       0.00       0.00       0.00       0.00       0.00       0.00      66.00       0.00       0.00       0.00       0.00       0.00       0.00       0.00       0.00       0.00       0.00       0.00       0.00       0.00       0.00       0.00       0.00       0.00       0.00       0.00       0.00       0.00       0.00       0.00       0.00       0.00       0.00       0.00      10.00       0.00       0.00       0.00       0.00       0.00       0.00       0.00       0.00       0.00       0.00       0.00       0.00       0.00       0.00       0.00       0.00       0.00       0.00       0.00       0.00       0.00       0.00       0.00       0.00       0.00       0.00       0.00       0.00     163.00       0.00       2.00       1.00       0.00       0.00       0.00       0.00       0.00       0.00
17시 07분 39초    1       0.00       0.00       0.00      61.00       0.00       0.00       0.00       0.00       0.00       0.00       0.00       0.00       0.00       0.00       0.00       0.00       0.00       0.00       0.00       0.00       0.00       0.00       0.00       0.00       0.00       0.00       0.00       0.00       0.00       0.00       0.00       0.00       0.00       0.00       0.00       0.00       0.00       0.00       0.00       0.00       0.00       0.00       0.00       0.00       0.00       0.00       0.00       0.00       0.00       0.00       0.00       0.00       0.00       0.00       0.00       0.00       0.00       0.00       0.00       0.00       0.00       0.00       0.00       0.00       0.00       0.00       0.00       0.00       0.00       0.00       0.00       0.00       0.00       0.00       0.00       0.00       0.00       0.00       0.00       0.00       0.00       0.00       0.00       0.00       0.00       0.00       0.00       0.00       0.00       0.00       0.00       0.00       0.00       0.00       0.00       0.00       0.00       0.00       0.00       0.00       0.00       0.00       0.00       0.00       0.00       0.00       0.00       0.00       0.00       0.00       0.00       0.00       0.00       0.00       0.00       0.00       0.00       0.00       0.00       0.00       0.00       0.00       0.00       0.00       0.00       0.00       0.00       0.00       0.00       0.00       0.00       0.00       0.00       0.00       0.00       0.00      15.00       7.00       0.00       0.00       0.00       0.00       0.00       0.00
17시 07분 39초    2       0.00       0.00       0.00      25.00       0.00       0.00       0.00       0.00       0.00       0.00       0.00       0.00       0.00       0.00       0.00       0.00       0.00       0.00       0.00       0.00       0.00       0.00       0.00       0.00       0.00       0.00       0.00       0.00       0.00       0.00       0.00       0.00       0.00       0.00       0.00       0.00       0.00       0.00       0.00       0.00       0.00       0.00       0.00       0.00       0.00       0.00       0.00       0.00       0.00       0.00       0.00       0.00       0.00       0.00       0.00       0.00       0.00       0.00       0.00       0.00       0.00       0.00       0.00       0.00       0.00       0.00       0.00       0.00       0.00       0.00       0.00       0.00       0.00       0.00       0.00       0.00       0.00       0.00       0.00       0.00       0.00       0.00       0.00       0.00       0.00       0.00       0.00       0.00       0.00       0.00       0.00       0.00       0.00       0.00       0.00       0.00       0.00       0.00       0.00       0.00       0.00       0.00       0.00       0.00       0.00       0.00       0.00       0.00       0.00       0.00       0.00       0.00       0.00       0.00       0.00       0.00       0.00       0.00       0.00       0.00       0.00       0.00       0.00       0.00       0.00       0.00       0.00       0.00       0.00       0.00       0.00       0.00       0.00       0.00       0.00       0.00       3.00       1.00       0.00       0.00       0.00       0.00       0.00       0.00
17시 07분 39초    3       0.00       0.00       0.00      46.00       0.00       0.00       0.00       0.00       0.00       0.00       0.00       0.00       0.00       0.00       0.00       0.00       0.00       0.00       0.00       0.00       0.00       0.00       0.00       0.00       0.00       0.00       0.00       0.00       0.00       0.00       0.00       0.00       0.00       0.00       0.00       0.00       0.00       0.00       0.00       0.00       0.00       0.00       0.00       0.00       0.00       0.00       0.00       0.00       0.00       0.00       0.00       0.00       0.00       0.00       0.00       0.00       0.00       0.00       0.00       0.00       0.00       0.00       0.00       0.00       0.00       0.00       0.00       0.00       0.00       0.00       0.00       0.00       0.00       0.00       0.00       0.00       0.00       0.00       0.00       0.00       0.00       0.00       0.00       0.00       0.00       0.00       0.00       0.00       0.00       0.00       0.00       0.00       0.00       0.00       0.00       0.00       0.00       0.00       0.00       0.00       0.00       0.00       0.00       0.00       0.00       0.00       0.00       0.00       0.00       0.00       0.00       0.00       0.00       0.00       0.00       0.00       0.00       0.00       0.00       0.00       0.00       0.00       0.00       0.00       0.00       0.00       0.00       0.00       0.00       0.00       0.00       0.00       0.00       0.00       0.00       0.00       1.00       0.00       0.00       0.00       0.00       0.00       0.00       0.00
17시 07분 39초    4       0.00       0.00       0.00      59.00       0.00       0.00       0.00       0.00       0.00       0.00       0.00       0.00       0.00       0.00       0.00       0.00       0.00       0.00       0.00       0.00       0.00       0.00       0.00       0.00       0.00       0.00       0.00       0.00       0.00       0.00       0.00       0.00       0.00       0.00       0.00       0.00       0.00       0.00       0.00       0.00       0.00       0.00       0.00       0.00       0.00       0.00       0.00       0.00       0.00       0.00       0.00       0.00       0.00       0.00       0.00       0.00       0.00       0.00       0.00       0.00       0.00       0.00       0.00       0.00       0.00       0.00       0.00       0.00       0.00       0.00       0.00       0.00       0.00       0.00       0.00       0.00       0.00       0.00       0.00       0.00       0.00       0.00       0.00       0.00       0.00       0.00       0.00       0.00       0.00       0.00       0.00       0.00       0.00       0.00       0.00       0.00       0.00       0.00       0.00       0.00       0.00       0.00       0.00       0.00       0.00       0.00       0.00       0.00       0.00       0.00       0.00       0.00       0.00       0.00       0.00       0.00       0.00       0.00       0.00       0.00       0.00       0.00       0.00       0.00       0.00       0.00       0.00       0.00       0.00       0.00       0.00       0.00       0.00       0.00       0.00       0.00       6.00       0.00       0.00       0.00       0.00       0.00       0.00       0.00
17시 07분 39초    5       0.00       0.00       0.00      63.00       0.00       0.00       0.00       0.00       0.00       0.00       0.00       0.00       0.00       0.00       0.00       0.00       0.00       0.00       0.00       0.00       0.00       0.00       0.00       0.00       0.00       0.00       0.00       0.00       0.00       0.00       0.00       0.00       0.00       0.00       0.00       0.00       0.00       0.00       0.00       0.00       0.00       0.00       0.00       0.00       0.00       0.00       0.00       0.00       0.00       0.00       0.00       0.00       0.00       0.00       0.00       0.00       0.00       0.00       0.00       0.00       0.00       0.00       0.00       0.00       0.00       0.00       0.00       0.00       0.00       0.00       0.00       0.00       0.00       0.00       0.00       0.00       0.00       0.00       0.00       0.00       0.00       0.00       0.00       0.00       0.00       0.00       0.00       0.00       0.00       0.00       0.00       0.00       0.00       0.00       0.00       0.00       0.00       0.00       0.00       0.00       0.00       0.00       0.00       0.00       0.00       0.00       0.00       0.00       0.00       0.00       0.00       0.00       0.00       0.00       0.00       0.00       0.00       0.00       0.00       0.00       0.00       0.00       0.00       0.00       0.00       0.00       0.00       0.00       0.00       0.00       0.00       0.00       0.00       0.00       0.00       0.00      83.00       0.00       0.00       0.00       0.00       0.00       0.00       0.00

17시 07분 38초  CPU       HI/s    TIMER/s   NET_TX/s   NET_RX/s    BLOCK/s IRQ_POLL/s  TASKLET/s    SCHED/s  HRTIMER/s      RCU/s
17시 07분 39초    0       0.00      10.00       5.00     152.00       0.00       0.00       0.00      26.00       0.00      30.00
17시 07분 39초    1       0.00      30.00       0.00       0.00       0.00       0.00       0.00      41.00       0.00      24.00
17시 07분 39초    2       0.00      13.00       0.00       0.00       0.00       0.00       0.00      16.00       0.00      16.00
17시 07분 39초    3       0.00       4.00       0.00       0.00       0.00       0.00       0.00      18.00       0.00      26.00
17시 07분 39초    4       0.00      32.00       0.00       0.00       0.00       0.00       0.00      29.00       0.00      21.00
17시 07분 39초    5       0.00      19.00       0.00       0.00       0.00       0.00       0.00      30.00       0.00      22.00

17시 07분 39초  CPU    %usr   %nice    %sys %iowait    %irq   %soft  %steal  %guest  %gnice   %idle
17시 07분 40초  all    0.34    0.00    1.34    0.00    0.00    0.00    0.00    0.00    0.00   98.32
17시 07분 40초    0    1.01    0.00    2.02    0.00    0.00    0.00    0.00    0.00    0.00   96.97
17시 07분 40초    1    0.00    0.00    2.02    0.00    0.00    0.00    0.00    0.00    0.00   97.98
17시 07분 40초    2    0.00    0.00    1.00    0.00    0.00    0.00    0.00    0.00    0.00   99.00
17시 07분 40초    3    1.00    0.00    2.00    0.00    0.00    0.00    0.00    0.00    0.00   97.00
17시 07분 40초    4    0.00    0.00    0.00    0.00    0.00    0.00    0.00    0.00    0.00  100.00
17시 07분 40초    5    0.00    0.00    1.01    0.00    0.00    0.00    0.00    0.00    0.00   98.99

17시 07분 39초  CPU    intr/s
17시 07분 40초  all    326.00
17시 07분 40초    0     52.00
17시 07분 40초    1     86.00
17시 07분 40초    2     53.00
17시 07분 40초    3     40.00
17시 07분 40초    4     44.00
17시 07분 40초    5     94.00

17시 07분 39초  CPU        9/s       11/s       12/s       13/s       18/s       20/s       21/s       22/s       23/s       24/s       25/s       26/s       27/s       28/s       29/s       30/s       31/s       32/s       33/s       34/s       35/s       36/s       37/s       38/s       39/s       40/s       41/s       42/s       43/s       44/s       45/s       46/s       47/s       48/s       49/s       50/s       51/s       52/s       53/s       54/s       55/s       57/s       59/s       61/s       65/s       66/s       67/s       68/s       69/s       70/s       71/s       72/s       73/s       74/s       75/s       76/s       77/s       79/s       80/s       81/s       82/s       83/s       84/s       85/s       86/s       87/s       88/s       89/s       90/s       91/s       92/s       93/s       94/s       95/s       96/s       97/s       98/s      112/s      113/s      114/s      115/s      116/s      117/s      118/s      119/s      120/s      121/s      122/s      123/s      124/s      125/s      126/s      127/s      128/s      129/s      130/s      131/s      132/s      133/s      134/s      135/s      136/s      137/s      138/s      150/s      154/s      162/s      167/s      171/s      224/s      228/s      229/s      230/s      231/s      232/s      233/s      234/s      235/s      236/s      237/s      245/s      246/s      247/s      249/s      250/s      252/s      253/s      262/s      263/s      294/s      296/s      297/s      298/s      299/s      301/s      302/s     IPI0/s     IPI1/s     IPI2/s     IPI3/s     IPI4/s     IPI5/s     IPI6/s      Err/s
17시 07분 40초    0       0.00       0.00       0.00      45.00       0.00       0.00       0.00       0.00       0.00       0.00       0.00       0.00       0.00       0.00       0.00       0.00       0.00       0.00       0.00       0.00       0.00       0.00       0.00       0.00       0.00       0.00       0.00       0.00       0.00       0.00       0.00       0.00       0.00       0.00       0.00       0.00       0.00       0.00       0.00       0.00       0.00       0.00       0.00       0.00       0.00       0.00       0.00       0.00       0.00       0.00       0.00       0.00       0.00       0.00       0.00       0.00       0.00       0.00       0.00       0.00       0.00       0.00       0.00       0.00       0.00       0.00       0.00       0.00       0.00       0.00       0.00       0.00       0.00       0.00       0.00       0.00       0.00       2.00       0.00       0.00       0.00       0.00       0.00       0.00       0.00       0.00       0.00       0.00       0.00       0.00       0.00       0.00       0.00       0.00       0.00       0.00       0.00       0.00       0.00       0.00       0.00       0.00       0.00       0.00       0.00       5.00       0.00       0.00       0.00       0.00       0.00       0.00       0.00       0.00       0.00       0.00       0.00       0.00       0.00       0.00       0.00       0.00       0.00       0.00       0.00       0.00       0.00       0.00       0.00       0.00       0.00       0.00       0.00       0.00      12.00       0.00       1.00       2.00       0.00       0.00       0.00       0.00       0.00       0.00
17시 07분 40초    1       0.00       0.00       0.00      57.00       0.00       0.00       0.00       0.00       0.00       0.00       0.00       0.00       0.00       0.00       0.00       0.00       0.00       0.00       0.00       0.00       0.00       0.00       0.00       0.00       0.00       0.00       0.00       0.00       0.00       0.00       0.00       0.00       0.00       0.00       0.00       0.00       0.00       0.00       0.00       0.00       0.00       0.00       0.00       0.00       0.00       0.00       0.00       0.00       0.00       0.00       0.00       0.00       0.00       0.00       0.00       0.00       0.00       0.00       0.00       0.00       0.00       0.00       0.00       0.00       0.00       0.00       0.00       0.00       0.00       0.00       0.00       0.00       0.00       0.00       0.00       0.00       0.00       0.00       0.00       0.00       0.00       0.00       0.00       0.00       0.00       0.00       0.00       0.00       0.00       0.00       0.00       0.00       0.00       0.00       0.00       0.00       0.00       0.00       0.00       0.00       0.00       0.00       0.00       0.00       0.00       0.00       0.00       0.00       0.00       0.00       0.00       0.00       0.00       0.00       0.00       0.00       0.00       0.00       0.00       0.00       0.00       0.00       0.00       0.00       0.00       0.00       0.00       0.00       0.00       0.00       0.00       0.00       0.00       0.00       0.00       0.00       5.00       3.00       0.00       0.00       0.00       0.00       0.00       0.00
17시 07분 40초    2       0.00       0.00       0.00      40.00       0.00       0.00       0.00       0.00       0.00       0.00       0.00       0.00       0.00       0.00       0.00       0.00       0.00       0.00       0.00       0.00       0.00       0.00       0.00       0.00       0.00       0.00       0.00       0.00       0.00       0.00       0.00       0.00       0.00       0.00       0.00       0.00       0.00       0.00       0.00       0.00       0.00       0.00       0.00       0.00       0.00       0.00       0.00       0.00       0.00       0.00       0.00       0.00       0.00       0.00       0.00       0.00       0.00       0.00       0.00       0.00       0.00       0.00       0.00       0.00       0.00       0.00       0.00       0.00       0.00       0.00       0.00       0.00       0.00       0.00       0.00       0.00       0.00       0.00       0.00       0.00       0.00       0.00       0.00       0.00       0.00       0.00       0.00       0.00       0.00       0.00       0.00       0.00       0.00       0.00       0.00       0.00       0.00       0.00       0.00       0.00       0.00       0.00       0.00       0.00       0.00       0.00       0.00       0.00       0.00       0.00       0.00       0.00       0.00       0.00       0.00       0.00       0.00       0.00       0.00       0.00       0.00       0.00       0.00       0.00       0.00       0.00       0.00       0.00       0.00       0.00       0.00       0.00       0.00       0.00       0.00       0.00       1.00       1.00       0.00       0.00       0.00       0.00       0.00       0.00
17시 07분 40초    3       0.00       0.00       0.00      33.00       0.00       0.00       0.00       0.00       0.00       0.00       0.00       0.00       0.00       0.00       0.00       0.00       0.00       0.00       0.00       0.00       0.00       0.00       0.00       0.00       0.00       0.00       0.00       0.00       0.00       0.00       0.00       0.00       0.00       0.00       0.00       0.00       0.00       0.00       0.00       0.00       0.00       0.00       0.00       0.00       0.00       0.00       0.00       0.00       0.00       0.00       0.00       0.00       0.00       0.00       0.00       0.00       0.00       0.00       0.00       0.00       0.00       0.00       0.00       0.00       0.00       0.00       0.00       0.00       0.00       0.00       0.00       0.00       0.00       0.00       0.00       0.00       0.00       0.00       0.00       0.00       0.00       0.00       0.00       0.00       0.00       0.00       0.00       0.00       0.00       0.00       0.00       0.00       0.00       0.00       0.00       0.00       0.00       0.00       0.00       0.00       0.00       0.00       0.00       0.00       0.00       0.00       0.00       0.00       0.00       0.00       0.00       0.00       0.00       0.00       0.00       0.00       0.00       0.00       0.00       0.00       0.00       0.00       0.00       0.00       0.00       0.00       0.00       0.00       0.00       0.00       0.00       0.00       0.00       0.00       0.00       0.00       1.00       1.00       0.00       0.00       0.00       0.00       0.00       0.00
17시 07분 40초    4       0.00       0.00       0.00      28.00       0.00       0.00       0.00       0.00       0.00       0.00       0.00       0.00       0.00       0.00       0.00       0.00       0.00       0.00       0.00       0.00       0.00       0.00       0.00       0.00       0.00       0.00       0.00       0.00       0.00       0.00       0.00       0.00       0.00       0.00       0.00       0.00       0.00       0.00       0.00       0.00       0.00       0.00       0.00       0.00       0.00       0.00       0.00       0.00       0.00       0.00       0.00       0.00       0.00       0.00       0.00       0.00       0.00       0.00       0.00       0.00       0.00       0.00       0.00       0.00       0.00       0.00       0.00       0.00       0.00       0.00       0.00       0.00       0.00       0.00       0.00       0.00       0.00       0.00       0.00       0.00       0.00       0.00       0.00       0.00       0.00       0.00       0.00       0.00       0.00       0.00       0.00       0.00       0.00       0.00       0.00       0.00       0.00       0.00       0.00       0.00       0.00       0.00       0.00       0.00       0.00       0.00       0.00       0.00       0.00       0.00       0.00       0.00       0.00       0.00       0.00       0.00       0.00       0.00       0.00       0.00       0.00       0.00       0.00       0.00       0.00       0.00       0.00       0.00       0.00       0.00       0.00       0.00       0.00       0.00       0.00       0.00       0.00       0.00       0.00       0.00       0.00       0.00       0.00       0.00
17시 07분 40초    5       0.00       0.00       0.00      66.00       0.00       0.00       0.00       0.00       0.00       0.00       0.00       0.00       0.00       0.00       0.00       0.00       0.00       0.00       0.00       0.00       0.00       0.00       0.00       0.00       0.00       0.00       0.00       0.00       0.00       0.00       0.00       0.00       0.00       0.00       0.00       0.00       0.00       0.00       0.00       0.00       0.00       0.00       0.00       0.00       0.00       0.00       0.00       0.00       0.00       0.00       0.00       0.00       0.00       0.00       0.00       0.00       0.00       0.00       0.00       0.00       0.00       0.00       0.00       0.00       0.00       0.00       0.00       0.00       0.00       0.00       0.00       0.00       0.00       0.00       0.00       0.00       0.00       0.00       0.00       0.00       0.00       0.00       0.00       0.00       0.00       0.00       0.00       0.00       0.00       0.00       0.00       0.00       0.00       0.00       0.00       0.00       0.00       0.00       0.00       0.00       0.00       0.00       0.00       0.00       0.00       0.00       0.00       0.00       0.00       0.00       0.00       0.00       0.00       0.00       0.00       0.00       0.00       0.00       0.00       0.00       0.00       0.00       0.00       0.00       0.00       0.00       0.00       0.00       0.00       0.00       0.00       0.00       0.00       0.00       0.00       0.00      23.00       0.00       0.00       0.00       0.00       0.00       0.00       0.00

17시 07분 39초  CPU       HI/s    TIMER/s   NET_TX/s   NET_RX/s    BLOCK/s IRQ_POLL/s  TASKLET/s    SCHED/s  HRTIMER/s      RCU/s
17시 07분 40초    0       0.00       4.00       0.00      11.00       0.00       0.00       0.00      18.00       0.00      19.00
17시 07분 40초    1       0.00      25.00       0.00       0.00       0.00       0.00       0.00      33.00       0.00      28.00
17시 07분 40초    2       0.00      19.00       0.00       0.00       0.00       0.00       0.00      18.00       0.00      16.00
17시 07분 40초    3       0.00       3.00       0.00       0.00       0.00       0.00       0.00      14.00       0.00      23.00
17시 07분 40초    4       0.00      17.00       0.00       0.00       0.00       0.00       0.00      16.00       0.00      11.00
17시 07분 40초    5       0.00      34.00       0.00       0.00       0.00       0.00       0.00      32.00       0.00      28.00

17시 07분 40초  CPU    %usr   %nice    %sys %iowait    %irq   %soft  %steal  %guest  %gnice   %idle
17시 07분 41초  all    0.33    0.00    3.83    1.16    0.17    0.00    0.00    0.00    0.00   94.51
17시 07분 41초    0    1.00    0.00    2.00    4.00    1.00    0.00    0.00    0.00    0.00   92.00
17시 07분 41초    1    0.99    0.00    1.98    0.00    0.00    0.00    0.00    0.00    0.00   97.03
17시 07분 41초    2    0.00    0.00   14.71    1.96    0.00    0.00    0.00    0.00    0.00   83.33
17시 07분 41초    3    0.00    0.00    3.03    1.01    0.00    0.00    0.00    0.00    0.00   95.96
17시 07분 41초    4    0.00    0.00    0.00    0.00    0.00    0.00    0.00    0.00    0.00  100.00
17시 07분 41초    5    0.00    0.00    1.01    0.00    0.00    0.00    0.00    0.00    0.00   98.99

17시 07분 40초  CPU    intr/s
17시 07분 41초  all    714.00
17시 07분 41초    0    100.00
17시 07분 41초    1     84.00
17시 07분 41초    2     71.00
17시 07분 41초    3     36.00
17시 07분 41초    4     98.00
17시 07분 41초    5     60.00

17시 07분 40초  CPU        9/s       11/s       12/s       13/s       18/s       20/s       21/s       22/s       23/s       24/s       25/s       26/s       27/s       28/s       29/s       30/s       31/s       32/s       33/s       34/s       35/s       36/s       37/s       38/s       39/s       40/s       41/s       42/s       43/s       44/s       45/s       46/s       47/s       48/s       49/s       50/s       51/s       52/s       53/s       54/s       55/s       57/s       59/s       61/s       65/s       66/s       67/s       68/s       69/s       70/s       71/s       72/s       73/s       74/s       75/s       76/s       77/s       79/s       80/s       81/s       82/s       83/s       84/s       85/s       86/s       87/s       88/s       89/s       90/s       91/s       92/s       93/s       94/s       95/s       96/s       97/s       98/s      112/s      113/s      114/s      115/s      116/s      117/s      118/s      119/s      120/s      121/s      122/s      123/s      124/s      125/s      126/s      127/s      128/s      129/s      130/s      131/s      132/s      133/s      134/s      135/s      136/s      137/s      138/s      150/s      154/s      162/s      167/s      171/s      224/s      228/s      229/s      230/s      231/s      232/s      233/s      234/s      235/s      236/s      237/s      245/s      246/s      247/s      249/s      250/s      252/s      253/s      262/s      263/s      294/s      296/s      297/s      298/s      299/s      301/s      302/s     IPI0/s     IPI1/s     IPI2/s     IPI3/s     IPI4/s     IPI5/s     IPI6/s      Err/s
17시 07분 41초    0       0.00       0.00       0.00      73.00       0.00       0.00       0.00       0.00       0.00       0.00       0.00       0.00       0.00       0.00       0.00       0.00       0.00       0.00       0.00       0.00       0.00       0.00       0.00       0.00       0.00       0.00       0.00       0.00       0.00       0.00       0.00       0.00       0.00       0.00       0.00       0.00       0.00       0.00       0.00       0.00       0.00       0.00       0.00       0.00       0.00       0.00     134.00       0.00       0.00       0.00       0.00       0.00       0.00       0.00       0.00       0.00       0.00       0.00       0.00       0.00       0.00       0.00       0.00       0.00       0.00       0.00       0.00       0.00       0.00       0.00       0.00       0.00       0.00       0.00       0.00       0.00       0.00       0.00       0.00       0.00       0.00       0.00       0.00       0.00       0.00       0.00       0.00       0.00       0.00       0.00       0.00       0.00       0.00       0.00       0.00       0.00       0.00       0.00       0.00       0.00       0.00       0.00       0.00       0.00       0.00      34.00       0.00       0.00       0.00       0.00       0.00       0.00       0.00       0.00       0.00       0.00       0.00       0.00       0.00       0.00       0.00       0.00       0.00       0.00       0.00       0.00       0.00       0.00    